-1.6320567244587556,-0.811095531771452771,-2.04730351261919008,-1.53223115243214214,-2.36114009503482203
-1.3396343805053732,2.39399807603492754,0.559616914990162972,-0.625417063020091257,-1.27999381075134355
-0.793853974544796892,0.104007868024631717,3.56483580716600956,1.2119726351060649,-0.191013523622402981
0.945502564325705674,-1.36846737801750673,3.28989184122103406,1.31083921580710916,0.761229823205931799
2.7362943686571759,-0.445336792810347326,-0.348080691087545691,-0.463005067101872725,0.502794949562445193
-0.671134674305218115,-1.09867364026724301,-5.32635029877317745,-1.23051703777140919,-1.32655285315843385
-2.20017274769606264,-1.44591077401153933,-3.87505554976719191,-1.55345187811428453,-1.07350844583896388
1.89636103493820674,-0.271066339224450004,0.130035386424670413,-0.433547867859496394,1.04277690531863909
4.5812905058309088,1.32172768697750076,0.159373620969695068,-0.263403525543114192,2.08104141125722153
0.31016001352541217,0.400375605455592143,-1.50444767178444749,-0.643244111129262386,-0.394004105323019993
-3.98595935472943719,1.12597318320360507,-0.801301329882096458,-0.268798004855622219,3.15290925789319498
-2.30006053270653332,-0.0772236001194030741,2.46804150314673976,1.19342662016549084,5.01738527850625093
2.71582966548668292,-0.200067285474823803,1.85819551297521768,0.776336679544082364,3.75635229338303045
3.71630977299133836,1.46457859481508668,-1.21045730574623334,-0.0123230485275274138,2.389476221466317
-0.209590998336697198,0.482428461159567168,2.78117824792504242,1.69034049621260762,1.42733975435903737
-3.82093770621629458,-0.555723119416675071,3.95844295160582949,5.00696663589725421,0.567534688835976353
2.29666410546912747,2.51335689084735669,3.1891651480380574,4.74578388607464685,-0.900239931292929563
0.593323415757194828,0.279450568259325571,1.00818350526438394,3.43742435644589328,-0.768477526500441432
-1.92174990510062438,-1.73330012504480568,0.557952111330270006,2.63634795055578408,-0.929086510417298395
-2.80140381608223255,-1.60154349516288819,-0.430974202235492432,-0.744772518338647993,-3.19328117130740141
-0.660431348280947961,-0.808738235779129844,-4.88334602979039545,-4.6366551668647169,-5.54200292191606625
2.63751530089014885,0.688544138776555625,-4.59875058591345809,-4.73239912662641071,-2.27834279733526213
-1.54640864920026466,-0.419567418300582973,-2.97011625413940417,-3.53226795382795533,-3.18976785332331403
-4.00559505661484749,-1.0675713080157414,-2.3205406017289536,-2.77551811190228026,-2.96031272437065995
-1.61086025748917283,-0.601973041965161992,-1.25390973348946599,0.901311841601049935,-0.330298544773081404
2.02739622245000906,2.42898082921197522,-0.236569729274503787,-0.336630214991036569,0.502589287294432197
-0.360399502174819364,4.65726090749849497,0.867199741008554015,-1.36539268917969125,1.17019935636199479
-1.83724117293584133,1.53422799631491302,-0.434374937109349823,-1.66265625932806316,3.90433339349058706
2.0311406180887781,-1.4947111747353381,-1.02649375754237782,1.97387799522393004,2.86947810491276156
4.19965403558323125,-0.286376144851674508,0.0830514608269831422,0.16168607631877463,0.0942418107073078742
3.26451820777881263,2.86458816516494741,1.53649188838505224,-0.741120345394097102,1.62471436131944946
1.56161931493445572,1.22683208705284641,4.21636041953336083,2.3556275926200092,1.77812947217032491
-2.57686823424303091,-1.93845507369660308,3.77982859471891874,0.53468892578199223,-3.86887414320832201
-5.34284200474412252,-3.69577635487397682,2.58895338748555748,-0.122189316679895243,-1.19430817768148767
-3.15153948407667883,-2.81645433371939635,2.71800187398795057,0.308817960296585703,-0.982821252496236419
-1.6447127764808005,-0.513210909593773024,-0.433265774965149286,-1.22364526637430937,0.771613396530939633
-1.32002024563003695,2.4702115646871099,-3.21142173358042893,-2.11618531998924109,1.85664758001970887
-1.22101807108473936,-0.365878963222129094,-3.8090843849357845,-2.00269139570145338,0.549349174845627286
-0.647734446118401919,-2.89782722612552979,-2.70845824800781276,2.58367816501081649,-2.76544153798238224
-0.255552230188801521,-2.28209589893394549,1.05040825984670327,0.779229338556941875,-2.40050593680974522
1.20054938552377566,-1.14977087259439581,-0.663757566361942719,-1.86401216636735079,1.60554670669439314
1.53729617810213748,1.03953771574785203,-1.60034176313890719,-1.29022473521464209,1.85806494945809164
-0.571967052196373449,4.22535076317118286,0.345022838081642025,3.09096921756272636,-1.44917143719312058
-0.514441286890038429,2.56132953509314376,0.00722512824972645906,0.11175447369435304,-2.83887880141604443
0.199850092579628991,-1.80657292690567695,-0.777998501007972965,-1.52458153228232129,-2.02366231399725116
0.487218788290557259,-3.03354123028626255,4.05936101448880748,4.11237155139366362,2.0897803955085692
0.413724430601926596,-1.81957733867470339,3.2886783367512451,3.32880497234587747,2.09166453140101805
0.791893934195896043,0.484777426824847368,1.04742901672609356,0.489530092391053939,-0.515994001470258978
3.61509795858882033,1.68500631109655208,0.455636708330372842,-1.94213955930126225,0.0582032057868829972
5.18497671844101049,0.653962158177141872,-3.09616105659679919,-3.10276624388851197,1.23428410693016
-1.21796773652998014,-1.77587734107011719,-1.83699819143100251,-1.767864712377202,-1.96884210363661194
-1.08724053701917822,-1.38493642223490965,-1.45777750158965036,-1.64121666636253583,-1.27779118258216817
-0.380610000172159013,-0.666261498469910118,-0.795191373805050006,-0.817726948878506055,-0.792379550022521917
0.048389057221442211,0.340017961038590832,-0.02439266950050787,-0.430261864423976736,-0.421301935780269921
3.07259331013666204,3.26475949936577781,4.37109573062453549,2.17757730655256276,2.66228616393078665
3.50682017058321449,1.46964043048159176,2.12613163446195763,4.58318535609403277,3.38010125801850458
-0.105238695187385212,-0.754817166069620793,-1.67976610682950644,1.00962632043781397,-0.149125358275548126
-2.4986212582346039,2.82699266000777527,0.927470309338424781,-2.26599938099143472,-2.15397241621635738
-1.71972868439007098,1.84538532159338442,1.13062986867636317,-0.952181217063810537,0.316335296963254853
-0.682156876202184903,-0.0267477678708833086,-0.118477019041649562,0.575830443754282384,1.04146334986371647
1.79492629552565242,2.85928862480174573,3.00754493253889921,0.662680103694990863,1.9754554427176878
-0.266200152335453244,1.44305160681080236,2.84028175840260078,0.781165269707517762,2.64739658119982613
-1.68355562708359785,-1.85639937157691137,-1.3541425539040719,-1.14080127630694061,-1.55474749495985831
-1.14824295870867998,-5.71283938782520728,-4.43694695523087823,-2.05804986720478977,-2.67174369242704435
-0.346445705151411876,-2.73662753573235484,-2.65306263442418055,2.64222556835070854,0.382697455564433131
-0.419507624761762232,-1.65633533827364765,-1.53234389228390078,3.2267801951994759,1.04780844713121835
-0.462645749561643449,-1.95379895322355224,-1.45128066295575064,-1.7735016072155525,-1.50306777669897174
-0.196016102300987705,-1.38757424078243319,-0.292132683994915876,0.0735072756266514915,-0.409402871689138748
-0.00403472863930104744,-0.296563052380839909,0.0288652953772497098,2.96636631262037698,1.44772263728975958
-0.0655166538838465873,3.82360528991556681,1.68503062073784093,-0.155626706738570042,-0.297393596258785253
0.254775048699301621,-0.289936679906490857,0.353240535203550476,-4.76950130074007994,0.406806780530414192
1.78740076865087838,-1.5797049055617256,-0.449912093715712169,-2.62959579348887029,3.63228265860949362
3.94839015979195729,2.30729993274466327,4.59795690402400759,2.11833119906037837,2.80509807826433866
0.649963145773199358,-0.81213267771204023,2.3897603358068884,2.72725420248700301,-1.00738600027146896
-1.24597507715795408,-0.91459004682295475,-3.10985585628040706,-2.48885168555846903,-3.80851296968970132
2.72720245420666041,2.56352243836100602,-0.772095836850775208,-4.07362342831629132,-0.97861944620200747
2.42916525986766541,1.30733538596650645,0.42969140777240411,-1.61937828589118693,0.0310923582353158229
2.56406546261395762,1.64331158314588799,1.90768888762584909,0.107141923009804574,2.96774957361825376
0.847936699557301776,0.695342712561092369,3.19264717070765647,4.0279030779621241,2.50875436084146619
-2.48846554646093265,-2.14944983733449346,-1.60400786412454233,0.965234290086653179,-1.3784703516778436
-3.49172045681777954,-1.80379360060735316,-4.25276817747033498,-4.78017523184533388,-1.33575959568692415
-2.74296509347389117,-0.459371782955258268,-1.72867548961565998,-3.15419822944982853,-3.96756714453689163
-1.99941003723880151,3.2494092138574211,0.99534971026642316,-0.0988904833788198934,-4.03820876531788198
-0.807117524568313871,3.1102491973846802,2.34837083807285518,0.581156868718855191,-1.87139982253945258
0.495937225360830236,1.79163960451543436,2.50859231848281539,0.791750792641902623,-0.349253248888983403
-1.22505718071864633,-1.52283826842979431,3.2066513439652935,1.61622192111034568,-0.991456893717373777
-1.60042544376147577,2.4913182492106225,1.31947140264571372,0.949915903126427263,-1.1174254686952092
0.671367638105101805,2.97869622241155074,-0.656713033343151453,-0.115266284328708779,0.171420606734068337
3.35631556951730792,1.23470251416275567,-0.346943624761137048,0.531183178897163377,1.82868178236041512
2.09679924026093634,-3.30304558053605035,-2.33590518234145339,-0.748357608812729724,0.235146942760095845
-0.633503291966156623,-3.99659777442691766,-3.79627976592779648,-1.29699239445371162,-0.929887310447756965
-2.04513941685095313,-2.38716758622393144,-2.82704297921670777,3.10674766835318605,0.822084705917552006
-1.86548104983233953,-2.43441290200755134,-2.24178657430227091,2.44227370643862329,0.509422850689124185
-1.64742876601409738,-2.28062972665868724,-1.82847813710628393,-2.76851066096383525,-1.65888686226933335
-1.27105713971819823,-1.42045418520925604,-1.30976441235285113,-2.7841019054507874,-1.00103229488045931
-0.977689676207864733,-1.14491255128702996,-0.91062174402399032,-0.516212832272316846,-0.314981591244077486
-0.038710325274379509,2.11461744268978524,1.00556424073983752,0.0244192293864190571,0.678275355818042991
3.57888377694146387,5.31289880240145163,4.01029979491620914,3.12248709897438381,3.69778745805593401
3.20055535721656303,2.81483106122026028,3.13227972156020806,4.16840722896911586,3.53049497076433916
-0.667611523806069251,-4.78009957345842729,-1.71125174552344417,-1.13248606874650615,-0.777749371265401557
-0.427382937606756719,-1.05143839675811179,-1.07449208422978582,-1.04564317171933419,-1.56946606063078486
2.81808350008315101,0.935853517936039214,-0.281262839127523645,-0.636148201801074453,0.89217912239396302
0.869559363319670431,3.56999969728668098,1.44911636480193162,1.27119647288707194,3.75715875703790525
-2.63677001724033166,1.05027134427206903,0.407428893644872947,-0.236510996850359534,-1.50369012575549554
-1.2680401382151536,-3.11768821863145584,-1.28141123122157485,-1.45387186597549611,-4.96684019203547056
-0.235770408798996994,-2.2675982365553593,-1.1104474986153885,-0.829311609975957542,-1.02729921251615286
-0.493661701263924724,-0.973051355127372397,-0.751620618897497095,0.90071985480431016,0.546883569281260695
-0.285178027640450971,-0.743139937462181543,-0.366308247103927898,3.52399009270970165,2.62711935626848314
-0.207419349643988976,-0.67150092815215412,-0.332188559921757387,-1.36363381034411879,-0.929697922237027741
0.264687587831982207,-0.55760990766075913,0.75391206943175304,-1.03293050827648836,-1.56722509723844183
0.413460504421708452,0.133869809802823814,4.24340922242219243,2.14096611865222775,2.38233084750994895
4.75714422747147037,2.2855749771293814,3.09026591251196292,0.314667399679619875,2.69228964375374646
1.3148219216105308,0.301159314591425864,-1.47364867214685114,-2.0324634698630657,-1.25096057283952633
-2.57915895540569506,-0.224966149445764652,-1.994969356482448,-1.74043255932622665,-2.78084888388592288
0.265777834689483794,4.98376051905955197,2.30132000578805851,1.04073274601264476,1.75013671892243416
0.877227890123846499,1.65841132460300411,1.11117359735854149,0.000632321434712840302,1.20968803047550577
-1.10809048719169367,0.616579483546580431,2.53132487226995284,2.9254605109569054,5.6338046945989575
-0.795320079886664755,-1.18672919330909887,-0.33304429962475407,2.68722077951086469,3.70561076661871436
-0.0351314596261899925,-2.2760215398461221,-3.57727288828777334,-3.27742978510979732,-6.34775654720877203
-0.136558900943899525,-1.29849969634707696,-2.95479758455873354,-1.5801125103072966,-4.43534813748163614
-0.0246874255131306064,3.56487415312533784,-0.282916923896522843,3.53244537443679896,4.08918761651776919
-0.0426373022285984893,3.59509039908663697,2.80530100955356954,1.5723855447771955,1.7759013754603612
0.123333276933814934,1.04101958112929394,0.926933518964872083,-3.02689413003448404,-2.59290622816108263
0.176323037035451519,-3.77491021043578145,-3.18373449738997794,-4.26086402725787305,2.93438234333908321
0.156258178763641148,-3.71892926730099749,-3.51965664795421418,-2.31935900984448651,3.1016955100972563
0.365614114455117378,-1.96644827653358689,-2.35745861707560511,-1.78387488691372686,0.841915904721677877
0.386417903331595647,-1.30690747956965736,-1.75526186148240426,-1.65497665220951462,-4.76075849349881075
0.681460395066292524,-1.18086810594116565,-1.31946403906849419,-1.14948228537091879,-5.53594576209504829
5.03744953893057623,1.49872754209647319,0.0479008523320519283,-0.460484561078809085,0.820121955183556461
4.06764736765163892,1.1045213384000796,0.258496595651038163,-0.237319972070213742,0.181296059143175425
1.28916809656236664,0.328417195220090996,0.175591056073595764,-0.242204009387186031,-1.53939229795281518
-0.910636209768257765,-1.00634383827422735,-0.306325310687885322,-0.274189814603415738,-2.02831324343487296
-0.955280289041402386,-0.271922266006218438,-0.104369169257980621,-0.0921285249002236351,-1.20180209979376151
2.68445645963012325,1.23597449773968626,0.771426878969328267,0.697813119420747419,1.34840418110577276
-1.73259138391064194,-0.935005562914877686,0.351626790216852447,1.0367214681678667,-1.53585534806829238
-2.96461326126797475,-0.672423412154275257,1.66927600444203672,5.15641828451889594,2.30154188409039229
-1.84546250173658422,-0.657314395352430636,-0.119474418069717314,0.394787209379729997,-0.271458468241388029
-2.32484138551904351,-0.624729826466659977,-0.526727193471979938,-2.58049077907584223,-4.05325164908311031
-1.98091541476112099,3.74452114308212014,1.59161306147431847,0.0716181327474831597,2.29558552635892354
-1.2951321825769746,0.83513973785202944,0.54507120884422644,0.0314949670517059299,2.15300353554844426
-0.531409284265312309,-1.45889921163024083,-0.350487681411583207,-0.584827110376483494,-3.40655230606879877
2.7385246117404356,0.493042580017488297,0.538994588520660511,-0.131107152283716416,0.828937008139985165
-0.974612907632778414,-0.504546447629182326,0.0618308479099862127,0.0662471874209496769,0.841221757577486184
-0.586233404043569273,1.16699224904272025,0.812475146898209211,0.277237399943463747,-0.819369862627081003
1.75032396533895618,4.000173433018821,2.41220759433346066,1.05183702704652737,0.799031509488099756
-1.70029416019656665,0.230116265468884751,0.820988922794306353,0.199132472729494275,-0.618494345246797583
-2.09381134175556838,-2.98921721832283183,-0.212758924585403741,0.416993295715431311,-0.611489469416368947
-0.406878420793094553,-1.60478966990806593,-0.650889962480943107,-0.261296728286815605,-0.306357060906743806
-0.271878324404717375,-0.852785704764517871,-0.311931808349868611,0.223797644903381027,-0.014217745033741
-0.187342112112768827,-0.479805651007043754,0.855235920192816357,4.75347270833519264,6.16586945782503904
-1.06199628821214032,-1.29171764962191071,-1.59022238481407308,-1.40001685853803037,-1.71391109382814855
2.88288558098313574,1.19378907115526656,0.204511525791867488,-0.282751909568415227,0.505308713928505737
2.53145986178955651,2.00813097282227826,0.859422634802871732,0.156735438880631628,2.02969468353420401
1.55879728157187292,0.0210717346691239038,-0.193520001501343575,-0.447086647119007807,2.50127185178357125
-3.89663009863828469,-2.08489827367575176,-1.30846282956922488,-0.962949954051860124,-5.80626487597069385
-4.37581959654855179,-2.28904262826096971,-1.34173528902343331,0.667557482976458672,-2.69984471383990998
-1.67373899854982167,-1.2328940822062544,-0.832893701964246946,2.97399651251968722,1.83879756409093975
-0.692561806403000135,-0.791770712313239811,-0.372443957489201616,2.21818630098949177,0.515697494529271827
3.00589131585787062,0.947321259224606971,2.10955918914666274,-0.159431420897187925,0.459966876993417928
-0.757540323574467322,2.79579412301516506,4.71318579950007965,0.622604970014486558,0.529186914052195423
1.82676179163535624,2.22951960384320591,1.5263322466826621,-0.288119946281569617,0.297047999403032947
4.03716275448499484,4.21924613986943609,1.80981463722924651,0.136763478654527731,4.6175683598785433
1.01418994498599013,1.08871188232492977,0.581679107267374595,-0.552185036260682383,0.390784888057566282
-4.80165879869793688,-4.54522930627245003,2.13319659944423101,0.703854009598740116,-5.01721040240406602
-3.22391608050314016,-3.20565540479699074,2.00558716136170778,2.22950917236759372,1.10894837800695156
-1.00932626755640609,-1.13819148292337768,-1.55947514030686962,-1.39149474114185034,3.46946206084475195
-0.775272314920003591,-1.21421582385374904,-4.28331679985196967,-2.52415785526639036,-2.19144210331328138
-0.703047651760063674,-1.12823841513307865,-3.04663581993290666,-1.80139423149011613,-4.86474410727138462
-0.206747582306588573,-0.827673279083031677,-1.86305020131488641,-1.16069980830817565,-0.229488402608490016
1.71830129283543309,-0.0890970446435368213,-1.34844009032722267,-0.619116637672454062,0.487496600283761516
4.78818221599770766,4.03072406023269103,1.4305017903766124,0.691293114222580996,1.67419522602912574
-0.181405550265804794,3.7160867836683904,1.85204303454230113,0.785958090572466461,-0.869320559344769705
-2.28912059321468453,0.876977153117927566,-0.127447178110525916,1.88440826286789154,-0.00193821114058501109
4.08348560927973292,-1.36298621575799395,-0.907365538785377623,1.60409536927259966,2.38202074915740036
0.290320066265866428,-1.25353821570679536,-1.20177448198995762,-1.22965892440169222,-1.80979641362464116
-2.59481892399768066,-1.78285519230466005,0.00625373815732492566,0.265605268071090472,-0.696376534689682636
2.86574937365253612,-0.49061346757500468,3.02903232253927346,1.48764895932352026,3.14066250236978206
4.83907078406755353,1.55222088254682755,3.65895149616562776,1.63649817959037636,5.94952432575450096
3.32874809839661223,3.78385167143701207,3.54577868436020704,1.82058695719547181,4.08291217021143105
2.11728764592944296,3.50817291353883665,3.07521526531188449,1.85496790431159075,2.69474753558942526
0.11611606318424679,-0.639855808024127892,0.221531773883565097,-0.533753895980703219,-1.32676404145997018
-5.07219953398529544,-4.61382024985476935,-4.62674848286292573,-2.94750326997795886,-9.6460334410619577
-4.71036698863764247,-3.20454626476500781,-1.76803713337584112,1.35569930345983058,0.410942841563734174
-2.58197814001055104,0.113101246798898075,-1.20830078080140502,-0.444429602722142936,3.2060979694899685
-1.78150326019801342,1.03203488049956893,-2.54779784923622765,-2.07883178944841607,-4.65469135108873111
-0.621656849061158034,-2.40728597940266775,-3.41127997877855504,-2.22644636846835331,-5.80801938649684857
4.14076195935756441,0.109534574098913151,-1.40392414648633812,-0.274951367464555119,2.22983814664578039
2.1153553541667236,0.761153123426443479,0.164559875257676902,1.96180654386138542,2.55826141326931911
2.05526119131494056,0.40935532750087511,2.31108011130992885,0.762554678989609824,-0.357740955990130838
0.930862694001670432,0.76621844477454859,-0.249189945913586897,2.43415653661163578,0.448990169101825209
-4.52180718000160553,0.310112901931456242,-1.20884772650459693,2.51558580227856421,-0.0991673451453235488
-4.67181380914392275,-1.51888812474156354,-1.84177607362284101,-1.9643425371944474,-3.49678771596253668
-2.10281126808973662,-2.26587151992928337,-1.73081164789892172,-3.75087774689178088,1.76851853659930325
-1.63883069097499257,-1.75531621472973187,-1.24042453849265955,-1.093111874547263,1.5857935644492418
-0.201610634891854101,-0.956883090695131111,-0.0364053323189946348,1.62793382627284311,-2.58489970005546654
4.47043403739939382,1.50245958864051921,1.90556678687702896,-1.0416746691570955,0.078988675887439741
3.91601182316506691,2.04862572762395789,1.25315561909710915,-1.76079454190539897,1.79236990810816721
1.8175059918243599,1.98554594247537497,1.25912313177948221,0.341629421371338005,2.98640707538147154
0.118621929232684623,0.184683868201547946,0.307307785610644257,-0.998943381692761423,-0.17309253969437477
-4.42104543123696825,0.896640568833278251,1.28693673477875925,-0.804910567826105372,-1.69396930000363399
-0.884416365792680237,-1.58216854376297222,1.8603780136933421,-0.00707222539048457666,-1.71588540750747964
-0.595604202634171687,0.154844123525014143,3.83829863215673717,3.45990962518056211,3.696531576188542
2.88502355419193579,1.0595999666052891,1.45779629341435069,2.95172180612372737,4.689755746344348
4.39414674508563063,4.11782289434025994,-2.48073459814949615,-0.486786295088175225,3.231434206499602
2.61045062216291379,1.84057848890337561,-2.08130921160679128,-3.37603168434007195,-0.762887507398776421
-2.56554256239578304,-2.02463492996941685,-1.9798537665720497,-3.00041811776201639,-4.64505340251041865
-4.28826874083350607,-4.18538244114424707,-2.36217577060345096,-2.02798859101294049,-5.04021434166578608
-1.86808150675215012,0.94686561191637697,-1.05780419907736922,-1.28493627112860476,-3.10140661504082704
-1.31948579874282346,-1.13146816645080883,-1.15962383433286731,0.940592854567793069,-1.41971747758011824
-0.934340301849708954,-1.55526841202053845,-1.00813715763511413,0.00753969193935194459,-0.338253707804381076
-0.855137172324421102,3.53850432336543852,1.11704911296512233,0.111472447237023597,0.529022646742661529
-0.131741772613461428,0.0780968442488847031,0.488096395000370775,-0.30774266767534636,1.61184475038284325
-0.36707320713460917,-1.25769300948000673,-0.286603692309427283,0.129547233904418524,1.10296042963368413
2.51611960801950518,-1.48909661841506868,0.608779943709213511,0.313393068784636852,-0.0660710515202996285
2.90395337472502169,-0.12085686052485016,0.194727895464869627,0.181823585425069545,0.204001222041347685
-2.66208317518439452,-1.08546894053962517,-0.455854287265479163,2.19422551117889553,1.88133444767699065
-2.05223397601326285,0.0477820784194774167,3.2029658808228576,2.64241668930204687,1.29041979713438315
-0.382181631468102523,1.31810241443698817,4.25148159898367073,4.20967106603041064,1.22011131336022127
-0.350152113524778985,-2.32613572409659142,-2.23408370015018809,1.27381888534704446,0.500995123350101323
-0.244258225254998906,-2.94435195989252074,0.805261562227144068,0.283683320834682062,-0.964598918269779615
-0.0471186856108651228,-1.16933963031449539,3.00709244790718078,0.66631167290195803,1.03130427692560378
0.0700407270656699388,2.16456213415508092,-2.03250203553655417,-0.837941856701837962,0.920824159218793792
0.113770909164391087,1.76589626714084069,-2.71249928339238755,2.62349897982033653,0.831246545697235328
4.44995641140568665,-0.238720049097551179,0.578127179204235508,3.4079569263999856,2.85811246534007779
4.74629726364952997,1.23892260760469708,0.157293057620156218,-1.02711998450026254,1.78564771934298139
1.2977434865930193,1.16212684799195931,-1.47083020237723794,-3.06114227567535346,-0.0516453890277990268
-3.99961230566413972,0.207396682998103044,-1.06160155100713816,-2.07381989889197582,-2.78449232868550123
-2.03444642324273417,-3.30785582243324905,-1.40336976427432347,2.87902676452734418,0.231334043873716644
-0.395246066585834332,-2.02544046811090483,-0.986390285983420267,3.12351033906560271,1.53465031479902581
3.90303091230251864,2.4455600750367128,0.598574698123422566,-0.424446707191458217,3.61637477313112754
1.02073027704463071,0.829205734900040348,0.497645383628327942,-3.78039778764717749,1.44429202049094907
-4.12666249965143361,-2.98168930820822764,-0.804726745883368344,-2.83729921455044742,-3.77224878615120707
-1.86487737411674503,-1.81087399215091671,2.62147588988478253,0.0913504888275431526,-4.37106922364650075
-0.563329242135980013,-0.434029205420080777,4.61978935935336921,2.69352594289599256,-0.404743315563257655
-0.884626652543057612,-0.27675139931952436,1.27052827375386035,3.45586940608932736,1.65526152586689013
-0.555666594102369404,-0.229473582443343205,-1.55064007398565451,1.72398171798251565,1.27603935116110789
-0.246387771205898554,0.0934900069961725616,-2.01878098316056453,-3.53634619075317991,-2.11530604325409444
-0.155521513646997567,0.254420988697597605,-1.19974832178668112,-2.07286614701071947,-3.19960520546006233
-0.0477038030605449401,0.328513925114074679,-0.190308169985197173,2.62186193286104485,0.884396860939556051
1.92838105280326522,1.26068400533834857,3.03951366649096499,2.75267671819707083,2.85999906821488192
2.54003425119412496,2.53839321931584205,3.6097732607118016,2.32780672359315322,2.76669433402006204
0.63082548104260816,4.06002242547407732,-0.48027647658564776,0.385142448454627029,1.4421960642969569
-1.80234282757933029,-1.28889178694407636,-4.24003796944072686,-2.69203147839810164,-1.04239424850066098
-0.744842894689034307,-0.0653836124220841669,-1.56542446707629601,-5.13835064411102671,-2.55930823336639923
-0.18002910038675729,2.41639006031845227,-0.287560595534122942,0.787072427247663464,0.495192436881172815
-0.303605319288097919,-1.68740624881566292,-1.50357738651056705,-2.39841389868258803,-1.08045993552627739
-0.238964564118388234,-1.74034769019575486,-0.986741632439612659,-4.26750854294616389,-3.23290344669031082
0.0391231811703147206,2.18555152816733589,0.245034662556424143,-2.61353403875803769,-2.74661283424677416
0.505028608672814294,0.922855414266178231,0.54061124550422901,-0.115848764727684073,-0.859076177307096289
1.13692792385347863,-0.0174602671041023255,0.990901709485298321,-0.87136499177617921,0.68197637716894377
-1.16621617357539531,-2.13223879193930266,-1.87883075684538281,-1.56164030521839448,-2.67315355635322449
-1.03701622617236078,-0.663906525839662809,-0.8281863704590261,-0.951029602900728133,-2.05259141946484425
-0.61837287380756889,3.50840919741217938,1.94113775476408246,0.202514324629088888,1.24843046917787182
-0.475633239061928503,1.88354403781457402,0.195788606779317975,-0.259393077807710926,0.527774949545932515
-0.176832579298869697,-2.81718681915961344,-0.580404716629127404,-0.374724104862090845,0.957598831504456127
2.45992998715467825,-1.29773350716146174,-0.61308137162899301,-0.385255381644754147,3.46460262744353464
1.60326003861562971,-0.226424349773430261,-1.10365168667399227,0.0595628471643751961,-0.574711085417061618
1.28133264861582385,-0.229626574695994984,0.601138180979454484,0.151458197358722763,-2.24624011268825674
4.14854396674683912,3.06156651472400521,4.96078943633695868,2.07678212582786559,1.90931134531197189
3.19958560411304394,4.04071620003034493,3.6251050744242006,2.72251980542833483,2.20224317347736287
1.59664391839682596,0.430463770300513249,0.150096393936571898,0.562429409166314787,0.904754767163811202
-0.714464626669300218,-2.20405623584499821,-3.26388503705289912,-1.62844444572660851,2.04170642884355358
-4.18512000888840774,-3.16529243869938615,-2.76301563719504406,-0.766084711423069775,1.11064167368904432
-3.4405877526763593,-2.69681504009827977,-1.70700018596922143,-0.396433220167958567,-3.76506908730334411
-2.06381061528277909,-1.78008312200150587,-1.3622190565997212,2.55444692487078306,-0.987527590455786086
0.927738423264575784,0.231972965832577788,0.0290152875245943478,-0.367409581295479626,2.7231575285518792
-0.0345690051940141102,0.214191305892935585,-0.668654129007307585,-1.23916317336100712,-1.76184991781091682
-2.72772063309504187,-1.24454631656702541,-0.550401014615179762,-0.250435807714455949,-4.11054296139910225
-1.82858667746796089,1.42759358584879603,3.51921260672395952,4.20987509330144061,-0.697428824329337838
2.63497508881925624,3.06100907706394176,3.71614312880292852,4.8654208996929551,2.9130247664347424
1.67605765364911252,4.2442195931918274,1.23885601782220278,1.06163333133004056,2.63688722997281877
-2.71452508488963806,-0.531230591542771413,-1.5694375030149097,-4.90869633469347999,-1.27544922549234063
-1.8079021948080316,1.08870948921861821,2.16181565082176474,-0.875477367476950485,1.35711092548360734
-0.369790702429318163,1.91075594983416219,-0.269783377832563565,2.69647553052910594,3.79544316795169401
-0.521829489658837575,-2.58114377171713549,-3.49852537923314211,0.665537303549213144,2.7012042593942871
-0.095294160759451782,-0.505225695433589972,2.39903519762630069,-3.36412166880476438,0.927552200121834813
1.7197967169335735,3.02578206787425064,4.12367130547158744,0.0515518629485576113,-0.558923739677615217
2.41884172660070851,1.1611936338076545,1.23645558610564277,-0.133300150258172573,-3.0280970916683847
-0.888375411309286989,-2.42400151457403989,-2.6998760232587129,-2.40772048631287827,-4.5345194509363056
3.59515454483878161,0.620942549895531437,0.163762542303657582,-0.894882403778208158,-0.657398826397057601
4.71805851732210524,-0.874617190712016601,-1.96631678836437929,-1.37069547870843489,0.782472002610061335
2.69333623887411955,-1.5972410041538736,-2.52436863566750125,-0.266025143383581908,0.382630926219751533
0.253093231948043396,-2.17918366507264638,-2.80005556104862885,0.308194149641346282,-0.26538780763947134
-3.7882565376491919,-4.11600298354154859,-3.15129159654297286,0.837231579785599367,1.33072051340465092
-3.14770832260839439,-3.80810402410982851,-2.0154826724971211,2.44985448323148347,0.95703841387054589
-1.56242087596197998,-2.54658223981000464,3.07665635086192735,-1.55054188716635211,-1.38982099374050772
-1.09832991216274856,-1.78314635562188761,1.30687356503346708,-2.47498729884550794,-3.58129832116313374
-1.21855098850240617,-1.22580466863873583,-3.34320539473187273,-2.04532472272217358,0.934112658514868022
-0.732700868349028367,-0.490763960041333325,-1.95660717634264869,-1.74651458209765931,2.47423054982750568
0.0580372070652662303,0.00866475411196380302,-0.800314372577524913,-1.19536779194475429,-2.26125732843919947
4.52753498311943847,2.89066418434603989,2.42472676303304313,3.02298087463319387,1.63473301090746581
4.19688197296970422,5.01490508673165092,3.9480986448888733,4.75099516051262949,2.87557787851319757
2.53486493586953321,2.76014271257517407,3.69340129493117475,0.987724421599032176,-0.915001131711611793
-1.79876185599159788,-0.909937254056429445,2.0257357485490064,-2.37743881925961631,-1.86432612012919718
-3.69936462149410383,-2.28632385260510773,-1.89583605712780989,1.85586336381672368,-0.510841552169713387
-1.81366034447253743,-0.794510848239890821,-3.84702469072957065,-2.66461159482422527,-1.56094904355469244
-1.26106919601417378,-0.393506535958116188,-1.94305264267896072,-2.75264888990241241,-3.26214662301668668
-1.16547484093668796,-0.117267600891189899,-1.03476687398993894,1.43373338699054198,-2.02302223420287275
-0.701382221878584566,3.85071291388482617,1.46532070528350267,-0.93961899317840325,0.100605258749596527
0.610660636148924185,3.18634388810924163,2.6324388653099331,2.62120194947248608,3.66398848847461611
-0.786126215646941295,-1.10847266241179443,0.59243530882705997,-1.353208843038882,-1.27524741498113769
-0.538689019565800176,2.24436621087975396,2.2530760468272768,0.818198761573408206,-0.300612882617218413
-0.0825839604828814966,0.810356423502188061,-0.314843630321176016,-0.556712061074680964,-0.738596555510982133
3.56820234998138597,-0.332798877555603223,-0.731838304759115044,-0.727805473787149992,4.40225688473859122
2.5890029907185852,2.26291619050093384,-0.256329037655162129,0.33164769180964726,1.96748246923425985
-1.7789214899876109,-0.853323295997362674,-2.29312029395092898,-0.291667000812077193,-2.42147247171855673
-2.44478759101503496,-2.70793825248284392,-2.50896325396012676,-1.42157258452731039,-2.69750346894205828
-0.914846876695164846,-0.981592137116906183,-1.05236749634943894,-0.987504192170757467,-0.318597133698477197
-0.680135344141074571,0.186141604073122496,-0.397381994060137522,3.79048111068905103,1.00607192305088899
-0.693510037839389804,-1.56211662929626316,0.452203223919208641,1.76413914547510164,-0.408352843447366221
-0.365008361717309104,-1.08232344977222406,4.04650659814024216,1.71846460050383154,0.418650513137830971
-0.318605841236356713,0.242268867620316658,3.80404418986795312,2.98521045450516498,0.937833409196771495
-0.22771964442588824,-0.54636471617700666,2.72045267713475569,3.56167411131443723,1.92458554155605954
-0.0481755158644077419,-0.763783757362238136,2.13445680124635118,1.85506722844053873,0.73674311100747869
0.00141212992562464532,-0.326865603605099919,-0.257728352411728423,0.611461051099686292,0.322515256184500831
-0.113213823861322532,-0.0346135906146616615,-1.02293487684361084,1.67314186522297903,0.812354360066509962
0.47120546504981542,0.0931702254134442881,-1.16602494693331837,-1.6640602731654679,-1.14651213117676409
4.41134252260362647,3.9767165206779902,-0.99548619560346352,-3.42268187260840095,1.82160883753311675
4.84313376386350125,5.7902878768328705,0.860018493477447743,-0.940752765106703803,3.67467545203220602
3.30725302073792715,3.38606529680862867,0.196279461509663938,2.178172822359278,4.20235328912578243
2.21628215339571888,-0.726843702993103746,-1.60173792112727331,1.88603826080979964,2.4137514769577928
-0.172235618920398986,-1.84798879374792424,-1.97093446242958126,-2.59145723356534363,-2.53301146534260369
-4.36901964815364163,-2.77118922127527956,1.4953910517655491,-1.82756966684790001,-3.93873030594354478
-4.28124142211935332,-2.3687295547791285,2.34041272976694303,0.574524018867455744,-2.6511866441447971
-2.88288243933083521,-1.81184985967514378,1.26476783997132713,1.55161736732114708,-0.548593632091566197
-2.26315210610442197,-1.33058447154858039,1.50916201723539722,2.35660881483020956,-0.630042920338976797
-1.89296545667400129,0.258479565640618858,1.58695353520684423,0.0788844438783339319,-1.26784674230101779
-1.47020431093447757,3.27057099443412547,1.24582066288780013,2.09964554820327542,0.533654074508396414
-0.999581349755713999,-0.597999496076370152,-3.10120426083058254,1.50840727528253993,0.204259945294690243
-0.63279476818298197,-2.10747850809286952,-4.3116029187633309,-1.93075293764039913,-2.0614317869981944
-0.471283209500349853,0.735748483326945091,-2.04556986087516046,-4.32383241792267725,-2.45671235654787612
-0.489428966730960813,-0.906529851783918872,-2.61453679523044302,-3.27394735423659888,-2.31595297898264452
0.0209024576698125519,-1.52628580970290129,-0.485126443583708378,0.929395199878740863,1.04149199590022135
0.191603054073387152,-0.872943368975929168,3.05287425791072309,3.59454413604703049,3.71162329538790381
0.482169974240367061,-0.589121620979260907,1.4152119316107159,2.45580069247163379,3.08080881940747764
2.06006726529858764,2.28595141048865358,1.09603070644227785,-0.407600622880105234,0.849235325861574131
3.13715450059161416,4.36104622107156814,1.83718642733605853,0.938258820714207964,0.509309352785364711
-0.181528536616668262,-0.5497879465663017,-2.37528739920353393,-0.291775946001433972,-1.70881594309986351
-0.976887646707643276,-0.548298938767500688,0.797961301305455395,-3.05863537696181664,-2.0239875839294168
-0.423682124352707468,1.55272632375068831,2.86612270191583995,-0.768326142232055975,-0.458763431029590718
0.0426149006504908667,-1.73128718665524439,1.8391162661866074,2.39536031931360549,1.39847031867180061
-0.00366278686133561428,-2.0881929317552359,1.30280374300869295,1.70995112617998135,1.00708779916329227
0.212051414323666781,-0.288799223025803409,-0.761276825196286477,-1.72495563038070499,-1.53119818834013799
0.402383433434399196,-0.327753820440823962,-3.66983230412109052,-5.70828593938277251,-2.75461356156688231
0.417367870149774278,-0.947398549826199199,-3.65575138688839774,-4.39474449747206464,-1.94849861534362967
0.468167227730334479,-0.778817763737437607,-2.23081653900184129,-1.97747959141160212,-1.13499785638926598
0.526271935768396371,-0.173033961378092932,-1.54505757721032855,-1.33105638600471776,-0.514622729810654711
0.407643607838125033,2.11411269443175165,0.28495134820688528,-0.0789010468109476726,1.53360001717232208
0.451106922338136096,2.41201008915351034,0.594896924305691188,0.904156501544808311,0.902644238166406376
0.275535153041393865,-0.791827444432057659,-0.223383168703004092,0.784434487706680894,0.372833938151984956
-0.852554184205444487,-1.54964477406951406,-3.11751072157798603,-1.22031015088547545,-0.913053257737204138
-0.557337921388355251,1.20718737610265148,-0.21731913630290739,2.03629874813416079,1.26990020770691792
-0.183462225390447098,-1.10038713974582603,-1.14754256921629771,-0.637477865570625357,1.70389520141927653
3.74802510542405543,0.690103515481796603,-0.950752587338279387,-1.73755411882727162,-0.0941559444157618886
2.16678433368716661,0.43669060299068152,0.908471006103935941,-0.686828491355267579,-0.200618291702379187
-1.95543383162054574,-0.981447096379098438,3.63875504739395117,0.955841657865006411,-1.01080856721414358
-1.80505727517698578,-1.34412145015574391,3.25762663915965778,1.03616684468959197,-0.768548037692312724
-0.478694160715034234,-1.22284650832728614,1.98410274883015036,0.667169544140305271,-0.0832605442759334624
1.62647706796977465,-0.0434551556595455246,1.40484907163190975,0.153819797745675918,0.293073489207218985
-0.582489525607785219,-0.530563300277866579,-2.05189096425120088,-1.11308380389804062,-1.0361998124391727
-1.01903241208630235,-0.79857153680752424,-3.87585204816872375,-1.55145234031181434,-1.11841628378001645
-0.480993865346904581,-0.443527619553751307,-1.8210408987985458,-0.120885331823818748,-0.220976953662310988
-0.255750786741948843,-0.247108188427649506,2.35054064680572106,4.83697432644949732,4.51146941880307928
-0.0358808221962174656,0.967971531050161871,0.668959947034792224,2.5596615899922921,2.18373373758962064
0.0530230467450394372,3.30096968418919445,-1.29083014431586141,-1.08623742024690872,-2.1567997984577354
0.331122789329871825,1.76348798513059579,-2.36731386359771312,-2.14227205494970452,-1.75391806077125101
0.101463774777764137,1.7025404465276055,0.638698569347554312,-0.521978364475727208,-0.46162493603473953
0.34631658506646168,0.473627418502348796,1.74233160616329674,3.43486245112721145,1.68809658215490699
3.75688045229841894,4.02357168079997951,2.24763342311976322,2.61806045552377453,1.9932198437634272
4.43013906122445622,3.5392362546958549,1.73942528122125362,0.749768428816479204,1.94289051953475811
-0.808323127368178906,-1.26136126504863055,-1.29400412880237892,-1.81052927336931169,-0.980262434541791849
-2.57452863722520231,-4.43727000231661339,-3.95584597149325123,-2.84655952288714964,-2.02723357661682435
-1.11459174672243377,-2.90388953461910315,0.0737985237194697524,-1.30446477418148854,-0.922008852215248309
-0.511996539663069239,1.43449705279807005,2.11002974724504933,0.182853884675933887,-0.0197405223801077334
-0.49002001113950644,-0.197237721022824913,0.0388623961461842943,0.273407965028975131,-0.00454790728910006714
-0.355380631187275475,-2.2747692189364388,-1.57131929867067233,2.36889052265653977,1.16321812648691525
-0.205220041173646672,-2.93192601146933729,-1.03451082568252706,1.75054425787358192,1.23857411318061361
0.0027032788760238402,-2.18214705554266386,-0.812619065662477769,-1.30657311417448407,1.45079021348020931
0.0306348513064776951,-1.63946845507662653,-3.07979636872133344,-2.77927162069372091,2.01867185114394898
3.6179651588443873,0.369107267484204304,-1.6770828230892898,0.214647240594550565,0.816149902562531615
4.38049470815401865,2.34959894997307961,1.7621361923477008,-0.451370971533111343,1.87041947702352584
-0.769038345093703835,2.95583640131383163,2.51600683128128777,-0.370903294411392914,-1.46699438088116607
-2.83908000332008204,-0.56530369384808199,2.18806323385720747,-0.235969413574658754,-2.22224725060549444
2.36284450890021258,-0.423078205181991018,1.54984841687316299,1.18410446610113262,0.279377310997184769
-0.364225816897999544,-1.09248956022663402,0.10669053229810381,1.37249787240556675,0.124539106422080964
-1.31759301073929191,-1.70197639811531998,-3.55994434058065812,-1.97393057006489481,-2.09312108777872519
-1.31431283767159734,-1.62556981124226985,-4.75632599981254067,-1.59994562551509278,-1.56707193439754855
0.169799751629826745,-0.968063403760222596,-3.36298948950551235,1.31718342473951333,0.389989663331928305
3.30985492175070029,1.06548677154574278,-1.35729467947937321,-1.05179433452028337,0.287417866018778057
2.00182086183496732,1.19230306495366079,0.62813286527683676,1.63512459510288188,1.5214224030584409
-3.23484618222317,-0.172462439037230769,-0.538387166116475635,0.676335097677973396,-0.580454046188410566
-3.03162123546949225,3.04576426332521288,1.74959646713370565,-1.04940591689830787,1.25549693456436029
1.952774514604809,1.36265925797569487,2.03871075017822223,-1.648090221372567,1.43401389169341686
-0.575312885454441814,1.02218734353032548,0.435510617467216476,-1.56159078058409118,-1.94812121269346572
-2.64304676024995633,-0.178749920183878835,0.536636353145633516,-1.03493426942911082,-2.66771467602986467
-1.59972539342457898,-2.31144547160631308,2.50197116325265956,0.331211610300210513,-1.09277510478769724
-1.03470884337264235,0.830008221454398121,3.14065722334082142,0.870302113965279678,-0.622121093519972468
-0.702990661005340689,2.11158463683974551,1.26696771141878628,0.278114096652097187,-0.791974227909754358
-0.393130680477767003,1.01489142577785829,0.555348249521522286,0.308963554391810891,-0.345522511983529013
-0.302744372069084222,-1.73043021580471112,0.0598118298684469502,0.030609098904279014,-0.266068552141479842
-1.04170233704906701,-1.93923706760814984,-2.11053088537503752,-1.36965134950151923,-2.22769884751656733
-0.661787692355457979,-1.40144191912958527,-1.42863110079883548,-0.964894520084903284,-1.62837568437285873
-0.562248005023293196,1.2907221592454925,0.635562162639176087,2.37393667838738631,0.567897737692657834
-0.254917796169539468,1.55762654890591445,0.616909901581248143,4.4580763226197444,2.80549692140085405
-0.0918662883809984177,-1.24874157479027637,-0.5811892249524927,1.90099273166292737,0.776932534201831171
-0.107682039710237709,1.82536212636285655,0.298697435923853338,-2.58524973247717282,-2.50540644252554578
2.09581286245201071,2.65762507768160416,1.58755250118105229,-2.38143538687759149,-0.492909640572745389
0.365354488544913147,-1.21465058310759422,2.25276303977376591,-0.180820041534208276,0.182360935929943568
-0.745245393379301513,-2.53749446939626155,2.67612610002679974,0.359734440417639245,0.227302233032101897
-0.0318141981503210561,-1.32714133767475206,0.805360362241658301,-1.00110509702005279,-0.623305364669777928
0.153215636002023814,-0.325002707887105113,1.16663662969061854,-0.550212222339348189,2.09111509569035992
1.22989127017283573,2.33562396662827654,0.347064455429893282,-0.727467588451183866,4.7855203872301102
4.85410889605169249,4.52049062916658695,0.101672214786846266,-0.279363860899724037,1.17379209232929549
2.22408261785774597,1.45257864765396971,-0.545519440842958336,-0.834232104236446892,-1.77064284482673728
-2.9149660433905864,-2.58643880013173311,-2.02023173747838802,1.35173293454444199,-1.16892652188059665
-1.75378944130342385,-2.84724066013266386,-1.95840938422745059,-0.292034676605817778,-1.21977968991848651
-0.484121519803537126,-1.49831491838835928,-1.64791036994717577,-1.45041725955668821,-0.111039483095957722
-0.70559553290003274,1.37544290102253264,-0.221224698526822111,-0.555356835808647364,0.373077031816761107
-0.636455078340921521,-0.460365930851814265,1.66282418415169153,0.639996131173702576,1.24633536153547508
3.17414096774625998,-0.560407156715006072,0.691434910149107296,0.112017827620256152,-0.206474610605030418
4.0720229856078527,3.5584733682000409,0.588591675681964688,0.401441166213033274,1.66197155720742518
0.873171896677790826,2.10482912476208472,0.606455413685367151,0.205740670809032578,3.77217086390256728
-3.85788329054499268,-0.864618383014908232,-0.658284817797701982,-0.022260219722361127,2.20187647756889149
-2.21277319144132356,-2.37748175820062269,-1.09172650517712766,-0.286251710224546985,-0.183733711923064258
-1.20803830482063868,-1.9832366167661446,-1.03956112942013124,0.143294152084128656,-5.24632512074879909
-0.875678623724009508,2.90232391826584335,0.963779585757614354,1.55724827918331199,-3.61106257861642099
3.29502974266627779,3.74672737567040226,2.67990472770676647,5.24209530624809794,3.47089176293735369
2.71749723559364487,2.84443836482469159,4.24655673569803582,2.88291041246696489,2.60626216141940237
-2.85682019597334547,-0.347625394981241509,1.48477836912395889,-1.10659958638201661,-4.61994798473724
-3.09983195116514221,-1.31616527736548594,-1.1399114575713758,-1.62287902517485083,-3.03861851691527551
0.352568149355873106,-2.40032186978267204,-1.54229589136192247,-1.01622319988499266,-0.868193354818738716
1.1836153979549664,-3.44926359151884832,-1.93687737957297679,-1.01993644233024883,0.647312934580942523
3.37670590820467265,-1.62524523688148981,-1.35379202975948476,-0.709250854083666171,0.430998706248145236
2.1527996556061999,1.19869227351309782,0.194167409959100284,0.163438780471803602,0.803341736582370958
0.914329032181255608,-0.206653475257843666,-0.164222409398402353,-0.158876762983708675,-0.558731763352249278
-3.92501301367320732,0.0227556976958392457,2.31811200905869219,1.58778692284098688,-0.34296119373366013
-3.85364367768300031,-1.642822562872297,3.15885168605848987,1.74519619986803409,-1.88693603401860943
-2.14118321212191098,-3.29646108075566469,1.98633886997582709,1.62102414313460863,-0.965002017182123084
-1.68655456428385975,-2.5532055395214428,1.22024669544049291,0.705946756073538184,-0.71442639984832923
-1.60596080022591181,-1.71586553252290264,-0.460299820791594372,1.58604869490994838,0.111670922709337983
-0.856154991733115045,-0.766106544502053954,-2.46470257103760204,1.40913528553768574,0.246471075035791742
-0.40066783768043035,2.04418449541039182,0.598794444643398038,2.44163635607949603,1.63288628872660246
1.76835533787434129,0.73470081441181101,0.498111249939988121,-1.29285387746248492,-0.36769254631974907
1.95737859923288315,0.0933680201851812552,-1.11204440289806916,-3.63306675491009878,-0.714128681232018891
-1.58930804875469622,-0.639781072297153641,-3.85289211671538068,-3.58765808366003247,-0.311445792320283132
-0.909697789021474357,0.88149086141600963,-3.56773784255702786,-2.25506517919311333,-2.15059919803269661
0.0694918806682731649,4.77105428913658258,-0.0881053534195915533,-0.626216087613000849,-0.480575011555139986
0.277739885512667373,3.33069479820084036,0.597965427096286972,-0.701140513706244195,4.14562347425444955
2.72534435726678881,-0.753102480572307997,-0.923295592855080227,-1.05215864606516774,3.78945994903771055
1.23874405557280309,-1.3647719157336724,-2.0758620349190644,-0.626752573556929815,-1.73582920573168287
-1.65280348333977867,-1.67516157483641459,-1.06282645499022466,-1.38333128460667254,-1.65741975889148163
-0.283446838596646322,-0.761226883809331012,-0.64235153044769655,-0.944596333932407162,-0.986327367733418336
0.126478249781560748,-0.159878737855674691,-0.394469480250365045,-0.591450387811020772,-0.233170385718022344
-0.701874921477568914,-0.891946778342474822,0.0890856422646590373,-0.499091978004305381,-0.694749159963436336
3.11029657627556455,1.73828183270122971,0.815504673763605581,-0.0183840430751615047,3.44407031444630762
1.79826172614863133,0.834446752132647518,-0.0624125485707580085,0.165735619354466013,1.8563605315716849
-1.59212242758733002,-0.9420125560766337,-0.806947656611872066,0.0739115249281171449,-1.95853455604502202
-1.94123966948985727,4.40147567288320296,3.23803164417810452,0.860878976197495205,-1.4468044761911798
-1.0572303997994974,1.92574362796169929,0.630727219691116447,1.05450349628460005,-0.147174613278468869
-0.664758611037227332,-3.80748447967691206,-3.29829712524403584,0.413025565568285846,-0.155271845672355913
0.676001154091757095,-1.37359559055315383,0.685595223072495985,0.296751414089852505,0.675434499210048278
4.1174760608142833,2.2543036992569192,1.95406687252859768,0.828080633103865815,3.35130074233379283
1.75120783449425788,-0.0740487686944539397,-0.529638042726699565,0.697792710986794851,0.833706284593574765
0.474129189946733254,0.897998004082328993,1.61743051019741801,1.56951441297720429,0.308248821459732592
-1.6071361650272904,4.12467775879532361,4.76293948999051153,1.89558550645255774,-0.225904801146159795
-1.81115980582575031,2.21979820637551706,-0.463444282700977983,2.20105064360781499,1.06575876825066507
-1.16446202043173486,-3.63565281247213612,-4.16614888324751131,0.0105906021519609483,1.63888901076232441
-0.943638995565722394,-3.98530266746243234,1.8925199899249181,1.96561890555471752,3.27754482078574316
-0.72617914259913785,0.0082074416367519526,5.07055841231500981,1.61253779039220646,-0.734929376714418936
-0.377241169112565111,1.2620000793410513,-2.50593978297433884,-0.568116725283785096,-2.76688186768957278
1.79542074548701058,-1.35017730812604597,-5.54124306296987346,-1.54459343163516305,-0.468453519942645669
1.72561488438472743,-0.98917688255086933,2.33039496737650964,-0.757173305491593562,0.145907545728965193
-0.616073794522220886,1.29607267625329969,4.57750912541980881,0.842078709517943946,-0.724024618953907462
-1.16486727535553225,1.40384671664034677,-2.34808937779145976,2.14631458772674533,-0.255012950688936091
-0.322858597581770934,-2.81689930039318881,-5.43544121129066138,0.948657638080844801,1.35697806747416849
-0.183902846047425572,0.0280198223087349957,1.91658142189904646,0.910493006225275292,0.105469109497498936
0.0103308609423015084,4.00484598117734958,2.63430908750635906,-0.741990883132338408,2.8764496370215622
0.222158914401687668,3.03183825844743282,1.17764907760718684,-1.81037480888549274,4.07414468838190214
3.75890145014689159,2.7640281331697838,2.24634054687755524,0.372577050238543594,2.18914413289628351
1.4367654433165038,0.713563069753593071,3.84951857096596273,3.16209271351653998,2.09877999705296148
-1.16406564865903239,-4.91268035224593547,-4.64392737281357526,0.669336317624016242,-1.54468091027554788
-1.22518513598731937,-5.18265420405053856,-6.72181977450394363,0.515635644657735592,-3.97347728702696656
1.50949991367858205,0.540795297489611526,2.30653186539775401,-2.49449255753155263,-3.00446303935356074
1.44887184386393431,0.879249385523724669,0.59234697835401029,-3.91311957226076013,-2.05906919419487267
-1.02212325033224927,-2.7122959075600952,-2.95063297621914389,-2.8441769645189976,-2.856638565212962
-0.329684803672383508,-2.53091851469477769,-0.229922518506882112,0.982188147625384977,-1.05311240866561051
3.80482455047599899,1.83858325811641743,4.39216758615596348,-0.951348940117776487,0.944727732941267329
3.74951314665086599,1.35972641827100182,3.0143416307338371,-1.52371985968842516,0.998501305475619549
2.1625616365694067,0.438562721117116305,-4.82452738021521288,-2.32366976624539268,2.28065107744801976
-2.34932110600761357,-2.22306777254324173,0.404182221187614488,-1.69298023824984156,1.14971712982085639
-4.24561793150893863,-1.95895588760746198,5.2048781624720144,1.43166593244263129,-2.83098396517877315
1.23383083302810448,1.58338893555629867,2.95270113135393597,3.93368763222933326,0.267279583095172579
1.26448535318626831,1.07256449415559252,0.556173596495003641,0.836754703296671898,0.149023177707915122
-2.79911908655364616,-1.81418882978472085,-0.681232029339347012,-2.16056445896853289,-2.40703866396002564
-3.98927150700824296,-1.26482505383023169,-6.39162799764021994,-0.798090236349744298,-2.64554586766276589
1.40926975279622457,2.28622809278467498,-1.17280872261287761,2.31751352748032113,1.50032171499305145
2.18520823495471062,2.53789183416528141,3.37661981774327069,0.114095159092673426,1.64617419057514502
1.33140134362000717,1.60809705948039139,3.02339105291134613,-1.08924177746820439,0.819292403594167995
-2.07150303049381179,-0.147944420952820732,-4.68396106621438957,-1.8842055180125783,-1.53380254407826944
-5.09562203543572245,-1.84413994545777515,-5.75438724050154882,-2.29395550013485083,-2.69040354288005323
-0.242832557706090302,-1.31451786793075609,-1.81268692598441783,-1.67306592116642627,-2.12745846027219043
-0.920573265574805899,-1.05233544692428937,-1.31236862602241189,1.92457822354317365,0.242874988712797835
3.08330449445110277,0.597489263419065608,2.3390699984804364,1.33595126558487354,1.33612162893897235
2.86643160998183166,3.74112986946610349,1.56029061767445265,-0.450141850151726253,2.88981348993272702
1.0304496542117445,1.01867760175434063,2.51919248986705879,0.904453783314287496,1.68299044447806034
-3.52812579766196555,-2.76264987630453929,0.818220459692359903,0.65292294826738162,-0.976298928759003815
-3.2522504024749499,-1.51149038247291267,-2.89125413631545136,0.190711432322141827,-2.04049487793742701
-0.909769468984837348,0.984178300212357637,-1.54713920374900993,-1.29074636469066628,1.16667314810017175
-1.30932807454762612,-1.11356662368882864,1.70983431644802808,-0.889680153030505516,2.22590141595858793
2.44871931958543199,0.221387717462341149,-0.214348131472574144,-1.14236654327210219,1.91641373114796254
1.37220718217796001,0.778808885748165536,-1.65417892190927462,-1.50601934641464941,0.340071396914921165
-1.69785547314892149,-0.542617374735002489,-1.7634355325670783,0.356825834634793393,-1.84091502677590002
3.27368208848286368,0.966697524612121661,-0.669923334687533956,2.37576743675417434,-0.548246665385181853
2.65240796960524472,1.29602268224974848,-0.0369115289570915092,0.154955152605205954,-1.00124287291003622
0.0714829730692277537,0.226118023926952183,3.11002918070142842,0.0535153085385050159,-0.429705434727707947
-3.98582371109127864,-1.1785359634448509,1.46888523859603737,0.531506801154540631,-1.96164805116143093
-2.83829168094489015,2.65561845762503834,-0.949733244697951617,-0.109303956657295351,-2.98125444079070467
1.44329631305044259,3.8310272757195003,0.920398228257663376,-0.148781757815252436,-1.7642709085323951
2.93653008958898942,1.98642526924880802,0.801988025784400205,0.211153891943511307,0.759454770938390977
1.21296813443461793,1.00823406766589296,0.402684681402761591,1.84915441728913965,1.55936073224888472
-3.59281089923339314,-3.88699122931064167,-1.95062689266638101,-0.433149343097150696,-1.43037401451869095
-3.02624585782076938,-3.1445291427733264,-2.46484813656435975,-2.07177674120721766,-2.76859086094752938
-1.39325710592009733,-1.66676937898922817,-1.55368854647944454,-1.75612333370310902,-2.11613679420332845
-1.136806379203396,-1.62101060393773655,-1.03234393982408701,-0.955147896219311621,1.99660210979585684
2.13831592278200633,-0.188714362465357277,-0.324391935881945592,2.31424602739962104,5.01362875081361281
1.18538662065298417,-0.190466902391301984,0.532199280826067933,1.8606606052544914,3.63594304465293394
1.77636744880881325,0.204252053635121833,0.869418140351606472,-0.0277680879926065355,0.0889364859477233122
3.37397372432884257,1.07725268931817419,4.34246438666732804,3.54276103840955869,1.68147144994560183
2.03876650905120371,0.844354312500743109,3.16170389181707856,4.04452737391121353,2.23630081321221219
1.66831672889353722,0.721525660713887129,-0.767714264917155886,0.753075874510705123,2.14999729973277853
-0.396373858251890032,-0.115477271181760696,-0.559177386143510646,-1.43930568936875214,1.4981238194091917
-3.81779702400324306,-0.77256286560737375,0.454373737598203153,-1.41377539866775837,-1.77924779633748931
-3.14257601317207547,-0.574851592729398897,2.21926139215165552,0.270332185983610085,-2.79549704515801301
2.12591535039995616,0.811607898651090065,-0.87828094409113322,-1.56352965638773833,-2.36160434376491013
-0.23706844904153096,-0.00197423640339082496,-2.37154820149336931,-2.5699183013091651,-2.02648279165950118
-3.80901416740563681,-1.15652928830607427,-2.0189203629673953,-2.43320280504170805,-3.24730046769736491
-1.80220413613667629,0.576381939305376623,1.19843075919899444,-0.901023348822892922,-2.24113985211690947
-0.850374604738438067,4.36704097709399708,1.59587057492961004,1.10985289744124538,-0.01124789662905544
-0.742241296457321176,3.43141396552937206,0.67511620141970119,3.51157960239642142,2.2134210159878438
-0.526527736164547622,1.81908087156416642,0.233206288663106859,3.32288027919914297,2.02177780232474635
-0.080541510116115253,-2.26594660074416554,-1.49345690506826756,1.04998143135555977,0.448967651027502246
2.20479409663605397,0.771464969760326635,-0.839794405834683788,-1.7902273414034251,-1.09594013111461619
0.408997053056560145,1.56061526655938976,0.195388737997025136,-2.36176227987541454,-1.23838028993575078
-0.244257757417274124,1.49656231106217752,0.556209909460738339,-1.53046126376945524,-0.816343083862630881
4.05869210567276184,1.51430556799675409,0.675107885593186241,-0.960770101593522829,0.915040656750924164
1.60810833651222107,0.234906076469371949,0.464418586427193913,-0.677418363852594019,1.16914654850492772
-1.47137633847407989,-4.2284935202117051,-1.74030191097677611,-1.45258264593741115,0.58447957738556644
-0.364735415397105134,-4.90722378613983334,-2.94179994253320753,-1.5684358399779621,-0.883645480731643618
0.18525248044501913,-3.16543244630706599,0.536348273456737634,-0.329424373704304996,-0.273602791500546338
0.154692775209541999,-1.37989273627084508,0.428762078341652697,1.1245148933168283,0.983556534567060048
-0.424929808174813295,-1.12954469438053406,-0.203340186214027052,-1.8368742131567799,-0.871939483883647837
1.54813799065047664,-0.472871470187080867,0.457697890636430071,-0.942791646121960203,2.64912206514859783
-0.440453393573058072,-0.322024767191244954,-0.939658750016373778,1.74286804144561902,2.27833054519709766
-1.12799123875945106,-0.569377128173725433,-0.283590206368628972,1.22344802383366669,-0.503554483746695314
-0.361307985704957868,-0.281090729850153043,0.751035047816475898,-0.117450100905819879,0.347838231584877144
-0.115355747961411279,-0.0301365607183181755,-1.17567549069915178,-0.772138129942537721,-1.42011822127420695
-0.329963855889333579,-0.0240309338416331425,-0.690138445819086899,2.55338033191662461,-1.07236828859330302
0.0156053214015812319,0.29553154476879584,1.4211881613883206,3.38617322672485566,0.890768785122727946
0.0393744939882749306,0.174233643077533973,-0.209968132753385661,0.762654814019607996,1.7018081146928794
-0.112579443115409503,0.267381257887506552,0.640352425932639746,-3.20505155367103756,-1.71169889402086572
1.92346855258702432,0.700757580144098502,1.5310998125839137,-1.58313252261070847,-2.19732082957902453
0.858239959614614634,0.717740861189834933,-0.844780521753424773,0.275812269742313376,-0.921114178557264296
-0.909250604835086129,0.553230434967628026,-0.984287616876641236,0.796007584561181813,-0.411382419138324962
-0.478682130205493162,0.454985774401624354,0.785176445716905258,2.76635774535138701,0.75472905465084672
0.0136496992785680865,2.51625671086891778,2.19124044090628178,0.583744725728041369,0.23235416158777461
-0.170902428739037271,3.3250318844917115,0.848381434549083435,0.201877852484368236,0.00526310823844086673
0.141903050190968383,-0.0537313771062845197,-1.20945565718419146,1.28151329058650076,0.616719604279859945
-0.0190981256845051267,-0.968290052759332776,-0.886553023838525744,-2.0432169254460546,-0.436425733671562011
0.13197543661607819,0.710365555568054474,0.235781632577304556,-4.87877944094789751,-1.87982692952952712
0.192019071923328954,3.4274539396071857,3.0350612868842739,-2.26702888687987558,-0.946396003451364987
0.185187580611242797,2.50632185871805024,2.78838278609184664,-0.785377211264806863,-0.404184289078349135
4.00033073166401731,-0.809163057080960035,-0.8094029093374564,-1.60463705791714339,0.618004281144849066
4.32725360702929951,-0.876230577168999658,2.08309343834255634,-0.467635758722881711,2.15333996479591727
-1.92807443398179923,1.05351879966044915,1.91363071897787806,0.182167416308598396,0.815122952160357128
-3.36026774158978414,1.32063559167620448,-0.17426514348075095,-0.179558724973348072,-0.575535489855356186
-0.941275973375117259,0.287764059454542531,0.717551592127614324,0.163842619930650801,-0.0584761775437634412
-0.722031417879616111,-0.311553355714696556,1.20298742009556214,0.824312292920582834,0.460357194667698311
-0.663914991374337182,-2.88052678099220749,-3.33966271334494325,-0.828150187801704907,-0.201329550418891667
-0.584879413658684455,-2.14319703972431697,-3.37755878640334695,-0.871920528139676354,-0.220801352772692416
-0.182119502457350646,-3.08694100738452759,-2.72844186192038762,2.87322625353347982,1.3214719270723605
-0.267992142716277526,-3.23111417229594089,-2.77476264485233726,2.82439530522343896,1.79979806856444324
1.1588110733628747,-2.54007682208460839,-2.13443458382062357,-1.48156245240572448,0.333512680818456531
0.292621356592520754,-1.77896876115474734,-1.3346101398120318,-1.96263725446216708,-0.356090760641454951
-0.830890953301748447,-1.72698388750966414,-1.25077263175288289,-0.775092200141063503,0.984239412206737163
-0.473279157423078856,0.60025163335709053,0.250347950447776635,0.838360428419817283,4.33548509096339352
-0.0655768508503472985,1.18286466585337036,3.42138433237227346,2.21568975993570216,1.88045430305425665
-0.0760482080255308474,0.786654310230671561,3.70292761841494533,4.37928566536386388,2.69749899083536482
-0.0506413798388546804,-1.32194032823821117,-1.74769529949117874,3.50229123606047166,3.72397065396940485
0.111312338519473655,-1.59417075106924044,-3.35090605677601561,0.29032494587975699,-0.320351246753858954
0.13054922281443232,-0.678574065709148355,-0.568748827520175526,-0.379492201707580634,-2.84579423637301376
2.59294716502858202,-0.0359019035379180146,-0.0782425663926339388,1.24135782384624016,-1.54991644000193673
5.36747857132868145,1.57203625788974599,1.24192123860969472,-0.652515802187726202,-0.00917831489437603842
3.53221145929922642,1.88841562835376142,3.00285840554230621,-1.51597157216444889,0.71844619857606995
-0.554209243979261634,0.929290106107002245,-0.610749253963104977,0.712889769637080284,-0.300687642737045291
-5.08680641388949084,2.38208709710357036,0.0645000429167416622,1.45641243285980226,-1.50031562498976156
-2.56087326740266663,2.70203528472224086,1.59418393996198571,-1.96678028664088012,-2.94153210201657211
-1.22081398656970053,-0.452647107831860684,-0.920362083089515393,-3.30123279546153103,-3.16375375137212211
0.288784226976343372,-1.41711733519857375,-1.37236752403726903,-2.06723055876238204,-2.0948473948370947
-0.831548858022879145,-0.87601503289061089,0.113693575560033011,-1.34404390953563735,-1.53801502619795039
-1.96010221049852706,-0.742624780305054744,0.00595341906524771147,0.751908065657720059,-0.865680523402385438
-0.808685882652104504,-1.07886501369697685,-2.11616094910865993,-1.80028764273715569,-1.73307254246464737
-0.777760616980417652,2.94986680756121045,0.217105353207349,1.4414309333746671,-1.01211148403441098
-0.41769376169479755,2.00011444052598764,0.60218353090189447,4.13874774022395453,0.675448135492702439
-0.514230507604488629,1.59421450577166035,0.461101875568043051,2.75216756929081185,1.00594918597332095
-0.189564171317439883,-2.31825034589284051,-0.938250171516860854,-3.72293645398599438,0.805483590208001088
-0.232935078733622652,-3.80144055818723769,0.300840186488810946,-3.01707993834116017,-1.32063511151603219
0.071967884626140205,-2.45456396583029957,-1.40634950164415784,-2.05228336224604124,-1.20757860000509787
0.113375603864552338,1.28897104667378515,-0.77183622723487344,-1.06854271800493805,-0.417330150144456902
0.250035205308496211,1.14480656743875331,0.688896580650957602,-0.809011354915753156,-0.438448079947215963
0.360372038068794365,-2.4796715474789508,-0.66172835823979137,-0.851393165292402943,-0.379543196080470102
0.521743269175190316,-2.51034205828360113,1.73005847715221051,0.973412364263996466,0.134327353580715653
4.6594389614045113,0.781937504794939953,2.90631013632219748,4.24628861718794148,2.83602683644733977
3.2496681604485862,0.112468858342212472,2.86898937497454476,3.43105668194627844,2.44320336479973443
-1.75303314974908764,-1.46321232997865835,1.85581387960118627,-0.645065162323129715,-0.848784999046287902
-2.15223846417194498,0.0378005838705281344,-0.953050498571290539,-2.58363433505763718,-0.883741008226157865
-0.604307190069620415,3.47331632212506358,-1.49168825299942864,-0.755434287842777219,0.0676041440966996532
0.381063726165649819,3.86160237494540048,-1.01488426378171326,-0.464722550653550337,3.0578872112820652
2.22359739655459032,1.00817747421260662,-0.291069736746786378,-0.149731563897895048,4.26852475418345811
-0.784684336676396477,-3.14157910101339777,0.530120499705911796,0.469007442191241242,1.89650737317880314
-1.74389769971451125,-2.75301431523025952,-2.71619568632368713,-2.49528739560457735,-3.44582217843429106
-0.954215229285866995,-1.59059796533621944,-4.14894659248505882,-2.22598473383752404,-0.45477973465979421
-0.190252224559728816,1.89835428327708278,0.168542993113880407,1.59998118478588736,0.26296908640628941
-0.199607721511657649,-0.648902114534273045,-0.796823035680444547,-0.688517012230448477,-2.90687283878534641
-0.455590248487933724,-1.6044130094795086,-3.05497712302232971,-1.79671449515632431,-2.65866207363393636
0.742154419612574445,-0.636464650969380541,-2.32646432028894701,-0.283591255593800495,-0.985568252452558413
-0.17775495771607433,-0.68643001115130442,-1.30596561905574093,-0.0760349596598672989,-1.13898003566829686
-0.853593658504882002,1.04302840290714371,-0.761136153797338788,2.35856590863063209,-0.284563998460768908
-0.343238317528761883,4.3645463893751355,1.4747247873301057,5.55657448342864058,1.39467993272839452
3.73246699630112611,2.90372574976279818,3.5686215735938096,1.70516162199875954,0.932371630806000495
3.43470069288525748,-0.715862246056530926,1.29953507462437678,-2.60062726582962567,1.94460755693710041
-1.97844074358007971,-2.5730505693204071,0.289163056640871163,-0.72265512653699937,0.455434308476434457
-1.60451039565993336,-1.1081162605309316,-1.78430549221109169,-1.17870336221001937,-2.67000930629832256
-0.00655164541550692751,0.197350583384846956,-1.25602074505626571,-0.637876201963337275,-0.0149656051729296843
-0.987686236969783748,3.07395058642965058,2.96176083141910462,3.67747759375932937,0.236799619860373872
2.57103020037267882,0.837367980513938237,1.0086868680865444,-0.618237215749205538,-0.00913992993672489012
-0.712668305198614682,-2.65797192907448476,-1.92467867500671885,-3.21001492590929072,-1.70755040009446679
0.307640733073434314,-0.181509608350928053,-1.34021912462166037,-0.275927503092331161,-0.778649905813510568
2.84225718818188389,1.01122101642449924,0.250907480177088749,0.243051166689240095,2.79431534388362746
-1.49536819699169898,-0.82872378716392725,1.17278696939669946,3.05237816962239572,2.98587203456747918
-4.2009433214947185,-2.30546437347410471,2.36652370404277645,5.09684401050013491,-0.510404251379349083
-2.67951295098769426,-1.85554334206528426,-1.14221753511873558,2.27036345423717778,-2.69453980171372853
-1.81641964566944858,-0.82149824881802469,-2.0385072189137019,1.37494200582654202,-1.00613520194263573
-1.54476218383233688,-1.01633772128659228,0.0986693131060114303,-1.27686076683781691,-1.39009678985584273
-0.993862004040385605,2.85809974562265623,3.99519706277269337,-0.951263058903720982,-1.69590626975823811
-0.0536848445066108737,3.82760699180388242,2.22802470932449159,-1.76754564227911604,-0.214930290528425355
1.2409025186220568,0.112423318213835485,0.388743955685108,-2.19553457951735664,3.06323779652226369
-0.782014859335624757,-3.37841579670930159,-2.39951616164204751,-3.85568770873589273,0.858361719332579209
-0.900670199500196,-1.78639445734877489,-2.76208530616109371,-3.09348159902886088,1.57063039633168255
1.98169838466236103,3.49067809303533316,2.35902976941766207,1.47384436344335912,-0.477143757054713624
4.22626537081408493,2.52500570024925119,3.61073870592409607,2.00937203257355712,-0.404275581986409061
-0.39708347331944599,-1.42424993874549854,-1.51763016686222585,-1.77294463733820629,-2.04228962621104992
-0.211031965605716298,-0.937641953765573022,-1.19707932611767331,-1.36660266339566649,-1.48256555672847679
1.80051001237439334,-0.0570668470954776297,-0.457579943401494715,-1.00552467266595391,-0.826323979669339681
2.48487230482459109,2.15623593521497137,1.09745296546653859,0.0813643124965885839,4.20012654758296033
-3.98564460973982326,-0.653151817010537594,4.49735717978102922,4.01948164013527354,3.34017683214875438
-0.704671901069329532,-1.08349298705353503,2.99065098878032121,3.81508098275791818,-0.727907936136861999
0.386226517023276927,-0.205298016737658268,-3.17075596787234293,-1.44132327636428714,0.671847083898791553
-0.648331616321485615,1.33086383375394757,-1.47558300279697763,-2.83636452180307908,1.66874255891912582
-0.186347120847192238,2.44735463516955765,0.463804307964078621,-0.489022680311500535,-2.91204468690555984
0.212116727636151081,-0.888869286782910106,-0.928724362145985527,-0.568102255733589967,1.23140525055224903
0.143664420528930303,1.31612912314725028,0.349629637655872683,-0.537470497606757025,2.91724320881620969
0.044236700906377921,1.26779088455109257,0.29770616782916165,-0.0351721495036592252,0.996693745796156549
0.167755047117184974,-1.00319642182495694,-0.223604891120846194,-0.105018561520703782,-3.95850460723845732
0.404780467571949076,-0.464454436172253904,4.83978874752729205,1.77073792541306707,-2.9995911043675747
5.4330227297981768,3.04531894853011575,2.23150586069087398,3.78015557398675028,1.39588504682881132
-0.406281965748969409,3.37235499730054045,-0.369395779455101103,3.01559798928853429,0.662056501690355015
-4.33343519801105526,-1.9637081902408271,-2.00704954174885097,-1.27151919931405999,-0.798447840082854854
2.49190024172739255,-1.54259402308200211,0.775371211337380073,-1.98613213479102968,1.91746319161867085
3.08443768174045596,1.59519860133206537,3.02358933021416343,1.07870103249531391,-0.24260009596570864
-4.37087192133232794,-0.336457812040373727,-1.53496391825193768,0.462102197568945772,-3.02345287932154383
-0.624739994892440587,4.21748452952469677,2.00938093502980486,3.68060769077454841,0.514283235237663394
0.846630238787587586,1.79182182115910926,0.519489765945246318,2.81476219529472127,0.343289767410469793
-0.331718541964528379,-3.86778386489674952,-2.62539487130828864,0.0231819018821919215,-1.25266073915757903
-0.180967053561439994,-2.45258977675609469,-1.41530765613492493,0.546265857084310191,0.0634970775817750716
0.0949926204844534355,-0.914695804952195268,-0.577139481528864406,-2.43284915563109472,-1.51399126929979633
2.9015838384388295,2.46696601274067451,1.7021661653811313,-3.85904266126937712,-1.16200032507954831
3.32984153512952341,4.85583244175478512,3.68278452914620136,-0.939549627609244098,1.71760490872495986
2.9760759400529988,2.50379914312365148,4.57517250975103629,0.952286240519248706,2.28570665717717603
-3.11371065907512845,1.56919784634167536,1.19186113635697133,-0.016068640800659853,0.362263721600955102
-3.46746736322874183,0.271674505285468659,0.951830199372983188,-0.315145036416960789,-0.989102632766311163
-0.198112585404749464,0.784616958723861946,3.03126036884479921,1.046751414470529,0.69039489081951444
-1.1285657663684987,0.132226105181327908,0.0982989534811866128,-0.230864365628264734,0.10049436064296853
-0.97115903574121154,-4.15873106562603212,-2.76676415454281388,-1.88874303994068016,-0.622718244193805504
-0.586961108752138583,-6.65550528548773102,0.620028501118507158,-0.421635480259501483,0.42368950706941072
-0.553518026819961206,-3.89878527676243225,0.463148883422291158,-0.44962548400954816,1.57972542514185554
-0.262677650408609686,-2.63175715426185342,-0.311376726630852529,-0.471296821560775125,3.91278271094802355
3.18204994903246829,-1.05609671180013809,-2.74152758368994443,0.122795156493903587,0.440800491627872937
4.21896750970670542,1.52536542936144448,-4.69994456317491416,-2.40468910443667072,-0.0436938333864408529
-5.29709499236507675,-1.57258429969836189,-3.69604834196139409,-2.81513767992867381,-0.0872399395839606878
-2.45653345673870138,-2.49783772310043695,-2.16059802345170615,-1.54484805843517203,2.78450825424260628
0.890845985530193119,1.80736636783386961,-1.85076279765700136,-1.41774278560237921,1.8966758182383443
-0.578232894776260609,-0.370875704017098573,-2.64035100397574629,-1.13833183608762112,-2.60351507791354475
0.105416560374984911,-1.48219848019620803,-2.10011965637349496,-0.890839515256092174,1.2079352994032817
5.15675775720562246,4.01501906234035655,1.43786181466861174,0.726307342034700043,0.968834001799503075
-0.614462262851608876,0.846216522995790643,-0.553428468325465994,1.70269346607510608,-2.06023013239058317
-5.30533654246384501,-2.10265980148291654,-1.59602094301248743,1.10734169810441618,-3.75877901057909813
0.912612419480389847,-0.459090989198496113,-0.257106056043684694,0.9059948838561801,-2.1350486857029507
0.145719589944087458,0.495115853225986169,0.464073030819579901,4.25991979863592629,0.833486917361586976
-0.664391014477502817,0.355228774087909316,0.633355196511031115,1.04910164753839075,-1.21074723892141556
0.164331926469063583,0.512195336108198007,0.926688840488924193,-2.30962440368535971,-2.67415757127759157
-1.02676266235672031,0.858818790984461011,-1.31312342225462042,-1.33076386495424126,-1.61307918147297302
0.23114330651547893,0.419279389238396638,-0.781414631409397709,-1.03834422839478835,0.906043535032288849
3.82862419711343005,1.23113895201083956,-0.286780216909581998,-0.17098885659056115,3.64864047048530615
2.457538743320963,0.738624706344712667,-0.242144938014213412,3.61659644936959923,0.0695912788254475362
1.29613495523440436,0.391010978047035274,-0.139334781410345027,0.187744002799965726,-2.37359019628442347
0.713244935547360459,-0.550403593895242293,-0.0561071238893883009,-2.14539787585279118,-0.875678004375197938
-3.56315418051211807,-3.24251634851163617,-0.641658277865803761,3.47648385116717318,0.378221242979795258
-3.18830901282314905,-2.69760897711046299,-0.753447349899034835,1.57206845534952411,-1.16150450188773924
-1.52238401889348296,1.17560072566436591,0.216765770202306279,-3.15319485563608648,-2.72618262946182011
-1.47320318154973262,4.18781205315190164,2.14031602639204799,-1.00482543854552375,3.74463527466208701
-1.09455410751061488,1.62197151559305452,1.81492650788824572,0.0153969475973433634,2.61529096358358437
-0.0155333194360669086,1.71207890867408952,2.25815321245156486,3.45114272835570945,-1.95968278223788928
-0.686453241259732616,-2.54511344585465071,-0.0140793273579738823,-0.125979140553790253,-3.40907532696600057
-0.526571559346702633,-5.78261047566174291,1.94072168314911409,-1.36166354356708852,-0.844547278845228511
-0.0742133749507900148,-2.70073843551995951,2.04975985781278913,0.286805927628298818,-0.767795973409045818
0.10878441835727197,-1.63655782705671426,-0.496875865605699518,-0.9288653895687905,-1.28508464227611352
0.243892141000032814,0.32694311976136442,0.157290122297378293,-0.187249312839418119,-0.119831884492531834
0.355653101617970757,-1.2858784765451674,-2.2654522406479729,-1.17820868835057158,-0.495650344049636093
0.537725774859166172,-1.19259992612406895,-3.04505771921432311,-1.08196250009325334,2.76727614057629134
1.96583244201380225,0.70044764496862677,-1.87961004769002904,-0.49852875935657226,4.76769562038938588
2.73062856286811018,0.978181312380912216,0.0176361528132139775,0.342772856953428851,2.90651479851880179
-0.393852276542941249,0.0657349007998712515,1.24170502242749192,2.83366804250777493,-2.53221762802508454
2.65200999695367035,1.40238810890873888,-0.291918636836388745,3.57097788985320896,-0.716351094453075543
0.705183438140247754,0.0137106969413667706,2.31318123483205618,3.76980002098761746,1.03485390535055455
3.32781249242274635,2.35597664886272318,3.27953581733150834,1.18105862695896469,0.0310412057357358356
0.447233858152845831,1.98590944109016321,1.32580291004199702,-2.00019088488259289,-2.74619050787868613
-2.81749623319959852,-0.765048859415377147,-2.7324184360453394,-2.73714374544615069,-3.13158052400134146
-1.28155398146607613,-2.45844360064335676,-4.04791614354398455,-0.609247443981448478,1.17895145390545331
-0.669949115112895233,-0.945049788904901211,-2.57246841088689138,0.135568319392787157,-0.213272894060765661
-0.786830353308634489,-0.403692637052258163,-1.91799668521488731,-2.39611404241897397,-3.72208209227392084
-0.514784084526896279,-0.161421850178119664,-1.7273972776536366,-1.80322725066733014,-1.33925125972791448
2.46279690049690103,1.8445899540876789,-0.730392852592772535,-0.663037657347258613,0.915389505047404017
0.149578352632234013,0.03526853359259223,-0.577378368509654516,-0.484653723742928366,-0.79197115101287241
-0.323240103140616408,0.130945333892902582,2.32910169284114144,0.720351672629821693,0.0502253774602432063
1.32408708126885455,1.25690132326168569,2.5928703383468541,0.97598722951951089,1.07857384864219052
-0.633805955027164192,0.0552982157475434971,-0.913414861316196314,-0.235073090898105214,1.07719018693008328
-1.3914683325274273,-0.559105174624414003,-1.80897986690204804,4.219689656170722,2.03427535263668435
-0.616390556446929416,2.42420705022247995,-0.368234220521213906,3.73544497263445496,1.23473695576229869
-0.492341170943060236,0.376814868017030069,-0.181647827877734008,1.80422478579976153,0.383017435157799235
2.95156780689020959,1.81367510850221425,0.772127837864990507,2.00691919190630452,2.13975472098000097
3.89150725715412182,2.60632230734764336,4.73076407713181268,-0.133152626553631442,1.03114499744523536
-0.0704616758880057398,-0.327922726994655023,4.06615876501750595,-1.94387682743511703,-1.5704234663925376
0.343099528971536671,0.139897193486837101,2.83035926424595541,-1.13297622840759749,-0.125483546878240315
2.73560092042451286,1.91556515209180334,2.27478692018222972,-0.780728841015917108,1.08249466216757417
0.871425279539002062,0.350191127100767885,0.916336816219850414,-1.14912202361255211,-0.511282809127960092
-4.00309323220238067,-3.47392869042028707,-3.36423673472952034,-3.35758645144717338,-3.19522532092826328
-3.67089819014498264,-3.02333383966244096,-4.87944876278231909,-3.04661432950128752,-2.12266104066982786
-2.00110002184381841,-1.59059866660892379,-3.22069463331573624,-1.65355638187738152,-0.577320426591083846
-1.93271613578481238,-1.17658885873113395,1.48863672186469542,0.547576061432282546,4.25909300970270799
-1.55998541474952557,3.40385813874171061,0.492692909541959656,-0.11800368547533277,1.59236456580321772
-0.50324742418486168,-1.14555841755180232,-0.938224722399421451,-1.53897036458600533,-1.52451860343272938
1.57605038409792253,-0.0229304235474052515,0.913199187706514093,-0.536851558427782871,3.08551207113537451
4.4934183541536159,2.15384452890105527,-0.234006827780028653,-0.518909437982132071,1.53461207192893245
2.80612786950961723,1.50831387767065017,-0.384508222997885674,-0.116262543652198902,0.39148042336899469
1.23491436503818353,0.74060283820188122,0.0564502284070630689,0.0150637518056598863,0.00176011284654919564
-4.2618944103163896,-1.64970745909735217,0.63644030248204797,2.86598511594960526,-0.0733448433280862178
-5.05623644826613816,-2.20078044682639762,-1.15435332627534848,1.64742717455436161,-1.74807052804229035
-2.14488727541677582,-1.15932604183714294,-1.33543641134539781,-1.398006926046095,-3.01233978766948907
-1.7418395833565441,-0.634990263154119106,-0.381206253480385837,-1.64211383023621194,-2.2327399134482766
-1.50135047573419245,-0.587298160235922406,-0.152109435278191457,-0.524843479191255624,-1.37229335532092311
0.111493208080453862,0.0865515230338027158,3.6694917022215936,0.866416430164473672,0.394843346074444157
4.01118920659342582,2.08732180050138894,1.91646011904689351,0.777781764239063089,1.78312396127529005
2.82814966949787561,2.14026372313193791,-0.999526201010560444,-0.399329815470237492,1.10125520239429897
1.83740882092714086,1.60306304649804021,-0.0417668749015049079,-0.126263182990937417,1.04158802574263043
-2.24047620684936222,-0.290096264326544062,-0.390368500441223287,1.6224313148551297,0.194675434681824772
-5.25791901600367151,-1.65742077959721845,-1.03214179477710966,0.140809248507837492,1.17330181834448966
-2.33512373496723313,-1.07954902596399527,-0.552282487455983628,-0.912222934143815611,-1.50034143794387753
-1.050614591278904,-0.434552352884473303,-0.307523375466606796,-0.332970691079175984,-0.452106323286970646
-1.2048676832932026,-0.386295084731722416,-0.169813121257514382,-0.0101201156260372072,-0.205377394427358029
-1.05984520079879307,-0.0977876816036287594,0.117004713998411919,-0.0270328888031347025,-1.65180343182385925
-0.608691694887035784,-0.109057066534968203,1.69902555990370452,1.25950956255109325,0.340819459630524291
-0.0926086203624246901,0.0711563511250296737,1.79128529584676843,1.73660675621654148,2.38105826360465356
1.4124724611720616,0.726510326454577693,4.81105755073919994,1.9139602628080512,0.791997522096990814
5.01412710664555572,3.5519083280768835,2.17738052395688308,1.41139118061322577,1.32343273564586594
2.72488686695910154,3.60903109377483355,3.54417525268746614,4.61135897854998422,3.19823188409940196
-2.08235080258494731,-0.561129059221037507,2.20154089553669063,2.24731443492106564,0.0261378932745653901
-2.85795915876575579,2.85561439004212625,2.12979623299571275,1.04089364901998094,-0.328427300646307541
-0.385658262105056382,3.78484211649228497,-0.400040422909192617,-0.311567443737285843,-1.2234355302424349
-0.163311258953322658,2.68626727876592808,-3.50664497238533679,-2.57344059518638657,-2.36418760174965126
-0.435202254773563002,1.44787040281482482,-2.24348025790760675,-2.58973063697099759,-1.8516599028939531
0.00720889995689664997,0.757779702214263606,-1.92213994899582108,-1.78030534990224609,-1.32193720962559502
0.116748675590208614,-0.0552513092396791777,-2.04647411020027326,-1.90027087635413894,-0.237938227392856416
0.0352837296999994748,-4.03156431260794434,-4.01527411211368879,-1.95736573108200007,-0.292670437632270297
1.2271043006842477,-6.13496105227489874,-4.2666514867304528,-2.36541979998846363,-1.29121557614480098
0.334771748976813943,-4.55209612810903241,-2.88046596139234579,-1.92289355583222221,-1.18664230027826267
0.518097807798813981,-3.07913943215339048,-2.08234976301069663,-1.20807097856069534,-0.559283261788440123
0.466191893717444739,-2.65381641499596954,-1.78823638841271992,1.79167047963952442,1.33360464101910048
0.231290539701334286,-2.22761370074215259,-0.751986304746244838,1.2298335873295656,1.33586191996436887
0.39078209527923391,-1.49164459635181657,-0.577125697475411426,2.98023807134009644,2.58184317162182353
0.459336983245306918,-1.05175406191019305,-0.34337229054895857,0.942642272905715006,0.504003754099063617
0.303812403603652692,-0.0121836287472793375,0.192046728244359283,-2.79267517893859951,-1.74756279151656768
0.445980377396029137,-0.131383824356675005,1.71944005346600481,-0.217595272940974194,0.761304701732005373
0.479521730669312585,-0.109148566645298747,4.18387725358429563,3.16627173829435682,2.82571636018528771
0.281000949532470012,0.121883716352445728,1.74909572207964636,-0.763751096886037262,-0.551629905451001212
2.98569807463969594,1.20070355490599856,2.66892510447157916,-1.06695166945137609,0.520829974825970932
2.47196928223459,1.87451436511165825,-0.658887958835193022,0.507564426182883,1.16994223785585283
-2.02078525710968471,4.96016797352103112,3.93808967560024792,0.0491711615761537546,-0.138119912218553437
-1.51737838967687466,2.70175966727089145,0.727766394266815886,1.44350968816982528,0.998665194714343118
0.0797155593822961167,-1.6525252811119191,-3.61404162039563071,-1.0006647674971858,-1.24875731909074683
-0.362505615098568379,-1.47040976850155469,-1.6721096463151639,-3.73325032863056405,-2.67919928676734731
-0.899575833969971539,-1.55678461409877955,-1.48097661568885752,-1.82347781354251803,-2.68133042627359286
2.73930833321769107,0.67872427504183086,0.000934562730896065785,-1.06992207802511308,-0.433459997132608021
-0.15888343343282274,-0.113416472277077365,-0.619723565711735924,-0.480414227884718159,2.40801179749741934
-2.49209868710633575,0.55132548563500583,0.250970627715602856,-0.34026575272223486,-0.496070151282286098
-1.01380833690598093,-1.04011431983323277,-0.619119746990849817,-0.122266682829074186,-2.28823939519855157
-0.715400362622796382,-1.69153170112323514,-0.551207337056538016,0.197568292672695572,-1.75633284575791859
2.46567879267839718,0.917894940584100594,1.67895398796535056,1.42686657333501188,0.620364404722783647
0.105574895666241675,1.95994815891542173,5.4735732345412087,3.39068444583243034,1.26606638949639216
-1.92465042259380015,4.75933278252325476,3.65418515797907961,4.54324167517148236,1.22966011816304888
-0.990661545325734139,1.06099679155319571,-3.15643103517629653,0.0665834187834049851,-0.69410686737135241
0.970329347838717382,-5.23027172649523209,-3.25439554102392936,-3.61188296132955511,1.36598100640615261
0.396324719296746175,-1.25077631799168487,-0.887696935906123974,-1.22580335838483823,4.28785665423769835
-1.40385628191007594,-0.483443730737483701,-1.06111024663914644,-0.646965681961851002,1.24687787902667835
-0.0899613499259207527,-0.996685709950061227,-0.769829945277699323,2.29020608444398732,1.71192946444226646
3.85183849305179793,2.24162312079502835,0.946485520463078989,4.01326279038200173,0.93765004181657452
-0.572388802783870054,0.588786521928456041,-0.0110497744898962746,2.53792466046638898,0.0455352348722531386
-0.647926996031494618,4.08051415032612308,2.67108180911055371,-1.46339088327242117,-1.91700204195906254
-1.51515960104943481,3.93765752661524493,3.37420639158593572,-2.02925088124540043,0.39456952745509738
-0.386461277251116453,1.51384810721096463,3.93594909629008827,1.80950333117989026,0.713979303472126015
1.69371490908185374,-3.40963683048412092,-2.74182056687839992,-0.749322018432348802,-1.39924877086929378
2.26107515107634516,1.89997958666237143,1.24723036873701365,-3.14241097113393408,-1.85335937565380204
-2.22100278907564386,1.04328438959082903,2.76717403347363122,1.23309569538812469,-1.30475659895874974
-2.66667707134723209,-7.26822841759182392,-4.60905926334709015,-0.426528253721622674,-2.39489397941708759
-1.08505604260213717,-5.93886613181711986,-5.17188760325717212,-4.32852403140713893,0.747905057385281014
-1.02478252959043559,2.68889848705578016,0.325168060315418006,-2.6304328060914699,0.123186835011802664
-1.02243611903447928,-1.0969992553915926,-1.739104577808815,1.22536870923534091,-2.07720109151399379
1.11986457424605024,-3.59344641043395585,-1.5905595833655819,-1.53669233745007894,-2.16213510010778664
0.110742994699509961,-0.1879944198839405,-0.760416295299950917,-2.87431703708436181,2.36142168926385843
-1.37263833465286123,0.890726134758409782,0.028402134196114065,-1.97321788308627966,1.99025138447368621
-0.629509565859233899,0.206429906301392546,-0.194404470754049069,-1.06088026584740902,-1.99764396713182224
-0.259852059707356364,3.49111798908696169,1.88304601301225127,0.129238556614089534,-4.02412706410161469
-0.314275638739385466,1.64314655412583255,0.895444942492474527,0.309282435985899606,0.612351656797035293
-0.161152014887641859,3.37130002362726167,2.13975377588901017,0.972738202282067865,0.22497074609623452
0.121007146985588454,1.33490872730324361,0.586382918437919232,1.01937572118051567,-2.08189481764570683
1.05690282071070585,-1.99256809276208435,1.33990432552064753,0.483543433762336827,-1.88448737810697486
0.667959412226029725,-1.02262052557155214,-0.221547535719863936,2.17931533937002708,-0.340380978084407981
-0.622798657241867559,-3.68172079081884407,-2.80467803914235025,1.89520972926706377,-0.176839434021799746
-0.266429869485987014,-2.91928640763566349,3.41608897102762743,1.18815865280282762,3.7439811674308574
0.222541589107994153,-1.37691292132211562,3.67398026748364748,1.8167068421233179,2.96664253331817962
0.175138337951597389,-0.934718601415907013,2.00805677374931912,1.45358990631154406,2.24185120394219783
0.263555599416571251,-0.66930334545193082,-4.07664856934998099,0.713591261954962919,-0.707190461939468662
1.37371556957578678,0.479841363525808529,-3.41508309501418239,-2.28139376603722788,-2.94844914729495011
3.39771389648936006,2.84740100034613119,0.206221284623156725,-1.53788966563721496,-0.761520903976426355
-1.26981287815208277,-0.577443492539058356,-0.444814110593660939,0.145223369754689163,-0.99892952800348378
-1.46241228194927331,-1.44316988363227927,-2.54431944192786519,-0.662847245752771874,-1.79415542045844689
1.55401736829274761,1.16933946762133845,-0.85795581374791996,-1.29415594794892153,0.78096343534439483
0.0189155632896406967,1.29297156110586453,0.319482239549806812,-0.525379775693349371,4.43582861113727578
-1.62825788765697443,-0.278686358105160625,1.13910400172616733,0.697071486504245108,2.96804626578855979
0.0694332559848006292,0.250099899099541334,-1.39509697399665322,-0.241897121927068498,-1.39834829791502835
4.18257390000777374,3.85452952602454202,1.01715618554861198,2.34217883364457435,1.14622163257836429
1.64889319458041217,0.283883480062722404,-1.305684954540002,-1.67889619988454397,0.380262923337913783
2.37549572792846764,0.312411639779907935,-0.717073579646768433,-0.925678032163324449,2.47631595519506975
-2.45552769413653316,-1.17400501468269192,-0.926328914976208506,3.68315037548130064,-0.219697215135234825
-2.63044279295642269,0.861095615300553563,-0.555490020618282121,1.55576650853550347,-1.2652405211169615
1.85578713092754954,1.6388698406968587,0.384354028059419761,-3.20887513415749615,-1.69901419454234892
1.07933997730743236,-0.840018413457248925,1.65123949189912556,-0.945995434390440204,-1.49415117260576857
-2.49521555116298543,0.0105460035876924763,4.54519209197250529,0.835658908564887337,-0.895021992555962154
-1.45705358172779653,-0.16455201618743448,0.84369397036700533,-1.41089007538335443,1.34352797794819256
-0.237601440983834789,1.23441644284094365,-2.4095265206847194,-1.50657963933308103,3.25530704376283797
2.41288479952172263,0.420364877716196517,-1.54640807237123168,-1.09415375185347452,2.63744399681722452
0.242664468796226884,-1.3187803322616134,-1.37561656111982522,-0.727835808761686964,-2.35099887571030486
-0.0612854881994413098,-1.21557980973020241,-1.07328614116257914,0.785106250881885792,-2.84034000112126606
-0.902590493434556551,-1.23497607393000663,-1.19789159705773907,0.787639843724072808,2.08915338865649547
-0.754428829342054019,-1.09423705980962538,-0.716813172037918611,2.04060430561143491,1.27963591845869296
-0.191850361960407445,-0.544395961604466461,0.925578645305575765,2.39675816809580899,-2.00009073932514303
0.558299588352299869,-0.164677218057488528,4.57330100014791707,2.14407514563882895,-0.102019059402274903
0.0782357194843359832,-0.161584400733636724,3.72441641774918386,1.30950074429756835,-0.332578855075988444
-0.297583884882545557,0.117410762046547171,1.92431346049064067,1.46151250925503717,0.370378894882869181
0.0922220700836862556,0.680898203959699022,0.625338951644305641,-1.57189981937452816,0.253246678899905875
0.444342669561184567,4.65759654783198673,-1.24601762879036171,1.08145749189477969,3.5928711117265637
0.503846878238067841,2.00932562254035174,0.647090844580421876,-1.09423451705255603,-0.119591436894997905
0.574018197331773505,-1.38676340260352116,-2.62830678756884817,-3.66707166824052599,-3.16682984954874236
0.585990754416671811,-1.14258405744014735,-4.72086711898510458,-2.56537458821507736,-1.70144534509361556
0.894854408535663559,-0.344394660225608551,-3.2641935165746232,0.531046501053451747,-0.123442703430967804
4.02558129462684189,1.01787128341171407,-0.698769981639794979,3.88457559221690074,3.29023026227988646
0.765110126458848239,-0.221851152840119747,-1.6126981282881856,1.95616536191588231,1.71690739803261772
-1.68489595010204973,-0.52472180762879872,-2.05027116945152743,-3.48829598759317161,-1.3565461697388459
0.657890822238003437,0.218361494497670117,-0.0438313474189604771,-3.46792925880729008,2.43608490800024224
3.11765534596573923,3.38667799379732681,0.0994735239446009889,-1.55378733952931447,4.13496483436379147
-0.502433777242055846,1.28176699329650901,-0.544878999582298684,-1.49154349750511006,0.765376280927762664
-1.97301399455578652,-1.08923120765417547,-1.26994379203510266,-1.35928401493473916,-3.6338785610147939
-0.44507688555694952,0.17547301988372227,0.043413186170747492,-0.653934541531460356,1.1111887574978061
3.04861722080461561,1.00441989028789291,0.189129500723952154,2.15572658436624387,1.73882669395035361
4.61823744429238126,1.52115155647202149,0.384526994146530909,4.08184886419971882,3.01035245660510054
0.115185608745503917,-0.553648526453689671,0.129460479459245409,2.97427854102353439,0.751380984938246899
-1.09795049268105949,-0.288814462761033452,-0.142504242290472233,2.03417280716571103,1.82657745351438194
1.72670251594784574,-0.118916321998240024,0.363531479229035503,-3.02136104661231464,0.405588377296869973
-2.96776632774147275,-1.92387058335999384,0.0281467916748517621,-3.75729468093657903,-5.21462214138106628
-4.34565094422594633,-1.82443372438528106,0.109326072717459283,-1.90922019756310291,-4.98305001093486588
-1.50880969911350005,-1.24139542823796001,0.160018730713852614,-1.33175665826724021,-0.68028544919999967
1.54500890599937524,1.73663908422635527,0.956295763897135553,-0.586216725530703364,2.72485845518329572
0.0231860386295269921,2.01528881017189798,1.64826909504915409,1.97739246162873017,2.45012381500118259
2.91702775997603858,3.43087313191529519,2.08272769027234661,4.50979989528136826,3.07682503807443863
1.40256973257159734,2.95758711668325791,2.11262966923146367,2.90380240583539218,0.252332542883191235
-4.2319866504363759,0.774822019418908825,1.23820987112296899,-2.91100420028017526,-5.23915308582329153
0.165114711730601826,-1.96270431130609979,2.67506379018275808,-1.02723487990541318,-2.66715146623022115
-0.987489756341423774,-3.71611880682612217,3.85961530243396078,2.7455615007649965,-0.444773189175644845
-2.03859415453404536,-2.63107121944649336,0.210285112211424291,1.85374197969162258,-0.422918009761849734
-1.68336305980107737,-2.44209142875294338,-3.50183414465424825,-2.09535148625018408,-1.77499856502526288
-2.5241513019340962,-2.42233402805138986,-2.58640556390278631,-0.637643563067770591,-2.64192353838951366
-1.08221508350503504,-1.24398705876069848,0.634904800848633877,-1.20348332152989235,-1.41779871656380241
-0.384770816807965266,-0.838993843434665543,3.34512620227068336,0.708571357635987442,-0.555101239529603441
-0.492920929305640965,-0.436754696462727576,-0.133722519890836583,-0.468362206884914978,-0.47609106325963102
-0.378187078965929235,-0.32672596615306615,-3.37840525054680052,-1.34546866814351063,-0.873110476349665876
0.19694907605261508,-0.0396705967859021236,-2.71710353818112393,2.07898041741194728,0.28980979346102631
0.0929925611222758852,0.00279815523194848481,0.986015697153871273,2.97723131059351775,1.69400680451723229
0.327395827713012844,0.28974485175554987,2.82733292999769281,0.355440556671262287,0.601803320660279084
0.460263667123663234,0.538812044148457625,0.0656546607438359409,-2.21724899772225204,-0.107185839686784523
0.526452174382584737,0.419386232215213761,1.25460584650504559,-1.45714321880324604,3.03449214872043838
1.437736335526415,0.790112387788239223,-0.311115744403475114,-1.34095317405372594,1.98100013132448138
1.79452392874481292,1.48207665594155502,0.635495718953171695,-1.01201466459798284,-0.795955315044984846
-0.0451267980184817952,0.124414492428129853,0.0987766826011732546,0.406293133468974887,-1.1431539971024145
0.022629282879210455,1.34379706326675974,-2.25049172679868281,2.76368181359285447,1.03422041153011968
0.540759537562058856,2.22724911162087125,1.73605195196414153,3.16793959957273419,1.10537009714586443
1.58106925086374095,-0.0351159628576329652,-0.315989694454321457,1.61869137608664682,0.595032495798652694
0.93750582318038389,0.0242145215847873185,-2.85002809406553048,-1.7973831793414301,-0.998326075394739276
-0.30866848067425573,0.168675227011638285,-2.30815743427232301,-3.40709583091301216,-2.06511257411109517
-0.181259007039562159,0.106889020292302961,2.96000620374492485,-2.09682855484108366,-1.75268629966246547
0.122769519978003172,0.206744377749132235,3.31675919003473618,-0.890045922692039526,-0.499635388403462444
0.172684189007145272,2.25033558671154754,0.174609241700873358,-1.49429491417075377,-0.66806870168879906
0.0683395696771131322,3.64370707579835251,-1.49475931169372855,-2.37438690076227044,0.823969641981130096
0.240282272078423398,4.22459864415457353,0.0930942766858758042,-1.46015108902383828,3.39035801728247055
0.347431007879373144,2.82160747429075798,0.542973610524198791,-0.841377253364735345,-0.15493568143489922
2.45254903113555089,2.13339954519609964,0.587084628289563093,-0.515839769727711284,-1.60300070659029714
4.79046784716337992,2.19648449460585127,1.04759469978427044,-0.14658857523967328,1.78834076939121522
3.57855178357716674,1.09901082864139066,0.637799311511922817,0.166448356976980127,1.48365946411444449
2.29499467890034969,-0.332177834323936993,0.324266804656373142,0.0485142398613318537,0.308030827562221554
1.4287190962723737,-3.78052431114601895,-1.14336643264269999,-0.394412057373311753,0.101870700908084255
0.739316500241536279,-4.25572808869923946,-1.9726988730408237,-0.716163812291658708,0.0224191227639319798
0.328924719462871218,-2.50030336114993013,-1.44858724008805106,-0.411191870635832735,0.419669684909411811
-2.64207735766401042,-3.97491734054954904,-1.91280143918979184,-0.498814269081051642,0.482867264787542827
-5.48303011689195863,-5.61221750045115098,-1.71637791577284315,-0.191996198967849474,-2.93139191540238508
-4.46821938095876359,-3.80284970010555057,2.61908690444501335,1.38383733133567599,-2.25076633657442438
-2.82616867664810822,-2.20143723417001524,3.6886791227790563,2.22349906319630186,-1.40534168565770434
-1.33753718893183327,-0.994420895298236296,2.63981131536300051,2.49275666592658096,-0.927064677809465887
-1.5826247878623998,-1.67073528794477721,-2.1855646548057468,3.1044285154352016,-0.128085166001427386
-2.20320885691128021,-1.8440777195744984,-3.57469609749972461,-0.255165965815919327,-1.40016262286165327
-1.38809804654171254,-0.794727716795818662,0.924901841398911184,-0.943977948752211526,-1.70529596010510254
2.2546136494323501,3.48036740327097682,1.02743497411659956,-0.604033347409414167,0.508889760544675385
3.33552943021224424,2.26352828466608003,1.87205548898266061,0.375489935733810065,1.68003187011117405
1.37789391097758873,-0.217860960538830195,-0.45346157036760093,-0.70061230138829933,1.06067855543262546
-2.65638495801617802,-1.69915672194261358,-2.41038595561387403,-1.22262559447377583,-1.44926314324400729
-2.10374997143245546,-0.343901369286779834,-1.79892033894198433,-1.33207289472266721,-1.6252662049604063
3.08892244240057234,2.89838670484638694,2.29120108126972521,0.377519651009877388,1.47047961164362206
1.48629089783592905,1.91854924661216164,0.577698034880914535,2.05154020631829681,2.25238000364634594
-2.62491365341804928,-1.71370167813872443,-1.41552641657384259,-0.391354439795333797,-0.55260415108806249
-2.21536445881201205,-0.349464803672968394,-1.08833980505376071,-1.21935411653380354,-1.5271220607669771
-0.81649438064799873,0.86346737998725942,-0.352227577541389336,2.25007513119606095,0.18817553561177236
-0.648628631992380411,0.755981489708732024,0.156943891831379162,3.92733357543724182,2.05972503185576583
-0.15690935033673431,0.735112348718577557,0.166762518400702803,0.472168821591915644,0.635244933589729777
-1.21137174504145873,-1.64662135973649759,-1.47911708206368764,-1.29042064700855796,-1.55338823728946118
-1.02051171033906618,-1.19584382053469751,3.13774007088938722,1.18337041602994275,3.22276802343087221
-0.695202950193776759,-0.928856039130301125,3.3560238961765374,1.36023742535734549,1.39037147402080663
-0.00897060242703508898,-0.08062087227921437,-0.399128524338753732,-1.18173005035710399,-1.68620206049160282
1.71059413651974723,3.56750899635047469,-3.02511279185563042,-1.45995053601642311,2.66851548677672312
0.487014778259837799,3.61261249893804992,0.346548895903124821,0.104615286121984064,0.0326284896996953955
1.99605816559221316,-1.35297656884133444,-1.03690800008541761,-0.972525341895748019,-2.64948528639344261
-0.190199130587880655,-0.0907301700102255276,-2.74358912332720406,-0.660683725962510016,-2.38352781518052081
-0.673359910144087248,4.07961514024052807,0.479773690304133305,2.37492277466948165,3.14877233969258752
3.34504233613109703,3.46319602258920467,2.73460712808064121,1.97653391126513589,2.59727319332112705
3.1901850892942476,-0.48340961819506828,2.05578535044789179,0.436783585706385813,-1.4757893079905422
-1.52916547395320235,-6.55746188270720243,-2.57859582094930806,1.36359395515490189,-2.87339509325264553
-3.03071617191473708,-3.91613094968491771,-4.61133533498400894,-0.183274005907327953,-1.76352779008629734
-1.7089348246705871,-0.268642428666693522,0.369212184179206648,2.12040898194996386,-0.419273277665110522
-0.838416650611944814,0.585590267063400116,3.26467191401389734,0.792277081905679248,-0.354089537605229265
-0.203712480949420877,-2.06991171500496884,-0.499478769474735074,-0.606012281397686925,-0.558188999989845502
1.50515168277535483,-1.49818593259998556,-0.609965890497785712,-1.19903556569032044,0.279589911513626277
0.163836678094741034,-1.31012271051359641,-1.86845266955459666,-2.10351832655382065,-0.977468822566594175
-0.166070294539910263,-0.564667529215009623,-2.10393128723444667,-1.51602089833969855,0.5048819405064775
3.32954557656992778,1.43304337830477313,1.30893584441474009,0.824019882136267867,2.65299036651700249
3.15234010950325727,1.54192135324595059,3.00286114284266326,2.62632376276188895,2.33887200504110204
0.126902856180090312,2.1015188044174784,0.427820329085751239,2.02478943944512313,0.824006535440384047
-3.44484756179259355,-2.13772387612489956,-1.83084771069424046,-1.80965717357411271,-1.96829811847600733
-2.80693536901609697,-2.70720061086976216,-2.10578853101672614,-2.02947515009342316,-1.22364319284592482
-1.54993030248898833,-0.826873464096763433,-1.2453125140518142,-1.10553827899555634,-0.465647033290226997
0.076640901964748126,4.02452896705625207,1.28941633198358785,1.2138652018731193,1.30406733907488404
-0.0987491033050220957,2.46412742386716799,1.61171931258553336,4.46382111907519974,2.05911074234261138
-1.46867858944628704,2.13479554210481082,1.97725748834544834,3.12448320273998048,3.33991822765944679
-1.33377757593186419,-2.73907836251802683,0.845251195943766409,-0.949347828650482617,2.22504070126672371
-0.857109965689100028,-3.30334235239105922,2.97907709847987823,0.356136309335588319,-1.08830313196027739
2.12347396923729548,0.197705610134035537,3.40448993949185219,3.21318258795997336,3.69825900897919224
1.40693668479507261,-0.441346596979858286,-0.0148580089108251573,-1.08581106421925533,0.665254330046391118
-0.059922803593153072,0.492197752853233139,-2.68504449828598624,0.00199774247742373623,1.46586968847120147
2.10852042629624581,-0.106206222699609984,-1.3790969532153472,1.98530768162760607,3.09986211834265024
0.683422925582253704,2.19615074632978491,0.484082051104540889,0.644875856853242224,-0.827169813433040746
0.377377229451478335,0.904882363764853315,0.123840043797265167,-3.44129415924203963,-2.80299244959187055
1.81364044623848186,-0.410693301054467941,-1.19294981049307913,-0.201527003446006214,0.0876043470217204301
-0.161774950937535938,-1.27550893137844201,-0.626805907807807983,0.337718299770704611,0.297213805852491297
-2.68389338169370451,-1.594703977000405,3.51613783822734893,-1.44691473825763328,-3.39394785019781509
-0.841141309761705869,-0.646342690343286508,3.78209227870017672,-1.26886116957358142,-2.08984011021037164
-0.113435517550583981,-0.666793419745844718,2.36438267025862636,-1.05670914926493098,1.89494577489284644
-1.18366888402149883,-0.866130992855444815,-1.46365033961019253,-3.16685799954455494,-1.18684825519395321
-1.27824555842948384,-0.441910565038449887,-3.72580780363313124,-2.60476060080178984,-2.21703001601003447
0.224141001318544392,0.466712525373352338,1.65649651924791685,1.17338795813669017,1.1602016499389245
2.7966045608614869,2.0971041929989469,1.35637901437958464,0.251378230589286267,-0.634510211186348538
3.56960618396573182,1.35991064449335775,-2.92231200880243858,-2.53609543866080989,-1.90546179642915159
-0.469885886958797849,-1.00563863801821607,-4.44154751555839145,-2.32036502916919529,-2.2030202158671055
-2.68915352214530579,-0.867045681465012041,-3.09073671299298347,-1.54886437113519793,-1.82049503093672271
-1.33861543334826671,1.58197496446781094,-1.88167877556687979,-0.56620935883880974,-1.8713218989614282
-0.530638077148758325,3.69562408510579576,3.6874501561219164,4.35742919965366315,1.43484785325207986
-0.835387663745236875,-1.29058752859227299,-1.49027494187435217,-1.97435387857443589,-1.95569809640380843
-0.829484963569923739,-0.591180315716394733,-1.08922714183510583,-1.3904084382448858,-1.36781230110466323
-0.418796529759692671,-0.607408219494744217,-0.824761322985638978,0.891122706032734135,-0.30046301979052753
-0.34715404385562304,-0.709540433884594646,-0.375400858144200156,-0.205300753339058811,0.164248274470461031
-0.0434721874276810527,-0.227558630907725212,3.83975589356602232,0.762602458233824998,-0.0733819726276673662
0.051778010495037885,2.80562876471320566,4.34256765513123355,1.36175422703274052,0.618452466911093457
0.227336226221348248,2.74036843413162901,-0.103626650667163464,0.392800459534603297,0.891124607065155061
4.92529171790703924,0.343715263867644949,-3.41826915941738818,-1.219665345993175,3.62316275966792833
2.16871003966322196,-0.492305967921807364,-1.75219146280499083,0.328765475647837313,1.66588130979367977
-2.54789807596623374,-1.06813890772874975,-0.628774727898430141,3.08404393106231778,-0.468657894233857453
-1.47479288922722684,0.639799127169042192,0.550845525952190496,0.00771818471413808667,2.17409208066128734
-0.143772820977832005,-0.27164419563951514,-0.302521440486687887,-2.25630956987123588,0.391530492533386898
-0.289364506283287637,-0.452036113621285929,1.75222909876200972,1.29606056429526073,-2.63830180393538871
-0.271609294852803218,0.377701638494668868,1.94621776524900825,3.36188645018678889,1.12477176545229551
-0.0350885954237444841,0.980457789009976044,-1.30167709686170308,1.8105392093801167,1.44278967598063512
0.104219314694406651,-0.437286431155537225,-1.65926729681875007,-0.815355521493099644,-0.541735426331670267
0.262676473751346229,-0.610338316042855378,-0.312524691773654439,-3.25253461792219678,2.00672773722834163
1.33432371737884337,1.92426209322674779,3.68991766967915158,1.58083691295760653,3.58373276702520904
4.12046943276495359,3.37746228004278315,1.78409087765515739,2.56851402000341311,0.505428194181832269
4.25056570894523578,4.34520940182866333,0.184386115465520972,1.37802958406426601,-0.854136961176890197
-1.8277972610113209,2.85262859823459003,4.14948838763939953,2.00328592417920914,-0.39518801888958216
-3.10636076328819311,1.75659141468336522,2.81015397470289852,1.0464310055032997,-0.822493793302769505
-0.877469917786293463,-1.72258352671467119,-3.96423111058432553,-0.808900713580325115,-1.71871415834429286
-0.680199829508514764,-4.17145388408470108,-5.01715605556240973,-4.41502061083615871,-3.62029364932122899
-0.908154868724833308,-3.45429527155081351,-1.43085285605807089,-5.41437103813495746,-4.06013673414966725
-0.586509221770946665,-2.61842464130077035,-0.981238151021328386,-1.66540494176839293,-1.87649445938969817
-0.533797269793393037,-1.89601688469970364,-1.18114961076970748,0.874097190707297744,0.636156384665317209
0.533517995110158738,-0.0687500528320656445,-0.0969155851177612576,-1.12229630253264889,-0.494511046851675518
3.14884605106528426,3.55590265452762644,2.78480396245496253,-2.48646740054433613,-0.212938987676752178
-0.67560323016901247,1.61088848530983775,4.76936670256998063,-0.470614192192590042,1.18050236585459789
3.6383838585736501,-1.49748574817021307,3.46332045202193939,-0.0624768859730030351,4.02777717294565907
3.91724512888865295,-1.03679251864629407,-1.65218754874817364,-1.89242370287554862,1.11483671945685758
0.916529239299783471,-0.724660873483307211,-4.70442787133096996,-2.7527628353443272,-2.68552966090098444
-4.64123227323803178,-0.0577452544557404135,-1.66211735937512528,-0.63667860082135197,-2.50196145702960449
-3.86645760413812711,0.52647504141724677,-0.143289496200448174,-0.264956620481521021,1.14153552985153084
-1.74626511069537416,0.869850337983921196,1.23294474788042008,-0.317419313797175806,2.84166356059679748
-1.52680416390014773,1.52775512769376753,4.11153880810968353,2.12781572589359902,-1.4076519724980443
0.135964032801639101,-1.74499670198978007,2.68135465128966821,1.69735113685394667,-1.8662324907122172
4.16560877003461005,-1.40776915943131931,-1.70730039010805812,-0.0539230497421738647,4.37456748696766073
0.268503134088987683,-1.3370782052707133,-4.68943940295703943,-1.28109335296908977,1.73842386142103855
-4.05258368602331043,-2.0905984866863121,-3.32388459949199966,-1.10118623057662646,-5.08600293490600208
-2.2442608139250515,-0.253068746827036783,-1.28423046052675516,-0.0868189999114950955,-3.77329599624837631
-0.851603657526320834,0.701871421915766014,-1.27428722658248539,0.0790643042577791194,-0.190665021229326326
-0.913139453182905347,-1.09398791856132149,-1.4756680114722327,0.256993596593927509,-0.698535374016482025
-0.0806499576194296686,-0.800724251135611742,3.37841926672624027,3.1110403667923241,0.0658308920852191531
4.67588259263233663,2.2819702778454789,3.3444988123941366,4.27186544625380815,3.5888108680708779
3.21175189353764479,1.16256106074081966,-2.32270462086640395,1.12546745805675497,2.38548294394683724
-1.28851375930625811,-0.438455569605522455,-1.91983732247381744,-0.316485508508316582,-0.826602761697048938
-3.26350386993339425,-0.920475355644064241,1.97710640786173197,0.832182203901285833,-0.815522277094957171
-1.1498750552240351,-0.287711101041332795,-0.703572304296180895,0.0129598838892471969,-0.0345716469705176638
-1.20873698282302189,-2.42754329317812712,-2.24541417136489851,-2.2391672202159989,-1.83554237342976823
-0.977158432074647365,-1.91795147980937086,-1.59571409348473647,3.32098615121681107,3.15796601323846948
-0.637827925511552207,-1.35382977437896823,-1.05997966856588111,4.05752149886461311,0.502993403635438763
-0.421040605113392585,-0.228206578699359092,-0.320325310300284549,-0.261550458590755541,-2.86407803887005485
-0.25462985085091816,3.72654576665582082,1.90676898381159776,-3.94939611008016822,-2.07832655588174386
0.0130652112330378253,1.96276167290517778,0.820769600995125526,-3.04769935787510571,2.58471444899392822
0.0222106268233379575,0.473799203338737263,0.0923910002924428347,1.60807948524305688,3.59159956992409235
0.391793718993739271,3.09362609304191682,2.1590838439834541,2.52721175836769785,2.98089436015436737
2.7575782552805137,2.77369992115818009,2.01654052617064039,-0.864468795897971209,-0.251748554493011645
3.24475715669655829,1.52362070814234096,0.966507065382176456,-2.57544808365469846,-3.02380723144777175
-0.591064970764074604,-2.03276718791622546,-1.00953624076750903,-0.558134929544928604,-3.1253936360876442
3.0810908866408262,-2.74614639684013184,-0.386505346985446474,-0.64789034457835315,1.53864483277673525
0.673946661344113851,-2.36356105067921929,-0.456658919985732714,-1.4379459400485044,-1.15072664499840527
-2.05141960191141948,-2.84482564371206381,-1.09370705557631687,-1.34201352581791333,-3.27329643479890198
-0.752667105374931755,-2.58029797177519704,-0.703797116065013828,-0.324233273318692672,-1.80518443214585833
1.54501015069451308,-0.429991736997094587,0.371802712979484529,1.33430095743163779,0.432595265187050992
-1.06380449290747903,1.65284837806541551,2.70685195809263135,1.10323284968748769,-0.961944917657233889
-2.11165673981532986,-0.818180380857534972,4.84250892814658318,2.04836482756164795,-0.458637758375209759
3.4770020390903289,-0.495838771780775289,4.23359802036333388,2.25059940938444303,4.51518369132599684
3.37905597679185377,3.59728906545715565,2.19074456419256292,4.26766759893404224,4.09217833504754314
-1.76057599240214246,0.423255355284035351,-3.60373515128619015,4.52342739677338646,3.32964402002800464
-4.51363255634839344,-3.29803322951326416,-1.88086579602031279,2.98947283440346379,2.46709246190705578
-2.12706022798315519,-3.13604868033978645,0.387861320982051172,-1.290300592497164,0.206208522679414308
-1.10596492235928689,-1.84987890565476665,-1.60635001395702126,-3.61172197316570731,-4.39781970151431612
0.998671321430721015,-0.599760597248644944,2.33241282742833045,2.04607525514572197,-2.19137702119556232
2.09137450102370703,1.1275328224014165,1.76270009599856303,-0.0268137296499785099,-1.3141419736669282
-1.95359667814051852,3.64973777221320628,-2.20419248366342879,-1.98277080288904362,-2.67356341145175946
-2.21217095963037869,3.94302498955160408,0.52463060695852537,-1.35016101721034976,-2.13872907869094053
-1.0603333101743162,2.90806716703084911,-0.42217807874107538,-1.78730094090468783,-1.76138361467576043
0.771988261445137547,-0.676098540285401617,-4.05111097850584922,-3.01460497123152571,-1.23195018675556334
0.672892346389469598,-3.09184514999064008,-4.55291707225711217,-3.10772345898040037,-0.868821750613827382
-0.95013326108584617,-3.28530887042004327,-3.06221291380148264,-2.19817361083372553,-1.2055307431502984
-0.724093323523648635,-2.54167409831382862,-2.10656583690068144,-1.46406581319790963,-0.513207139927832179
3.12852877253396233,-0.436729316745185892,-1.17983943459823171,1.25969456335408303,4.41754761499199144
4.2703586197173502,3.98886302340725374,1.88501614737804157,3.34645114075569872,4.93397208090830652
-0.821985866815085786,0.745052481591154669,-0.367666374522320871,-0.573068276926120723,-1.53677453706079348
-3.1995093837663191,-2.89774059783814408,-1.00270503690920787,-1.73755390717222991,-1.89297002832805572
-1.09401335745980588,-2.72263665352655782,4.32775873897099572,2.70033702677287657,1.39422446658981891
0.639059043538438454,-1.47965548160583493,3.55781284103662232,5.04006535461913607,2.10605817616800906
1.07194514827393816,0.468798086499717659,0.428589404312512356,4.13548216818785797,1.2795059808847602
-1.25755528419340035,2.90838649934731919,0.350821415716589091,-0.121657192477917162,-1.24412261316841133
-0.918601045738375088,0.284320305809714902,-0.659975870585306157,-2.32948429510220079,-1.04177627399921224
4.07387658812788711,-0.121582893456534585,-1.5978205601256148,0.782452531104555482,2.39646211479557358
3.47584795326596696,1.00487110242519351,3.32246706682315374,-0.0712072594555995669,2.8875245867744681
-1.31456111371525308,-0.507376703195650758,2.56266573599395509,-1.11613778801944719,-0.693286416623895674
2.12240768009092973,0.0401250361961832669,-1.49627693121717975,-2.58063294409303312,-0.611336892974028601
2.43475064672505015,1.08467888922777655,-3.84485503933292305,-2.64084377569930551,0.12685231042625697
-2.72036567801854101,0.308409505247082438,-2.19578039840998063,-2.14732664266739715,-1.84315766124830227
-4.32359346629724239,2.94343661192780504,0.522512754904554733,-0.722545619281070972,-1.94075001248137569
-2.20945843135290954,2.25075952783329525,0.433869733015813219,1.78061984326968803,0.987523379275181634
-0.90845435438512212,-1.36540999303538269,-1.2987817852948873,-2.52354193002580729,-1.04627385681284713
0.99558634375070687,-0.160691849788358043,-0.953175353221449972,-1.6626318669853255,2.75642742438414334
1.12637390714263841,-0.581468273062212937,0.631569111029676167,-0.130781204993642292,1.32839541719227872
-1.14052286909496647,0.756243152095289473,1.06189873280198133,-0.0912036716057444685,0.616658781886271989
-1.03426148085049441,1.48544687571103418,-0.433343661454912266,2.46507616474826463,-0.0211295418822605025
2.66960055371101657,2.78086181425361501,-0.0562790908801202305,-0.0216890718958545337,-0.327431329196854859
0.689668591960208688,-1.63843039097986143,-0.383396048606708673,-0.628617503095787677,-2.390890559304653
-1.74215885163141815,-1.12730574900782976,-0.771599219021952498,-0.480436243224990234,-2.79732179321448893
2.87464616320325561,0.873164056251594101,-0.202650649439819308,-1.50426189714191505,-1.49003072768096922
2.57211253210732105,1.22471569666559232,2.42609292830345025,2.55566763493192717,2.1123981344503866
-2.30559375939049627,-1.22174287910978374,2.35325937520604356,3.17783471372334336,1.0246797153953211
-2.8899650912007635,-2.3391296417971863,2.60876016757508644,4.37542818706018455,0.300980794798021922
-1.13022311263702413,-0.836257379167551163,2.34993506869113489,2.56187680314227118,1.98185654665056754
-1.04764082629577127,-0.492798640366297169,-0.841753667349373291,-4.75569632057568548,-1.36059385701132807
-1.13207999536655235,1.04717736505543502,-3.83330201395180481,-6.23966926475077166,-3.89765007008866515
-0.928847340189801196,2.88130277362206799,-1.22984968531961614,-0.825395055275444767,-2.40330070664124484
-0.7309269855315641,-1.85328070316170401,-1.56035292431405259,0.723682069886208312,-0.713918036884522045
2.69793111424743737,0.37913874484416521,-0.326356343393117199,0.0269911523778394169,0.125029715239718925
3.51272785383197972,1.07362011483277842,0.669692975448032302,-1.34458774214769949,1.51765592411887495
-1.1210194853221731,-1.66305555069799049,-1.63295153796315629,-2.27416796832877832,3.45338489940599258
-2.48744564709818228,-1.45733074045730415,-0.885183145495104018,-0.597639220064166032,1.9536773624086976
-1.09710981932825424,-0.543056464132466221,3.24075681829755036,2.31685778692605648,-1.39753604573884482
-0.0925637306802138959,-0.0471286537234185537,1.55800191084559692,1.11135358270185369,-1.29797430171870531
4.29179792072619026,1.94062046263549615,-2.88889751492312641,-0.512495575269905079,0.488201402636273263
2.15863671282665637,0.406288208331005207,-2.50087762827758198,-2.7414426114001631,-0.269550862167286798
-2.55722509973335344,-1.08113309609369068,-1.34387686557861197,-1.7367252955375263,-1.92807521105728896
-2.40677264791875833,-0.680952727101029609,-0.685944108618625537,-0.822227253534893565,-1.43083415181955087
-1.01182577097955395,0.0179213456298519397,-1.11711632705762121,-0.66147496250628679,1.45866114293382698
-0.720589297336725831,-0.214324992180307872,-0.848963745213332954,-0.703829434181231006,4.17099544466403138
-0.765652525927293715,1.19267426134886301,0.840054722302290502,3.62189750437801417,1.69938380533813893
-0.39093677455754039,5.23205438967500935,4.18298310403332074,6.02386046056634861,1.86639643161478341
1.39865960718070115,4.59318134585400006,0.802108483554135665,3.41715797315136971,1.2547559936113688
2.96712742761289849,-0.639375170185729313,-1.24648020135515414,1.36951148281313939,1.00953401538085386
-0.886069132616792654,-5.33680095748052352,-0.477091442562338652,0.992391164082306432,-0.372559674093829452
-1.57886701766874404,-1.9997183052980072,-0.32376510026430888,-4.30643108313452672,-2.67880642029077176
-0.756582246699485483,-0.875433618845842254,-1.23123411695931928,-5.88159356796272181,-3.38604923095998611
-0.134777483600738712,0.694103156498897089,-0.643986446851366523,-1.07951638373811165,-1.94554535292357111
0.0705415485332314685,0.460959109229412856,0.0201351908799738966,-1.56533482768022414,2.04989324306592646
2.40821331144817785,2.58837990889520819,0.68274603203840778,-1.89077101379725798,3.41304041050190365
0.502163117081436905,-1.42135847226148471,-0.147288226790202204,-1.9192621954947624,1.19709695301315699
-0.931950597225915778,3.06513605513459675,0.904308442810451085,-0.561525384917298309,-3.06928098512581693
-0.428680802697830932,3.00870540222881688,1.85715897044717404,0.193218429110186968,-2.66317359710981805
-0.0842904007398823651,-1.35513100552009536,0.398420548446714984,-0.600128374743313264,-1.01721617628502803
0.161936939569570781,-6.00320336660997,-0.131603629841261338,0.886788420721213333,-1.19658816401705392
0.0749117059964083953,-2.8903674664212895,1.82106428084018868,5.12412549044680699,0.910014421140343255
0.202242444796540854,-1.40276596346377991,2.44679137901165422,4.26993544732135355,1.65898604964227858
0.203811854120316438,-1.34535153478729685,-0.00921560605445476133,1.58731212132792088,0.783110919670599759
0.127751585240799881,-0.624656592727086291,-2.76104096196469717,-1.72465016199047216,-1.02177552012871198
0.282555232925277289,4.41625601680997093,-0.0384093432032383483,1.74304793004667635,0.203947285286937813
0.454036678692640083,1.07970992186078152,-0.0509718513415474972,1.24371256653702478,0.788343937723398391
-0.311049424716575373,-0.809210352056438209,-0.693561373517807556,-1.18522625299912598,-1.88907828325033478
3.22888435289718112,0.66510767910719526,-0.039242173402778982,-0.669336273666582882,0.847097949042696308
-0.424271430619929668,-0.342162242241600745,-0.26377223650646997,-0.416830348314430221,2.79290572523953173
2.19712190854821543,0.607164907955667354,0.24844273427281599,-0.0491652321663131608,0.687681223172495693
-2.1370731466035422,-1.28455460255977916,-0.0483725410433799713,-0.0465649661880604693,-2.54821586263010236
-3.74516855989764741,-1.26120091252526323,-0.49556460700347893,0.0944715542437897515,-1.81549738671343963
-0.441263834754142992,-0.304354906132417169,-0.0615953295834403974,0.150556896867263729,-0.162513163157301521
4.62328666493930829,2.2130339206788987,0.746257536121087028,0.598030997328741876,4.81705117940678029
3.36804161418596637,1.57806964500515901,0.910452772170912694,0.877190379989955304,4.4169468711159654
-4.47667808277240553,-1.02027959610608154,0.186686004446963483,0.545033950773926801,0.534516315200393888
-5.60372285010084781,2.78961242643439178,0.840018798301751968,1.06301535245817136,-4.61861851754943231
-0.886733237689995013,-0.531867934062715486,0.869995067582592374,0.984679882737497958,0.055386940852342581
-0.37636954549596191,0.407219337554439675,-0.03727100228937065,1.4531894362367519,2.10398787669732501
3.4450080972232815,2.83161963169733033,1.3245040393017673,0.810008939517289139,-0.757880939291660893
-0.279690151211186455,-1.66086040770357357,0.28928706646734742,0.187683280418391024,-3.63230977601376281
-4.21597278499467887,-2.31811708019420104,-0.89887297677344824,0.202752245843809381,-3.73670196898564599
0.66850307297563949,3.21774400006934558,1.10972910574109052,0.817071380434834738,-1.46998410955496239
4.54414310628914819,1.57889557224683252,1.76127721072630994,0.872073175641992382,2.09782527180987977
-1.61814629021902734,-4.17121802397112784,-0.78837273873617697,0.2504904973338693,-0.106483949547594159
-5.15762152988654687,-4.50470029390101523,-1.45752144933480832,0.0792319628445868063,-2.73423762243533908
-0.533918953636777549,-2.73471901506901727,-0.637379000207308755,0.53834520794809837,-2.05048164526267618
0.367589952298473244,-1.90252913528099721,-0.446774016901494098,4.87583492356154657,1.3805233130324448
-0.34456156744458033,-1.63012048875092597,0.911634382664344489,2.34986995514387731,0.380624579857701761
-0.185929393018546413,1.11401257001834963,-0.126491261868506955,3.50947231962405359,1.27127321174837249
0.0830428757581380406,0.0380935177811822234,-0.00864394361559946145,0.821699449305643981,0.317981662554654043
3.8932038879278168,-0.0270821740324068694,3.39173218215470262,-1.49725752894027453,0.94907315063882669
0.828409365274325959,-0.908181860345617986,2.74832522306099891,-2.07985094327422715,-0.0430413790766197013
-2.18785180619719943,-1.04971986670353212,-2.48188463648989721,-2.77392732507245299,2.16853270425986633
-0.536232020279196586,-0.508371707952433471,-2.77320861349852033,-2.0816841559659216,2.95789193887251756
3.94283361463111737,1.43900119334292875,-0.460161736210602745,2.52387286336245564,1.70148448773075023
1.17499600246747415,0.0118151645081718271,-0.419138745509048838,-0.449033005637947236,-0.983249772153162005
-2.75181277442616556,-0.375452348669457925,-0.782437746183545446,1.87563161941683099,0.0341719702601921693
-0.717076419493889006,-0.107772214451685555,3.63845028836515283,1.00190219955931559,0.288969979224866558
0.490127409515693779,0.210256159588148861,2.6524901942354,-2.75710085614290845,1.67014794427747271
0.140797023889576683,0.370849756114902174,-2.60722087782756073,-4.12139383973611384,-1.38856594786030807
-0.229682336569659556,0.465084827547209645,-0.372293207725626685,-1.1515302559866385,-0.885205657381980093
-0.0400324884533100056,0.721312228043154757,2.78116523620668721,-0.479454289273166245,-1.2090767484381082
0.154937191759475595,0.745781319607211168,-1.69331643569009316,-2.20951633056954533,-2.20733376687007787
0.0947789965301636117,0.658436675841569174,-3.38746012713935141,1.8677991140980521,-0.032762457777597398
0.230999801610457495,0.675271239231218567,-1.21878535832963353,3.02719908926790326,1.36462021400842093
0.213655363663358328,1.68761536506224985,0.15838975084872009,-0.97560781929505902,-0.825071556407767859
0.461909742328542205,4.77864428279217623,1.65714803338190908,-2.52956868563091986,-1.41319756256363949
5.42451464300691377,2.4731733539917875,-0.549304688669895014,1.0075847988943698,2.66770951197312822
1.2784483231239796,2.0130892238068494,-1.18244938423498791,1.30948034609633623,1.37792469809225593
-4.56176979554304207,-0.464483029911957279,-0.567954401173033308,-1.60867245549119886,-0.689008245568375033
-1.60641028159536936,-2.28345848521338901,-1.01088668054073794,-1.79983044647403334,1.86002001353948621
3.33471882777422701,-0.217120583254778843,-0.617553430320612828,-1.99789212171744213,-0.239362899778732152
2.28964501792781494,-0.325103682075157829,0.116644023432002128,-1.35536522728619069,-0.782356331933272253
-0.072370140566447666,-0.776892400458931265,-0.103206371277955747,-0.906810952836081929,-0.787048220454156344
-3.03818801035961972,-1.77137065440186592,-0.111932557877383668,-0.552552506284722744,-1.73706496195232174
-0.0286872364653522199,-0.631439729104656955,-1.8024381032081862,0.829111638798006867,2.57883438129325304
1.99768725584510332,3.58195650661405551,1.91454215936573413,3.73029778694834668,3.26579146860833092
-0.886124326077013635,0.561702084541259916,0.159214127900307784,1.80532645703089312,-3.39316440576599332
-1.64386729230449391,-2.76756860731533472,-1.28336349313966935,-1.70170187919552163,-4.56895407435340761
-0.966453203262979343,3.22470360306321746,0.740790103765427088,-2.40470232436053921,-0.780824665655864614
-0.544065506250318132,2.64477028068548892,1.0847578631275332,-1.7652911049381137,-0.979125592405572398
0.0180578735971588383,-2.69468466439140997,-1.67038278453479072,-1.50403659979575632,-0.704055217334198513
1.79553031890061843,-2.325503092012708,-0.140212828453429833,-1.01490278132962031,0.567206404451775947
0.0895913603272697895,-2.03965718491929415,3.16475410250478761,-0.0650012022093396508,-0.121569095886296927
1.72868893277613167,0.0633465373511460234,2.38018992125813211,0.357051924816572497,1.26355688040123937
4.49997282011038102,0.444297464335833614,1.60984873066751022,0.579693217078704803,2.581304848262719
1.0920065760865334,-2.09412079729477885,0.402664685639608444,0.385151796850405848,3.28759272675319592
-0.557369838068262236,-1.90705933285075124,-0.217138617086015312,0.0548845291688227627,-0.357851535026045608
-1.96434935877468564,-0.701916601825548381,-4.87242121511482651,-1.36025901082526746,-2.26407602228758797
-2.11528237075366787,3.34737928671721052,-2.88233722761578104,-1.21074983321650009,3.75083007723225625
-1.56963825829738512,1.92280814978430104,-2.02559834575124054,-0.848678952042288381,0.132512376983021318
0.431783934433563443,2.74270685776974421,-0.669768766803418125,-0.240525841657653949,-1.17675887717739092
-0.662654118894236532,-0.748599349009694492,-2.24240259179365387,0.225039676876383765,-2.51833318362691383
-1.18904097489866967,-5.48194545181455162,-4.71754112486972588,-0.69756492437190043,-2.01825320396316155
-1.01398410431103492,-2.48847433880931401,-2.95127460596268998,-0.912118674596154033,-1.25120837070259694
-0.286999906342719435,-1.01002960740385883,-1.86813781686661962,-0.6071403746492543,-1.14045569783128764
-0.338940546618972327,3.37707619274683779,1.00226946335441069,0.188490334522749048,-0.453903846178540293
-0.17037045082016089,0.55187728986234541,0.0826746912921394739,0.523334274604575933,-0.32727740461835908
0.598099647178524374,0.855238181970159772,-0.0751683982393967776,4.17253059791356229,4.49762060300293509
3.70179679718002497,2.03927837183204463,1.25402763038293186,2.44037626738241675,2.0857483686293703
1.85418614357625078,-2.56167002322306736,-1.00184661966345967,0.561995470532116403,-2.45841229056857502
3.59386518090819385,0.25331137629360323,-0.0340855951511392641,-0.722133524842673791,2.26249027036606165
1.08683279664748667,0.214093417309090484,0.424963434685141306,-1.07474275832770849,0.714141342689368019
-1.37260559428639395,-0.782756297115418054,0.0559920560980261828,-0.916865306593806162,-2.65546580064747317
0.679197809438519151,-0.769694282122958984,1.42348126761539628,2.90514729208103306,2.12075778794536252
0.817918382229220642,-0.504382617016720491,0.114529331065578083,1.60389201043856766,0.404794104843424762
-1.96993578993512286,-1.47792866754848484,-0.705215933826295438,-1.00417508222418039,-0.144504655165061752
-2.52971460997821174,-1.16808448130863529,-0.135891381299390573,-1.80408076346879964,1.41768396091555737
-0.636294982942078091,0.10506925223122153,0.363645580323938566,-1.20758131528144452,-2.52514647685961746
-1.18930558713850565,-0.388742153719161099,0.251850473864320468,-0.967280279451135483,-2.30160064467086301
-1.59585166510933507,-0.221262248168040632,0.309127469336632932,2.78655620760744371,0.942516398686220502
-0.775911964727991066,0.389406075399105767,0.563765523296103077,1.45980213354048338,-0.404843190666085317
3.42659211194955171,3.02737345621889009,1.90359488510426211,-0.652920116176122667,0.834906532575074189
2.96790129518881818,1.87809109529137852,1.6990349862071239,-1.16311745849148096,1.18024597799811648
-0.446868975290843018,-0.549272302000561874,0.311753042311737061,0.294493357094214814,2.94978467192311733
-2.58587704002589724,-0.699090977129948499,4.10152608057875057,2.37851264364529325,3.60823169510441311
-1.82390915737139614,2.34391416173606393,1.57709296068693461,-0.221579891484413538,1.28556836773899241
-1.03021126244511674,4.49043596419797009,1.97731968652117174,-0.851998148133083277,-1.77338826369959546
-0.70944687188090283,-1.39872320363432645,1.66402267155612615,1.77353015435096584,-3.3819939447643379
-0.402571060969841854,-2.39161868725647331,0.587669413232986049,3.00445515766234283,-0.72943085850974787
-0.339907073238152391,1.2901170489465803,-1.06955078106354451,0.394827943692816985,-2.24542674405372633
0.0749707773410837192,-0.500891656213600101,-3.11423341998073688,-2.82678506203328661,-3.28872145713861608
0.102325707062748808,-0.798419116149338803,1.15148302440327321,-2.41322047115160077,2.70152591675396758
0.302044801326842194,-0.252414494859713345,-0.041826384390979271,-1.74487445415633546,2.72673584855976747
0.487188605375716399,0.00699730932079910273,1.2442506686689645,-0.550472737632735631,-3.19563549216062004
-2.36353601225835064,-1.96241587281753049,-0.920900474596301311,-2.14717914141586741,-0.353445326097307888
-1.75071555683603264,-1.43596195853652686,-0.996955667346576369,-1.64779197306094782,1.65519591565396595
-1.3168558456921271,-0.860173677084642541,-0.435389046893840725,-1.17403088067506389,-1.94823141897201535
-0.935455048609327156,-0.612825073076782023,-0.192715243660992824,-0.308269325664705274,-2.31506380802023637
-0.510694961825790328,-0.368554519508082934,-0.0790182665924278604,4.00653929054471369,3.66748742250056692
2.80201230163608361,2.52186459926642081,1.21351419079739364,4.63521534922116274,1.82754215469156311
4.27560293137714975,3.06363936741556886,4.78118310012279846,4.20360322007141463,0.979167313003005635
2.5826752304378604,0.306191893046321162,1.85859115346619497,2.55951223554159935,2.72396083450519555
-1.5430865287516693,-1.69339449035824452,-2.54150684756786749,-2.28412803932963415,1.35293410773364475
0.788338514744085561,0.591427315642356288,0.742814992637114813,1.17885442534264273,-1.62656245212010631
3.04496586285111093,1.62105431741616912,-0.210490912808423275,-1.00370208966549668,-2.1535077123956432
3.03274590994520343,1.71324950966733347,-0.826237318963177425,-3.88324156153519295,-1.89529655739177572
2.12006376490437543,1.01704903746478337,-0.209434152604234286,-2.65034019699559886,-1.46041438632188458
1.18231460025331025,0.729669718562301006,-0.211513766850001367,-1.6150471200133858,-1.21733134887134509
0.273835116615646301,0.387048094326482461,-0.205284968529007489,-0.598615840277250122,-0.627112797316409787
-3.3460746929591596,-1.62102008635388839,-0.707840302273577859,-0.968438555840439586,-1.87230218347667288
-6.44868114785637658,0.240616951185613076,2.52524594235417732,0.386812055843553104,-2.32151795219598744
-4.99003836961534741,3.21936111731894004,1.11198989029998008,0.644368514564320316,-0.954755980698189122
-3.02268955254696658,-1.26761733295313261,-1.3196538601182406,-0.454263885704450698,-0.952748455457627985
-2.36665802058993213,-4.06586729496731536,-0.930521489041187588,-0.517139402435738083,0.970061608490785376
1.63587993124459996,-0.460981270649829966,1.2347381602967209,0.883527809008050724,0.858088747374518901
3.80112765511427853,1.03878205123035694,0.149619533261378529,1.01652613399671066,1.48717018469672246
2.87761664054668742,2.72287468418548295,0.427736013047591901,1.53011066413724639,1.7850821394849794
1.45244962246096843,1.67474681357935973,2.31703467186944678,3.12690535924420843,1.89114666760286942
-2.83474124147125872,-2.98430888154724938,-0.983642096229944696,0.803505874923307717,0.966017735453792215
-5.30027185652362132,-2.5510799583665924,-0.930649713901461673,1.734642076046643,3.93119400634766869
-3.39654570775454889,2.8447899917052637,0.952055903435411466,2.15739001137146991,3.80592321923072419
-1.8453174027116177,1.49499616273032832,1.20375140456627494,4.55513311478835892,1.0335057226767721
-1.46155793540446832,-3.9338186058443001,-1.48346922697468542,3.28443499591231403,-0.929834156670255263
-0.639810624449364207,-3.79408379858942801,0.167144369312167446,2.45746245382848816,-0.377579998889836843
4.22896302639277444,1.23384635173767609,3.45833546396028346,2.30759678119408917,1.12124592176517246
4.76615472954371278,1.38372393513906777,3.405915641138483,1.93718842227148325,1.55620202048867706
2.94087478696454596,-0.699308826457785138,-1.912853600778333,0.362169265292702935,0.315177180284275327
-0.955633488094823069,-0.360886346578803252,-2.17877881600157997,-3.14764151670085868,-1.2248953099488511
-1.09116861755552108,-0.0992378716329385957,-1.05752260076714366,-5.69630816508711657,-3.11445095044913245
2.96193422352876157,0.0575513267813655624,0.506433952251513664,-1.70222491570434742,-1.10071777352378741
0.355310207216076757,-1.89278498010455598,3.01206413620077296,-0.498361199660780796,0.603730161364043783
-3.70408814081567206,0.969736460983394388,2.51957148723762669,0.654598225138795842,0.561970011531470526
-3.6409445790323911,2.61625410581897722,-0.484046732222503828,1.24607132689667766,-0.504306100212569053
-1.85265261374249435,-1.89834730875119151,-3.60292255521504856,0.160378427529197343,-0.901110215779540868
-1.19620832085386319,-4.63834875563886051,-0.2166952016009486,0.111436832354630699,-0.496430820030657416
-0.954208165617663751,-2.23057727698562092,1.88410479828835697,-1.50972270660162589,-1.0888960438919375
-0.516753905845461547,-1.11888054154287886,-1.23642176825181527,-4.46929135071952821,-2.48907544893563371
0.10829229271877347,-0.806262552188667825,-4.21564272168766863,-4.1205342204644424,-1.39351804457150186
0.322971281985857894,-0.307560154685001863,-2.66465201956479936,0.764686128627606765,3.13438434772546692
4.24897432019013976,1.51940678453280853,-1.27673162488329206,-2.47292350445225884,3.23643921348313635
1.87905585827428601,2.04169873811598146,-0.999240131521728858,-3.75718136904453504,-0.905665829886121432
0.956048427705239234,3.0294982312660097,-0.326341528781630363,-1.97102384146545462,-3.64532645409247769
4.46962087111752471,1.55093625197859541,-0.314935227861662836,-1.20447860748333224,-1.27502388542230705
0.876560229644795852,2.0742836241228968,0.200163079546414019,3.09321041630666826,-0.318505224449204594
-1.39213912089985814,-1.60807268169965223,-1.93782283357323393,-1.51043097329379949,-2.57972571699007824
-0.84764114382244049,-1.29880831030933774,1.41865524052841807,0.488604647152792837,1.1516029103509946
0.119154106443390403,0.934970042314028915,0.824264022196089963,-0.322143375196349502,0.622406518531362529
2.61804978004656208,1.56508282382620134,-0.471683771453460743,-0.568308191924786765,-0.759406318642649403
0.291552501975847034,-0.390631134650514023,-0.975203685854972413,-0.646258000208649541,-0.0810939194279154396
-2.4603704698898432,-2.01546674409874527,-1.40054051975782667,-0.537736926362278878,2.84454118722219151
-1.32272529110234127,-0.640823683183614934,-0.834429717219651756,-0.208299810615865971,2.35700556454029986
1.39483252983875539,0.63072674180847943,0.412411466902202761,0.872829823952285033,1.77791763367976463
4.47282682598781545,2.8791986171635835,4.7081395668941548,2.94226507553616656,2.36086474902919186
3.28501182898422295,3.34620825954794299,2.15523254785846463,1.23939619336119855,0.917735451837007776
-2.14963942232712757,0.742908648692904849,-0.742787490984000209,-0.349960086430407546,-3.46307536792749637
-4.17465037050496779,-3.2869721693112206,-2.12666710549922033,-0.573196405884250471,-5.54269445964015084
-1.70201374502046932,-1.51471679179376384,-1.3405932751950369,2.65847960921194648,-3.3307731424847602
-1.1803107515238076,-0.274169623329570955,-0.573349890962513431,4.39259808896487147,0.767903876047571821
1.1322850424933002,0.319246946849799484,-0.0826124888801759993,-0.74336255658874506,-0.88376438463635143
0.86539133170842808,1.72392446293415835,2.37227762628488614,-0.795148252444207948,1.56662029850637063
-2.36528770105880159,4.21118087287945198,4.91205894413538857,2.2417835514545974,1.26644994872072392
-0.0608849828559285544,3.57144940827269641,2.25991624847847827,3.33850646788327365,-0.689255751172552777
3.99530693491127176,0.99868687930500144,-0.238462668591869847,-1.07482491971396055,-0.713715037038724631
-0.370868065308658457,0.122477319501301557,-0.278392721547281674,-2.77102391516686453,-2.24152222078170027
-3.95748648141680226,-4.00211498269030752,-2.19360517329430005,-2.60362063182417103,-3.38228107397151811
-1.12871135778448872,-3.74942248082973961,-2.41557044157545553,-1.67772716357976415,-2.61435280383457469
0.968309601410482834,2.20702826481292869,0.274670184871868617,0.0108093778639357929,-0.926665542401005737
-1.27026906244208959,0.651378301768491319,0.458323905506270446,-0.705720267669205037,-0.85246833989246884
-1.21199245395231592,-4.65267348124324265,-1.9333946432995075,-1.17512845184412096,-1.17111016984309702
-0.468052621349490883,-2.80341020627798132,2.05485145123802537,1.317768770643168,0.208621778860431484
-0.391413767508701049,-0.847293779868086405,1.87793165593339384,1.23840790804203715,2.9611583901728431
0.419552455045522188,1.6240458144161054,0.508917028240946534,1.38677793172834685,1.67541554086772648
1.64605208322250407,4.56574614432286197,0.783169706112005093,4.27413000068790971,2.30154787483795831
-0.534708041468950901,2.52382630583476164,0.469650391661063038,3.13502447290716724,2.27965378285545306
-0.454997360957341446,1.28177480192049575,0.0728383115880657794,-0.840486829612244524,0.113730071916025299
0.441778647523763834,-1.37261571424398632,-1.45176348346456474,-4.00203527656097879,-1.29631066914500281
0.0267272016957711273,-2.04324226467757342,-0.296975881932426633,-1.36889806363612521,-0.992775374577021807
0.0501631988757127306,-3.51217648552124651,-1.53875808766763966,2.22379530594285235,0.99506602641507369
0.169223338577877414,-2.7570070908023645,1.18527647423182292,1.13195235266516736,1.59062703492567414
0.242010434741488201,-1.49510472944328443,-0.714922664249316386,-2.0231065287251,0.813395545204045334
2.33370804652288255,-0.315724545976426407,-3.20251446196846379,0.928084605355089298,1.04889798662170253
4.57816077068342597,1.76718173209376861,-1.16388658936302525,-2.23262522134681918,1.33223319700900245
-0.945840449174134346,-0.857774686213516713,-1.58248052033175624,-4.10542563848100528,-1.06705294865205569
-1.07191701678766349,-1.33396947119085207,-1.47721401166015065,-2.34106798997152765,-1.03605804174157035
-0.502412448691579971,0.00837187077026988608,-0.992231654056750623,1.36595318352403128,0.895708705548566186
-1.05150947687405449,3.8923132152807649,1.99418107077146645,2.6869414281581343,0.985630652737313762
1.28633278861339573,2.11819642542946696,4.51211983288783358,0.449613849791467235,0.696812482137334266
2.87463034966263908,-0.472969204125426756,3.09587827620883216,-0.250506150327408861,0.69848077989204338
3.23271623577964284,1.47102815361807893,-0.694915558652185239,-1.91917143349788022,0.810062347589580067
-1.5391784839641327,-0.304283627147227842,-2.60902741921465031,-1.85851227440218203,2.38445830640566836
-2.23583057751160785,-1.82174988280614514,-1.77407718215533472,2.11837786484516233,2.78019102445277033
2.71703692242864081,1.94534637711851466,0.111566290850366484,-0.436555357272643385,0.970269538612776206
-1.6760708081490554,-0.486975629387036979,-0.696754790536606161,-1.82705853001763474,-3.58146351863632795
-2.69389148482669061,-1.24412902966119043,-0.721691510438666306,-0.973761287072624659,-3.96944440409044752
-0.940514758770500725,-1.4965642070530103,-0.682442777401197742,-1.02387950938521444,-1.77174012058933239
1.229059380703589,-0.758471012904643693,0.0219377558189843801,-0.793795201641406156,-0.266274342142301446
3.87155654173204544,0.934689770099832229,0.372112078233325372,-0.361528962644574181,1.44598098558181221
-0.526981516598695077,0.751598401455602527,-0.632219853434667245,-0.536305033491234373,2.39229809054634623
-3.01048679392586971,0.65253728583504178,0.299692195026553976,0.168545709183111153,3.30173737976253889
1.83131775222057991,1.26743888637852664,0.518238114248592119,0.276740410230800038,-0.684873605084990955
1.79215758652420032,0.439843807366767647,0.0333788300257650827,-0.103992909302128039,-1.38592758270879912
-1.77518100853713201,-1.08883351838244025,-0.662864472651468972,-0.295897023961281203,-2.44962265992112949
-0.280682821836296503,-0.827395959918162172,-0.413812850324576986,2.53388968599823317,0.334547036399425235
-2.48725444309207422,-1.13272435964291995,-0.502161857472840478,2.3876991877430771,-0.2592248149918982
-2.42378260061132655,1.12070559043341378,1.53830672801816704,1.13707212960024351,-1.05391600317222323
-1.71016360673823842,1.79693340611144059,0.635836410859814349,-1.23722749733755277,-1.71046511290404091
-1.22914006465755232,-1.12110828963013787,-0.961369500652110021,-1.33200886474881153,-1.79565818289292101
-0.16018508339706683,-2.12482122150221198,-0.612959504402846966,3.82538281970429672,2.74924448208478722
2.39266647671565291,-1.02913852089458069,0.177278276059415457,1.50042351598197987,1.91123333567067477
2.847039926249888,0.848216267608478569,1.09141008041331311,-3.05645957453768524,-0.325137965217900948
1.53725721218079991,1.17454213915891148,0.610637679479045792,-1.69077785906074207,-0.0827388276514341992
-1.82033039801297081,2.19277412910831782,3.21200364723767562,0.902934873549575578,-0.305950554204980518
-3.07981617165155974,0.772815192418738306,3.95336499667672081,1.77644624354989666,2.59521490940448185
-1.83991942781539164,-0.740712732172731148,2.60995481961121234,1.34437028157324967,3.11527695918385117
-1.13323441606966702,-2.21522791061717417,-0.505266891228847492,0.763440661675897414,-1.84330677174870572
-0.990247701931075808,-2.58544875302584343,-3.79300620209048445,-3.20182592842172697,-4.00378704994162327
-0.807660331063316361,-2.27434793284949155,-3.478521386544279,-2.99556712830660254,-1.97953590551417657
-0.538895079737582661,-1.7226714204256155,-2.46995504751308426,0.71443212682349666,2.67666236399693114
-0.193158354034153434,-1.27153561486247502,-1.88763791691110572,3.3083637557073482,2.57651611895496879
-0.065538748724044138,-0.85426814984597077,-1.22467874793386211,-0.172827026893604213,-1.50911511170586077
0.122780763376007795,-0.436763068099610186,-1.18787974761690607,-4.66823589600694877,-3.86470953004739481
0.140252206985823136,-0.514409885487832286,-0.809255121433770985,-2.50823708111861077,-1.44815442202561795
0.408506108465786111,-0.181871183663583569,2.10211702432665115,0.0213522215173653183,0.0202530962836388537
0.629824296418976637,0.0637706023675091022,0.198547863243214301,-1.20515821975695347,-0.400354602416084504
1.10345034733010472,0.467539028985857863,-0.774908903391274162,-1.11805914682424334,4.52355393539168293
0.48537124776991486,1.73625289228605606,0.403662966040115478,-0.126930326435204438,3.66425213142962169
0.405427789380260861,4.36776684330973541,1.83218752869684964,0.554483252592799958,-2.15375083281760382
0.462791166268637755,3.11461672830477321,1.1055288316500409,0.15132600932024784,-2.84353533355424704
0.50490603882692553,0.750023534372129097,0.674844901222350191,0.155629668262952409,-0.215571423255383643
0.225091170691955555,-1.47316197193237519,-1.05111420214407647,-0.409559851400201846,-0.945535664959203714
0.415619890024815197,-1.64257129516721156,-1.33973980764140599,-0.145608753985468381,1.79224164243179951
0.531290654468081769,-1.13308927118185609,-0.973004141673745049,0.0586442647964387775,4.18124849138897314
0.481130176346219185,-0.906676609347210061,2.74259119993465861,2.11831056983520094,-0.677198902577301309
2.76338043112222875,-0.174739058073081099,2.3849185626779561,1.18610374150542852,-1.01383498416594042
0.846906719820616827,0.169930594038746552,-1.42788833208401944,2.59022371386798911,0.97108310059688574
-0.851770992837987295,-0.470850210856240903,-1.90241160963286693,4.55019392827717883,3.37016743897962323
-0.455022818227532933,-0.383272399522149199,-1.01256653530340213,-0.600068294128328406,-1.54359841968437839
-0.197158797778489714,0.00984304086273725398,-0.401463452902367901,-2.49147424174551402,0.722478989691436424
0.583143181329046412,2.72880852368906401,1.49741846842375836,3.72685317617045442,4.11679677226604479
0.436671414872994379,1.89313849606934692,0.218164283902345602,-1.02978197532131821,-3.21915632260259521
1.36266581839242495,-0.15784066529153834,-0.370127237923286667,-0.105372390757031337,-1.98837980914938917
2.18146046484211631,2.10238458121734828,1.8104712202399087,-0.492985218022683969,0.295692360531558285
-1.92222029302177888,0.856247000298327121,0.00289472479527961776,-2.39569538643650359,-3.0777614789179788
-1.1523785339893875,-1.49390151942660365,-0.970243086553220224,-1.65360264579568739,-1.93766328401164745
-1.47914852149731879,-1.90285505449823034,-1.50001977004151033,-1.57003210152163697,-2.24206842010358898
0.99358890174366199,-1.15028747279311272,-0.957647584352574688,-1.17679969979789156,-1.52722562095747727
2.51338653912464194,2.64781377849525512,1.61135896494337816,0.195504550427305357,0.483154629881112185
-2.07014074875236309,1.51533142392431719,0.381109071153927115,0.131547718861984408,-0.388129418084284528
-2.14290406109040754,-1.88442604442835671,-1.57689736927514135,-0.853125817489953975,-1.6062719710584703
-0.987770370472277115,-2.37675401765149896,-0.964543145144541869,-0.642032865390841034,-0.908192590941880207
3.2952285482469863,-0.18055674368614566,0.367359417825726065,0.3081342919554379,0.518913245127354372
3.25729208788506153,1.77340139652913886,0.84706090145633206,0.507445315472280667,2.13731162522388063
-2.20009864073614869,-0.239514494765389385,-0.696600505357114708,-0.113235440810038723,3.30120662566298861
-2.67910214834363059,-1.68738351723137603,0.0559011362182111893,0.173614541843680026,-0.404860427152093971
-1.07128393879435646,-1.20704529078615974,0.121590768137011029,1.15638289053021937,-2.50197200758283467
-0.686468078781716118,3.10627908223300153,2.13744498863932497,5.40822723808800543,1.10184082782849324
0.1671855690303998,3.10200189978329233,1.67742014799750483,4.79956868002703807,2.08696426439516269
3.63474738060488756,0.39761286116490574,-0.244273440719766477,3.04592230275636222,1.97189682541275801
-0.684392508222948948,-1.41991774736581555,-0.731491818808371108,1.12600900098778056,0.797368013943375864
2.09786221699935416,-1.54172427336830276,-0.037066039870995604,-4.06586714165191232,-1.71041986890620223
1.85089096561403665,0.408865599837456017,0.472769779363428622,-3.85709018704381856,0.0370207429840380409
-2.34584704326773119,-1.20429137667630548,-0.682481973485148607,-1.61241916328920643,-0.346315406080525412
-1.95293056587031266,-1.78354877672761258,-0.396618754966165887,2.45845050566209089,2.32768892185841469
-0.85660647188896144,-1.4055961236036405,0.00918193068451072722,2.80024412440809689,2.34265367050307827
-0.385703598491282496,-0.634852107549408018,4.40224153747898406,-0.162342319527088386,-0.522778038498990183
-0.191336269145124832,-0.525132284373795111,4.35162783541332132,-2.00528108044400843,-0.312771226729040397
4.56466263188595356,1.53246931410786735,2.97285686928956627,-0.921344980436479832,0.354217626409490893
1.80271484985202846,3.04078995959346265,-0.823528663251784754,-2.4015808155309224,-2.29650348204677712
-2.72959979728866786,-0.164350226656944043,-4.19824043097450872,-3.94623890467925253,-4.46623598979124203
-1.14787693557216253,-1.58287171428673656,-2.4542684560615724,-2.95161585873244503,-3.18309222573317374
4.06898663960337359,0.747751646165959238,1.65191290674261548,-0.368842439272981604,-0.656656429062002944
2.8520373236338652,2.25233744910078881,-0.368754041765276763,-0.774734717853166388,0.435691851309491562
-3.00092642996806092,3.60257313883157559,0.087652034225109754,1.45685761439574213,0.358862756904854419
-0.0629595221603353183,1.89497047175937827,-0.789713939053884428,-0.378749750010963282,-1.88639894543122333
3.23300562093675703,-0.0133567187770151224,1.49911873893651748,0.08634489657727068,-0.259892581270470879
-0.697534841674445572,-1.75258237191509947,-0.152393954237957707,0.0198651230918362419,0.0354696329021027268
-4.31500283693562992,-3.30027568150630213,-4.66283452353826977,0.00454906926162623564,-1.85341505981040866
-2.36805421356290902,-3.02896747318104698,-3.17715649237078157,-0.903942596227265249,-1.64943544053821767
-1.46621378696128257,-0.989714616640713585,-0.871626281001275705,-1.55934338699105157,-1.3535064953551228
-1.22976942207253903,0.974855564957423315,-0.203495264895213579,-0.381251118245152287,-0.751427718553311808
-0.866017022826819804,-1.49873598037399014,-1.1303192188319251,-0.26085371224368753,2.04873374574913836
2.78734711472323804,-1.89497747423490503,3.76845696589910739,2.3452622951638058,1.30603291475290528
4.33438920318206211,0.799913808802598991,1.22685088639614071,1.22205782122656781,1.16747904741235575
3.05757730183234688,1.34882287222312369,-2.33241731344010672,-1.05055740687181287,0.696370219161434045
1.92561059363258558,0.861728650469194113,-1.19427095444731934,2.59105874377154022,1.25703349633832606
-2.56056080336608405,-0.790408720583642532,-1.46521686205850843,0.452139344457731573,1.64292014749133086
-4.56451283199065294,-2.83249697425436375,-1.33999229913134954,-1.04554230526412595,1.36694418886190272
-2.5568825183381807,-2.63517060742643894,2.4972007065862285,1.60429554111972683,-1.36216449407998752
1.38899707629042024,-0.922863138332306709,-0.899760504092876667,-0.822273798331512595,0.038376225194162894
2.37463304658951824,1.4300544841441889,-1.01890126750506482,-0.789644855242012667,2.79749457743260432
-2.68544411305679764,-0.287443124103101744,-0.894879577706090723,-0.422945501621749209,1.69402310859221239
0.154460802146796222,1.48666331922326811,1.16738570087454585,0.312388019544821149,0.546555663605582387
2.30249871194893529,4.80679132439008594,3.11711558876374983,1.8534106051973811,-0.818710971420601785
-2.67201508437776392,3.10707210204147799,1.34179356935985705,0.978407729692644224,0.156220234249377199
-0.79038303097160989,-1.82545214211166429,-2.07700926685962273,-3.27968872897719965,-2.50034164135978587
1.00527287832226109,-0.070103556409477491,-0.736087606237038061,-2.11173128790687903,-1.295777587141419
0.447540783276864418,-0.774193371473348435,3.51965802512116754,0.224132883039091679,-0.357775231295030749
-0.713232403580764673,-1.58042660204688556,3.2799280320535007,2.08813797026791548,0.467902629612060417
-0.882013042017370519,-0.940821212675024721,1.49886947432057571,1.41345837454432055,0.505498577619827416
-0.505572946899704889,-0.441118346329021249,-0.707074143295198576,0.247430296687134843,0.107119494417993733
-0.312001548870906142,0.25031243742052689,-3.99087559329547492,-1.70623378751819477,-0.392982245604155733
-0.303957110106946593,2.80835092624388327,-2.58439517764886473,-1.8579892923682888,0.601581574598091473
0.0368363471538609641,-0.628205152875642159,-2.08236580519150971,-0.974557007904010897,1.10495625646719375
0.13459851933128375,3.27540892506461434,-0.053395048060122477,3.80241572834376962,1.82256208896179639
0.192282009756266192,4.2187714100989071,0.0720433314640821221,4.27104231496668252,2.29838634148347865
0.266291701332382003,-1.04135732021199745,-1.68848890993265632,2.67653688337915607,2.03641638821226278
0.233650154506072294,-4.59477220130437303,-1.46964794454935754,0.694666348495872832,0.262421744829880343
0.523656128409139221,-1.22917963198218461,-0.588101028212919541,-3.48520359054275985,-1.74567877890017464
2.97041763581478424,1.47744150790738993,2.48354177630925932,-3.41363562619315974,0.166111550311670325
1.39506162765734443,-1.24183553219342757,2.78804571445654892,1.43807019646671219,0.683381331227996158
-0.40860436729087668,-2.53624733997237639,-2.21805540992129391,2.65555234546470098,0.776637255830838646
-0.685758934122769226,-1.27240041712420626,0.836603060428953604,1.823923182216731,0.317854393089017084
1.30285821143536706,1.04181467531963534,4.05022725433981989,1.87935194588197851,0.868286705497566813
3.1928891252660252,2.46108987849611882,-0.536229318014949996,0.786802276517703403,0.89573427675672479
0.800859124209867157,-0.352728147047893126,-3.10873152645134532,-0.788020060141950696,-0.282175161433126154
1.03904747227824057,-0.186387817090714503,-1.39385967597240756,-4.16370768033666483,0.35344839404221251
-0.504639998138594059,-0.766622021239813378,-0.635678337789966852,-3.34358684280758878,-1.05553826847631926
-0.813683816521565073,-0.648977077320413209,-1.02832572042800785,-2.54646021350086116,-2.71994420202805554
-2.05286473467360331,-1.86551350629518242,-0.907545535859690666,-3.16577804002739294,-3.18392131709487636
-2.24737932674313345,-1.44017460907527184,1.93745002889816753,1.28776925714141677,-0.913408758687846878
-1.33619577856982596,-0.453948968680735088,-0.307973535914335017,1.00196735956543104,-0.0339709333127554761
1.98225109656427279,1.97226676338847895,-0.0483253619594077866,0.624704001740144621,0.672204299332761601
2.23482405881866519,1.70839047466482508,0.26108332841468268,-1.43905012383749775,-0.564294796382464714
-0.948760224493380266,-1.56409025942497593,-0.431862229122083774,-4.64149251531478502,-2.7783653578925982
-1.34834780366649021,1.40613391597837301,1.96538557457106089,-4.50007562632055613,-2.67290642555318758
-0.223070621085249221,1.87541095555706239,4.42655712730828643,-0.500559010467408694,-0.752980899521434544
-2.03287397755236832,-2.85077696093453969,-0.652515638182523006,-0.556289080010301529,0.359329801464658427
-2.29827836178195577,-3.03926386994759135,-2.8673713194107302,-1.00035631816480031,-0.966626247985717946
-1.82437447254888596,-1.28107248153715636,-1.01913204676007951,-2.1042489073530164,-0.117133280313169996
-1.34013942798672625,-0.943439926873913426,-0.508618379260930675,-1.77120118073755006,0.809320655902237673
-1.06518440628144972,-0.979065314910073092,2.71786629850625205,-0.299492575905517644,0.659611840139273098
-0.678682028385991898,2.35358868845108482,1.06407442811130792,1.00979810510051182,-0.985399499710291615
-0.461788743086060993,0.702805114175381607,-0.146287003282040862,0.825963785725318145,-1.36549012184095431
0.13822648766272716,-1.74606248811982701,2.63689506862224921,4.26707988343423406,0.65290963201165042
1.84626387153995308,3.5642209217922427,2.97447398083913317,3.17579227157924748,0.977232580439372334
1.48225903529540726,2.07591671223202301,-1.52816242809051994,0.705566798694418074,0.289612405894616343
0.899581135871016069,-2.58170619625066244,-4.28914169241674603,-1.49006547103372156,0.31176927353384043
-0.320276584750936011,-3.35241579331592243,1.41642161394432042,-0.203077300090670765,2.30587682030119678
-0.316549135368227152,-1.28109540619055617,0.0480540042796042122,1.82987438340401343,0.732163000986486789
-0.0891393366289905398,2.82642027773250826,-0.0602192020741252887,1.73070796178735287,-0.250474264291021931
0.0117789556229418377,4.1459417301602004,2.4932714763313899,5.30870620292942608,1.95118936361631423
0.288625062188200832,2.73578349686225053,1.80096652027763682,3.76396662772871604,2.0480747842162903
1.29086831439803085,1.69588138680553868,-0.292356678492650846,0.545590650060133964,0.3244624023253877
0.787812425413406348,0.913503472613830136,-4.31358455591139567,-0.736507767701355398,-0.426870844298312124
-1.19525417238122089,-1.40153591635796015,-1.59620179577668786,-1.51734626136748951,-2.07564937139269468
-0.733613348448564517,-1.16931967414591753,-0.527371675432475207,-1.16327329877038133,-1.49005055472002912
-0.574376460678390099,-0.797712117431994883,-0.857766871433815914,-0.691841536419126713,0.231543822791088372
-0.696200199995796076,0.306053647718775412,0.328089198086971179,-0.389543000905204717,2.48809180684059905
0.0197309410222394344,1.93286720579119065,4.34673820146733192,1.07255714218564502,0.438313162461502481
0.09857880414136172,1.71443477773724906,3.0070764632387994,1.10843891011668627,-1.11816947141858325
-0.000846274090701204518,0.473326623274820946,-2.0593726535878254,1.16749537583419194,-1.04039071099890768
0.225056145503456484,-1.23694007316374588,-3.30256127009541123,3.061838939052969,0.526202166601266619
0.672474366888971442,-0.933348562230062462,-0.461656632998029226,-0.101294230953799053,0.0598636652861898599
3.41611305726270054,1.1378651334926011,2.82828233165793552,-0.293321792977178974,1.31343765415503788
3.73383231020753481,1.92478563925934276,0.149171707056335145,2.44116639894805676,2.44835093378671509
2.73095677032098383,2.06039343524115948,-0.905511886087762452,-0.172497271335703556,1.9736990595512065
-0.832621519437629631,0.0282171481614632569,-1.24613673084494403,-2.36193867604699737,0.0605755980899235769
-1.99016603072890819,-1.14331644621711304,-1.01979967337147226,-1.8408100267351768,2.47347395404066894
-1.67755722859593837,-1.30769225338366857,-1.0667705753071246,-1.11065674828599414,0.0482405710279525946
-1.45271213383633246,-1.02568468114575984,-0.342853230100506334,3.03998472738163494,-0.106272199370346432
-1.04513071374427224,-0.852496577040082637,4.14414589160774582,3.76477509162558643,2.42519927245502398
1.9732356034838614,0.901264510104111349,3.39663364706335669,0.808711334514321423,0.251828832061533114
4.05273213510340646,2.84484922087160808,-0.400291941371235027,-1.56543481231731962,-0.362836441506417751
2.93931450048002318,3.56021157985141468,0.164413296065182957,-1.32220553195291268,0.169476681137257612
-0.162545482929716878,1.19821611011606066,-0.808584907831745192,-2.22640004992676577,-0.861727737288862539
-4.26934347081130472,-1.99783406132262709,-2.19915025620188898,-1.75696108779838278,-3.26743057332279241
-3.21629363478274222,-2.63413745076696371,-1.86225468094366842,2.20398164599372048,-2.17063049304640332
-1.8476987917350669,-1.4568102263957301,-1.0145644385123993,2.04758333604925324,-0.655950029363916887
-1.64981207417776732,-0.892494335267205341,-0.854268491973300681,-2.03894873120264908,-1.60127201792152851
-1.36934448795874819,-0.789870976535867908,-0.468640549285021468,-3.5390418330300335,-2.57327683611166247
-0.892886015120682774,-0.80827923691190573,-0.256724062567861788,-2.44382875367077546,-1.76170039527893785
0.496295886924964236,0.105820446621126885,3.27578398862899522,-1.0558104641216115,0.86421325447324171
3.37252634612043867,1.93870224911769906,4.41428046353642412,0.235904672868605447,4.45009764186941315
-0.632504545689262399,0.767557839410275333,-0.826590350929511719,-0.921970185050442925,0.282226523735526758
-2.29843719680663439,2.1247408117042772,1.14465953527562259,-0.449623681394027253,-2.58589155509299662
-0.94208004517294075,4.00482255219699024,1.31971488839560536,-0.148868237447068369,-1.38854832186015509
-0.306093379198514814,0.396015089125733244,-1.74256338598897997,-0.586997890184933979,0.0452176274232267139
-0.26205210431904119,1.05245202346781674,0.664803245893297867,0.332009835409930287,3.55633476736183951
-0.0899824530606856965,-0.262383617720155171,-1.04125543107860086,-0.0397639961064054914,3.16297261801552798
1.75287229957709734,-2.34118917583807518,-1.69353200049308295,-0.128792183533547183,-0.0786399257361296844
5.07674528501270661,0.105336135969514078,0.36212218819124431,0.529955358626632678,3.33479021177974122
3.794345427245299,1.06498197007867379,0.564923917098981931,0.491880633593339278,2.69932122907528305
-0.901624987800448974,-0.943827905468809125,-1.28235550176604396,0.758043344817637021,-1.53233370580837169
-3.51294635778577158,-3.27638932302993791,-1.21679438449453481,4.14643755191347818,-3.16899278523450167
-0.10242796670722859,0.267749540962060162,4.52846328602783199,3.13833681297018385,-1.44930759174429102
-0.533559602708328251,0.834329476221287281,2.69623550818949376,0.459160606064936194,-0.571498188840077415
2.2872302064368637,-0.999618150598521882,-2.54681585277316991,1.57509150623096628,0.305892603143906039
3.40229644629435102,0.294476602712915647,0.432506194238905406,2.78574175886874897,1.57485683692989631
-1.49109351541850899,1.2754771754536347,3.534116713574464,0.360721144711301511,-0.641296398847991611
-3.82797879203274816,1.26791049599668249,0.893555109386532487,-1.07586742364293886,-2.43105054692769729
-1.47876255072545271,-2.36710861794826588,-0.766353156955793424,-1.37755400023332308,1.38477599388794892
1.17881905976093626,-2.93547811059837294,-3.41036372229337381,-1.85516287426811055,0.480887901445856414
0.756394537770743058,-0.364806383241409904,-3.2442683723067951,-1.75206923316160079,-1.4591221243745216
-1.99360459267858658,-1.64458356789833271,-3.17434129187799918,-1.60199231493792515,-2.65784641321955517
-1.15050741477845708,-1.02859384828302458,-1.61824838604150667,-2.0381324542100292,-2.82698433515958891
-1.04289913725421957,-0.585018414005768483,-1.25852773645481109,-1.49081903887329403,-1.90387771460902022
-0.90989317675930792,-0.554983690166708121,-0.457843813142492118,-0.56857984777109527,0.0331783530217014053
-0.5094441482902764,-0.301930059652450011,1.67856116063575311,1.3624458571554634,1.37434756613419462
1.42644851111197868,0.406845707379819399,0.646820326502539178,4.48440894436565785,2.17332360137894565
4.49753732443045706,1.95575524221955499,0.385183664893084643,1.05919138696875281,2.363358337843529
2.22428562936481367,2.52052615571927241,0.736822096470252541,-2.55439660845177841,0.282656933139909416
0.184657710979639428,0.947018129152387145,0.436636787483346778,-0.463585262596750258,0.00560123641638859276
-3.76964766326493317,-1.82668664841842032,-0.664490072009718102,-0.335401596415617176,1.23077934567006508
-2.7038743654606523,-1.96285053709567081,1.71043495094190767,1.92698886044888407,-1.44438056914018498
-1.44879772392278716,-1.11812850822007759,-0.197801907572951935,0.152506853243178475,-1.24167156367017295
-1.25636360146177961,-0.933871855154312813,-1.24445910039931396,0.175228972624179968,-0.474596218259087432
-1.10966182664611601,-0.66687479692551177,-0.990106197665519772,3.1791748385175449,0.803925782404937173
-0.913876162738416431,-0.607095284192383233,-0.623336024584388304,-1.5546095155764712,-1.98965788314344727
-0.829774433884776119,-0.427290765583971277,-0.47355845018032372,-3.89104193249222918,-2.40081305973486225
-0.253998322921551667,-0.237325873138563903,-0.302463360329334408,-1.48863090991429337,-0.800594884060264134
1.09148833114456667,0.328372507025070259,0.227317959490746041,-0.648818411056473199,0.456895508987069932
0.68752098918107829,0.19048011573312329,0.580784550942331834,2.37854977425146163,2.95066903599984354
3.26725404776969564,1.52266236529641219,1.20491409620182099,0.82145494279693454,3.32065199738366879
0.394452359533763008,1.92424056201223825,1.08625291718655625,-0.134886849667773201,1.77679880764867959
-2.4377580201954383,-0.68586244007078101,0.123126347740898007,3.86345924963782217,-0.204474069614390686
1.69610057691118832,-0.199211113786527033,0.960510803643014222,3.99693982097912492,2.16201149712444618
4.0380571480820473,1.44214031937159115,3.27344727783505096,1.32679067557145736,2.82012794522451893
0.789824650780595716,3.00821852722316185,4.7363470278878097,-0.0366528022769305739,0.0221750703352979125
-0.435016435333127838,0.159409766800991282,2.54339549215099048,-0.741544806452209437,-0.881516304948624208
-3.43291061220696436,-2.91358564811598608,-0.110468222820773093,-2.46297047684650838,-3.36670081885893202
-2.84272998669652432,-2.42955154261254647,-2.30082960545970483,-3.50003569373372958,-3.09507464987353531
-2.02100635552284746,-1.40447878305212592,0.0698131665055446715,-0.454752071342041764,-0.903441438932711893
-1.29815558713322399,-1.26749428024796229,-0.550064338836940947,1.84176619835652677,0.822865651888802674
-0.937355534614839003,-0.895504048398743868,-3.02463279457265521,2.31433747491829367,2.67226607206172595
-1.33538769535624291,-0.802007490254953104,-3.1733470429798647,-2.60210488042676769,-1.39436514080297114
-1.06919321183825411,-0.709640445927554819,0.740810962185357025,-2.3602804606480019,-1.9897195475849927
-0.306834521966027673,-0.131537451843922404,2.1648693708134914,0.426626399679233881,4.27358272102971792
3.63914791584005171,1.45553526301913405,0.571212272965788137,-0.742691144011697668,3.40146040464652533
0.226760598827884935,-0.118132268636961815,0.274151307280403933,-0.570451459100061231,-3.32358123737609601
-2.3825706581428947,-0.925573513051207941,-2.52855815712447862,1.50666846438765845,-2.99634919459891558
-0.813334058343845978,0.647111413108656719,-0.944316912941599695,-0.535540480838313293,-0.926970972039175001
-0.456271590788777548,0.401703823075252431,-1.31907659492070928,-3.13439363399665893,-1.70184555454016584
-0.185415876182329381,-0.518763642662237512,-2.52262807352377116,-3.01611247637574253,1.53958861733218133
-0.250861643725087458,-0.373245667302626649,-2.96845071224857371,-2.08657353643754906,2.80418849091643763
-0.226766904582151013,-0.297991557283441288,-2.60578526259803045,-1.40198496151240759,1.90636004649806012
0.00223980259883302391,0.0372399866845901512,-1.69880966540722866,-0.768033548675390199,1.07073153120738485
0.118691961412463048,-0.150421351463757902,-0.821513033553353922,-0.328674402874060689,0.740778781303434775
3.56051330577748049,1.07568912390037141,-0.339958913662377626,1.52108442693734069,1.73382154319381176
1.06027045794867547,0.487838673284791802,2.48071068754857516,4.91353429213551607,0.208639658696239405
-1.65923658798843587,0.823785362077570138,2.60774802627449542,3.64563496127640763,-4.60313738969995434
-0.751936832696223023,3.62091478012618806,1.2960657761636003,-0.9628975610678987,-0.993297771399960006
3.47917308638634237,0.626440209895047451,-0.489396920506972699,-2.11872508622267164,-0.768780332686520573
3.74874568585678514,0.124526346234262938,-0.336721457979128669,-0.291044895318154362,-2.17961566838533161
2.60830999675816733,0.367197146208713576,3.02945572777316574,2.38757441093116363,-0.5393382183686104
-0.799034872458939116,-1.45394817983046143,-2.49639947350111635,-1.63568880949081108,-2.45682261682667979
-0.852493380160646685,-1.04873912807796921,-1.98160096159671451,-1.2554480296428967,0.391302603112387515
2.71814805198802123,0.110740391917665659,-0.647981495202841762,1.12755439881660524,1.22028786315256155
2.11864568512762741,4.00141777011044386,2.33432968508691596,0.117855339662907094,-0.00533615919061253274
-2.7119811171171464,3.64688283446747574,4.6450824304684506,0.810568467772713852,-1.0784877525819736
-2.02699919728725364,0.541956885737023164,2.74659899746831782,2.37725130638479776,-0.593689256224771866
-0.506560391218875639,-3.10884014386598784,-0.919586854013814348,3.41889180856565167,1.9164215473980637
-0.855330664751926761,-3.08127473272799834,-0.478217655311351297,0.916287102936505837,0.913313995139248158
-0.659255430350629723,-1.72503884205187608,1.16941008250441336,1.22382089554402929,2.32656275438803828
-0.583869996377170519,1.43197570128101281,1.61736228226528311,0.705243989623906886,2.84738782636833454
1.33360316933757028,-0.395407876062339458,-1.67955387952212387,-3.85696720998294218,-0.36953193933393802
2.21237054614396067,-0.411451231214492064,0.112848060666887795,-1.92236892366486223,-0.261844198070785517
-1.92639572759024102,-1.33723698175462991,1.29850826496223481,0.475017913272793801,0.951394079086773203
-1.26433689495015278,0.852036660536255042,-0.984916600790938679,-2.09030307671001792,-2.73765114639075069
-0.33747506029972929,1.93374378835521288,-3.00465038808013363,-2.76481383426208671,-2.38967709002407958
3.88059509380989587,1.78561608184199549,0.78998928390357781,-0.506451297625351127,-1.01385686680214748
0.498373995405610171,1.60695674092382879,2.01629532778594811,0.309897992643429931,-1.24462752757933104
-3.13794162128253395,-2.2440626348305055,0.163645585410590488,-0.361895058664520763,0.110850647079137915
-1.31150268257541791,-3.50194577028340737,-2.39791454302048201,-1.39775495007345829,-1.4234218965633012
-0.617351195761582927,-2.565956491218778,-5.8687608713445556,-2.13898512393453188,-3.64270451791779948
-0.558710741981609083,-1.79651848923588053,-5.14759122151904513,-1.23085094638466752,-3.08267578057271141
0.0562054516258566061,-1.33339146462261993,-3.08546533841739423,-0.942817198316738381,-2.03982720293886599
1.77217744849563452,0.0685689728123698439,1.51473787628179135,4.13909828255374102,1.68542819472174843
-1.4796485954052665,-0.609578948936907783,3.40587105696461379,3.05115507981001199,3.65144823562394993
-1.26416536589688677,-1.01683263476332986,2.06298344750954676,-0.506849808573830996,0.44411587630695526
-0.182194970177167126,-0.425447990779188101,-2.16036326149847913,-2.01794759708046278,-2.42803728065751079
1.16308081831487309,0.632676389021962216,-3.65495848260558764,-1.19753700556950626,-1.60289183220918896
-1.09287497135970169,3.04263446746634036,1.59777696084358189,0.454691317772194847,-0.783651800087236117
-0.874537182388853251,3.45068940890850095,4.20329005189606608,1.80441835055856981,0.0431763654366634497
0.115620810259548346,-0.38869912481927027,0.787735901295756547,0.136313260509133366,-0.0648426867747536051
-0.0445650905899877547,-1.57716982835543074,-3.86774362121276649,-1.55030974259786891,-0.311906394590330871
-0.635169364030531813,-1.26766058613934884,-3.77381238422065479,-1.02072302805815829,0.451733518286570934
-0.142682108698078569,-0.603526058966906032,-0.477355205692942874,0.140926227182693181,1.21497956245854488
-0.148365454711008538,-0.121590565335128076,-0.267223094828678009,0.125247908351531184,4.24357483372415434
0.276764057063698943,-0.19401587863971298,-0.917027269078833918,-0.0832724021984456997,3.46565388578797018
-0.154619846964709484,1.25608582182105044,0.172764132446856955,0.873595508424592548,-0.426969626302659111
-0.155825803361829218,3.62332457892507342,2.66321605646929216,5.26694303641631745,0.00593899849056075957
-0.20782902143897114,0.746030520335351888,0.894441834706159344,4.18220700203400764,0.909805468772497239
0.043392048162122443,-1.66816978329062215,1.31145935927870028,0.564467170382294547,-0.149506373750958904
-0.0788312901465351712,-1.3761803002461499,2.48106253097867491,-2.36168425917129365,-1.66924137283422791
0.0683093723843608003,-0.728256959916992797,-0.349787859728996287,-2.27976150276318235,-1.61337304244352242
-0.0212437575539847212,-0.383579570457648733,0.255991763381867132,-0.854275029154960786,1.53354139608608531
-0.0301353802711241126,-0.408128320883693163,1.86041354811273241,-0.548290573463779296,3.58950096731064683
0.0416538390234459377,0.242062089929227231,0.107175410264897186,-0.881047272595844699,1.77563570207946131
0.013446223980244254,0.145633081126508246,-0.515988310597969235,3.25669844535282627,-1.08133457727698268
0.954131818306310775,-0.0809150570994600637,-0.359976686164261039,3.9927304136817936,-0.33461668081615642
4.82016915275869273,2.87334571042187781,2.04835533287954297,0.746525187132639045,0.274059596041952513
2.9658832860966724,2.51580784627615417,1.82880445808600745,-2.66055235224005626,-0.240614655264581284
-2.54567490127105645,-0.245478880407673433,0.112751179090669007,-2.78159892287182675,-1.49397850338374405
2.15503121014540033,0.590856712599077794,0.83397455694030409,-1.36921245029358785,0.575004860557291941
-1.30198218062295612,-1.11882912079805141,-1.35928795171994277,-2.19810501433565397,-1.9653250487814955
-0.97925857161884311,-0.895239767833678535,0.453837422371932586,-1.20476280554037407,-1.27987088182293118
-0.825735887102416966,2.08629619258389631,2.21876831179539247,-0.354515593185541877,-0.557387199753573426
1.62734462791321377,1.98478944468009511,0.0121094029141700435,-0.616952305030167514,-0.115298716055979564
0.207226250679056812,0.471527857678149698,2.56252588401660741,0.482385760397294028,0.290364632209617113
-1.26411117771599124,-0.706605904284556718,2.57587829544051417,1.06435439369117257,0.322598791191046785
-0.0326178705256744972,-1.36733939196507692,-2.72842408069088815,2.49157819344974385,1.88163565826946577
0.304375408220813659,-1.0830661900484031,-1.55919412129604606,3.66373639903103987,2.3559351003361928
-0.562849549357551382,-1.08595965778515757,-1.83850321839283493,0.636721551500067928,-0.36474122646304602
-0.588936023054658531,-0.914785718909368439,-2.05084265115122211,0.459516601502731492,0.138549203273341248
1.77246024504538724,-0.293952017627159112,-0.868443699938873159,2.38893167817610452,2.08469437955998771
4.60704794608532708,1.33677785756986856,0.336928524887813108,0.547145393883750941,1.56126031962208067
3.58305505208619834,3.6581620104779522,1.89731198133360013,-1.10145422845900165,1.24952527396169355
1.52294432065496399,1.97650495132702342,0.542992470102179547,0.071083545170357143,1.23585613076633294
-1.86874614424190355,2.32651746418501171,1.24014416610096134,-0.0461779720405006144,-0.858148834973822106
-3.7309878279221067,0.36103397903308404,1.28416476590186113,-2.80852265605556228,-3.51591277362415866
-3.02287800094918424,-2.76333415782707226,-2.09646969783952963,-4.45660280392745989,-3.53172579486496874
-2.22777964833617981,-2.75289362989628872,-2.81801656571980796,-0.348795456290293904,-0.520261003189052329
-2.01137751208018312,-1.76826580879178064,-0.0442046317612413628,1.43902291072629662,0.741088631860248204
-0.430660684094466173,-1.4629060080566183,2.50576372217673971,-1.36504779842886914,-1.59035755777703813
-0.666897616431770812,-1.17667395033694766,-1.22731250608176956,-3.61417089758879051,-2.45516905305802746
-0.351784897821340259,-0.587055028538495893,-2.06776287041776641,-0.0074427624720198593,0.255450659749120013
-1.04807508351478673,-0.472350471162323371,-0.058364386006537837,-1.69006347068640261,-1.58504387017841908
-0.941151658536766522,1.30967839549605913,2.77862803360512567,-2.55972941766474049,-1.58078980038947625
-0.627525524234113119,0.337201635943005174,3.78385262877005379,-1.13168544119484582,-0.494855552645880825
-0.195481636441261875,1.06817840623814075,-0.809801232225073719,-1.23046679334765674,-0.56186702025577373
0.374621594319866136,-0.137767181467818994,-2.48538194692774228,2.06919573496904441,1.75367709280736506
-0.352843212161174369,0.30840514600664326,4.72690543705943522,1.40835464861376258,0.602538892348149058
-0.140488255643279769,1.57190968923787566,2.83213298203765573,-0.567351303163582621,-0.698641423437981746
0.18028977928224138,-0.555822934836939675,-5.19078948414205765,-2.19979677751862557,-1.40374616401806085
0.0746265618872664072,-0.428742639621417843,-2.1258577283276181,-1.71704235643919856,-0.660249860151760681
0.119532733178231931,-0.604658348823300384,-0.106965713222136022,-1.2501960504527565,-0.23550950824602207
0.347087168141140767,-0.400657123552250083,2.83695380060883284,0.605140676129813482,0.829208330237668489
1.78053422663654026,-0.183598744878223724,3.29061547076048555,1.43912599573448818,4.42128950846205537
1.27180768758403739,0.0726327449954352333,-2.50675593588165313,0.0189501469871150019,0.336773736690458125
-0.227594012590526196,0.620796233684202559,-3.82265828476485581,-0.5520766033065585,-2.04797312100800077
-0.287906647584530828,3.37830799888255795,1.80257988018236026,2.89675423540785593,1.16517207322836147
-0.134708577605356206,3.11819066081167851,1.27238608163500211,4.937859212381845,2.69981775283032777
2.20664906474615119,2.41027502086179224,0.3840500420389098,1.75201663668540486,0.598344665600288761
4.32128116576802501,-0.555404486007687104,-1.64525147695164042,-1.36598958319409292,-0.130459779370782125
0.456688801751629125,-2.36147460052285529,-1.9948623866146391,-1.92443024619808334,-1.28865965356137391
-1.6560424555823301,-2.04385625883244959,-1.07842227243041933,-1.34763666840017526,2.25486811645713381
-1.33614744893443826,-1.57175051356372242,-0.703951404275307446,-0.953185966418495845,3.37817820720028195
1.30450659194520768,-0.708244948868441915,-0.286389063736483207,-0.222458504007910729,-0.183495999954628786
-1.17195038371201554,-1.00881030190343868,-0.110156897813578764,-0.0701320488698430888,-3.94190102921029428
-1.97095153592692318,-0.785623986609294667,0.140550761662499885,0.297885304025943098,-2.92396034377971548
1.20982065704732822,1.80352008455752832,1.68358413189951461,0.58868553548009861,0.0149047592916152633
3.50494513078325642,0.817193041983103163,0.728187157984841127,0.587053747545682958,3.38517864427753956
1.93010369674364957,-0.181785936445210961,-0.0445207036775088424,2.17398952939300294,1.19411339506295322
-2.74947868615680369,-1.04044398643907487,-0.262260443279314748,4.88530369333458658,-0.259672738721061724
-0.976965999785939454,-1.44952057596798434,-1.65125260733728663,-1.5709080853863755,-2.28431641859610313
3.12931212974723261,2.95656170363056425,1.29370508333464018,-0.235869381312769216,2.26590592563279092
1.11725988868586934,1.25574750618292774,0.0471600509389036165,2.88973958833515887,3.66617729267353498
-2.29110075281356007,-0.0123525116008178504,-0.842226569286834148,1.92408112909124607,2.21856795320508082
-1.88026316840911223,-2.60418644485175665,-1.68694256071029325,0.43469751227266612,-0.781809751922132201
-0.978241205355103949,-2.34275359920463178,3.61330187050783191,0.867063766264727143,-4.05872020102771014
-0.804689819482399704,-1.30933312261829204,1.84232435916920334,-1.26204517977950803,-3.61759156592052955
0.511191502890069316,1.71793369939374529,-2.53405817708516512,-2.50742046860897405,-1.85785563423888678
0.195567334133393,-0.621833199294196781,-2.28482207654255909,-1.74309802493612942,0.226401298808454693
-0.538736036409312558,2.93320669254671351,2.06909817674304275,0.532003166763350244,3.3761209131525729
-0.332960083593234257,2.73731842495342903,1.61912043714868781,3.70327332916062835,3.37664407321800697
-0.0638245402394015532,-0.759338878291352382,-0.427457981259947273,-0.238197858636663845,1.43819799230907708
0.127899535393037223,-0.684398895033371146,2.92307418851463741,-1.85260273429201994,-2.01840596619769697
3.23988604910696854,2.91385673239787657,1.72147732915357299,-0.543514773834347209,1.5148325435109149
3.79813081165558541,1.67983795474845721,3.20660972267638433,2.63692880222772352,2.16927704510287089
-0.667173832119104526,-2.74264912041991593,0.458667595116419302,0.895165424585126601,-1.47755438980485021
-2.11087587632852181,-5.16711295717617247,-7.59071107395165523,-3.59912015153524756,-5.69627016344453008
-0.203901466659844044,-2.95575867262215652,-4.66721345687373912,-2.74790666419399177,-3.08219271483058099
-0.530827443128826792,-1.387426343299069,-0.884699887128748585,-0.944791005216241153,-3.02660766739191356
-0.383558699050589813,-1.25496555407687849,-1.37713325631803807,-0.661440059667303792,0.437201829219502236
2.79268945547144476,-0.105950055844808488,-0.885470714509201229,-0.302608997110019595,3.6123743167027409
3.02707822846146479,0.264385959816557548,0.385874528496010671,0.118838762760903688,1.33919311726688339
0.394442888196111729,-0.90725330832650819,-0.954494368054223385,-0.191670396319533615,-3.62397688144727814
-2.78985119901350487,-2.02871631746187653,-1.97154766653309732,-0.394971526945894158,-4.03777337612769838
-2.1645414330153141,-1.14921550648493032,-0.716793707021896931,0.0376649702251130938,-2.01291914116892245
-0.57389210423537651,-0.315715280364900819,0.252624500374693972,0.461806039578926353,-0.696417283328876424
1.67058942284464718,1.00098347690756806,0.54285438724195112,0.595432561178877107,3.01177466744753985
-1.10191217101127226,-0.4912224175660167,0.149916442613004991,0.712518513469656556,0.452298726095850201
-1.90642552570857093,-0.736461564311070127,1.60122407025994606,1.13128343640581153,-1.8240892232472079
-1.32262104230260769,0.0467723134515996009,4.27841605289480498,3.20747231369709107,-0.225418887866399215
2.18447998980369107,2.17918152919166852,4.46235679637035609,2.1369668625500764,3.21700817631376124
3.87063178122278018,2.97466888437940069,0.929850712061309426,0.606753366729658739,4.43199966276084378
1.22685195334068808,1.38837853906443565,-3.11960482789040672,1.9456500994988235,0.411100880581927841
-1.93227112372976606,-0.704462519505306917,-2.19080502754680895,4.15558661333902002,-0.780935836739256928
-2.79164031968352422,1.22285333101281291,0.403794338674915432,0.607118295579379685,-0.868548699164619187
-1.7807944922914607,0.446217022499628468,-0.583050851892287336,-3.56621871057474138,-1.31830752266697382
-1.44391876133689046,-0.926001225412157236,-1.37453242464946679,-2.07378260138425752,-0.858378945044436792
-0.996680021638262303,-0.663912677163662091,3.21066072939729175,1.37739862174310579,0.24197957778633869
-0.821852098861135305,-0.180693226400819862,4.93494500236025768,3.97124481391563444,1.54571195372899095
-0.442629432555616376,-0.16925797217194205,0.732395238684228178,-0.788433733911576118,0.569186068093128661
2.16576635449671606,1.51487266209022864,-4.75390391124284761,-1.70671712306419221,5.05614469188039983
4.002550865744956,2.52510870134808307,-0.615884926416159328,2.3520554210904332,4.21174667116947266
0.192054812371673767,-0.111466579659513898,-0.968665069265693401,-2.25154710105285094,-2.3816787359455911
-2.55592297923170442,3.33618934485111485,1.22784575787857597,-0.657706918175091859,-1.73569903499245215
-1.36363546261728663,2.19509900105783951,0.22423138231246878,1.60283838409637291,4.24390143924723073
-0.410048835144593893,-2.4680162146307536,-2.71162282147068501,-3.33068142392333577,2.8458356920428507
0.28884402363118189,-2.20231027230977272,-1.44337067111768791,-2.77152867932808356,1.04014358622616432
-0.154267367389599563,-1.43481898421049636,3.37947612398803265,0.288282454122109011,-3.15463138867504522
-0.379972103809685158,-1.16075415559497097,0.719679305110244472,-1.41891914178222778,-4.45349106425923758
2.76076836975361095,3.75868467235145198,0.0055804520833132587,-1.83016350771024117,-1.04613560012800622
-0.807743281545302838,-0.683624931570377625,-2.29370005083001205,-1.81314368784949109,-1.85996871323523072
-0.715605054364254145,0.0465880680611565276,1.16327538227310257,0.0687618591329766382,-0.64065044765341983
-0.512807722786063569,0.700481059365007597,2.00593553915332867,1.35174010914135612,0.459876271105875534
-0.316641857396509518,-0.441082260415638583,-1.93285472284712356,-1.21733472053799585,-1.19785935085740047
1.37187702316369675,0.0300862242242051561,0.999409672301423968,-0.120543917898870284,0.537264763933206435
4.24628318375957914,1.06504370394407188,3.3273302085800136,1.51380499960963788,3.15749340958965874
0.0907155886540818301,-0.601981345001704193,1.24928378641879889,0.550029130503423946,0.508538595870345334
-2.00998658810076725,-0.965465568307184774,-0.812713614435189746,-0.40186773750662208,-1.25826052785771969
-1.15468221721378628,-0.654179943235204564,-3.48510517588822122,-1.45377297522964799,-1.31383624678473887
-0.623212683333160378,-0.305343165628251478,0.481411420157518533,-0.422629208642121557,0.0725539759230275777
-0.587737095450457381,-0.580364819126030551,3.36858432388029616,2.00239827691069339,1.41204078106130049
-0.394571491952310005,1.59328520629316595,0.19808589642880009,0.576035371139113739,0.38932480198331576
0.413892763118181906,0.418424536623644205,-3.77394721760578289,-1.62999024741313714,-0.426018292643146168
-0.13733860863890987,-0.372755179164884654,-3.64084350747851948,-1.53921831668635289,-0.884801264262309095
-0.0903522916439396251,-0.494253477484958181,-1.93634423534987055,-0.849876730337631781,-0.32568003427227521
-0.0307745103789700269,-0.362885410834522082,-1.35700661762858954,2.78398455227407116,2.50470389829134854
0.191969855641564241,-0.328445545311406017,-1.10384573727401958,1.79728915066451944,1.52754912247981389
3.35137136454607809,1.34379947916128772,0.188697611517176511,-1.98312722129101915,0.972457126321708332
2.37997739563657129,0.465479166886858531,1.80742185250614096,0.766421465881732322,2.26888684375365557
-1.16065644678118995,-0.453894025790359645,2.34464454010673906,4.31599197964164105,3.62067454968902469
-1.37417689023315481,-0.31613235594964717,1.92267883755114855,0.924790073762692622,1.66940786865958923
-0.811005769681793609,-0.0459382649010827496,3.35283145299252938,-1.40994906493559657,-1.71314192708395541
1.5053603539481959,0.59762261494193214,-0.509156302134292527,-1.96446626442115857,-1.68716885622500046
4.0110199712051795,1.7903384759676424,-1.48467599996682598,-1.94903730912687512,0.989293870499753369
3.10760208488072776,1.26107903877455141,-0.310848606011098261,-1.18976046726454499,0.778741428853518602
-1.2699904889779472,-0.500681979248583486,3.48271138491624921,2.45874868390865897,0.35893904665427967
-3.48613233572449976,-1.09603099796450532,0.703494661511671726,0.150791178823031752,-2.43509796664668787
-2.36176836887945418,-0.239922306609192504,-2.47692425902851188,-2.86210096022288774,-3.45298366708631521
-1.51465238908526145,-0.839490822270138271,1.15427201729141538,2.10014486579016646,1.69693406812503333
-0.665984782547286547,-0.413228845079095963,0.749574602550069136,0.954846998020659532,0.836445337311800152
3.32109491233987608,4.02437203753029493,0.538243777568312654,-1.04768173699702882,0.507065622867045818
1.75895324523134788,3.97344834764242938,1.15654623089673358,0.185476787384122127,0.0949226239317377679
-2.71823258636723875,-0.477966156324136082,-1.7685500978628379,2.14728989228300149,-0.404835529580433562
-2.60908304477287123,-2.88846766554990753,-3.21804213141880746,-1.76833182588271987,-2.79654202356891135
-1.29688023883941983,-2.54924563851491248,-2.17998970923976731,-3.46342844618227019,-1.32941807413077284
1.88773422625095644,-1.01805468497136209,-0.660769425975362368,-2.0001667747469134,0.2967865324619825
-0.655600304218419194,-1.70364704017656132,-1.00837192263983177,-1.5708268853299312,-0.263449953489268696
-2.08498393875099053,-1.70714024243488316,2.50605329080308525,-0.392593109818576369,-1.33743525182471035
-1.25124259175610186,-1.47064665508932002,2.9687657312345439,1.20781652012599849,-0.273419378785697109
-0.428094183504223458,-0.973771468335095869,2.78528503169570607,0.504625739075703406,-1.47682484364934852
2.42623349060841287,0.17373873733950676,2.25694495649955007,1.09577509907438109,0.829982614353416137
-0.403509787198754855,-0.559742667191020171,0.0717256112852828198,-0.489269624969801253,1.72122721239994836
-1.17155935458813087,-0.504466493957722362,1.0803273978169754,0.705909738743397353,0.79545541774180295
-0.720695465771154176,-0.271966911714133786,-0.812697821841656509,-0.47707672854826727,1.75561045929016646
-0.257029202805603707,-0.260681016772190577,-1.30702663852215717,-0.398096629148699088,-1.86717999052234962
-0.225672992866518402,-0.0842517963917167323,-3.99320494024771921,-1.35091299075891125,-4.32333778302782701
0.636402249153620092,0.128753298261775756,-3.51756615788233251,-1.26525621554343792,-2.25592786737013196
0.523861341568303884,1.48054994829766251,-1.66507857440238505,1.02817406436206027,-0.0093408297603704421
0.183897008435565695,0.760895344235191895,1.67460286516975243,2.48717616797909935,0.934304619411321591
2.44015850801250922,4.31176439376534493,1.71112538340454723,3.35243709305837267,2.83669795775434208
-1.66659920271167383,-1.82786101310462579,-0.135757568393499201,0.268064007983188524,-2.76108456447923212
1.02985311874949304,-0.313509050635260633,1.24362727491221414,2.10916443826653577,0.400043194717292439
2.80850860661148216,0.536448217162045382,1.27162953643866783,0.0787693805166859995,2.419818557763735
-0.464656588597781861,-1.26476591790813231,-0.474323125600586926,-0.239147903543642987,3.2714732256667971
-2.27347686042530572,-1.49216889292838206,-1.22935803023051893,-1.80689852436025289,2.30057405182088726
-2.06777465314330255,-0.854458977504196637,-1.73274896972142201,-1.68822539546236028,-0.44164345648951131
-1.45282089785257273,-0.371810881705450014,-1.33947932907587353,-0.762945597702662237,-4.79887600089505462
-1.069043954719199,3.59311006834235203,0.550439287675280942,0.572062411986829278,-3.96587884882004005
-0.37005418355308739,4.45381876279804167,1.81574147354732274,0.926692952507971013,-0.794330229567258517
1.73247759740665908,0.236364205110267789,0.250342065762281407,-0.885218470591052631,3.0873912442950866
1.02487992229042613,-0.605614504863880909,-1.0910422708503944,-0.162147019604519188,3.31399331622025262
3.55239362777713819,3.83654931115472442,1.43526274075704152,1.31941479354805735,0.21847538241840031
3.80067647199443481,0.863701601109546191,0.561146298239035723,0.9267848348755372,-0.501092579643711344
0.691955952205996039,-3.40915238383170038,-1.15129717310649515,-1.02938140813753676,-1.69760948704390424
-2.81639100942340104,-0.491869607950907894,-0.901724510127765,0.494526423147351402,-2.88038839177376316
-2.3552877941572441,1.38864182684430215,0.767302622976977156,0.626314164490794689,-1.53530564919803725
-0.59545935411093609,-2.53940715879260992,0.566964888522435095,0.653550519702272847,-0.120178579992808121
1.87327695344135225,-1.67521923207539802,0.0405679835211848888,-0.0427800351365339726,3.19171021849108882
2.62113975081643868,-0.0865831004175703772,-0.637644522085842103,0.181863963019352787,3.46728016309875153
1.08785440858497617,-0.816020112975564205,-0.351160863650445632,0.605749132429676873,-0.0902900405373850967
-2.10897086716114757,-2.31486822127412228,-0.419901848279646328,0.0782382240036047782,-1.64559103157905451
-3.20354645008787342,-2.0855278120541354,-1.03311664937825287,0.169260614105328971,3.13758319777896721
-3.00989570701760956,-1.48170564076721489,-0.978090578388046028,0.126362182486245506,0.341902531950142086
-2.54067207095711378,-1.10766879144482799,-0.543719406742152245,0.395890320553407449,-2.6291395189199358
-1.33972047522143356,-0.423671097086194604,0.443935251551060117,0.694320132857140782,1.73509483370584516
2.87942446432004528,1.58390603971285038,0.680513716316145878,3.96915481193806796,1.46961208780978669
2.88620083278708428,3.83079676314337192,1.62416701369081018,2.82233628550515903,1.26493902479891318
-0.884330831588041932,1.4903016742263655,1.05964117873966068,3.06948658765234894,-0.648410095295510192
-3.11886566150749145,-0.561104959582929386,0.194140560261393785,3.13182579459331523,-0.153229019509434239
-2.48914313284372568,0.323894366128914923,0.0341140009614102346,-2.9893453580003162,-0.0603130794522575286
-1.69588004942898296,2.57059057361983001,2.30271977175233067,0.738729364725702053,2.05991617233856017
-1.22538842825286975,-1.73464472717949159,3.42604006225402724,-0.720785333561050345,-0.800826518519161867
-0.729894480400928303,-3.0920574347879235,0.377717536783310714,0.875582416637528338,-2.68477098385899415
-0.48453321260411808,-1.44859589315283865,-2.60833388386002918,1.8459364344508058,-0.0864042616175838551
-0.17350976056979206,2.43786450297757273,-0.931715619738935352,-3.9760373630719088,0.261803609195873532
0.0299033088183645601,-0.167938619714781467,-0.224635982879864055,-5.21223700037281557,1.67796669080239069
0.397924402995112891,-0.977210614047859472,2.20729343595345506,-0.029603017854443997,1.15050428712777308
0.522575428116406004,2.85230165977521999,1.17330102848243878,-1.72919382944063837,1.2188431420563961
0.614806766501296509,0.433834895190246372,-1.62980428654450882,-2.87993246791933588,-3.01300915447129647
4.11266157332253091,3.46748704897219273,-0.159846655474355753,-0.555111086151017674,-1.48222203030740807
5.34019454876407895,1.82545848695219193,0.395819275934582382,-0.928039793156836046,2.93299018486305929
1.43574887484181657,-3.1654715562497584,-1.83044252091463866,-0.114997590736665461,1.13054533625898546
-0.731383016649155726,-3.88693875589567561,-2.61653946391245995,2.12637027361294262,1.93504858631220111
2.04868204866926762,-0.837425904676893151,-1.39632427890276833,3.54060987724750786,0.980011068543233055
3.47612165098036296,0.294069619467762278,0.670675317957225681,2.6850868489802977,-0.56885166366385298
-0.0787608193869407947,-1.59740624327285463,0.393360187367988223,-2.31700849831969391,-0.594298148091491285
-3.22191636860736974,-2.33456827117120724,-1.90235138373388324,-5.89941572414918269,-3.74096458737916393
-2.8195325498169046,1.62766723526266754,-0.688331513427615782,-0.576359005795648915,-5.68344345655789684
-1.66041548435401198,3.74218995895581497,1.38353501370482612,0.389938503915297496,-2.62401871760176686
2.6806635551552529,1.57624856014610271,1.13769291095689296,-0.877275272670839046,3.0346499872310968
-0.91778640788521737,-1.59655212083189069,-1.7198417579493479,-1.10443990655782009,-1.82578987607677301
1.0790801222534081,-0.918699705708655778,-0.997318371997084285,-0.495492023780736923,-0.673636782018416369
-0.403171042127471957,-0.378769668965966533,-0.864485543870466722,1.15483379866302416,0.0119290718796068729
-1.33134108720359956,-0.566162552887124138,-0.646623001791504559,0.811507180274904982,-0.361105185885585378
-0.72591804107292468,1.62285754093633638,0.445395052820899418,-2.02463172301230498,-1.37652515790309637
-0.360462829586248645,-0.242041057078417471,-0.318479492181475643,-2.31967588496345956,0.504599640505460689
0.0140032103537943708,0.304859033369179633,0.199224109086607953,-0.166925406257697195,1.60799238406008427
0.180690289365083911,1.89409253186582793,0.987661168735303741,0.38856980786613976,-0.914833953428515256
0.0625078207347082859,-0.84074211867128501,-0.327869001610644806,-0.683708108214797328,-0.886883184687996318
4.31533869756555966,2.97363245154240685,2.0140208269596398,1.44114483505724178,2.63692303185048926
0.756399284121334281,1.58928337378448159,1.99558813180922656,1.79294600501300194,3.6614384396986055
-1.60114916614630931,-2.8470505220813962,-1.30479408864775959,-0.916497031507108595,4.0992485414821429
3.42564049577240315,-1.29772880752379427,-0.597238318010503311,-0.252741422475922961,0.583711636398600242
1.62159334158619806,-0.510333050205218131,0.348147609213390274,0.995440952082182973,-2.30493728455275271
1.4193954931946049,-0.144703986276957769,1.66786677240240322,2.22477499944870605,3.33815533410428733
-0.306702690893757235,0.910150988199328714,4.15952942651519386,3.92147857554090296,3.78992793960596863
-0.865256634929125523,-0.416864124054984297,0.985995764206379355,2.06629824557739639,1.1717790494689353
1.85411355578871051,-0.672183073992974833,0.151671986143909004,0.63888521580798785,1.88517390097383752
-2.32550451152598958,-1.4152371117696918,0.153957571120694331,-0.0275617032414366969,-1.77193553851091568
-0.372456243136200849,-1.41672883534174643,-2.95884558959071775,-2.0587859400016626,-5.78357356858121197
-0.180461867714831747,-0.163246850514081665,-2.6232961392593781,-0.718513905000438768,-2.50961192286418378
-3.41736877408968764,-1.24549097955599031,-2.05851391670808548,3.23495339097045331,-1.98478682650442662
-0.217488694570271091,-0.0197444118637164212,-1.19903132947328461,-0.50563026752039697,-1.59619303204940421
-1.76177729619605561,-0.151846083835311174,1.16022491840063124,-1.23059163956398177,0.555181952209748308
-1.05841956836236295,-1.31544824083917367,-0.728153192269712091,-1.32334063676973424,3.15350922386913046
-1.3281912446626718,-0.690605267569836312,1.83654659530284614,1.48124788962263954,0.98912828848870249
-1.46312966190263416,-0.753808218310214495,-0.861244147725265474,-1.17249597957575102,-5.20339417837041385
-1.06675562079104025,-0.563144669592407054,-2.96297717716432318,0.174416327969813628,-4.15534143379076149
-0.671295796212452833,-0.339939024034663029,0.34823608523527072,4.07433450015466292,1.9307852622197923
-0.117490559991554444,-0.351749761934404659,2.60836287223166385,1.17310571154051324,-0.0428932226736240263
0.456850853739318996,-0.0430412673638190524,-0.220354079894185734,0.641541276770463131,-1.76322832029472143
4.45989083532018959,1.68771205679339054,-3.0202973863023832,-0.982352037835830361,1.39401784098162973
0.126133631343044506,1.03533892197778488,-2.08496201113877033,-4.80724484838806987,2.99006244888143913
-1.13598483933144312,0.841622203600794982,1.60870346850510382,1.94633728414174323,0.867127332076092161
2.19957102775078317,4.86175573994364285,2.2629547954266882,0.53817346876063743,-1.67835955202491394
2.20656262548132309,4.07292922562439941,-0.565668872138791246,0.0533881307478272782,2.633104621794216
-1.51395379342799474,-0.565201997964370983,-2.59644767848476743,0.579871963093676168,0.0261169984764918206
-1.61468202531959548,-3.72979566231806903,-2.44420622823436329,-0.330698901111181998,-0.331769229169740609
-0.434661665950273002,-2.29593494971911349,-1.58846128576005308,1.01580114764522556,1.42344610082109835
-0.26036951915115869,-1.35161401859243768,-1.29746117031315777,-0.697032293105253054,-1.59192817283465238
2.64574835697557242,-0.781166632242836223,-0.492511977783751997,-6.43361338366372415,-1.84615787537250653
1.02660373308214536,0.0107069981448751628,-0.173490597057709278,-3.11291977922794061,-0.615283816078432522
3.22730143243398837,-0.149621254158866762,0.0865885786114109213,-2.42764096507139593,-0.0033608498487920635
0.560196539603139865,-0.0102415085355956892,2.83055462972096761,-0.209529914983113963,-0.0765727345735582599
-2.81339232215129798,-1.14363325611452349,2.76710361447112296,-0.374432062232612162,2.48572699244553963
-1.40039199357437694,-1.17489694349275808,-1.97133655112012263,-3.21498140698784418,1.94827211341665141
-0.866690883264675804,2.31648096958282901,0.156076412691911665,0.149180630995521146,-3.07329525715232599
-0.545405332547178379,3.63680276534345115,2.64796408370601721,1.54416259836939762,-2.29497591701457582
-0.395081441009609513,2.5982755770217647,4.26729314122434289,2.88060107857168823,0.503028028020133244
-0.164879791737300163,-0.252532643788198619,0.934241291935983154,2.66848215636446096,0.475986698533610753
-1.87707284571531563,-2.08242933203739744,-2.28618094629695978,0.782455052819481356,-1.30263383790725018
-1.3255327679843476,-1.49021177446793684,-1.54573730660716291,2.99807777622578442,0.742925982131488305
-1.17230862594889951,-1.19956981555181397,-1.11804699371239935,-1.1493185177871923,0.516788511792863337
2.34052476461107162,1.48908988738437964,0.193702265324691314,-3.27581594490250971,1.06720196081811713
1.306505798339896,0.841307550218304057,0.617174623276840251,-1.55683435596257302,0.448865563758112096
2.07464419878298134,0.746196398352056534,0.324532412321699881,-1.09245426468590878,-1.72585544501447163
2.21748710206080535,1.53633434011841641,1.22621833765431787,-0.547274373232568778,-0.00271681737971078002
1.68174267306398595,1.78142871492701382,1.51711744883969701,3.03884472419575147,1.66898267117176591
-2.64721040566863586,-0.533667568332967912,-0.0950518642938431996,1.54822345153149277,-0.295561185544081617
-0.926705212262800337,-0.579524125037555793,-0.246155720840046055,-2.7100135386765527,-2.19327789724482081
-2.54918268852914487,-0.770824562065442365,3.56236836556150838,0.23886068344683048,-1.90921049254626496
0.947618984894377236,1.11861875988418769,2.57887515236439935,0.117560688850938871,-0.229308076718671733
3.25025451038168889,2.10756396628818843,-0.245547396946087682,-0.754522470575568982,1.38991819325655741
0.247228238599807415,0.728161467427667963,-0.620593633674272338,-0.52821836214441531,0.667676633025312549
-2.29618051519078659,-1.26455452236117871,-1.2047411729432711,2.33062589949852628,-0.287118558511227751
-1.93754049857786259,-0.916814738554048159,0.226376039319420685,0.00414547814423251934,-0.337155885097515762
-2.70766972628672686,-1.08192807423786119,4.42426159440831412,1.31025215444063958,-0.808176699926191011
-2.0711858142239441,-0.500978349556955083,2.68944986093524641,1.52681145307889388,2.21741827029342753
-1.40178773849229077,1.60255144916841474,-1.7945578257206376,-1.49362857067757071,1.27817347641444568
0.748868126737674666,2.48281382279190543,2.96395480252400167,1.37634220033027455,-1.5049578342718013
-0.0312047839526638504,-0.557483846340960598,2.78805720992449224,3.1203191003443651,0.556267841469867852
1.97441791279611878,2.65911071172701208,-0.45900041135272468,-0.142301964180285651,0.015998000588482518
3.88139081658520091,4.59364226818332977,2.21006656755554154,0.792744303099038983,1.88087130764039379
-0.790200285921304646,0.744421255311266128,0.342142935373787427,-0.632131727189384707,-0.190586897579680087
-3.00659194312701405,-2.72197207959604848,-6.12755679860492464,-3.35722427802792911,-3.74329170419272117
-1.10652270699136457,-3.53985093894444125,-7.9986859025038175,-2.87024507781463578,-2.48280864220184672
-1.13886716200400517,-0.428164953696525241,-2.86519480565363427,-1.56554206527977779,-1.2587838926056476
0.605349393536838143,1.3648526691399816,-0.0614219670709071214,-0.450055901651894297,-0.270045094366500094
-0.269393136829257529,-2.39648076346396044,-1.95719843941383531,-1.08611188881202092,-0.161608634188384476
-0.891626215101395392,-3.23752057123185732,-2.32030175133826955,0.580245607913246086,-0.315669674930150246
-0.0299060543020175928,0.973305855936547504,-0.845529353736177547,-0.151149865385267895,0.0907498161184423224
1.69198668882836745,-0.202447131233223276,-0.671222257787232657,-0.967390731915133584,1.02015452452185706
-0.468581892180290061,-1.25318317672516977,-1.34572240147817701,0.927579210766565132,1.14223640830692541
-0.358549635593056915,3.35989956519923494,2.11989917834573571,1.31220358442994867,0.0807478469659639042
0.218477412783421421,3.1501556015525316,3.10367583628054833,2.23904194625285591,0.92630724414875254
0.26879699910919802,1.96534397205535516,1.92140359076452816,2.71290110896755587,2.19701598548906674
4.13222864857450478,-0.722397976708204714,-0.415525358847424586,-1.64739232735416308,0.745142329988038754
4.62554403049895502,1.10228524690433716,0.779279110868593805,-0.800941858342454016,2.23632498320789974
3.52492276008431471,0.531402915181348412,1.26750058258198006,2.06466490128882674,2.78851257477562076
-1.0613635081283801,-0.628325187704075638,0.712909205718946892,-1.04949019863464632,-0.165194627122522142
-0.921520489674083176,-4.07497551594750895,2.41214262641136834,-0.0534034121573870035,1.0206309978973771
2.68706063639476822,-1.21448036924368941,2.96364718346770717,0.784215083633297172,3.94857073247060697
-0.401544756857443341,-1.90799810541635084,-2.51399627121738778,-2.02864577759092368,2.00586508412037778
-0.309992585788376351,-1.27552200623007828,-2.33693157860630585,-1.12078917804662037,-0.938972647300298391
-3.99523601555208785,-3.24471468582218936,-2.28476307153508351,2.24861386004043862,-4.20803601023174778
-3.72956042173511593,-2.74390078814512028,-2.6146440383191516,2.66325258646347063,-0.614747752247298385
0.503589994708171229,-0.29460074712377321,-0.924837134086182067,-1.83196770790198316,-0.918909943286891018
0.223797944306579344,0.899593188023738888,0.322313124625900838,-3.01957467687458214,-1.09556704238576663
-1.59691725024671971,3.44048755609394563,2.06866541268035631,0.288780272572378038,-3.84867613945966003
1.86751804718660108,1.64595454390717344,1.56341093545628973,0.87567790746911911,0.155524491889358102
-1.31392754502399578,-1.48916242535188381,-0.374664992367565231,-1.05270281300680546,-2.38120208183689863
-1.25582319595030611,-1.08528888441526949,-0.762426978789885856,-1.34713558196058214,-1.46780558457330579
-0.730184209228728398,-0.818078591164601465,-2.45472189142576092,-1.63826846713340113,3.16628955496588649
1.91860610574582857,0.542686924505507484,-1.26838800632669679,-0.925836586968306507,4.23545970056956289
3.0647716117606687,1.64716072280547032,0.309795195796509715,-0.0643337019755702705,2.83739383410487989
-1.37956582013474405,-0.540801104078590833,0.0449081012897400711,-0.00959318653176129132,-2.32461903648670098
-1.47263254234176211,-0.677364907038000452,4.06129204307767999,2.35499869626674041,-3.99151655329066601
1.17313670499974387,0.882976467100378914,2.41771367194990994,3.51503151338832431,1.85113200432076241
-1.36469972360699576,-0.489310374230089551,2.40431274809698214,3.84160132986045788,0.713813171999078566
-1.60294727572135765,2.40574560669759885,0.0838143760869602128,-1.05689020164711667,-3.00385646401727202
-0.62147913462765525,3.33733183279480006,-0.895814414751635368,-1.6826362184510093,-3.17284554353456594
4.07794419276996933,0.976474146633413698,1.39632506199889139,0.452895256241446387,3.2645558417655387
1.47318075608346888,-0.0247721316509894596,3.41736501338919352,4.38637296687389711,4.36817987196551805
-2.95693162491976835,-1.95476393555469019,-2.19542470662682065,2.31022296164811491,2.61697493122991043
-1.76799350602183813,-1.41929366899297826,-2.86038513063927713,-0.0429751318554658229,-2.02152319406321368
1.96434173030186709,0.334677335555310651,0.951391409411431743,-1.91583269758930008,-4.25437068300305832
1.38091189516668189,1.97835145908577492,-0.563451522487680823,-3.37779169989724792,-3.26367819235468692
-0.130513879314108489,4.00852376765727136,0.672152555465547863,-0.293065929584092444,-1.58791198857711802
0.508643183415698807,1.09835984512853302,1.86558332143262739,0.389091848111110805,-0.747276774460327253
-2.05261547617889217,-3.33661972525487505,2.41519435265251214,0.364697865512321695,-1.08401827839428955
-1.91145414646199208,-2.67791266501595926,0.392361275250918573,2.52630868021414967,2.29579648850151319
1.77682924741249315,-0.361014902518589142,1.00884103739818376,1.91192067866518234,3.80258853097421667
2.21594368031181288,0.397937788841809692,1.72595702312006116,0.325199387973729437,0.674338100248440986
-2.46738932112131826,-1.98947509720030724,-2.37941823283050535,-4.90352023012507221,-3.97033862379169822
-2.50462275540791302,-1.82249339554001644,1.15006133573266833,-1.72872778953252437,-2.76036886565347661
1.93300547956954416,0.642104569621626542,1.45412947008943405,-0.267006640522856109,0.180203482349361566
-0.907879974927061961,1.39873641735706911,-1.16873084533770744,-1.72604683104380174,-0.660696143515177248
-0.452905842827182492,3.42726539621057835,-2.4454284294830666,1.04978287652055724,0.49120776073979594
3.57754352152160582,1.39780702188301187,1.78224221361240387,0.68992213492648391,1.79462791534590527
-0.315086286110997538,-0.738133016479214921,1.67498441243102869,-0.772582075139509938,3.39821279651875185
-3.73177079870524064,0.848842718068506419,-1.69176405046841016,-2.25519338071196929,3.6820613622521714
-1.84011690860961807,-3.11941061280659415,-5.57219423422602134,-3.31067511659253144,2.42255262692897588
1.50875496750993987,-1.79700917190306408,-3.85975751718013571,-2.20614063642634584,-1.03158867661144815
0.157907332937394146,-1.03134653949565336,-1.89654666942303907,-1.44237015958688986,-4.55615544955736151
-0.944417449232254902,-1.49445390482491902,2.05591304663938024,1.20980416443482075,-2.26444505845783617
3.08252587360420893,1.07473076586042526,3.37887889210029257,2.29977115260016118,0.530437389433618067
-0.710487191924309536,1.5994319673864188,2.53500322909532505,1.57634622975998551,-0.654485770309084613
-3.27522669985091897,2.73059706511396083,0.196459851264558977,0.0969056575794395164,-1.72271869959072488
-1.62316208635409542,-0.727166769319601003,1.27257752440441352,1.18525122522276005,-0.909704647452168391
-1.10147899533595273,-1.25070838609062496,-0.676612216446930703,-0.459949319975472226,-0.724985401972417565
-0.848078193151494797,-2.70390412116348466,-2.26703650281116742,-0.73937770460315666,-0.795042448053592699
-0.64375901609014774,-1.88240280010294225,0.590339796234121694,0.938454719223610678,-0.179851473640156911
-0.204956104456701732,-0.661799748331724724,1.30237914256702014,1.07055671430441279,0.50782805079875426
-0.195858905336170203,2.2212792420101346,-1.97366349688924858,-0.691801559378024677,2.80392897165047295
1.15422308590084288,-0.364679866565098376,-4.08212410367280576,-1.15782879270757433,0.305709690647104571
2.26282401231863117,0.875423644721893823,-0.346371972078414081,4.89986031389577636,1.73048859000757416
-0.232602225635995058,-1.40049602326236244,0.852081417760105819,4.28846448942619141,2.12939422296674552
4.18899926177121973,1.1661809863912318,-0.957233077144064692,-1.60714101822268152,0.577287996426032901
3.43729041953336045,1.46250898591001421,-0.278801811381970799,-3.50226674691685202,0.151021096263963706
-0.296816228025460926,-0.597271908988616262,-0.441096715559091468,-1.50577064456375509,-1.00047834977729044
-1.26360156783300326,-1.81292827061641959,-1.92472460312237525,-1.87345651138863545,-2.65016233432503334
-0.948657044081330336,-1.48331082977791118,-1.54512964389920593,-1.57028972459975136,-2.02875514013852998
-0.601138774469544113,-0.641009463380027289,-0.742068656254532,-0.965498519648716691,-1.38557176192536136
-0.392999588647384768,-0.216776575288103984,-0.594924685438397605,-0.450994643709360599,-1.10301580790121379
-0.115138557253278206,-0.699858714042989383,0.811171072024776452,0.333223889793725858,0.15126532927470232
-0.1766026163420647,-0.352423326261243841,0.108471992268826242,-0.0466954604574281243,0.884881500555544043
1.56685218987268882,2.99535927909686839,2.65227546208127052,2.98607531470605547,2.29650679382978717
1.72538861014111533,1.8681469416634664,4.90720146357611497,5.75955720110468761,4.12820140424756321
0.0582158683261237361,-1.62615267212942305,2.73592624478220703,1.23070083669913699,1.02782893508080808
-0.559864721602503557,-0.90907329413305471,0.663653473230384705,-2.35309239715751639,1.38351048889273143
2.83518902290464281,2.22450760317438467,-2.70569364901589804,-1.36770716944515858,1.88138329607852928
0.964613093752192508,0.341187570161539222,-3.40468005515239458,-1.22312040139085454,1.01178212696460945
-0.950809934303078808,-1.54402898490213913,-2.28745425735490659,-0.0242860445220823909,-1.54283011388319702
1.05229625603955501,0.359924911169687611,-1.15540791999671999,-0.457046869242591081,0.300145475746835644
3.19565935058291783,2.02736756504236704,-0.456838640462576218,2.94617684688491011,3.03813172930541375
0.458994648790411242,0.0868159268415032159,-1.12972090273970638,2.69565895297268643,-0.598648121170014647
-2.3658775030734196,-1.37250156179951577,-1.59591205155335092,1.02946510449876127,-2.05328500343162146
-2.55777084442342861,3.12519477354031538,3.77443319573985159,-0.587402166340704524,0.427156056394373096
-0.962654159350505245,4.09922667210476455,5.10474040265099926,1.33135031921346503,1.34584496698255118
1.60063387382434152,2.48025745404150255,2.86773609257929563,0.61016682973165115,-0.826886158028267593
-0.623789358050605647,-2.80112213182891656,-2.15880144298245469,-2.79919321457223091,0.644035544332831056
-1.1609120795197625,-1.83842595991418012,-4.88120329165478317,-2.52051090410450396,1.71729575640337173
-1.7719604244239151,0.960611390178511271,-1.02201597801716471,-0.105124358954365532,-2.47909233894593983
-1.41665640193961262,-2.54251338230412571,-2.10391606520295227,2.95007062543889331,-1.75194296223877433
-1.15792168241234794,-3.49610901222461612,-2.5619972435400431,1.43490764691232164,-0.948419542152190931
-0.976722286608759371,-2.13663080632111235,2.93804324963523644,-0.773313194667473613,1.52746648356602077
-0.678712199711279607,0.0115575893400934604,1.63729108819526759,-2.25485591848408484,0.212215073288779255
0.666323235130952596,3.4873059866076046,-0.723064348107277488,0.183990520363771282,-1.21262266488078918
0.740248381251000009,0.365384582646495315,-1.21489738624659971,2.14000140616652512,1.74175673640765649
-0.0785688760314762757,-4.05788432989380965,-0.423229388779748084,-1.84067693643814478,-1.99376104073067095
3.38066958230373071,-0.414834235588167233,-1.40172808920825087,-2.51725141467097657,-2.83006305265073044
3.78282837144332884,0.917896220447147804,1.16062508465459913,2.70072326114808536,0.266791574409693755
1.69935830657926878,-0.744211658666124487,-0.50962457195799149,-1.3645699609029025,-2.02777858028540603
-1.95601894090780482,-2.49942264285728788,-3.11660023527817298,-7.60961092462224453,-3.56340440238057177
-2.79051805721016333,-1.93818509947958306,-1.87939415612548477,-2.72342866383477356,-3.99337881075900514
-2.15820079412701782,-1.09769439516499423,-0.78185007886867508,-1.17006899507827078,-3.36128017839422943
-1.5180280481828099,-0.348380298170243852,-0.474413977593380165,0.26946222489599353,-1.40361048146718037
-1.02543570091874359,3.92994373295886978,4.35398392745946516,4.00707291252274089,1.99692828552333301
-0.779073113616251312,3.45079468497476549,4.17726610347026117,1.25631790946079436,0.314274473041112723
-0.597250031084989641,-0.915797088592149366,-2.76554634917361986,-3.59925251359701326,-1.96939201088909233
-0.402707700707550409,1.52295626541504836,-0.716049447334467404,4.39096673568964757,2.5087523710864712
-0.0898183370955394911,0.953562962688339844,1.17277258337285262,1.87192518059695967,1.61407110094424633
0.168476393262335156,-3.66652750570004304,-2.01063460489009493,-5.53935500691252969,-1.84581668634974405
1.64476588216562547,-2.50857569514542833,-1.33790357592176656,-1.41369694636210164,2.24207648218901268
3.97997719688876916,0.280349366782687293,0.436527222167316487,2.83890927097316492,4.02908152167094347
3.44072145751911052,0.346474338240404522,0.425975011207720133,3.02390938518521768,3.24669412030631754
0.0958514137228714813,-1.23599744118704558,-0.392828256316361368,-2.4698413320940813,1.42314157560339472
-0.860027829173676372,2.22640516746339845,1.90525817479954163,0.0827161049729430164,3.11910630163848213
-0.981856838668265453,2.83156445656317768,4.90630431635316366,2.98422067045214945,0.181539334640444749
-1.13776912273086994,2.00757993422571346,1.27859739194020183,0.562771042814205535,-3.09214764547799881
-1.07041450830102436,-1.656589571829858,-1.66384765110357935,-2.53329349387439384,-1.87306550733418642
-0.827633931083692542,1.06867521668231813,-0.274546167919624495,0.645184958881851345,1.89128663962660992
-0.880477774842045258,3.04296485387332538,2.44802318618188419,3.37486362773073179,0.00184548561834502536
-0.441090567414688883,-1.44067810648967609,2.31779034190443189,3.69671258745069897,0.320064997649310456
0.302324151337629465,-2.4951796501439234,0.920075459200001444,1.06949590616471579,1.54839088024327398
0.139358649688619524,-0.932944618065982056,-2.05656829120225204,-5.85536123308283152,0.399400463840226205
-0.0788331590828214163,-0.690104674669223317,-2.27960232073938451,-4.7197127919352333,-2.92150352737524033
0.0673413479674006415,-0.358818871271414763,-1.18768894560240779,2.48337089852175597,-1.1935203491104478
0.196720184855685071,-0.151141974356469838,-1.03021544051753833,3.13347087309123973,0.539200156519533347
0.401067707909175897,0.284837867959812141,-0.75968960279304254,-0.667134604397967901,-0.390551180840836176
0.357669151773189919,0.709081707074824874,-0.186809215798670852,-3.8225525981806574,-1.80346772659185284
0.469728351172913672,0.664996780107616314,0.00430882329119861018,-3.18927281359629555,-1.45594519472269623
0.307244927887491026,0.335601868043007845,1.2790769695893065,-0.367807299340764282,-0.463569430652591707
1.84167860739224287,2.08230068698421356,2.61802903151097732,0.143269037760484746,0.744157836295992636
2.53410397441930701,2.36342785871047356,0.498720486113677697,-1.57187425748142684,0.889882582709149106
2.63731156877241846,1.39877062378950612,-0.0940750093154220368,-1.01988654626046782,1.64561042079351849
-0.0530875831876581467,-0.198184200645718539,0.544957740827295534,0.177954044851292986,-0.331041289310877174
-1.11594638253497291,0.394142652959370676,4.01313764431997999,3.05827462141347395,0.290444698713089089
1.28678018454162824,5.11965493609947675,3.51648791592530374,3.38559614211940252,2.22691897354131818
3.85440314635704029,5.24432044906062345,1.03391879958944144,4.40708112169770061,4.62266900772328881
2.77909299405963273,3.54079693543417662,1.34220984896150553,1.9246461921199074,4.93973355965084604
1.89573223204376662,1.72807895205795314,1.39462452397015779,-2.20487913999201446,2.86195523001868324
-1.38766544437175843,-1.72282914825329159,-2.03584039381462834,-3.46541089360560095,-0.454905475804777026
-4.03392421334860707,-4.34773226492302278,-3.12816489707768053,-2.52882473290270982,-0.638278679002806992
-3.89305181516285304,-4.60587506455254925,-2.57785525731372189,-2.25638752891658356,1.00333912617857801
-2.94886132066461704,-3.12924142149188267,-2.11291657294298485,-1.5102194183421338,-0.385091410549955659
-2.51596044040784017,-2.44668844887880343,-1.70389432194249957,-0.969684253796932238,-4.81715078287790277
-1.67511067815188075,-2.0096739809373636,-0.152024794669234936,0.480534685942931694,-3.81657725431007755
-1.29307728440398173,-1.53654179869390162,3.30334831581710509,2.84833309455871619,-1.62298047438609294
-0.667063935717981948,0.366527215300218034,3.13461717289349018,4.54388544469483868,-0.875534814003089856
3.14419997431818921,4.30098685243338874,2.88118163633348701,4.64082316382486582,1.51484961667740392
0.477683156936518638,3.4139439201343933,1.39736997788062922,2.36239982110989066,-0.251845528777571159
-1.95660742387506481,-1.01653497867705256,-3.57447379609681359,-1.3823710720060538,-2.66956390874057581
-1.79365306327816154,-1.34594280285386536,-2.95467155840177798,-5.12484328062284256,-3.52253883339381391
-1.13108771452470291,2.25448668258406615,-0.128337990031244603,-1.75027377614857338,-1.79921675866087671
-0.896773302603688705,-1.38769512940619988,-1.87511643803785777,-2.53599297043802352,-1.54980977254616081
-0.287758711421492896,-4.27015755097174843,-3.05352544473366239,-2.86174981626390723,3.30863497971282072
3.71907025442868777,1.28467373695913545,0.0649893338170512008,-0.43986806950034707,2.28314512252139945
1.09171343651375308,-0.321739157283062904,-0.610724840153672344,-1.19863501226338376,-2.09457717139093091
-1.18982746573841247,-2.9264257882489586,-2.04730091951538018,-1.94750561888850515,-2.9143481790643837
-1.06769449803313643,-1.95269778289047458,1.15833395576988107,0.95589064425948822,3.25789848875812105
-0.643155719243024948,2.86299339689064292,3.91568790476009276,5.38424359482349146,2.82979289401553924
-0.235297442925264028,3.93104209811476357,1.37451442722262729,2.76934938110964746,-0.351830098824513104
2.65410421046066736,2.74202207558710409,-0.200586517310731655,-2.79858555811227561,-0.909150503824343259
4.55879671552650123,-0.0873547084266591833,-0.385981268244869336,-2.53077336618706061,1.15100320318117011
3.90244937691786697,-0.274825185807005545,0.524770385008106244,0.561465293743901861,1.52342869844992035
0.573936345623080713,-0.264190101396768795,2.70432120706836265,2.79513456726702492,2.23473644532890825
-2.4677741318491786,-3.03075680887651,-1.90614758164278708,2.6983290393489634,-0.602218318214775006
-2.80332724221606222,-3.0741801061264078,-3.32424048759342261,1.75134864215717845,-1.29394757782522007
-1.83735489651879624,-1.45960347067261398,-1.0856493634411073,-0.0387572385072104397,-1.0261597596304457
-0.949922618966086985,-1.64986274558580437,-1.34970696534567525,0.524018892109340939,-1.33023090461516702
-0.464552839767210068,-1.13721479124795288,-0.969959453256527548,3.95324464665375164,1.48804747342089083
0.326425793394443164,-0.585308733244720325,-0.63337453542654909,2.42666858967478927,1.89734547340145943
0.146149485760193626,-0.409655606807460493,-0.388477328061018257,-3.55542357834801637,-1.93502125190642627
0.112949786915497841,-0.0745549232460348821,-0.0380743676223681965,-4.37847639176488723,-3.29549246902810422
-0.467298681524589976,-0.283060269884456761,-0.0838209369750361616,-2.16601282966380237,-1.75770509642867179
1.07313135650660496,1.98849576604092948,0.683450283184659391,-1.01256242564694232,1.14829857473898822
2.98221731928366385,4.67029063668004518,3.1842447506351248,2.91112898431065936,3.21098697601111471
-0.778773268124144935,3.39658068043837824,3.05420701460540478,3.46457579346203914,0.494740375491241113
-2.04008326758259262,2.46354724740166109,1.29466120301803089,3.41083464557747584,1.06756178394829071
0.391331113569095557,0.180144743308019745,1.46642595183043012,2.5358762379802644,3.55277938786199909
0.509388612958452391,-2.93002330062451577,-1.08164511545697439,-0.794587873935167943,2.98303755922227287
-1.23467031524591997,-3.48209550269065726,-1.89671224829023144,-5.87680583752427932,-2.88105735573355393
-1.19564416487115932,-2.72469058553750809,-1.38411476675288303,-4.3371376257642309,-6.13559928343717687
-0.751136823922892383,-2.23468432732810296,-0.871564378566236253,-0.581600756493513393,-1.35176179610572245
-0.360887383446742316,-1.51879485636744582,-0.629950854766843427,-1.78384742326567203,1.230716733903918
-0.388766168688912672,1.18680912264353311,0.0776291481714323633,-1.69510826299659123,-1.65498480368961176
-0.0925946163807680467,3.14529928865349273,2.97170755299529299,0.313250537069036605,-1.47556190223164041
-0.131441840013367339,0.403494262306787532,3.4756793897142404,0.611625180895678189,-0.873085795236396067
0.104119668334564208,-1.33815405362406392,0.831783498144732847,-0.489651480890571422,-1.15371501955882083
0.259138109203373657,-2.13723675687128001,-2.16831523026837125,-1.46044121073050848,-1.13650800740474978
0.422675958142627484,1.64749954947909205,-0.676745208228716644,0.348711548635239121,0.257688875545690477
0.106046209716138651,0.00504758586605710824,-0.519196633536877616,1.33576897940275519,5.01679831525984987
0.171843469676697724,-2.15543132503546442,-1.81879273624494542,-0.502971974937196142,3.0589440634930023
0.28863109036422363,-2.18125537747839182,-1.53624317964238588,0.710896957694506337,-2.03744810846251401
0.338874562974081472,-1.51056361784917592,-0.847529859616307113,0.601442024980247014,-2.91647668741587696
3.54287518416572045,0.598596263995861744,4.09150745734833077,5.60771206260095045,3.33588222419284097
5.00652148174057121,1.64778627804847977,4.66227653619140181,3.22558779305729093,2.99788663921704757
3.4875097301118867,1.43495572082599132,2.88832827725113583,3.22953366691238086,2.82568750478895403
0.653636646597806736,0.151656282250887314,0.128391006419018849,0.746454508425187013,-0.392767453416781043
-3.42720004343024609,-1.5428387576487046,-0.102246487664118854,-2.48136591841669985,-3.92219960528229272
-3.55871480889820457,-1.13126220200101923,-3.51208843052760367,-3.42280349235099335,-3.24373379462261369
-1.52889869395935496,2.18279855831710146,-2.86713785949147626,-1.56641657414935453,-1.52191918116963842
-1.15301543529231698,-0.0828114960488076646,-2.68342644514839357,-1.46723491099906522,-1.21535562090746829
-2.11462829754086457,-1.28916621223036643,-2.70036608924882104,-1.25657254840326282,0.656149067369248939
-1.63862778943764331,-1.13664841377214154,-2.19099397280996211,-0.742569645316368598,2.27124613362356742
-1.23708032894339337,-0.716816423288136328,-1.53785299749434801,3.29271277938230922,4.19084381147903695
-0.997253326006217078,-0.333046297616845677,-1.03208648541284376,3.55924891496631357,0.810042369826681985
-0.600668708491953418,0.00860928937165880703,3.30599113616575524,0.716264029081180142,-3.3006634275466098
-0.0890885548963499252,0.181556850253260599,1.84048294272748159,-2.16883838071491697,0.865473864102294654
-0.110254260814428906,0.207770834787469688,-1.79888850272634437,-2.34456437520343508,0.214608276903855921
-0.45428727063849994,2.2280489233102756,-1.09759074713820226,-1.0299465398909915,-3.67947142480053602
-0.244866199672176599,2.75524084895629029,0.251016063186689176,-0.425675188002620386,-2.65367046506373061
-0.25305276461262638,3.99151297576012087,3.9801751092941231,3.14046281666684957,0.638342541906773864
3.31750288236830482,2.57429381923365197,2.30243680399897332,2.08215046148182603,1.20388900618462347
4.65751010541675825,0.0803070398509027894,-1.06279859286544243,1.24730769027346899,1.66709285569578292
-0.0109378630760349482,-1.9765284555722451,-1.95712805493264153,-2.97010069678445321,-2.45173968234329953
-2.54369376224615618,-0.675354490490373882,-0.924322272844794068,-2.0064606355742014,-2.73067440324250255
1.24458974029631442,0.109121160101576659,0.404722791555805761,-0.979509939715333511,4.08667756487733946
-0.325028211006167633,-2.0024042057898459,-0.533966180075128749,1.50120877618954029,3.87607608718313967
-0.99476917761460526,-1.59679016299786269,-0.487258069976175101,-1.45317537737510349,-1.54414609843357753
4.15699680712595665,0.934334710567068405,0.0808975160252695807,-0.685130907426927505,1.16698510353215901
3.30812694865042323,3.40680599569579545,1.0647153542787624,-0.000579073658188322682,1.83124110858543521
-3.82397786171517007,1.3234766921569916,0.253196036235878108,-0.29754061018958522,-1.88525132908733228
-4.08739366617287381,-2.86135895775616556,-1.82768817310814402,-0.71233021481614156,-2.85267822418962957
-1.47934126776163621,-2.66468658820486981,-1.63840664141740122,-0.487894398411149122,-0.998194273086161155
-0.62599714479660018,-1.48031535520998525,-1.0927165080489265,-0.211338579425200623,0.269096809136883497
2.15929096482206129,0.161649146988097459,-0.163509411245871983,0.337569085442386396,3.62396894787451407
0.513628836310884962,-0.21670492549468634,-0.045494309059095614,0.517551359223965002,-0.420156030793943147
-2.14968402485627541,-0.589051962753910807,0.0308380480504548277,0.383406860287304085,-1.83694399850850809
-1.8287783797966557,0.305936674324126856,3.99282452865082282,2.39620349332599325,4.09037434902279706
-0.747647970108373805,0.639303333075833646,1.38476426527643204,0.763521262377057863,4.25382243656071335
-0.248000451784202991,-0.826867179742631353,-0.338242294769764362,0.430513309562929103,0.259325338993418364
2.31642471479800749,0.186803088502488945,-0.525873190813018532,0.591103418490143917,-3.34791773563346196
-0.917558021707100879,2.69315870270072777,0.940598505107444582,1.04419535045748635,-2.40923430515861359
-1.21126264643293946,3.30282087493763132,2.7043228212455892,2.19095663170827981,-0.985513762086113521
2.65714299232189211,3.25151857972587344,4.8879158189480254,3.71063288391134272,0.670545269786372411
4.8914132412741278,2.75922673947042219,3.56985629782842562,2.26445124004371134,2.48302676641375397
2.96953463726449574,1.13884661375620322,-0.0960421536245217727,-0.130622788714234939,0.953759474758593018
0.596106485361911576,-2.3860146740162711,-3.19832669763194843,-1.28072036786220611,-0.754223119601515557
-3.78491153708595851,-3.89903992244759312,-2.22016120540250395,-0.463175495587720198,-3.01524957782247771
2.62346115202289809,1.18733620853507205,-0.250583453420651303,0.139214003369937278,0.872198717474883201
1.23628573599217995,-1.14418200397698566,1.80608320044562687,1.36497042968493831,2.49463727637504551
-5.36567646005900123,-2.07899857022817969,-0.214788182861825494,1.25683936370318783,-2.23592892773528806
-4.32213625317166539,0.0215024995568436975,-0.110282028544864949,2.24808719804459711,-1.31328776572525507
-1.88015057910787609,1.07562683680639637,-0.80956592913974057,-1.00131820358284473,2.61952869272856592
1.89820035231041362,-0.991608332910317691,0.594846405638813636,0.863320340171656153,3.64768597674905459
0.299089230514792581,-3.50022749575866943,-0.029937799296937892,1.57462909523769845,1.79580692910739081
-3.40358028596995732,-4.0842436445929291,-1.83298070140137392,-1.30192446207023371,-5.50390502422919603
-2.08227504376509387,-2.64583371354892316,-4.70054683619236524,-3.78793271464746839,-5.79275040498107785
-0.776114545947482526,-2.13980353862056916,-4.51633306941261115,-3.17362178547028506,-1.64384859958119423
0.749493112180366294,-1.11078050353222291,-1.51044022502195929,-1.35147969736091289,-0.884884596778086618
-0.52364549059089005,-0.861950871425681275,1.63560026549618698,0.0434843608037036311,-0.710637763087511476
-0.731714269395461026,-0.767451997069805381,-1.54041688175876113,-0.46683003278903501,-0.910244909749201248
-0.187983334590854756,-0.249102419621804461,-2.97136174087383598,-0.268393236768155241,-0.395692636489448746
-0.212553471240583158,0.0528033607905201777,-2.09205202391931167,3.50612497737377193,1.87398477751616843
3.76255046926319592,1.12574559654220696,-0.704939998629654729,2.77642894496226633,2.66912272062108302
2.5869356982234728,2.17618741120201298,0.178622396698915276,-1.98422188426725121,1.14285905695188372
-2.11995640973578459,4.49937168535366894,2.03227339920352046,-1.94292609679418993,-2.00872564246955987
-1.46261394321750049,1.08956525603384291,0.614387438059073698,-1.82275815529253737,-0.87369442663867225
-0.0616899369074969672,-1.37967964186578085,1.85458007863470087,2.06957940921201544,1.07251208820229915
-0.0896977523753800798,-0.447847225674948723,4.48491514776499134,3.5836305712820824,2.82976589398745881
-0.0850752158909899303,0.0539818219566296012,0.986350182405493658,1.7097061306020751,1.42050923484141811
0.198244626428614901,0.22856866681809207,-1.62220693510201741,0.641028548882743743,0.448008452089536324
0.314366062977884664,0.332442530145227733,-1.30307960493439934,0.266913952103194352,0.632888747263756213
0.318371848723474848,0.477679574477999025,-0.456744488833627005,0.030671079087075559,0.593235940378454396
1.95010680827170169,0.825223103934148994,0.0125235740541520119,-0.238113449282362111,0.545567010720339529
5.11814601370008226,2.24587073035268681,1.17601122389076673,-4.04224707596324961,0.531148391401519038
3.52808336411020473,2.42423515672071677,1.30191149746786072,-5.38126392012550792,0.0635608662667625224
-2.94781496085063388,0.00251809632347533424,0.711944553034101979,-4.21919477147105315,-2.5320572254744329
-1.29481023187203181,-1.21715540981834458,-1.97566798961592638,0.608872834000605212,-1.65560309499573144
2.14760003281315193,0.639925720228528228,1.92328358617183848,3.10024835484234895,1.58430895155405338
2.04869402143248802,0.890318455922953222,0.85211267420436565,-1.43788190246815928,1.51351070644011498
0.546736549229281166,-0.0956228947134933061,-1.77203460296342818,-2.86598870344481771,0.931310555783731786
-2.43030094914540218,-1.36893619474218742,-1.93889970471210171,-1.72458951169050079,0.404572402511330365
1.31009814712022754,0.831217982422057577,-0.688024316332671804,-0.963929326483179638,-0.269401866849371396
2.25063795019160873,1.12623556653157464,2.69992346587186693,1.23219675372216808,1.45834160899630794
-2.19543659953154613,3.53100495443069518,2.83401498694229081,1.15019455552921257,-1.08537863922787059
-2.49187165404494637,2.9828084519664344,0.456052449999640452,0.638401726095597866,-2.33866289844581221
-1.14127448296473388,-2.47747826581434083,-1.927663104483752,0.805234965139303926,-0.872790037219024817
-0.877113608307884207,-3.29453313047593399,-2.27409872577134964,-1.79307761035246616,-1.25099170629941492
-0.467525012494082959,-1.38824062161458639,-1.41467638934523743,-1.4438122526880186,-1.01924625486003118
-0.141293690899675889,-0.784835041072602269,-0.791441485185936155,-0.560705029321345139,-0.515081386487152515
0.209250929226572208,-0.300393705787340815,2.86125865187203354,2.78445028878646061,2.0517854605588326
0.158530270435908754,-0.288399433674580652,2.50386020581034208,3.43737100004621121,4.27963463895344809
0.625421265688360095,0.134016552183440135,-0.784369275365600416,2.04778629889014674,1.80141903149682348
2.42836008518529889,1.08881335021022463,-1.63328492081094989,-1.99130320161751206,0.916884877305773394
0.288079516790885504,0.0694170383591185269,-0.345250046849179926,-0.758224172279254427,1.96482808161222211
0.638821014487386152,2.38558221937397796,3.99246569872949619,1.18171688134811004,-0.155902733539854621
4.68008617503136204,6.04675193978397729,3.7400872166909962,1.13008886787004181,1.21726473736654395
2.10023021677246957,3.48370704026978029,0.719840325268157999,0.43489535786917688,0.570702253463528431
-1.75327110413135046,-3.09646134348629776,-0.977101607486020152,2.39491576619504132,0.229963501069836262
-1.11719275200525825,-3.21231918835760455,-2.86846764063110626,-0.620485063375877055,-0.97980798445857753
1.99645381653589871,0.428833045662929679,-1.05366968736453126,-1.11092521048887494,0.0659924586168981198
1.9069569378128739,0.360649094133882575,-0.327998598367056915,-2.08048950787287978,1.10162450524276645
-0.789529981568443229,-0.778285604975080925,-2.44948781028322626,-2.66823441727417521,-1.36866788073964063
2.75446739732723689,1.85535467877286253,-1.6306219210863655,-1.05782855959009447,-0.20091156980038416
3.11917785739062303,4.09989252184601671,0.839277286927208821,-0.27495228591985621,1.2332793371626356
1.31221516643001923,2.36535063862813555,0.134133932311153808,0.298253100526095549,0.814019175446135224
-2.34914316503524123,3.16773373152851612,0.811600486393895815,1.26449402913085085,2.29380380292636543
-3.49318557898814008,-0.279038263768591199,0.138347426905700094,-1.21229227360483116,3.03931602191183003
1.65430465669819249,-2.57174873687978245,-1.66872815723133794,-1.82387969411455586,2.11236430956691423
2.3891549745601397,2.16247935577200856,0.18818354638618176,1.63675050151711132,-0.0900569487444627947
1.26027367797452161,2.8758827569690526,1.97298727245206384,0.825823723789874897,-1.30574815304157843
0.249144460959331765,-0.0187633341860774239,0.785065442606574404,-0.51218463219028898,-0.916124834322698978
-2.76130406871979961,-6.1253621918681489,-2.15294989607847276,0.39755971181073102,0.781055729340367377
0.732130446378747801,-3.04700774606200353,-1.41254912346786021,2.8233891268125979,0.0914854447751797251
-1.85986966825300781,-3.00851283955824833,1.00258453059463171,-0.511239592674652132,0.619767008781307971
-4.51618537077089588,-3.69826628615544006,-1.40880022568498009,-2.86454593162193216,-0.0545772617530789761
-3.17731237333801886,-2.98067066819383975,-2.29288559912634948,-1.5878637013620398,-2.04566755926380672
-2.31077251462320099,-2.05153529812037405,-0.504246663218099078,3.00719994976843452,-0.214903108063308257
-1.78163937045263765,-1.47184193335248725,2.15122806758662666,1.56558585262468397,-3.01015135214628815
-0.538519726543461474,-0.427884031085963401,2.39975587662281509,1.96431223340371441,-3.01038500564366851
3.60305616995403533,2.08955693732283709,-0.757130610975111473,-0.133319886819829342,-0.80222480527652984
2.87409613811080611,2.58612398498369522,-0.540255121015480899,-2.30885676272600948,-0.559852684753265328
-1.78870839434638729,-0.733341266237164224,-0.914886843745135625,-1.99569484845592648,-2.50463795440968129
-2.31378780741608914,-1.52288296852701777,0.746148305494688135,-0.0925694614125530391,-2.65843463161265925
-1.0083228542027689,-0.148756572579678753,3.85139159557378719,1.6074602852343749,-0.967603114143044674
-0.463078874119947748,0.377855562482466101,1.56569401584169965,0.195557806618029878,-0.43267121484784965
-0.222528040762474205,0.808761391322044498,-2.66410698006078617,-2.13788643172129555,-0.791749919938156688
-0.713156884923254908,-0.868479394275579963,-1.62173227871175163,-2.09809874427145937,-2.46873699567046812
3.81117052934412381,0.609210345939486753,-0.995983440877158954,-1.64305465248796612,-0.167979778249625122
3.09329242806234594,0.558309791672891298,-0.639983959946015424,-1.09976983985168753,2.62277879743435882
-2.57519697461451536,-0.965339583546358848,-0.61876339205902553,-0.729496109632785328,0.347460864214200194
-3.50075914859292636,-0.242800860021126941,-0.626989116468200991,3.67437734485526901,-1.46982200444233491
-1.3135357275533297,1.30261394300932509,1.18858350524460032,4.51626342682446325,2.26720384668799246
-0.982807353101508019,-1.04952803073615653,4.47744887879556419,2.42181861404818211,3.32862465422399012
0.485218155327651557,-0.690921088426073027,4.16460711371724024,0.0333838284466237978,0.805909320669553342
-0.996308783734572989,-0.597915243638560967,2.42786753244613074,-0.483823515440575669,-2.82791522001450879
-1.05041501834701179,-0.718855980753211665,-1.96379113402480465,-2.56391774074400836,-0.61672747432287145
1.31384282908873429,1.43523698764750707,-3.85238902420508245,1.24161640043539601,2.68862986768484413
4.24334436787385894,4.54925492918877428,-1.47614858331534204,0.179843882527323085,0.579491259026337024
-0.516819297946912615,0.308703966866395119,-1.71733400188025476,-3.35131177831326088,-3.54685011607213374
-0.348007356635573362,1.75204279718584055,-1.27872684801180814,-2.70574585490395769,-3.12541699887993385
1.57267229254234508,1.20208785771387872,1.57273379128352087,-0.247090454160841855,0.899613373836128494
1.63456473592388707,-1.50263636157206193,-1.04167814157687322,0.121932899167576825,-0.724902689481358831
0.928506456246940948,-1.42152846568938163,-1.21146628530263478,3.10446091011876746,0.649485904070765452
0.672992549425343034,-1.07417782052069666,-1.55610004440042582,1.54756470576829708,1.25920257248711187
-3.14666944985754427,-1.73662523311246231,-2.12298904042390602,-3.08644550093755399,1.1188565807973172
-3.74076295188890162,-1.86026177901950729,-1.7333640578583529,-3.95025828401618551,-1.85668121406761522
-1.32436013540162301,-1.11799097381030599,-1.38872172693989415,-1.32817699076182594,-3.42741465413478874
-0.0115729992541004703,2.19815801574149683,-0.0647874843202878858,-1.14563643892204192,0.996456916906811152
-2.42990956508819211,2.78767009416465905,0.658026686481251177,-0.857902759761400291,1.78708084710138349
-2.11878028603452817,-1.12508281684729328,-0.197833302159890118,-1.02243844106798898,0.92066295252697361
-1.09482487092676561,-2.59435424228332856,-0.93664976727619742,-0.866360312793038934,-1.15266433960572257
-0.489680161004253378,-1.65749809838566242,-0.552084057923707072,-0.649665151998646384,-3.79887005868641703
-0.579333753570807297,-1.21941026930540586,-0.0674611128660343728,-0.121884414589716994,-3.21486705918715865
-0.203224775272342811,-0.762176556190322541,0.105633882708872001,-0.0515223831223347029,-0.270923230122974978
-0.0999688066825625554,-0.596196631253733567,0.228525374197538073,0.561195990098705022,-0.307846453430458078
0.293000163501093036,-0.303691398367600507,0.258339880413065326,0.304270608759409256,2.09344123297032692
1.74363715014670562,0.261604182580135292,0.718937056706943856,1.47378542323871153,1.32920721252907348
4.32741220356765055,1.50050103884226482,2.91727378582524866,2.33170840557917769,1.88894541443940622
2.6869516063471135,1.02442642293460962,0.848298910556262054,0.787379183804678973,-0.584470035225149509
-2.06763102593759385,-0.0890631407583793999,-0.475464121438624265,3.10083622245550039,-1.95633584898866664
-1.40744721995601196,-0.139354044160074797,-0.358487311223461114,5.0573303419090232,-0.407214685815343425
-0.378490419930330946,2.88329173868377486,0.508580528024768164,2.4291924943298544,-0.227759259900558841
-0.188356841516319234,3.18400623634444013,3.14125485811283189,-0.632318598772081852,-1.49129959946230284
0.0504289596739012844,2.03064087879341448,2.77800747830197636,-0.89354826977292523,0.205516477386608665
0.100537588825631824,0.205343264965409333,-0.530868348881184837,0.0190767121775171078,-0.282928186799699166
0.108717568098296496,1.03807269548254011,2.96096357462622128,2.63338510827253724,0.758259039128595269
0.15056562953550548,1.30763049959513911,3.42172253650226343,0.66212289358872034,0.506075435409711449
0.342386882879869736,-0.0506613105520640136,-0.856863329583558486,-2.61104850997456772,-0.522783407717363202
0.559365954833271783,-2.68393569179630154,-4.46125086223062084,-3.82928050038895007,-0.78327174803711519
0.3928690081679449,-2.48037801813857994,-3.70935932504805832,-0.585276933725560666,0.136608832625501886
0.516780595583718139,-1.65387636693979467,-2.37040763128627541,2.46364101605919927,2.054231344379434
0.396260457144693601,-0.798239770092086021,-1.71478310193448857,1.70841980821844119,1.99043972110348766
0.337887440487009361,0.348762791896816582,-0.239847412260559834,0.270850723398947557,1.50768652229864597
1.39310776696699556,-0.383349383001152733,3.37741815849717142,-1.32144506415824958,0.865635979475451789
0.284207955801235368,1.08796667250701606,2.9058297852264503,-1.52672657078628848,0.692035523514157314
-0.161701467624382839,-1.19120659856254996,1.72225492676656344,-1.24221312872642375,0.934140565386397448
-1.25509355723207983,-2.05836759996321916,-1.98614294393362512,-1.96104752731359389,-2.78275104867800627
-0.965531983651714443,0.300911932554109529,-0.947692604408530537,-1.1674260023600922,-2.19422009291891529
2.22420123712633666,4.45897872947028961,1.71078644592821094,-0.126618733571138897,0.159971631433831141
3.68760398881657681,1.59299237164939789,0.417127696454383579,-0.26678013965372277,1.77838108927880523
3.48301248304499422,2.46731959269747669,3.45410764786306013,2.11962723124493468,2.5790753027171891
-1.00428049234330485,2.27877338991629763,2.9082206442549694,3.42195349437455443,3.07078759769688237
-1.83281861059129003,-1.87563339848188737,1.35914752670058148,0.928270631208080621,3.78544680451720783
0.660024084393025401,-3.79989223571936785,-1.21350619575517671,-2.05315374385589999,-0.611434579423483449
-2.92895955128867769,-3.91731053683966302,-4.36370357642430395,-1.96923738692704653,-2.99704137471719889
-3.35764891227778817,-2.97351436702076377,0.0556789169034085374,-0.542122530091261767,-1.10638125656915043
-1.7474496938881019,-2.02316012097079723,2.53981164793469461,1.00208153405476441,0.940342873162610338
-0.769680303410154698,-1.34852410332127692,0.938414595019056552,0.151822328332266443,-1.54597748999515949
0.910925767515903706,-0.175740552018844975,-3.95608467514428153,-1.51189159961749287,-2.99056901733141922
-1.26153467151917642,-0.772192654346998908,-4.15205451537572312,1.37129365904406919,-1.52471613264032912
-1.49804431552842621,-0.602280738689469852,-1.3821090425056255,-0.996089693327228298,-1.71756478099366805
-0.495483408453934127,-0.169949754746800408,-1.22736317898572089,-1.60600368926933568,-1.75673781612572566
-0.24580120470779529,0.212318756220649107,-1.28191579486043805,-1.10984909200722948,0.870268120933415545
-0.179260677256885631,2.28685168097800906,-0.0493260965725772493,2.11802114453224188,5.07587297297726714
2.61432199783104346,6.28324844478009936,2.75335682868177756,3.23101746616927743,5.26633797684719518
1.08646953567445159,1.77529195445026367,0.403457004841594413,-0.939850994521666872,2.70324245414086617
-1.19361456433981616,-3.09857478971325362,-1.74790294463239948,3.02828695603556453,2.33888749933387841
0.386244067267835112,-1.12863855210369457,-0.140858129259414433,3.22461479198392142,1.89096435445608679
1.48045515620614365,3.37372893258519069,4.30222950715282426,-0.384920484191326462,1.00683092576683975
-0.267833282675425943,0.418681669748982355,0.667127314051629283,-3.82152256852465033,-0.528201820780279552
4.11652876243677035,0.922808887163539038,-1.45234936341887,-1.14054754832079475,-0.441101205393558515
1.28970837870835431,-0.170555139305317627,0.229257479973621114,-1.04472678888887671,-4.74389454505287578
-0.384220161546092787,-0.14496194458616396,3.65979429040975379,-0.788756910204201356,-6.55597946291061451
3.95772264806096219,2.04771798671835414,4.5356562648826424,-0.315913788793796502,-1.54842909545610063
-0.159221527479068675,1.59170986892527444,1.86894651228273267,-0.707018449355055978,-2.30358607321965936
0.281320310645115645,4.63011168933819572,0.828619630737763346,-0.846495661695169543,0.748351984301638296
-1.9883498382497069,2.49151625249189523,-0.411222945944374141,-1.24256431096025066,-2.82460998027194554
-2.81841841920199565,1.11877119654744894,-0.603221178387334578,-0.927790276587735718,-4.54193083954619237
-1.70042720957570981,-3.77140502291024138,-2.20328436671546157,-1.39459851789041211,-1.34113510225538057
-1.24826586977514342,-4.95850336573103601,1.20515850624341048,0.636985616042027747,-1.08066149341673001
-0.965502409836752618,-0.690144676367484777,3.19076906306346197,1.468929192226196,-0.773217651678225981
-0.600504654170016972,3.10844115899658879,2.51104382418121386,1.63789804790308469,0.247237831311863776
-0.537826721805208852,-0.218834131495035167,-0.76214768123998744,-0.0394916098497965218,0.0800837197965656444
-0.452737402250732224,-5.09034234113634909,-3.1409680663539552,-1.321156703356269,1.15953766079414011
-0.278103121775672424,-3.75958125473231597,-3.13970528448052333,-1.04264616715357206,4.12991455652770245
-0.0162281055290678204,1.37536425175711163,-1.61323889055485625,3.06305601111352566,1.91974013095757257
1.7328343953292169,1.37995921275188027,-2.0408534534522067,3.62068052591595801,4.41437713044125424
5.3218682759970477,0.214983332991362852,-2.29798891897214208,-0.650777999495816717,2.91700793444112261
0.784835778542432916,-1.29322779796565435,-1.99239397741375157,-3.35234434276767868,-2.6202742199578517
-3.56140880602627474,-0.773040264316132375,-1.2723308106362814,-2.44553676286315458,-3.65320999112466227
-0.453196500136165192,-1.9637252702352026,-1.58972166770049395,-1.61933175589818346,0.0663149720182577007
3.54090857526947245,0.2959614838416601,-0.556953857945078568,1.8043708080819445,3.72653135657974754
3.41547673500275417,1.07847704288887436,1.78755397976376917,1.94493957352862878,3.43895176778692369
-0.0353574020637363734,0.766174839907362348,2.3049232098225545,1.94295546171363709,0.232724517075898085
-4.13661249292758448,2.32241697167708772,1.0787996050181623,0.606987342106727779,-1.47825272193747148
-2.63504630635493386,-2.01541101833043301,0.815052018907856723,0.0124199637010425357,-0.885305372900156207
-0.892152683561168947,-1.40821105359741172,-1.25929763189845678,-2.31594426991762425,-2.48625847918575271
-0.871839425969802573,4.15559076061240251,0.474375637243146242,-1.0028463299383652,-0.0861534541083398137
-0.43382282009370754,3.44553313421670682,3.80421255720613161,0.668010046675055813,1.63620466723246683
-0.437112159880474804,0.315490544198712641,4.14538194443497243,2.37089963371620271,3.53859983205361628
-0.16353020316520625,-1.12455117453771014,0.0266861274122666345,0.870572352339448408,2.79385109891343131
2.5449378647678591,0.431788016561058197,-3.27415681045770324,-0.464828190633267246,1.69051564415562217
4.04368184824768218,-0.618968301506106044,-2.30932001129675335,0.926123829893947703,-0.290259285941197154
0.326338337746317819,-3.15872851948202094,-1.88413089282782953,-1.52512262656181452,-4.56951960981490046
-2.27612697357175797,-3.68799001121141945,-1.80821489792310652,-1.38047286197665886,-0.311481972029273357
-1.36174155344932002,-2.40572440486490979,-1.37091030282226689,-0.912540346168061789,-0.586045150074790966
-0.628863519841620255,-0.950015116999516684,-0.776096812842962946,-1.43492055733106527,-4.13632232763434349
2.92750558482339063,1.28218595524024837,0.02460223737407876,-0.685023059892696407,-1.82094996321155156
2.98628586372969007,1.39089103273648074,0.321430922665475405,0.633604666632326397,0.734077172818671353
-0.406358726574036488,-0.468844339983465141,-0.227417552587958899,0.186780143593839099,-1.27984166144686928
-1.72495029783680631,1.11439804120046748,0.633706408224837037,2.30487951890181675,1.09446535143081158
-1.36502208620750687,-1.4890536053444452,-0.160607371666362159,2.91384821978344899,2.80137809421148187
-2.05059947360064943,-2.29976320997083405,-0.271206321292656871,2.31488566821100861,1.56852714850965325
-0.19380215816091792,0.0939519499242277845,1.17538869123144774,3.02132092114738127,-0.839669262846465703
0.849615071344084094,0.349506165604199059,0.497897288047211894,2.46219690547161063,0.138213516180917761
-1.72510300530665406,3.85481609024583305,1.32604765090885501,0.924012926695872872,-0.640414960327610472
-0.742662313408379959,5.06330361198490841,2.42146111439776757,-2.27602299026884136,-2.07408921553656134
2.31572595593439834,2.67448979590789415,1.35826419095097561,-3.79471327331648478,0.959076573368020102
-0.120363810308024427,-2.0483258821877941,-0.411659355851569542,0.368470053701498546,0.457532428215461529
-1.64866370827982611,-4.99917060573990657,-1.08923837504683307,0.958496240421485068,-0.901810337950240348
-1.77248147888811247,-2.92753447533365163,-0.482497133914647436,-3.33966565737749077,-2.64188571630565416
-1.25187850663617706,-1.30102567265778313,-0.299408167891925037,-4.87522953583892349,-2.20759443671195488
-0.881658636580410437,-0.846960564094729529,-0.157805639998860187,-2.69591536391207764,0.125968483294152167
1.84348662129475227,1.1846483959483376,0.548534884079424301,-1.71052337135044796,4.73386511510474328
3.09842221723989386,1.35781849009205424,0.503026849485545324,-1.36125778416815169,2.95060390366203462
-0.599444066793935804,-0.790479794266756075,3.47587824673718382,-0.0387781660025819999,0.662414725796631076
-1.83906490520813604,1.09663507772523294,2.33861228225441131,1.41086176388569751,2.72751546370418207
-1.09372721233932868,1.33544839893558032,-0.982098702731068252,1.89290695840289191,0.0233140238586007492
-0.852096917803925491,-1.13654878859546971,-1.58247829546551388,-0.998913738018447739,-2.5108130962611841
-0.409662780087556522,-1.29208664091189895,-0.835141348672255313,-1.79969706597050472,0.218718393264657085
-0.212222740144603933,3.17289772011839277,0.322717754626500264,0.0530691562971531347,-2.75762439850492891
-0.0916440404282910792,1.316676911508182,-0.252851352033637178,0.960954647523610039,-3.12687413281318749
1.27226937136651808,-0.70572850811590393,2.22694158036124179,2.4758304149150856,0.491868638596638375
2.85655745782245685,-0.0267117676510446669,4.67061054894836225,3.25000778915345867,1.62883809372941291
0.0118133627904189725,-0.790157910790339035,3.46903725881236724,3.52813683329254468,0.306962923171881341
-0.692853003277484891,-0.542568950015684726,-1.3238718529209772,2.20543632698277614,-0.249167220388597455
-0.0724068710311701336,-0.497970906518044598,-4.81892332206013219,1.60058888756577034,0.77787003169920288
-0.0328314760992260701,-0.246006966614599587,-2.98438749105102952,-1.96648646118659975,-1.33333765909526702
0.610057231184197968,0.535398017693362815,-0.388190417860903247,-3.95621764871713966,-2.62118622490463826
3.973492273248735,2.61340355673910629,3.74232118731201346,-0.183077513913752654,1.51329801974933043
2.06870515012297673,0.956165706807503346,2.9850985666225176,1.35323202177081714,1.62688214140004583
-1.41417362612070963,-1.15223085777852208,-1.22712667660456876,0.40836390723824556,-0.50826051028533703
-1.54956911504188377,-0.843896034635748249,-5.25854508366812556,-2.34410554717477693,-1.55975200430872696
-0.950201909652671262,-0.0615981990443185759,-0.746942403824357504,-2.70974194987982964,-0.535141974205804116
-0.542036748825776682,0.151206019991001306,-0.885455303293201768,1.24562372921709286,2.47380893308405714
-0.428225257488110689,-0.0713911315418571113,-3.42425440083107002,2.4629307460855161,2.40008263668745281
-0.713332827032765349,-1.64236799083239138,-1.44826906919510279,-1.06597125845489415,-1.8368839708151552
-0.530247313119105335,2.69919050428865726,0.728680584252014762,-0.062611969880851534,-0.823020223579949972
-0.285405789689557432,1.13631274622071676,0.374129482308599437,-0.046157577210643938,-0.589132633067571243
1.25575015179669824,-1.49286533394135401,-1.75481839814712481,1.0490179140169027,0.768297046718257048
-0.214516900535803079,-2.0980903481507478,-1.389561545560978,-0.220469255637616213,-0.770317813816185915
-0.462886118538372027,-1.40172593613967456,0.729859991051132972,-0.814661746775886986,0.61993095679482435
0.0396425427650549667,-1.38096159392996687,4.24281996290106367,0.245026111247179212,-0.497876255241755716
-0.0870147969494754481,-0.928707245803438997,0.8558348358929313,0.143039602267912347,-0.129186212190095989
0.0147507184442891015,-0.793841068561932039,3.26725072293824059,3.45521396839890382,2.04531157259747154
0.0508841720539058295,1.19201324042959556,3.44142832190339965,1.50386117038593348,0.434991754498757377
4.1786129058141066,5.25545934024395045,0.932577876456566868,2.36142489830278324,3.3258905951209381
4.24091017101637036,4.73446750936027527,1.24462356512831218,0.92848460819395251,3.64881233363010615
-0.155475188989104951,2.71272497783779709,-0.763407095703539929,-1.97250576894856167,2.81129369556265729
-2.9919040764506537,1.53116227181177522,-5.34822906589349945,-2.99368358620565944,-0.00161376006689553653
-1.42620365238369029,-0.893029731380385328,-3.92023740426093203,-2.64945533643515407,-4.90093833135301882
0.690533624420923364,-0.162723166377886863,-1.68370842779598462,-0.806730721265871531,0.0234916578943593357
0.0548821346457750159,-0.490673431554309425,-1.46896292337356216,-1.0945918656209086,-2.02993353900199169
-1.5611751869917283,-4.14250995808738409,-3.38989059869082032,-2.02051440420251582,-3.99146402139980605
-1.07280821384876557,-4.82404510845069723,-3.36693859019694663,-1.15698850664452313,-2.7038034550028085
-0.531427021258500609,-3.59903810983243888,-1.92263497665550465,2.5573448099107674,0.0394474698027825477
-0.58008553757647896,-0.765239693182206526,-0.729398860331493926,0.419286503746238715,-1.87446894292512845
0.386609009663055669,0.00269768902576171532,3.60541066332358673,-1.16811231858254216,-1.13289170334020928
1.14610139413488632,-1.6825735965663966,1.56488155870104184,0.707501402322446959,1.02808395970662003
4.00862383348344231,0.0523580816753985018,-1.86369436546702172,1.72267309450397432,2.20561649994292486
0.142672335603721168,-1.11672633624764672,-2.25952244487229104,-1.51615006964314891,-1.96228989502380435
-2.496607638909357,-1.77904986240003593,-1.47003016962784638,-2.72966163848190924,-3.20119922554572067
-1.3427607954256664,-1.21986783361652718,-0.554233013166040234,-2.44090436492171214,-1.77134591500579708
0.712751121840725865,-0.140826610967339172,-0.0904129018846906857,-1.43381574636366405,0.562728996523692238
4.0182574871718062,2.00690098989140742,1.01083210544491542,-0.772812037179269606,2.55739570045523745
2.86024475511113385,2.19029559372835481,1.10362991811747047,-0.399490821275147734,2.20576684466079964
-0.0790250041975536499,0.697076848110972036,0.234072919141144975,-0.348369477758335322,0.123525671880407834
-0.849712613098505432,-0.00426659217284942882,0.36949700700123328,0.827931387421306786,-0.502939125139819532
-3.07399474815285423,-1.15313160989822316,0.224447580037810013,0.842435232869628403,-1.78168908698063366
1.19854227885022935,1.13714142142427144,4.37641394837238895,0.723309500529119576,1.38733947724389139
-0.108640094553442812,1.94148080899401676,2.71033598328077918,0.416551306273097388,1.61435167793041168
-3.41956998034849047,-0.205893852756040552,-2.65129826584547823,-0.0946941336565227526,-1.87357813432401099
-2.63446960672385977,1.26778461028327172,-0.0679983238540496221,0.139865435896717571,1.22056358252377728
-1.60115933229856866,-0.37606125801306145,0.844276772524631847,0.256810032986296288,-1.17795194051681595
-1.10564985844971142,-1.16737211786366202,-0.532131584549407677,0.0729975149648873084,-2.56545768561314969
-0.830418144052680995,0.716238527453810003,0.459837168469306723,0.471289038465381449,-1.44408369553951066
-0.63104092712311266,-0.00820167314976173734,0.49088222480541871,0.615673660088372876,-0.939799077284763529
-0.358644070223087863,-0.679780879838246865,0.0171620700355916284,0.502264891137631841,-0.604428469324668205
-0.0919477162684613214,0.95212150905701709,0.825331997895527913,0.538749491622993237,-0.44986702739360851
0.195008326999034698,0.192375292133711295,0.619033134631913562,0.50185830678596044,-0.0159329738116858188
0.375514827908820292,2.08723991453127411,0.95263557077393779,0.752617665159548532,0.297756128952955557
0.674393372658291024,4.38536676185328567,2.72922332535288836,1.03457162542141967,0.621370861633063098
0.743296353580690239,3.60482170244026712,3.47804728393947027,1.55285579357804204,1.06429798305782364
0.789625394208052556,-0.00729441782388019766,0.335206582967981059,1.34500736464813553,2.89384817750613621
0.724406897365412972,-3.34563178175635079,-3.81138515831732283,0.338685450246565878,5.59157157082353873
0.734109343652930679,-2.99273320150075106,-1.2815999742596631,-0.217995176246759403,2.48040889784312713
-0.423331441842802858,-1.16086093032328685,0.370765996800234143,-0.745069788785332698,-1.5210351603975667
-0.323773592187870829,-0.897307297629372558,1.47169389535068129,0.0122808594366206336,-0.845248569895408308
-0.199163271602623149,-0.521325635205864168,-0.971525359501393515,0.35724889317619779,-0.501250062548601938
0.758730931204304682,0.346158172971594125,-1.33979100764492798,-0.418756088959888584,-0.373842926839893008
4.81714675166371631,3.71592233814051243,0.12508288366955736,-0.0695821381467564282,2.91763181515221337
1.88723030531046865,0.860572770357030725,0.258658416186372531,1.77682325765886384,2.61910617686816138
-3.50573687706373782,-2.19884053414543867,0.517049362910003141,0.429594156993951426,-2.22352739422826984
-2.31351530550790363,-0.665603858329728126,1.91433629649890813,1.55040420363467368,-0.572416042862207597
-0.898562120746913662,-0.0548110468430860476,-0.645579605572958348,2.71893831618679949,1.1178870101120626
-0.937121583814468417,-0.00411264888442700038,-1.51152620636089519,-1.84538122788344805,-1.30256095460976362
-0.835424994371303908,0.0230461236186169927,-1.15438536652828772,-3.5383215276558535,-1.94994727571337978
-0.695126475806424171,0.199056714908794702,-0.633433373111852216,-0.640473319818236853,2.19866260439973349
-0.480692433275885289,0.252363843704687785,-0.33205774111853642,1.044465915070939,2.59521620467064151
-0.428018370563223949,0.316507046299518313,-0.183442806612653941,-0.870163968339676797,-1.56361398761467552
0.348361465614116239,0.792853939477001557,-0.0952154897030391134,1.23682077567470361,-0.164694248580580821
0.611640851319333434,4.65283122069570965,1.97357929517314812,2.94965085752322986,2.49655778343165968
0.0327516730726018224,4.04191402413754108,4.21113427771287796,-0.110888200729684333,0.084493588357994559
1.06236077803851314,-1.59951333454566758,1.37632446759793736,0.917512189428436153,-0.181883787944053466
-0.545639200697432658,-0.881055754081275566,-1.23682629045771564,-0.277315782308403813,-0.0669002907383363654
-0.592841754410504462,-0.157948669522600255,-1.02962423831062111,-3.85578980020927276,2.95976910382689029
-0.111601795385611935,-0.920294174282267008,-1.01451345017213934,-0.842604174964878272,2.81611941839167779
-0.191094946773679664,-0.670358549584005869,-0.526014217292628761,-0.348578996602509683,-0.407323629131618403
-0.191868375393083102,-0.341845650388448608,-0.419838741316138464,-2.71509337677776541,-0.59597246698505002
1.81391070823894252,0.527435646064182029,2.16582026269493033,1.48777921457871587,2.20397274077240013
5.00813885352152077,3.15056687951538361,1.55748258119375493,-1.09099663091181576,1.38990466248048583
0.974697518838572918,3.3897793362374844,0.986140842343827151,-2.13338187757274067,-1.90457515257636301
-3.80127658303471039,2.79781802595594131,0.956876441830884605,-0.885757564087349292,-6.80721000802777088
-1.59880921287709632,-0.815420557221678832,0.283959759584518523,-0.895295968656277474,-4.49414666815468777
-0.611426752095596049,-2.53386257497566536,1.0246095268967006,0.147314401998684036,-2.41559264569481824
-1.06652637080756096,-0.0903956926766489588,0.86987588690970874,-0.23985288762691484,0.866868051440083831
-0.853171716786152556,-2.99393329807044628,-1.97312260279235296,-1.11907689426409074,-1.52932734618377753
-0.659510739939544788,-2.42715734359916047,-1.1740682724584679,0.0145934445524702194,-3.37847284372295187
-0.356648512645574789,0.942001144994850659,-0.307022823560037239,0.565697230024035935,-1.04106222717394448
-0.215349955280769723,0.924396105142359703,-0.301625294973765612,0.41788772715375111,-0.766781049711257601
-0.340987648700094403,-3.14797689938512626,-0.806315834219808014,0.453607709757534838,2.36447266891026597
0.0844985048789942406,1.83712016605557538,1.0631821162130799,1.45700917132968044,1.45450138381988503
0.0930676014471639723,3.64700106467725549,0.704400047129510876,1.31412229003492742,-1.93563130098471325
0.141060846895845693,2.13962703118567044,0.409895546300926783,2.07624846470536051,-0.260820298219243074
0.0996646668401115488,-3.29053738674623864,-1.21437652338141366,1.46203940330198878,0.115630143752704168
0.112141244415201013,-0.903350903270743633,-1.65127429943114423,0.141604752869088329,-0.258756650497396989
0.349951071009290127,2.79340713777412697,0.284574370479026617,4.10271233568873939,4.95494188432676541
0.206963248637913266,-1.28236179469052547,-0.210973042994021864,1.70862615945071061,3.27844970746267661
0.146271414461859817,-5.3099806298682708,-1.66919041229976983,-1.66651024094176492,-2.70550472967565359
0.00983818580593226466,1.1468781021069514,-0.886205267769929694,-1.49713739459800244,-1.80761773669508385
0.435173503765166891,3.11421018068984257,0.962983855683970713,-0.154817659123313384,0.34716801986473339
0.214387036833395717,-0.340593496599306267,0.516988153045291776,-0.433313157942903149,0.0737321254411714422
0.309213012273774013,-5.42329632561708319,-1.09453796523975533,-1.07949242210220842,-0.217379970812831141
0.350551205575773739,-2.19307206883457484,-1.34841123696332366,-0.948224222189173016,3.6440074274110299
0.452890299388718554,-0.616337342395350651,-0.828779557031117387,-0.432992464826319923,1.86570358520507562
1.85657835255933756,-0.169312616994341109,0.554262744612845637,0.511886045794480937,-0.571700679878414886
