-0.929571171639781868,-1.98706354116924166,-2.60100980616572919,-1.93438057237986016,-0.896924581388227837
-0.467997548319166845,-0.227288438766667211,-1.7013102899613648,-0.520462321312744058,-1.47908428187765106
-0.705844773916216695,2.72984046330589702,0.331407342525426751,-1.2066107222735829,-2.18819341578233928
1.28707213632965289,1.98074008576358751,1.73162631138059742,0.991876589261649566,1.08561437729002996
3.03894753182769017,1.98109814862554967,-0.312549676773651808,-0.124424094925325121,0.944106163644787721
-1.22984926740834877,-3.32623096245822492,-1.96463507021709982,-0.503847062314181637,3.49843591508268625
-4.27438365956879807,-2.5749856766594319,0.383411468329243055,-0.0598085556942519053,1.65345204990518146
1.82446810636790313,1.45489451324697305,1.29128232972840951,4.84890894999944955,1.43625325683309368
5.29497731136151728,0.12268697671314506,0.820434669178571441,2.5263201113130811,0.24204606486754382
0.896025236983344908,-1.01726351478644794,-0.741143497140070329,2.74634875465706285,0.920966524888508276
-5.16560076644254274,-0.0469449145807305096,3.31207825713670401,4.08859022909462766,-0.477193294975111926
-0.390942518738751299,0.590142033276043532,5.74971803993924446,1.47161450002077898,1.92142604645821113
4.10558498863063104,1.67114273046824491,4.02699232442190702,0.276860645147705253,0.104999279447794483
4.42094142947993962,0.899507917081523556,2.27570763948605714,-1.50954701359050736,-0.214023792907472254
-0.0327228381197251783,1.70142478368384986,1.88840212615748082,-3.46872258783991905,1.20954336307449051
-3.10966003944881297,1.97452891030825195,1.30004794761847742,-2.34756805922730605,2.48935457821100581
3.02198000497730579,1.63877565571359596,-3.31006194860632119,-2.67660359820745342,-3.37390949618641134
-0.251946729797540736,-0.0238176770359920659,-2.58848458577363028,-2.46098554225193045,-0.960961285606751536
-1.54604927961565775,0.890604267409948913,-1.89693045430838092,-3.13198361696037164,0.551440410227198807
-4.45261918319944172,0.778703936325318646,-2.95593637043514068,2.14303958299764652,-0.670718827819997809
-0.00726560013869290144,-5.96389262821486188,-4.60113234143988947,-2.14917634641795186,-7.27986953229436295
0.42078127220716588,-2.47141815686567368,-1.24973876886826152,-4.45847805706569744,-0.619713097496097931
-0.572986238166666939,-4.32759672352466129,-3.20127433569252329,-1.22649985447948495,-0.155756095099283842
-4.95475437691193665,-2.68333166132419976,-2.89066283683983105,-0.081722134186101178,2.34640242051404968
-2.09473011745186,-1.8559843291042768,-1.02426196199592145,0.973982716338386068,-1.90187121995151887
3.76346932537756063,-0.0708424013338130737,0.378527959726983776,0.289278493425507155,-3.940580641282037
-1.19244976491317645,-0.651269922765090326,0.665346900844789535,0.475841745270817795,-0.246282488790854071
-1.48865461818500577,-1.56913844475068731,4.77466125776077366,2.11373113245035915,-0.435408876499081943
3.35435462595059919,0.90635523386913952,3.27585646716410483,1.35935784335892684,5.89032728517928206
4.13716889106178431,2.32174823325446544,-1.27626148989205923,1.13916228275254183,-0.255245526406564227
2.51106521831454055,2.67062681540727764,2.88418374976160319,1.09699153407355432,-0.648330689731395626
2.21765523406654452,4.22390093537361011,2.45928380606393082,0.433860385395803516,-2.39320011695023016
-2.12557684801442814,3.69460627415780563,-1.7683216938823183,4.65920330453102594,2.50784629552669713
-4.06198441765106022,2.53316412440872085,0.0944422662926552442,1.44555508087571916,0.769594401643141746
-3.82530773070767216,2.23812009460552463,-0.201004998517851974,1.94466878334510729,-1.15548790475477547
-3.48679919953377926,-0.172099236310284842,1.95267704245511253,-0.0084678749534016079,0.0970271588413573333
-1.28611884528803366,-3.14692340573032769,2.75347128053890389,2.59231968080713182,2.09718425137001274
-0.773441913663935998,-1.66961078231244842,-1.44333290331612507,2.70585025890517539,1.71367235750236757
0.117599584921070616,-2.49246706358454251,-2.73658554921729502,-0.580618536886181924,-2.27932815715473147
0.0154059938539846952,-0.562967670684060506,-3.91735312593472296,-2.91448995196730998,-2.78614024742464883
-0.745589864018625259,0.0167918891217422178,0.606090756460032631,-3.72035685465978583,-1.50027428518302663
2.93088662469972272,-0.053482174742940411,3.00038262151154456,-1.09509667233554597,3.82550318850167503
0.946740290492107617,-2.06034290761494621,-3.35493070713778385,-3.24269405936041277,1.19720478969534194
-0.290469493388788691,-0.747362715667590938,-3.47349590450765655,-5.35905501766842729,-3.8342033072343682
1.70412023303993609,0.00379105412794318586,-0.963933062271253194,-0.288785141475980389,-2.35355289815874658
0.389116080011201348,4.6140400667398378,0.25031515803876675,-0.624140922665717413,0.632147685361141631
1.52776191560448193,2.93050894795514205,0.107187803155430222,1.431317045248508,2.50832838409090586
1.7916346879177445,1.32636838067257568,-0.0370601054315123218,3.48882086452473761,3.6435247297651765
4.48642917684453568,3.34925395406711113,1.41271157652065504,1.46198908525556059,5.41568420132703476
4.57785611750166144,-0.665449999769254563,-0.455329983938781047,-0.290337334894477994,0.498167994343896303
0.964638102500264272,-3.88832477021806611,2.63801538147360892,-0.606157333226439055,-2.26625176290190256
2.18218285375200516,0.311749744134348805,2.53578281829278795,-1.17682045582584682,0.743551682300066519
-0.200683227160373706,-2.63058080210298062,-3.71975315029307785,-1.19988223969208563,-0.211268412616732459
-2.7960766771915333,-3.05305851666616634,-1.83961388785529834,-1.60383964699437453,-0.908662826468741081
0.115656106479265913,-0.801207060639431812,4.19456481312238694,4.56871946183685029,1.03985195127567231
-0.279366190242464341,0.383006519396206224,4.0227266787028082,-0.130226937804210241,0.719755522961631256
-0.796543381757558677,-1.16320452753885228,-2.90091455408743171,-2.76026450084059016,-1.59009315290178543
-2.2242010746675196,-1.56879871715924524,-3.91047569980339782,-1.139033604002887,-2.11351305728119998
-1.37720423275298454,0.0296491803589534336,-1.29946816631170603,-2.57440658065460903,0.788088018576137972
-0.98108989902742072,-1.12817160343178524,2.58951351791607332,0.326539552151423051,1.91365977429423828
2.27492148583894771,0.358631590587019933,2.4457309243278389,3.18759608110667658,2.33317948265343755
0.0864071195208621357,1.42710415802919655,-0.687161967358565384,2.29799040944376021,3.21372430230836148
-2.02972846996065925,-0.118393971389045102,-2.08340104327371556,-1.66376178051897061,-2.31355492017673425
-0.641135786354959492,0.768739593844465108,-0.802803064429847391,0.511225982896423514,-3.05924353139127403
1.11094795948468428,2.97453235517989967,1.31349882152725139,-0.00889765825470632821,-1.33391514663814981
2.01949898357471413,3.67348221378686546,1.04117746646694642,0.221869553704342359,-0.252304799529141699
2.7621340637183236,6.47257952003989345,1.60188167009883564,1.48135004073116927,1.15835111479101638
0.177338498062658029,3.93254080461437328,1.39502796834889131,2.53258451315031863,0.629547273135239727
-5.42174113462805529,0.935552835351690315,2.82638668161738282,-0.294151432460143636,0.795150667810279099
-1.33497441790850369,1.28908562055191367,-0.240513548722847637,0.631313741151863339,0.217962208872787444
-0.0505494172568734246,-3.5966816382970701,-0.869957115937679104,-0.165546123244696086,1.92444685833977447
0.317805444994152086,-2.80130191406382334,2.14661404947654288,2.50130365348171324,3.50593679308388184
-0.822310565138777094,-2.52196900394511125,5.16422298756257891,5.02108996260036822,4.02998186494772703
0.10580089892635372,-3.08748280823032939,-1.89590916177436841,1.23133726687816991,-2.14168161012017055
1.07464221316400499,-0.0770171479827590488,-1.07141734349285422,-1.06152170172559979,-5.80035141890383876
2.20392679307242734,0.9995522036635619,4.27600469400556715,-1.09100633581163775,1.09678845965309035
2.81965023385453684,0.0552523389655657088,4.24018083717949068,0.767134504825774277,0.798544626382875378
1.08998066344827871,-0.862673880754538214,3.87754688382265256,1.46431244978782638,4.59878145340062616
-2.79886850723253966,0.62607602053881195,0.948376536740945353,2.18807342007413785,0.772954631292620542
-4.1532403295584146,0.976750409616255033,-4.91802074707489645,-1.56351336707301214,-1.03493955994850895
3.50228843375008214,-1.75232153865995754,-4.12836138340143854,-3.78520717417423969,0.793229958146552505
1.19222322019193072,0.985384570094799739,-3.41887615169060988,-3.43736100553210955,-0.972093706818676351
-1.56355176085665382,-0.346119364018835418,-1.06906459399122689,-0.968571235736286895,-3.88737454470441968
-1.93677775177688494,-3.35496284600027828,-0.393822052889424234,0.812255456033756373,-2.85110566864960102
-1.35164710249795217,-2.62783065459018417,-0.908896372754550708,1.2843752667340218,-0.198327057615076574
2.02801884689717538,-0.892988767110041159,-3.67754601435721939,3.52427115857849937,-0.314328196741468779
3.87406343071822068,0.543281650710127129,-1.39486322167398069,0.24325020667372621,-0.10870539961957508
-0.52769359840061647,-1.45254390257108623,1.93696866195704698,-1.7066566550624207,-4.68397894439778639
-3.87859607597215872,1.99059320589508104,4.30899027444125959,-1.52920970913355814,-1.10362496001336829
-1.62994566510330086,1.71759361660011889,1.74394935869119405,-1.00029896296716525,-1.22587653297613941
-1.64030411908279716,-1.53074864934701327,-3.16301608222711605,-0.386406658890928012,-3.03178014534438578
1.47559235441629988,-2.48966617773599896,-3.34245971013153209,-1.70621720899551499,-0.0927170841757923164
3.30571831965033569,3.10070801738127777,-1.07101672510043611,-1.54223869403056457,0.105537413739285227
1.98186141575381281,3.49620522064016948,-2.06605566850122324,-2.60329383299549288,0.965969699060524434
-2.47912433435983237,-2.48143394102009918,-1.67727889856486545,-1.51072761364113162,-1.61628997301344279
-3.98070499385116072,-0.739741098656306773,-1.77764445631526535,-1.00050087578048652,-0.0976540887994637313
-2.52911662923128366,2.04653103253342472,0.36561420268516226,-0.0788696691981606163,1.20160153915039536
1.41902569054494943,-0.754040172935751207,4.13599187209577401,3.41608045363979507,0.46225537792810395
1.16023171385999202,-1.03038533055570425,2.60406432254806219,1.83850221618700016,2.69715787523188677
-1.13810471777718636,-1.21852509281998156,-5.08402627501874438,-2.47721345045670649,-0.450371160225761236
-1.22407598770334647,-1.18306944243094514,-0.811762867450361192,-1.38793061110052984,-1.37333400786978777
3.74663950508805987,1.36323030733701911,-1.01263684648214514,-0.70231868377193607,-0.34377249046376368
0.39913085948976601,-0.215523866724554092,2.69394720532848853,3.16456927930499932,-0.122211068603922293
-2.02577219306958467,-1.8094420719556592,-0.439366546603827901,-0.594471456852232127,-2.18401131042582985
-0.811431607034094227,-0.891782883443776986,-4.58826901647846785,-1.99889326278785262,-1.66777329654454598
-0.977238532091063816,0.528241954210496356,-1.91738768837065576,-2.65247237435590666,2.00065554207254781
-2.00583010424958808,-0.801793286883257683,0.329932289117364552,-1.61578509198363562,3.2361570552526473
-0.30600774251107199,-0.418135479815400113,-0.387567184100675421,-1.28854438135482674,2.93855116115996884
0.620861716727539092,-0.117335226360210182,-0.57370927079804801,-0.3591416247973655,-2.5950598706118484
-0.360771518761448862,-0.186099944292760971,0.2216890890581244,4.25955607866795827,-0.347437060692448951
1.02572227034662533,4.41050246560758108,5.65104864981097954,4.08077601526748079,-0.0234861684109056862
5.26610247373814211,5.0127213692007544,3.96557361918295648,4.65371964377478431,2.92396467870570786
0.262990127114031691,0.427139196877568073,-1.99252704748124154,1.33810013888958501,0.776085227613152018
-3.80818974746466221,-1.09523417254306854,-2.24062094447854365,-3.16931730183334004,-3.07734480876847361
0.21673757009327696,1.42882597709406411,1.369034804829937,-2.56750452426421516,1.32504450347047231
1.3393705248017822,1.71378179432129407,0.696099350681764983,-0.9098903392596428,-1.38835429866424009
-0.490032165558760779,0.26979561388343487,6.5962509180489457,2.85570990885150167,-1.45281062626827651
-1.5483434891440373,0.0642645743310804873,2.36776435536227936,1.40953658812468841,-1.37649386259070439
-1.26749369701958892,-2.93712403071685291,-5.68979639102790369,-1.53660183794649075,-1.57886860187773492
-1.00622382870933058,-4.76715254258388033,-6.01978053106635258,-2.51689321314779457,-0.447726394773832359
-0.0987760864308448727,-2.59021601225584508,0.317302088586858877,1.62639592805466737,0.530309820799858
-0.239270639497477039,-1.81032276146730609,0.889867718110894934,2.43163299289353851,1.21161141440865205
0.0532388267809414117,1.91799306457553387,0.641840866834465507,1.64424291572914827,2.96645665842165451
0.45486118818459953,-1.85147213188997384,3.89706669627547564,-0.290663783381916507,2.913135717459026
-0.169374464790579909,-1.76941531893595982,4.57960652126861767,-0.0172315944136499956,-0.917685412305744297
2.07152393481577812,-2.01428688288125146,3.95121641674475921,-0.772920395171712293,1.53856558952336164
0.330436249903138135,-1.63781913096315668,-3.22374177838903631,-2.29997461044742924,-2.51642086280919131
1.63737286524768288,-0.250164520983303218,-6.06836215408223278,-3.51873202696285059,-1.84346615474486142
4.80997943631188019,0.19150248967620534,-2.74258679678196771,2.64269791932157716,3.87424740840950488
4.52123701735167138,2.04238349673698671,1.30960235865488084,2.81743732570345395,1.96313361774824613
-0.00739673831768980841,1.42888718551114202,-1.12370370398006258,-1.23251969460223321,-0.241438999499529405
-2.0665770255380651,0.117575861204941484,-2.24890295878362156,-3.23040742821601423,0.450322668212582489
-2.48248965545903832,-0.273163388246580485,-2.426298356203477,-2.11431659024232932,-0.0328914825674583439
3.85484842705861519,2.17512712770548067,1.01286364291560593,1.34818707381781611,2.17771876700790079
-2.69430418653597625,-0.624962028268858383,-0.511137621196499192,0.187179568261015089,-1.3214351642364528
-4.00474239972887602,0.496814310276542104,-0.874676157390001929,-2.43459045507068916,-1.62661810990244526
-1.40558137176882125,-1.11501879876201149,-0.962826686741816706,-2.35737764077338907,-2.29178736596068022
-0.1806479931360436,-1.21159113728633572,-0.0547242424138368252,-2.08927101680353156,-0.349928234527278503
-2.53227713424648382,0.748776485300794659,0.0398226528325144671,0.0221021216276590902,-0.747457933490724091
-1.99223025702612322,-1.09827410038185658,3.03607539412429217,1.47553861646507944,2.12069049487564687
-1.18641365810623589,-0.595455918902408787,-2.40284165904857483,1.35164491826753963,1.52563548278170136
3.92874142492506895,3.36852739397206147,0.676343342646328671,1.22907854167371644,0.165389754230806263
-0.97804023359322545,-0.477177737395877766,1.24735660591250741,0.158615472893629955,-5.32246438543826006
-0.177157949252899433,-0.841947066772272268,-0.110273792143865956,-3.18103259942196548,-1.47441966591462537
1.80595183604129694,1.88765465708572378,-0.945595059853964526,-0.0805814699097812392,-0.539605736596740826
-1.55161120046004442,-1.32728440066875208,-0.573378425615138854,-1.72233931921880323,-3.42893660516589183
-2.00802157884331622,-0.570724407262286237,-2.41274581031716551,0.113692102962253599,-2.87414429359995527
-0.44412641697560995,0.0346974005552646292,0.595054222653817799,2.23780062241640687,-0.998411702709743554
-2.85913717743417362,0.17652277876845171,-1.58400458574311376,0.94954099831275951,-1.75026756454438503
0.57564839104781762,1.07558621511523267,3.75311494906257126,3.78227619752982847,0.94281000997373765
-1.8539374556250019,4.90271123681014398,7.2719705766093572,3.72109842798606971,0.24578567264168838
0.529922747762090807,1.72446571777353941,2.10486867243798681,1.25543320158144223,-1.31185009622560034
6.32307538145662562,2.6283051752954556,3.40448184446598967,0.20491609938722985,2.99226729002257485
3.27908422704579294,1.49424059747144877,2.52835895511248676,-0.814147845306091633,3.78409114323314011
-4.02941680749541753,-1.4186924994894925,-3.83345555885951761,0.111267436150152083,-2.71219217334125728
-1.79043861123035164,-1.82452840183765508,-6.09894280955112489,-2.49605518930448556,-1.83144633248534583
0.900711409274041586,-2.34535323289575448,-3.33548524283283987,-1.55575766430882201,-0.333529977597882388
-0.0121552027438531531,0.895924457067362234,1.92537517489085341,0.104731795055378635,0.179624478267504939
0.201988580746619045,0.0637363298286767466,2.78087470960002037,1.85288894877599519,-0.257770180838899021
-1.35362074314176573,-1.35550760472070464,-0.447349977242688102,3.37271170829911648,3.12390125856847867
0.744329963117994597,-2.03910203493632158,-1.0198989631345472,-0.108615032906751494,0.364101171004155511
0.698480411259208456,-1.70749843614535868,3.93995904012528619,-1.61378606808590419,5.01677179192954004
1.36992413584213391,-1.03720238616007987,0.872891414171391933,0.163341403601173413,0.537576086972644029
-0.0435319103839082178,-2.33497294414674794,-3.2645083492492617,2.09789540500756244,1.06778122030423672
4.02819057716769802,1.30064256755269514,-2.91388915016748662,4.49782982599793346,1.80411807610434649
2.39076655767035628,2.24179130664900317,-2.86365001769284255,-1.7586326177910645,3.70415843982417226
0.0513848062822736262,1.15624364754424747,-0.412826365781920279,-3.7621924142183647,0.744981928791211168
1.27001725730176607,3.60502376219890763,0.592096425185885233,-1.48633362271946012,-3.80706592241717123
-2.72243091363849343,-0.865827761543172203,-0.879106136614952738,-1.65034190324659336,-4.16617483346504436
-0.0796820747563262988,-1.72409811734072616,-2.02782559767583193,-0.269636272990806891,-3.07594811927978329
2.29638228778412534,2.57899097078239592,5.05765907045182495,-0.168173292046742612,4.10183341936398271
4.60275516433888932,1.62672097090321843,3.38343948786566617,1.27220120285280558,1.25891589182282515
1.30609019605523224,-0.101267004352935425,-3.9965743483566305,-1.22200548344342774,0.118311501226195367
-4.23749580071701804,-2.72944494441287411,-1.05313813339351503,-1.30964395761512353,-1.86893403160766547
-6.73239137876469318,-6.01100438501115431,-1.27665596695665062,0.0050087651399015852,-2.23023061990626337
-0.828589880957022351,-4.772044442012084,-3.53160473319335866,0.68587129862039542,-1.75960974222228006
-2.12895970984758742,-2.56546995885841422,-0.48268124873829138,3.3808874363506165,2.24338039405434753
-1.30271350461599278,-0.338233807105163153,4.48148949620095927,3.53813552995599068,4.47980958356608916
-0.756214724289931084,-1.43852374720824461,2.92182053274234832,0.915355193986500226,3.67030851287367366
0.988094352096557604,-1.78945680206433311,2.42476353226322949,1.86166476618109922,3.30147859807382904
-0.425638850148985282,0.147953574575207553,1.52296912804235074,-0.363770759220847617,0.0331955754434931499
-0.904188924683613227,1.20500904874059334,-5.76794710421387258,-4.91052724485218395,-5.29764238566283652
-2.18430806528402766,-0.773371903388256343,-8.87520688091504972,-2.84882905779221129,-3.71748058112063084
0.0706788153689333065,-0.726120255188369979,-5.08350679670343375,-2.16525507312760235,1.1085246822391841
0.783132190715801091,0.297358090877274495,-0.783914491943368041,-3.1235932910178752,-1.78553713112619872
0.610405439675861694,2.92345310250849577,2.30315091197769561,-2.52094768826849513,-0.499247946684348853
-0.985317002288410571,4.9036179977686416,5.88895951873606638,0.167284262709199577,-2.60770707517774447
1.15625351639888008,0.63629188920421742,4.29085058108488759,-0.566867735460093503,-0.243285881665427028
4.01947580397428617,1.68109272659548048,1.78573915854189247,2.50601743598208326,1.50896729068701285
1.90216765732013338,1.83801096732163738,2.3132433438883222,-1.01020486318564373,0.414408718270542487
0.383620936653995881,1.09650675367728279,-2.50208794856892158,-4.21110436894307671,-4.69190299330973648
-1.04224426552953497,0.376510308898318047,-5.66649216588128191,-3.2146236238946968,-4.16092621152884057
2.68484196375876616,-1.51401144872732574,-2.78983911724961198,-2.37467280311480078,3.27763120174898992
0.452456952949169433,-0.241765004251269205,-0.578022502126192217,-1.83646796681067048,1.71625452754782581
3.23572908871072462,1.59664858318872849,0.768114702324203535,2.52896588699943692,2.10270377066196135
-0.514871954733717607,0.584003212661608262,3.88232433248551079,3.46353591738520361,-0.201538547074810614
-2.53241757998617034,0.798705889464817687,5.5305110810289797,4.07303565089740705,-0.701673508759942166
-1.09062144402493999,-2.3578784352565112,1.34895660740281698,2.32504351761528394,2.50293510220405224
-1.70123395066690319,0.857898768347767349,0.207699342806039355,2.34336395893980676,1.78652964309703566
-1.0393475297839021,2.45095487507253917,0.0527923315793146289,1.77539312349502509,0.746925289406077608
-0.870289496985609534,1.05427110566028337,-1.75331293769368579,-1.88304257621783377,-2.88406058241792262
0.177214051585579874,3.05637735300017344,4.7351571176950813,0.463188654695133872,-0.490422306142561548
1.03870772457372862,3.38461706326083434,2.26366015744782789,4.77879156799717375,3.62472717335797245
4.11473561804518528,-1.8005092592485521,3.39049969764661308,2.75702423154658049,1.68546089752044814
3.14171368237479465,-1.59216637762499746,-2.05611199837348702,-2.9375987406454187,0.0969950516199244717
-1.02403372267866355,-0.788193293739974266,-4.8591503688475095,-4.14909924539086017,-2.4076920504539685
-2.78763336592025635,-6.31684836012550388,-3.96557462329997934,-0.497388525684744121,-2.67180892433197759
-4.75522363772831991,-2.9191192184507786,-2.51124061039251156,-0.618699765079607333,-2.21857104700414443
-1.53309469769403584,-1.4533106660461661,0.223606312494052911,1.52824128628655198,1.11867334507284233
-1.84550548433970873,0.555727418312245591,-0.841189430144282269,2.10769520206858685,2.45223128658625411
-2.9621594169552492,2.17015795375335774,-0.126080703071384997,-0.58907927054460596,1.23949523111254956
0.77759919855395554,-0.673483118730547892,1.69005116379594522,-2.1865798544919941,-0.436639066111561891
0.28720578904650873,0.355024325025870002,1.79226869594808758,0.167428594052705493,-0.144590654964514037
2.39722985706878022,2.6364531498260293,0.800377704496527898,-0.501507377557703915,-0.429595993065078008
3.19914027556845326,1.35340581699903195,0.230362596313529039,-1.15817651613611639,2.94113828848831416
-1.82033827700077122,0.268532484849019148,2.36647109181546034,-0.566843675299653516,1.38798636341653325
0.308169506894189982,1.99060453971146578,0.646831958778522287,2.09090193099050303,-0.4410674199493968
-1.92681980790950513,4.94632367542070916,2.55657933292054418,-0.470122480303515555,-1.25688933154951932
0.0976437682427717946,-0.920371781140607359,-0.816080678638081092,2.77996162432924354,0.64786576087786929
-0.86388098501124766,0.787006540828273149,-1.22075867788674919,1.91616726525409065,5.28303777852791434
-0.186300366656179023,2.16139739828047617,3.80914842247316221,4.3176673369823062,3.40112520473349633
1.02869451397561584,-2.06362293031652744,1.04917781374211105,0.874153622243472483,-1.36442665418329101
-0.881633367128003109,-4.3012260036264065,-3.24489575848792855,0.561730553144226485,-0.523621716290332162
4.29670579190718271,0.691835694582420557,-1.08616951154115959,1.27479434401784864,2.6924573985675857
5.5019812527745664,1.80247476210554392,1.4130247569558847,-3.04172110909340798,1.02868127678358579
2.3560430287033447,-0.335063535440566496,-0.428793778757472599,0.404995925876989293,-1.59064707677851991
-0.377387320074514698,-2.30388197290578933,-2.53005654449445005,4.441675211240808,-1.55797630763397721
-4.41303081777511252,-1.88085388586058144,-0.932284727306400662,-0.503493525078546611,-1.64775882780869298
-3.50548538478947203,-0.111217240033500975,-0.51089190968548237,-2.62009448853075266,-0.920517908523991957
3.8143394242426365,2.69511802144532275,3.86325563398584837,-1.6426556119439697,0.517912920064180438
0.971580098896335786,0.893061004549661641,4.0854369062330278,-1.3844920725560117,-0.487244036385531154
-3.12155703519184113,-1.42646187114233447,-2.31476322737268037,-4.48465422229834498,-3.0051355118900962
-4.15531765031966049,-0.91416902578905046,-2.11398369475981474,-3.123536848808806,-0.971832368044303174
-1.65521499315509546,4.94921793399637622,3.31930742154084424,-1.45002174185854482,0.156150823056137839
-1.25580762289700965,0.280424520631398666,0.451385333291893676,0.200105165680460828,-0.599482297401986663
-0.107158688852270007,-0.838265553020728471,-1.85971996774557424,-1.7652364912162517,-1.18533740644968844
-0.721413578730603633,-3.9582548985065964,-3.77253452111371468,-1.33927422263184304,-5.16902673645647237
0.459741982712978503,-1.86561898702297424,-3.01603663605610395,0.199329956820746279,-3.16443124382173879
-0.480619471563502709,-1.63883464822140446,1.65374394118212931,-0.390121667826407448,0.5332444873813037
0.824632096392456049,2.22643895020154581,2.08579262386062547,0.751049318335675342,-1.88654122642310917
2.38866083988088151,2.62183327171530056,2.35616684448034297,2.81220581611764242,3.07966250385931817
1.45686598176416449,-0.39413387242385689,1.51920191747946975,2.28966964134707096,4.23414255655044691
0.259401393232387201,-2.79222676079523513,-2.90724613654164044,0.426749867072586331,1.39183098442136766
-0.674595904086092379,-2.22716037603141892,-0.443901132910227036,-1.41345292190959171,-3.89250092601975739
-0.0632493954752497978,0.237746437100454511,0.0672861289420952635,0.560952505315404526,2.24539321094981403
-1.76965571542188327,-0.364763133690065744,-1.68920400055987341,-0.904731643581653699,0.574391537852270595
0.843432296679705096,-0.61198602553631698,-2.00543908130792081,0.714304846803853533,-2.75910862916027133
1.13120088783264316,0.244829230993250935,-1.52662191001460279,1.4704515827467497,2.17573999440820565
-0.0862743312380957195,1.61470908123616619,-0.112104354530591893,2.77609706964658987,1.34343493417128212
0.789761837982053128,1.09983687622438642,3.28392616085279698,4.4510357410304584,3.72391120527163144
-2.00426014110207618,0.665341671319565342,1.8389404357474568,-1.00818978334510856,0.481305235016399213
0.757672945347419469,2.39228705665620023,0.138082574842255917,-0.714009936208600759,-1.9969027796453036
0.547369310854996738,4.28654429784271951,3.40781404660285903,0.247080688317725006,2.04256380670001603
2.27548721077108329,2.65516255419729319,1.97259035336600008,0.713055342720935958,2.0040396653345991
2.90006218994268439,-1.41634633118873743,0.345040134806885335,1.0252849968199631,2.08408308218335137
0.734213077063574526,-0.711203119225358726,2.11869249948143379,0.513475986945548635,0.273295710775649958
-1.09829138152368011,-0.678491798666724932,1.03223056398701774,-0.777592879792558422,-2.7207494170187112
0.878692212832352992,-1.41146104039713949,1.74123922773218731,1.25561109850489894,-1.52742262334292733
-1.94512027348659844,-0.383211993769065618,3.65694479854252208,3.41600393938982805,1.14135126007185939
0.526624285213292631,0.0626103299425526533,3.14002027748039891,2.95867940952486608,1.93422646728587688
3.43895851166910393,-0.148243576702524749,2.61629242620544877,4.08608552060225971,2.05982303805315414
1.56366668519540464,-2.11917220507876447,-0.283169840430769315,-1.89294334053390534,1.7854047394924446
-2.20081695831202406,0.0900567859968086637,-4.95061221988175415,-5.08735937813610928,0.383799501542653743
-2.37509162345543645,-1.28348644390957145,-3.87205138679803751,-2.67470414285273961,-3.87904700265834901
-2.64265940904238006,-0.580329542848869506,-3.78501490166904286,-3.01692871969185594,-1.52529726668422438
-0.660602898606816091,3.00709580213073124,0.231395484040879923,1.46935505931379873,1.92265651312520425
-1.37925638775598247,-0.031490602788362243,-1.86978947570868281,-0.49868802990043104,-1.05749132615747343
0.608664131525213814,2.68946866132909701,-2.4758038595563634,-2.06190632341839297,-3.89142857717611923
1.31679977848974405,2.88865387996809542,-0.212927381949410549,1.18902693567108519,-0.111817984840230339
-1.97010964944926714,-1.17924358532550078,0.181363752306014619,2.71294497947187274,0.501212224492871616
-3.52375549757687123,-3.97609441882172199,-0.349513371403324946,1.50919851054234311,1.30737502409694262
-0.0451041930746034769,0.297308431683856622,-2.42148861053188957,-3.41738432375776213,0.227718327048594044
2.66194385380708409,2.18743857134060349,-2.148204255105858,0.29090299209975945,1.19869168682425964
-2.11534354106654243,2.21827957137022924,-0.143264156807736381,-0.534396128657354974,0.867006167954842311
-2.91773982294227974,-0.97188995971119807,0.618718131244000213,-3.82252448520085331,1.53213028204046986
-0.286980284116629014,-1.63928689132867644,-2.45380731059204171,-1.15470163234409529,3.42482141314809718
0.33846671441621512,-1.67538058979589999,2.43498408395399801,6.60658611143192509,1.46374274105735824
-0.460656149025777673,2.79391055805857125,2.83192551225455613,1.83134297950285507,-0.544631536945251349
-1.8865562399985929,4.6793457615492331,2.03125976415840359,-2.57244327208203227,-2.83686892939412516
0.786630788494591338,-0.852743638476609389,2.63624771278489956,-0.201735954896202774,-4.41449862764756418
0.215835287711805907,-4.33799586705693319,3.6394136303633311,1.6726689897047966,-1.95785957498463437
-0.918997357440028417,-4.0450840102051826,0.261829118685178774,-1.41661453647298718,-1.92903606823511065
-1.66920427796468673,-2.54654217738375177,-0.557801082858855435,-1.23198401871142127,-1.38756502351779054
-0.806346932567790442,-0.882218063271722919,-3.58702922165768756,-3.57438908053088333,2.12571156320447274
0.221127447848122966,4.57935247485967967,-1.66713141482402083,-0.0145739589899446798,0.210918127931585236
1.13496087931392409,3.20100494843861316,1.66393483621339877,3.0959658906153491,2.09859368708706517
0.283797787424597048,-3.11351204486353161,-2.7037436854958834,1.37964993736585217,1.00502003264903927
0.649922430865128908,-2.48174572457369536,-2.3401156195223014,-4.16834374790340334,2.71872282786421904
0.316027283764042433,3.27136838645527828,-0.428964141980897939,-2.2737102316682094,2.0881506162295369
-1.26590812111706752,2.4793349678879224,0.228165330481913758,0.368133972126411912,-1.02429344437172065
1.26496460625915108,2.94459218343206519,4.82505373872319954,2.42620876555869813,-0.143902639919713499
5.16839495241986047,2.21929056718543016,1.81814523851918741,6.47081567308366701,2.12928635407215205
1.34281719961217516,-1.35935184471048531,2.58425721961396659,2.54987633430850202,-0.158874892948004248
-0.933900333770955382,-1.57894446862787885,-2.71247938419621759,0.685302984853745301,-0.530600515841960774
1.50781941240196615,0.0786088710491126275,-2.40654299989146248,-2.29483520618230763,-0.398894712495755921
1.85602464870993678,-2.50487986806515028,-2.33567193729806144,-4.63583329172401726,-3.77493942722866871
-0.286928618108501676,-3.687600657898912,-3.08420565138397018,-3.33488860258763786,-4.29166965240191445
1.03254185865051684,-1.91504807817853395,-0.893324756413365395,-2.34720218362468813,-3.27683291446143432
0.0334327786630240764,-1.04885333673199432,-1.43947960039129486,-1.93583291550723047,-1.18330154485717332
1.21199145888462878,-0.712886267330271273,0.118982561372418999,0.695714739286772188,2.08351242210260112
-1.46252784428722427,2.79945435471883597,0.2339764939743047,-0.912875097288627924,0.103948231234008426
-1.69007269651395875,1.09176692781886464,1.59552206057784951,1.97626878280986151,1.76647054069399045
-0.182531397858322564,-1.34150910760602438,-0.938563706456991276,-1.01237919995962367,-3.4790103350055479
4.01119890570088522,0.290210990561335924,3.03020210517085786,1.60649957440842006,1.98974247550449967
3.68822950234097924,-0.258450497376067734,0.441333679844466586,0.24503109305370166,-1.55546485182474914
1.55814416289107438,-2.42201621612513085,-1.0973768388042775,-2.97274020295071839,-3.58543752444055519
-3.36797310449573528,-2.77260258706673657,-2.57425299737188906,-1.04426508024848941,-0.583028299496764824
0.64722339037228338,-2.20975288481635168,-1.51219772874022329,-0.265992225698011953,-0.503710039540607335
-1.34964318955475981,0.11820281343805053,-1.48238112178085157,-2.44193815205250608,-0.00492931306414570031
-1.64695195862212818,-0.147779133255942469,-0.180653957890904243,-1.118587443730509,1.2771546846155013
-2.57936202285462812,2.96631796967793049,2.58068364459750876,2.07644278517052161,0.672605452013310678
-0.806934691216052769,4.64719197227910819,2.20330158090778605,2.7210411204717273,2.29580294528272955
0.0519613529840793759,2.86402961536070855,1.38915694163751624,0.88403323336455597,6.09070205496286388
-1.16290029445816989,2.569962481256578,2.66581568510901645,1.35960507513591167,1.44072986170338946
1.04647594048788806,-1.45229968677297472,0.606696207248529906,1.25282654895157508,-1.10479595868101654
0.0365749782643117055,-1.88159911946157887,-1.27027150280230261,-0.334416222432486809,0.672819815199248716
-0.589129277675218943,-1.80185584249130581,-2.09490726158387242,1.36858412289412446,0.179261532681981278
3.82667609611416015,-0.959608477674719684,-0.132806114374584755,0.245666147013787084,4.63194348171759884
5.53171493463680264,0.315728064726545909,0.875482634188706865,2.13723225007152573,2.95607961906261485
4.53858683546836961,-1.29269717939363948,4.08134712638431463,1.94936806251491657,-0.00412806916693522069
3.13100244014794837,-0.345285811462116454,0.640846829998691248,-0.935670057598085636,-2.33604524578493189
1.4109524694117197,0.521987310675928962,-1.77400933492310342,-3.54324288016223576,-3.57999331035302415
-2.74869052574532979,1.64920179886261353,-0.489846271252597054,-1.93834425005052768,-1.48916758856977771
-4.26749569738338064,4.94805099815177218,-0.567566848633483945,1.51579775019645813,-1.44877728163510078
-6.2557907652158482,1.70307321682156232,-1.08150659264982729,0.308944490377850434,-0.226039821299148819
-2.09362225821522507,0.490401410827200901,-0.407703318125833603,-0.663953696534984372,3.13516602286018253
-2.90345734042491088,0.353773978224189434,2.08973264138071402,-1.34806734912346693,-1.05664593944128593
-1.85523760398009818,0.618370684545929694,-0.79605366240651998,-0.931191155951396787,-3.31004086375859119
-0.903874833407989908,-1.75825620192548748,-4.15326851640900507,-0.728950288332880447,-1.03979242986442411
-1.30243235431695692,-3.5678097709440415,-2.59660615541153561,-2.11122211320136799,0.301071679696204297
-0.659399456947459606,-3.01277636759915879,-0.79659123737446802,-0.803065804961804464,-3.45142076330905834
-1.33605433243064642,-4.88000718901097308,-0.329002799566258219,4.09329259667968604,-0.199542076561790488
1.51323349943639407,-2.46066734529083497,-0.401537606691524274,0.146570413484800072,-2.87015520266429869
-0.286480844831642989,3.03473435061624475,4.04254050402748089,1.19293190942525529,-0.481051696301154852
-0.0217069281045905831,3.41814033056451461,5.53966415893956299,0.365260109441931879,0.903864930298634794
2.02428252929323538,-0.801588745462351371,-0.517056226119876561,-0.769346178990911289,-1.47216632852871387
2.97670566418491811,-1.2704587124741713,0.263492951194242098,-0.239049332950227539,1.20487807416355763
0.690925702324335922,-2.60326159720071937,-3.43300276571745444,-2.82374911280063889,1.76203823374115576
-0.000566974422409893125,0.234374304279364148,-0.244045249815117576,-1.56367686880819079,-2.08457772292504151
-0.49297385092441065,2.51236436972268518,2.44030932320976524,0.702423361428796467,2.80391260636676432
1.45329318197181356,2.94949932405307935,2.95855106418196367,1.76182275862085436,1.20719317204985166
0.674119496368864923,0.861964267975924403,0.722860424025742798,5.31940670132179694,-0.185876073597089769
-1.00382289645447398,-0.390297616278296844,-0.0987323487678865852,-0.734118439793796984,-0.605994108836388934
1.69747178936615861,-2.68425633040689648,-1.71957252936582972,0.526347492049854759,-0.566369390180780585
-0.463795955444491981,-2.76376727630032315,-2.1614230192817554,1.20756946727677006,0.181405337662022687
0.343188655707961143,-2.16242562202943622,-1.48489003520035068,-2.75974670620981133,-2.41645600377773917
0.329336090242357382,0.311952365299329126,-0.176778734855663894,2.4760346225114942,0.57183904428463983
-0.129931140437785475,-1.05283543200252572,1.85513610138719831,2.56392950117851681,2.00672319133363253
2.08225094543724687,0.760550530870565011,0.615852619210401797,1.3390382392593505,0.682115910777475687
0.462405509257058422,1.41665486673820418,-1.13706332426852352,0.65403791618510887,-0.343388801654037179
1.37487226173384181,1.9862639320419635,-0.0877266670288178452,-3.06640170938021361,0.265711080678584954
2.98525530342031731,2.47890672978261195,2.02118837424540709,-2.51545702378341396,2.10988498874311103
0.882905626190387927,2.67922961532636528,3.64676900409573301,-3.18281806075389184,3.31380564882729889
-2.30686300729679461,0.24795876660276131,3.62617600723845079,-2.23304623419770376,-2.60016953832214703
1.51658569660332398,2.27076938953726382,3.33162242954018728,1.5564857311082374,2.61413523030977801
0.965902818794536655,0.573821723417184626,0.654651174618728238,3.03409876986378002,2.82413343565561892
-2.15487084056311007,0.830774530251626175,-2.46302712074333208,1.11841879024841107,1.25799236771728395
-0.257182109517276658,-0.0366121054017392866,-1.12049504530993871,2.24376835643361883,0.137046258596965925
0.702211843640092592,5.26879754517837018,1.73949963094557813,2.3372171445967469,-0.880932009313516229
0.0588121611305475883,1.20153767464221017,-0.215880876578987607,-3.32496512720624438,-3.37427592179493496
0.828646121888551468,-2.08425944010863162,-1.3659070026483493,-5.25766105459382516,0.121130666091363359
-0.236006197034364318,2.37678165036056877,0.273790669574295653,-0.892301988967280524,0.869879545310813462
-1.65760807107809782,2.4503544911925097,0.244731511931762874,2.7781997940423202,3.95537210737746747
-0.792000646183849022,0.249245059989936707,1.30774088978978398,0.120276825308598206,-3.55439890046057538
-1.96709711216970851,-0.346024319861787721,-0.430329120505808294,-3.76768545065798799,-2.90498423991787869
0.763646975493338376,3.80613589702011135,0.088603861848760429,-3.5300427179767131,0.911642423424609216
-2.69376193249970664,-1.14392814979007618,-1.84942327676893115,-0.798568202369783542,0.649119379122323759
0.848546119043393277,-1.5458832484364402,-0.1821811748347201,2.00755227101559974,2.0083095226202996
2.54249674601954911,0.29532907870654046,2.37643232068763854,2.37530910666666673,0.725594534695246374
3.944017162013711,0.921019979640815722,6.02211546466956005,2.18450298321519831,-0.179476729013498454
0.285843561136105373,0.961128180447444191,0.809425431040979748,-1.83374746381533171,-2.47117938843244733
-2.55985600866986163,-3.44557793612011887,-2.83622109557043656,-2.13556870375675523,-0.0539789312073634328
-4.7881176511109631,-2.35410064691648868,-3.77936879459727004,0.970222271735334818,1.89250160939552314
-2.75293066356915395,-1.48796605448070562,-1.84412701281998093,3.00441119094787812,0.398959047073917161
-1.97474004760974298,-0.186581391613974718,-1.42590254245600478,-1.14095035174203385,-1.82436654847765567
-2.25156495108535815,-0.363773996482114503,1.05805306784731945,1.18370370901482058,1.97856699283229398
0.407974641835523899,-0.884358235815083771,-1.53592335781909295,-0.254408084276130375,0.0693261641722609789
4.03558297558237644,2.72019879162466616,1.24673593797682614,2.30254662892649797,0.482118602794170736
1.49968654746016061,2.04467935070083184,3.66523144243240662,0.194144754533753711,0.268053623579480482
-0.3794617635103813,-1.58784175050932963,2.27079354569743241,1.32203021916963381,0.109891561018545331
1.22640773367601574,-2.71141675767782919,4.515967128186686,1.82461636322171739,2.40851510038749739
-2.67086145787248208,-2.53488404434213566,-0.317030903089902227,0.734179361079620119,-1.6569872984249201
-2.05183254453972141,0.911463379258368511,-2.07802080380999277,1.15540153928678491,0.473940854805628087
0.138116047746915049,1.74818088785091819,2.53565425000604749,2.39688888606251016,-0.700990353945469158
-0.0859356308366454186,0.856842104710885066,0.460549257839646065,-0.0439143138493469365,-2.09472323946937911
2.87272459127942215,-1.49859823095377775,-2.28043052563769821,-2.22268981464679882,-1.3315186120727287
3.32467210281822068,-0.730085186914126605,-1.6087100402042902,-4.18981100685145247,-0.284390490503644289
0.811558513186734332,-0.064836001350200595,-1.26161745102951728,-0.947312227860585332,-3.22796423741490601
-1.27841587139213364,-3.35828716891231371,0.952778514481715022,-1.44197837165752052,0.342500477539601389
1.98981299750222451,-3.95287512983477862,0.0739012801786001761,-0.0987645464984196753,0.634802125792831906
-0.758646968907100261,-0.196386805198992515,-0.383143012606864786,-1.28331239492052873,-1.1559827915731522
-3.06069746311791668,2.79517400230435031,-3.07676479096295941,-0.507258854088166511,3.17428882013847957
-2.02202028139459022,-3.86074901887842792,-1.13737054665895743,-1.77804841420066717,1.69007988460547476
-0.356075288027077219,-2.97433595184507782,-2.90776369507960597,-1.54719142031068513,-4.55340382459691728
-1.30974913552286587,-2.36436009652413892,-4.06219671245744163,-1.09963911075426335,-0.240029933600742401
0.0692714619668236969,-1.78274097217426819,-3.51105173358196598,2.85514268944570038,1.11675708140894447
-1.06503297233771588,-0.107817784820476964,-2.65667535243090835,1.96045186638418434,-1.0124714624646165
2.87428116057261374,0.978483435596801621,-1.26793650673625025,-0.399555119798684411,0.56651002594753852
0.799651723980597695,3.42708623584418026,-0.901615806270177234,0.219845806670258909,-0.924689689460578723
1.51925188494429708,0.370023445294494047,-1.55840719718945975,-0.385735555531301344,-1.19711887783904047
-1.70340978078862459,-2.69070754626807274,-2.24244325458368143,-2.42645916108002613,-3.07433971966795916
-1.46313116616657224,-1.78765289010469108,-1.20506361887412305,-1.47344545203960653,0.13736448969062906
-0.304626282609689381,-0.105288991573028082,-1.17744086003321891,-0.789495863409767851,-2.19249960327244153
0.430535327400027756,-0.3855080960076952,-0.396218682127237265,-0.466088657286638841,-0.457157418537575799
-0.771643657451204557,0.898848451671901749,-0.566363858962804612,-0.569106067285823358,-0.798966061512314418
-1.99040469588897495,0.185167753049687439,-1.69657738274530989,0.312304652722428577,-0.509504586157241146
2.97200132172606679,1.06930552685074032,1.96148266884433098,1.11140878294014689,1.79698451584158447
0.919400155834717348,3.86868145621573367,1.14082483674475488,7.41411063166369644,3.11457775321415076
0.881513481285352229,4.18122910791900626,3.4389803611575176,1.87781466155371879,2.01866150745081097
1.02444053428369397,1.03879649158648357,0.935577810096586027,-1.74776603733288027,-0.655405818309912735
-1.18412394629378226,2.20248725027483516,0.381267016509582446,-3.13352885509062151,0.661619521338191685
1.43389423139069438,-0.429187382167692366,3.97223904079343271,1.69834624537058643,0.383996292063576827
4.99809603977149841,-0.887728906691143016,2.66745258163186305,-1.49829861966790823,3.01764573350082177
2.614465217337405,0.0712486628348008993,-1.80426514456730747,0.633310078953357114,1.89466521858102244
-2.33412731215663838,-3.23720352458450034,-3.46711422799217672,4.10988544719089433,2.47733325849492214
-2.74871607286038477,-1.12984435298438668,-0.863467441999043128,3.15509312551906485,2.14368740616653763
-0.318378052000346967,-1.52341346364411012,1.11364644692661363,-0.831206370000488692,-1.08938078876474531
-2.87419218487518036,-5.04238335579463204,0.35381457614195827,-3.38156049208254172,-0.748531748070672798
-0.521220384927827074,2.69067910461089443,1.19442847452188183,-0.53774149351188516,-0.589444815963714119
4.26693143880112835,3.0674526144798091,0.73451608245003408,1.33191231739918692,0.44446018317627406
5.74151662022023057,1.4474251128803246,0.359144541435902742,-2.78150605176603483,1.2715602921325293
-2.10825703912320472,-0.248483458011027142,3.84260548263873103,1.08582154457785141,-0.657340303262455405
-3.32909160785441349,-4.07758827788658884,1.95293570966632157,3.09257170281286209,-0.375020222415628657
-1.19317213100780228,-1.48478280565850529,2.31414756989721138,2.53952069989489315,-1.16094406621954582
0.485128455511292855,-0.891285580054912319,-2.74958743718769361,-3.85110636479522483,0.460210689237632919
-1.21799603988892291,-1.18297121720309151,-4.8979368148908522,-1.02342948915607779,-0.764433928943813901
2.89267717800392887,1.92904599340858529,-2.38897766839848513,3.61278235095705202,1.21439765787956455
2.94522466625959023,5.65925525682469743,1.14005412995705879,1.09960308480103164,1.495005838361954
-1.79545734537078938,0.236880837853540832,-0.644094619720077977,1.44152340287653846,0.305940172402353772
-4.67133134404068251,-2.37348819046554604,-3.0145589251071252,-0.818210833599429255,0.234488936024389333
0.0847027787403097782,-2.4403932626155953,-0.721485452554335716,-3.50634423344227208,-1.45541538323724717
1.59112150181296408,0.265479238349567825,-0.8909271233351852,-3.76611287143920492,-2.33978300808900563
2.14061029712571393,1.66403796295107642,-0.379054614607041651,-0.710404040743402687,-1.20733795571028102
2.87292545015184553,1.8550538800146954,-0.973631607421952538,-0.796603717288996482,-2.34851252167258284
0.599842838768764985,-0.0533917233754913761,0.839179754077736817,-2.88348456828421362,-2.55833992058749482
-2.23169998062827268,1.11905395172989697,-1.1684425627884536,-1.17702593343898987,0.61583575682252345
-3.22892303306969763,3.12533652078251389,-1.13603788725028187,-0.651597143439035187,-3.63791330900073984
-4.15108232041264813,0.578036267237535095,-0.00730554421098768021,-1.62379761527701838,-3.15727071605817855
-1.99416276777338131,0.636501430692237302,-1.0174541803881969,-0.809070028428662491,-1.05780324139061199
-2.3513026144459328,0.383859935315790213,0.0904533023351334203,-1.31810024373464096,-2.839014238484598
-0.110286980440277668,-4.63604279372977235,-1.16499383957080327,-0.424686173215125584,-2.29669750109527548
1.09762057648178879,1.93072426249091644,-0.0571942899651738251,1.05452337447163358,4.88449807732073893
1.11780633762900039,0.0669798460430012094,0.682180678238413885,0.350708680435589448,1.56375814241613864
1.18813792514472216,-0.352579159626977945,0.108589158030671193,-0.901881799991903654,-3.02325862990087124
0.0534325372640570978,-4.71668444620647254,0.0483365624249713494,0.415078125826901512,-0.335016532469767536
-2.73935702792763269,-5.24452011271950891,-2.77087508207634636,-0.143026882455058124,3.75412178776095606
0.327235668989394102,-3.13775091887256918,-1.01201576215477096,-2.1794784007556216,-1.12044566500353993
-0.911747593578729698,0.121719909085446151,4.28489378401233001,4.38318948185393875,-0.71894812115478457
2.9639039582319211,-1.5070123575163239,4.38379641689581678,5.78440268263323709,1.67562893424770309
-0.13440172559150354,-0.588076523385469674,0.201180070582760606,-0.285365797378702601,-1.59092894736873891
-2.81626580254400771,-0.989871633722120836,0.564156857171285053,1.89568205950278035,-0.165365964741803123
-0.493276444853138707,0.0152996847496361492,1.31860379339368783,2.19356629502459111,-0.0588020445393513738
2.91850565766266135,2.37340803429327485,-1.15770632580037258,0.0391531364501083098,1.59569504372550264
1.95691070386972288,4.43546019362706812,-1.07404462477961826,1.31452204306162623,1.68957361718215715
-2.87883356875684449,3.19952740664579016,2.49295937215909547,3.53640686135277393,1.7439803911900138
4.41649705963205541,0.801094026415459126,1.24059504425101452,0.143347611614253523,2.64088319805185012
3.49004929834661359,-1.907706030026314,-4.22269160418480993,-1.74243022376587353,1.02235333278354568
-2.09638144946935512,-0.470697665977374724,-2.50076106979317192,-1.52650555328987614,-0.0103372716947509949
-2.03223554921341876,-0.886342175522294995,-2.15217909024470222,-1.06062446457453707,0.13326588908710077
-0.651249836614661848,-1.11367136446675952,-1.13553595731435131,-2.36733844197018151,1.0158940026499419
0.194493738510381875,-0.000158906650890373174,0.724774076310156889,-0.390992765617602323,0.571290552476162228
4.95999509329834698,0.347506924214889046,2.3606767535234523,3.79187177813975662,1.46248934720515367
3.47182558137155617,2.26068334706489882,2.33250053034666749,1.69588918098282582,2.63830193682798608
1.0505618421650742,2.03041428152799774,-0.13475711586529876,-0.4065012152095141,0.478050095003459241
-2.84473534602764699,1.40947368066928047,-0.546574908128528048,-0.900134081948768983,2.949644390441863
-1.77098424551969535,1.07894084670665813,-0.541081275179565502,-2.27153199934500849,0.537419762121837508
-1.81114260860762655,-2.80715731860121132,-0.815648899996513688,-1.43752805059817934,1.96400938769807065
1.5859930587219766,0.334141466297766532,0.296134924030066526,0.763477762089088907,2.37729722129576881
-0.352941130401080549,1.66241317629514351,-0.694933090868618208,4.03401187350664436,-1.03702583937524628
-2.09240789181181475,0.184483149267571894,-0.410349960158234051,0.0260526679258913305,-2.28066571653053884
5.26768056417038011,1.20231758474969719,2.37082793231572353,-0.336388168208704763,-0.719785940762494358
1.76756670946395533,2.28131371722493537,2.26746951589516454,-0.138272562999916637,0.149776374310287341
-3.04251785516064599,1.27026766178222283,-2.73582186328453991,4.27165670585297708,0.753891918784352133
-1.87269546398205389,0.206297961965611093,-0.153387665481109436,-0.354779619257116319,-0.777496268929704804
-1.29516156529913418,0.0147902492576230497,-0.559894806262215772,-4.07696144035595598,-1.67470694048278679
5.04005971767270644,1.93585800426271271,1.56518690910618852,-1.38010870925911799,-1.0208353021133465
3.66241181418460604,3.96147156482101437,1.99707081793301122,-2.26967252432689337,2.90212523669215772
0.446658309767435591,1.99706642193138362,1.97852965772937428,0.194489235230537738,2.64441480177094501
0.217828076576101037,-1.46269971334644122,3.33021759273807394,-0.710635744956484405,1.02339216097546126
-1.02556720484338371,-1.00232007331317452,0.450740119660915317,3.90294115638762573,1.47646943107815565
-3.41919192468082889,-2.35202619993982331,-0.211639949059687249,-1.68129957035361222,-1.58436267818552956
-4.3833642745314787,-2.00038521000776504,-0.762506552869200549,-1.51617103466614056,-6.90995457253464895
-0.109901018035599027,-2.99353909189418754,0.266159512126017683,1.28317375802823341,-3.80623863930841733
1.78825883517710116,-0.98746517625979513,0.544515065751569161,-0.313673715447011725,-1.06323680962285305
-0.820378274077537273,-0.646638771016401881,-2.05283093473640754,-2.16226484289661025,-0.8371473291732906
1.27730020420011248,-1.20462144878692601,1.09198407381000173,-1.66383166616962219,-1.43546166237654393
-3.31117676397099858,1.31426504011238587,3.61346927636553472,4.13028482913922357,2.88962495392548124
-4.96220913125678464,-0.263235731445047971,4.35289757298395763,4.83107318945136921,-0.30945122653439433
-0.917082846725780998,-2.14494597778232832,3.02022002937832301,0.369469428353147111,1.86274499614856803
-1.11552888117193927,0.386820914814505312,-3.26500809916588119,-1.22664706472900931,1.35139983970952438
-0.575441326581703438,0.41938325136649679,-3.5301958834025573,2.5497200584675106,1.24510388111698767
1.70606434879536817,3.4523708519540901,0.996326579371249688,3.48345718161374851,1.40096435319802737
0.477718731822592779,-0.147376126976225347,-0.281095249918427992,1.11685228794983304,-2.05842143653873411
-1.79576851143055127,-2.24971130841323586,-2.53293067056061849,-0.755581102522855708,-3.29438387013480316
0.692559171493353665,-0.781374260279933175,-3.03530277499240952,-5.25096920808017398,-2.3308909305735277
1.4838611012049685,-0.0887373373218054845,0.631393854275452471,-3.49643139189251828,-1.55517485817703482
5.33397362547866827,0.781132881756351316,1.5058272501565797,1.02406643774327755,1.21790817472710722
3.02062445503849597,0.417730235870675815,0.703460827712674819,3.26814664547057099,2.74364531316569549
-3.22386412212563744,-0.937778540974855912,-0.957859151250470164,-3.40288877563375136,-1.39865246568395496
-1.77801611192387221,-2.47478998492613922,-6.28015958769687455,-7.01713006230017378,-2.95999922713267738
-0.799934405684130878,-0.831868634790470796,-1.62235128779360771,-0.805411331539302222,-2.13583082564538795
0.886202265724744698,-1.39860010107070121,-1.04197397707346617,-1.74911532525313351,-1.81006673798027817
2.72020125133745427,5.25447846137953256,2.85028484086903289,0.316030111144644299,3.20283888935184091
3.46286227759960497,1.01928657593740857,3.78215155310396645,0.937544701571436989,2.75384042859211764
0.105511435590477334,2.70443044262547438,2.72840807432477384,1.229028737359247,1.51008990990169023
-2.17855132761894099,-1.81575924945027833,-1.53822931523793272,0.509299679929563598,-0.123553240964565575
-2.09690330155042526,-6.61891708022313185,-3.933672036233681,-0.719655143478926562,1.60730438824835486
-0.0320087454994103932,-1.86346803870427835,3.4986663044160915,1.15349619507849477,1.56568321351908635
-1.36501855451200504,2.40831621108703997,4.29585345179951261,1.86306694738341516,1.36434362083139193
1.15934309239978273,1.20851012324450258,0.554444737338276483,0.813513407275107681,-1.89568057800784207
0.435811796345504099,-2.04577255039266204,-1.61296968184533696,-0.560946868586841174,0.711560716345342237
-1.05428079280168419,-1.31191936689095656,-4.41189300595631639,-0.474222090515898587,-1.8915459103597374
1.43323357226114578,2.50916244245898312,-4.15526445125974497,-1.382424295231508,1.69743759970487318
1.66368445372673013,3.09681453779662874,-1.32585849131847922,-1.37723598273155323,0.60112931065628683
-0.260970242212613945,2.96812952827603116,1.60189210984270125,2.06406370827881114,1.69913991482462023
-4.73970206174747322,-0.86596626761916029,-0.0414994740625299202,0.221409894527287404,-1.09414694540194857
-2.85435530289373718,-7.84732357379052026,-4.09262744932838274,-1.99080263819733538,0.431355837846797763
1.08961247267542194,0.495340451770220513,-1.09424554393373041,-1.31972839000570774,-2.27764562186720321
4.83743228664126423,3.34383255776710486,0.515723252008793986,1.04746629006335668,-1.23272877632354216
1.62511298595018538,0.0492790528058022342,0.0901721681872442171,4.08588688331753769,-0.874102060291053085
-5.35787247101620157,-2.69784363271495797,-1.68784828266143072,2.51612923139845934,-3.64742953660412805
-4.29942916782886631,-3.35307828520876638,-1.00757197588346936,-1.7193918475202512,-5.39523087363654152
-2.51579229330454224,1.76171027250518075,-0.377366998347778593,-2.87947950277135467,-5.1735784362891577
-1.35199520450589716,-1.51826557210335333,4.96935477641823464,3.76971098246107061,-1.59860632083319421
2.63364324344623446,0.733058038670900469,5.40766455794536594,3.25178323312510731,0.932502860834716452
1.98400268671514768,3.2283575256895638,4.15318845681611482,1.56794320120101416,1.40638201885944603
0.975352895749502791,3.02309195654116536,-2.11494007110800286,0.728877418237128816,1.24435758806484209
5.28081499930136022,5.09730767061836421,1.5690946858837187,-1.01188749269888634,0.549978089770876255
2.46159763959868183,1.06447618215808348,-0.558614752722291885,-1.30569432979003208,1.49760666461307457
0.818398588523335357,0.113996932860295774,1.96711780606291753,-2.30602809136184339,3.78556800747314881
-0.0423350793128989683,0.720813133274409767,2.05861591715510217,-1.33927593922155719,2.38475444476985166
-4.05882499923466433,0.464315881182983725,-1.76401825062899964,-2.92480122139368248,-0.82625658177178507
-4.13648030544823886,1.2144708499011041,-3.36902259346119948,-3.73882484184590425,-1.00613814220829578
3.24137310302118431,-1.16202293750983499,-2.03841545743196306,-2.76958937182766896,-1.10909103641470219
0.0231589094867044182,-2.87562924201539483,-0.706755016618127452,1.71241928086101103,0.884862667992746266
-1.5168615886517236,-2.34240294082413802,-4.12705507066934008,1.59590506570987989,1.20131648603330188
-2.65521044405398854,0.49465080479636514,0.236727801071899668,0.856048384672165263,1.06421953376642264
-0.782858920425990146,-1.51979567081692224,-0.98690022758513718,-2.94046531144238976,4.34671911126317756
-1.30668101296832329,-3.93761250507871452,-2.85139465050743812,-3.1322143158314919,0.539291482514478893
1.49182027369971615,-2.05480033005363127,-1.7920935294771263,-3.30916681744358465,-1.85651696044850523
-0.401398705444122872,0.415484951258815294,-0.0664815619475230407,1.056844201014707,2.36597033317594851
2.83191958456388448,0.869949111608115833,1.04669482732477692,-0.965660640298964368,0.65729433877725929
1.43422127963048984,-1.63183147335844514,1.41521053686773546,-0.453620156817141296,-3.73560000135351489
0.697202898659109671,-2.42887515920241182,0.612565076208697712,-0.540012257818991981,-0.0934725519670953908
4.31137710380842964,3.88682630346443547,2.83712165679368988,4.93469143809982391,2.79190108728319553
0.958496657429637966,1.36325704989368446,2.18779193887933721,3.71838750790572714,-1.07710853297618714
-0.413840517590194301,-3.8323738519446926,1.98478612844514868,0.101819124694120577,-1.3208174591484354
-0.993950602663567162,0.743572522917703038,0.217194363477141772,0.254215688968802644,-4.22470369488248298
-0.22992073426069265,3.9627646607728737,0.470705264942211155,1.48905949172020069,-1.83972755139126054
0.74839426981796342,1.72959703248652841,1.57052077550066316,-1.00957256968376674,2.2119409845057274
0.59709575265614645,1.91632164593479071,0.915948898807798506,0.228261416528889094,3.38842623022399758
-0.356943845717085095,4.41123651045557796,3.41443579270042674,4.09200673019283645,3.64202483158812118
-0.102942496706419015,-2.11249694736006743,0.687919670523944982,1.09453877273884359,2.19213623264455837
3.80681793468902763,0.35942775982939229,0.307785879762131731,-0.22214282153000553,2.01607486600308183
-0.0289427828464812603,2.01740068528615346,-0.284450348016278387,1.51113566644727593,1.45945165041925029
-0.838783536956042797,-0.408765987326633107,-1.89028831667396657,0.994787012317993047,-3.82444264506266318
0.52450614740992807,0.497319350805880744,0.249694865372104668,0.331827660094389021,-5.07132871181950051
1.53858581346703649,-1.63356056142555328,0.166822218820932677,-0.414198100964315197,1.08154913978371536
-1.09828440149406781,-3.57534293005711445,0.203493186175051688,0.257045374553516059,1.82151663961038657
-0.371379663521038517,-0.814786765103038713,-0.906465225494274995,0.924342410604760523,1.76130581871069958
-0.0683235414496628363,-1.65640513390172139,1.93793688859069779,-0.0367402281998648883,-1.21890654151886224
-0.672064662548187863,2.88909932675465564,0.514848973702274448,1.00261547411703456,0.0824270474468943026
-0.366234161223159493,3.66834268059412905,2.67225441590409218,0.43653686588344659,-2.08624980760521384
-0.22684447603413932,-5.23942094053820462,-1.1513591898525497,0.685291141206094578,-0.373658410845842393
-0.0311324956595704777,-3.27346677517709805,-0.950129228562733075,1.02017423121806949,-0.295384339024458931
-0.834321782676197055,0.863993345479317276,1.97589143530284894,-0.646734573154172043,-0.0605046874620604191
4.17766984438274314,3.50234279030869677,-0.362401872706691164,-0.753282499250553905,2.0454886789281419
5.0416128750828122,1.22915848012041939,0.657483127364111408,0.372388759502568389,3.21721061679012532
1.81692518412206216,2.67729969753638608,0.568164149681204766,-0.0993196205980505509,3.23396334894116766
-0.726753345410146356,2.34631218954026677,0.183806488747139007,0.151410986743380244,2.13707447693197938
-5.01007745964510143,-4.56334905218004661,-0.971342082662705386,0.899543261774483294,-1.51953621625762647
-2.98017947384057269,-0.778318196471946777,2.04428866880892857,1.17989451448384886,1.073631776467181
-1.97550691720625582,-0.887479690758385509,3.12930300416107432,2.66830070176304002,-0.997979401161549595
-2.77938727876465785,0.00802996019651069232,-3.3510549720710574,0.438019356262843496,0.979712056831927414
-0.319809029408597179,4.98556152038474032,-1.6036629890685028,-1.46303244363278573,-1.1169988507527
-1.2979119595394879,-0.750987546988689636,0.557738782001534372,2.64197427414661146,-0.664988352473917632
-1.28786724380758177,-4.19825477881719866,-2.61462127672645028,-0.242494399259315485,0.339433149379047117
-1.95150594530600396,4.02648180959248414,0.0599000629341456675,-3.70742119536154657,-0.465716353649513137
0.200630339105666911,5.31468361705639669,0.579746665176739007,-2.84121820085630628,-0.267538868144643005
0.164694753585852005,-5.00171102325113281,-2.47571588922164887,-3.91606273654681658,-2.55682543225465642
-0.314125816989383966,-4.03585735503073373,-1.71109299059603748,-3.31949021877094319,-1.32974099802560586
-1.33700998128815129,1.53282634894160319,-1.04339842909231506,-2.20267697444334054,-1.08059877457881903
1.58486332140908615,1.29197889983475833,-1.94618458595996668,-2.16073432071040328,1.53641653983001003
0.90678858753897984,-3.55723918918443216,-3.74307946954688475,-1.79422068999938356,1.19228715183444356
1.11904369271482818,-1.79739430125068722,-2.62043291628989872,-2.71904589579643874,3.94715874899628494
0.658856663602786163,-0.831054816776867655,-2.38532376314872652,4.05981322834277147,1.78209578254448719
3.3444847232545234,-0.723808015941874494,-0.669671959021148067,4.31685613362277643,2.0938093365198216
4.74183958057963917,5.94951452103113176,3.65177467102933262,-0.0592358846071000533,4.61908037153820761
4.01979191902580979,4.37543331712735295,4.29956380870150934,0.67062975337696995,-0.356332238157823888
1.9842783762035634,4.59437121974038387,2.11928052023715718,0.406803909898799165,-2.44878905282711612
-1.73608723524384079,-3.35383518845854667,1.46638665347797015,0.0551937845467488919,-3.36467184933866514
-1.36343636588256589,-4.78377580686271209,1.74264262083791244,2.97147800027488573,-2.47609085240268056
0.599982721802968966,-0.31183684784412824,0.900353133640617309,1.47876542435764913,1.24758621324670083
1.10419309897391371,0.427751328397328212,0.51369665618790894,-0.434410872727393427,-0.170586903081864222
0.402514496235841956,0.193375148488020621,-3.49474821013425485,-1.98034267194421387,-0.876937132691995136
0.416105327686777382,-0.982698943094650001,-1.9257020936681486,-2.22004590583245509,-0.461142083991663898
-3.65806219635045604,-3.72336874054871014,-2.08669012834910372,-0.746440776799524364,-4.40557355419210861
-4.7489432727802745,-2.73258116918344873,0.135611451004733097,-0.771676152904204549,-3.68632727123551929
-4.72480042482992424,-1.07185404977500975,-3.38999534947910997,-0.912371178676685379,-2.94747093944752425
-1.40922460287830842,1.73023379788637244,1.61815068809801477,-0.295710515125115703,-1.53535158995941523
-0.35183099877674634,-1.17716383685369008,-2.38040958754722975,-0.654302920164782642,-3.43749997529481366
-1.63297134184537929,-2.51507766461082083,-0.15233610202816783,-1.35066320412566876,-1.54193882524883197
-1.84576762540041028,-1.23184458899492388,-0.708761114793849178,-0.934630967756177045,-1.93168563101215396
-2.44747362588146622,-0.517978871825728771,0.784541081998076373,1.06864491793925698,0.00842989302623211451
-0.383707556839943176,-0.0558787955505191045,-0.221046778217004691,1.17889870728140833,1.56444133774210004
-0.0989349729471170752,2.04550628426585179,-0.641720973864579936,-0.92827711521455214,1.92515971607039349
-0.69375100464005135,1.0351121499830418,-0.174488292608561579,-1.53082822975710764,-1.38790090554228529
0.721800395756315605,-0.684299967088676686,0.922733595184411559,1.14003580230254142,-0.0337949013431248849
1.81530180758455861,2.16408920981652386,-0.801167087861579308,2.76457176655185366,0.933281005366524807
0.275144130584843771,0.243811202239111902,0.444319396895610064,-2.34450752084813452,1.88592556378932397
2.10659977160257972,3.84449258262557381,2.98354310876847872,1.42291432002680596,-0.355656420692119113
4.1776403945896643,4.17519618064480369,3.14907270878086942,4.12653293739149873,2.65597261697211584
2.59562880576206378,3.04720077742496986,2.02479725988696968,-0.109313455830478051,2.47486672876115055
-0.331842860413634977,3.2670793708671102,2.49237157803762033,0.56540717865224932,0.0499375440843339499
-0.333530090086111008,-3.05397180844371974,-1.15745967222789359,-1.28011328516898182,2.82578939438434817
-2.17593665334722441,-2.09754977550053656,-1.87438224098844675,2.01473710456874322,2.75588003660063219
0.237124176367088491,-4.51909230106531901,1.81397787208513539,0.58395842909701412,1.48572204331938629
1.79920649943778321,1.53569081504758898,3.74931687514341583,0.628518335133997352,-0.782391082078406463
0.504276922648394299,1.87530017735256549,1.27102579463450382,2.81296332149195649,-0.610908380247587424
-0.10050629419076286,-3.46024231789849068,-1.57321780089334484,-4.10690736715067661,-0.219155886894313895
0.334169782783033775,-4.93406498572454488,-2.39408103628812174,3.16340801855693687,3.11576294554358224
-0.908762498154164322,-0.71525127637828978,-0.246155154752154548,1.11726681720840482,2.27876897648014154
0.453872096685940529,0.244136575960853031,-3.79378239683256435,-9.53550496895278421,-1.37293675961824868
-1.4988174940488368,-3.62770539943173098,-4.20466631625768184,-4.03121514703886596,-0.0692358248305633139
0.326062605651541937,-3.06140542001207994,-2.09803851557493815,1.54045329544085519,-2.17248427099209795
-2.7817826419349343,-1.7098208336321814,-0.662945747369360294,1.50656648260389803,-4.55011126710710023
-0.452812082409150052,0.535956064095068907,-0.922071137748289082,5.10712923248157402,-1.59365182763961899
-0.365876419485751225,0.834006850538240196,0.636931251555241218,0.515822295446971779,-1.79285046715057916
3.28524542228764638,3.78431065997855764,1.92909747537970944,3.11268924150663029,2.67256710188873869
2.24100535388683619,2.77016935736473435,2.18818032773602145,2.87770088084241493,1.89065595393509689
0.228238577765396355,0.195339584965352031,3.26038617539998032,2.72420309632937041,-1.18901621103935673
-1.0650602189115268,-0.740802973347830518,-2.43444190598385823,-1.03211690735178463,-1.81196643941931579
-0.678412286487351524,-3.07923333940038679,-0.372174597822648057,-3.76673292908473911,-2.20428779518939777
-1.16872688418826476,2.10053869773688273,1.48003807956949385,-7.39831107027258739,-2.48964948571244804
1.51605226757272882,3.29404784568467068,-0.463093650758216624,-1.06542526613654776,-0.287154828396131379
-0.712284595813337584,-1.85044765228708319,-2.30232463202312587,-1.50479793195729661,-2.37611340325404807
1.44338718322562731,-0.0754637871435467344,-1.56353925835971896,-3.6666491555569416,-0.346643475437640514
1.10530680098789769,0.414425124449435689,3.5611791905491148,-1.54471090454273985,0.58067898462176093
-1.30095203479968524,3.14097465790389663,3.24373237265035463,2.02209990588594479,-1.13354500437173544
-3.99429727104496557,2.32286338206961451,-0.103626034008657442,-0.428894672440750302,-0.552349798289368588
-4.85605392531203695,-1.33323551753777569,-2.68228427778983836,-1.71090740155445098,-0.478180667384144553
-2.12057396076119353,-3.0846133171436465,-2.35497389192441631,0.65429255210577919,-2.7681939950412171
-2.42574409318738748,-1.09386029973500487,-1.77398800931426415,-1.78139326004060106,-3.80889045585986175
-2.19401198846377987,2.83541294211386408,-0.0783740587357495966,3.76007052523265939,0.137411296517664622
-1.68863632373095807,1.76009523855890415,1.9391863986940765,1.38254917724597015,2.30159247100274644
3.04378304207591377,-0.188263709468686757,4.57291389515955338,1.00379903258224945,1.41652732478801013
-2.07434364164022034,-1.8516064661274878,3.13011427791828911,0.907709009910205089,3.318754209925729
-0.0807448846573859541,-1.95894746041743617,1.83475919963243328,1.41943457367979242,5.15681626061998166
1.79627728358965877,3.4777231174638521,-0.835983444102940787,-0.186777652488130247,0.628865035125966365
3.3013356134327414,4.00771251555714958,0.183734878160567217,1.6113569483065997,2.10569253166399184
0.348738284782389552,1.72732817615252654,-0.679952786260012765,0.0600505382084223494,-0.807441260273281114
1.78821910552273233,0.956530832693210931,-1.53786893419885606,-2.23614589551204945,-0.0121112655073245881
3.02705771319079231,2.71605885382138235,-0.601097132050814054,2.00065744876587992,0.875545704470734876
0.88428093813469022,0.400717138652997074,1.11228292726271327,2.56993595393798291,4.06764655697592126
0.243099911823670634,-3.24031744623484386,-1.85035225799625525,2.7462136136418045,1.21142357228147768
-3.75795993109779358,-4.74368889311071307,-5.53300159854657103,3.72127923644397018,-0.80386792563162679
-2.81460645901485629,-5.01923777936593396,-5.03602585396411673,-5.04680516059069717,-2.2253904661243693
1.70764028279246372,-1.85747651257199142,-3.29701877938241461,-3.11391360933308459,-0.867158756265033803
3.76507987469799676,-2.09017484907137474,0.108727731636671709,0.52314145569610826,-2.57717317858530626
-3.02045803474533781,-3.20295824487976022,-3.45252194035432947,-1.95913044996062702,1.90643937393286178
-2.70474274994143915,-2.88862935385706177,0.29769425547161843,-0.607509522708550964,1.77762218823117335
-2.15287950357735225,1.43222605821697768,3.55915431706259255,1.39107140264159646,1.83472878154784036
-0.290564934223142779,2.96360479995658244,2.69910964303291578,1.15165858200092974,-1.44870719120792946
-1.09639659438508352,-0.628189898241746425,-0.427977194475235079,5.04403292411101134,-3.92366739996942959
0.59646407500492582,-1.48242703720398783,3.44951511759672336,2.87846158226828219,-2.57922338581667177
3.26069613822975679,0.246363485876538113,2.65826858941645128,-1.65953666443328252,0.778168495228757195
4.15572143126208005,0.210708911081104233,0.876513546401419985,-2.06219179239601313,0.595177343066962017
4.60932725303903723,2.17931688258613043,0.669368195473979521,0.716217849094422654,-0.0639609515146902508
-1.36775006716588465,-2.21225081576611027,3.1300188628117307,3.86183696548647193,-0.498422766131656259
-1.98238367976128305,-0.691592157879046932,-1.19353588285020273,-4.84451841189359467,-2.75825098784495992
-4.04347723332015896,0.304717022308861996,-2.74439584450200824,-1.26057943652340021,-2.30778674965421837
2.84399914206085658,1.95764601975072794,-1.01407496631557548,0.355268720982279573,-1.56564239909228764
-0.93577388765500491,0.228532934612261984,0.545712667431954346,-2.24003680972640318,-1.46344073207799674
-2.19207227886733458,-0.241903055387668653,0.871169876967528678,-1.3949132594160214,-0.748532275029937022
-0.431254025275347064,0.0947546045313256702,0.033540371583441031,0.152050733591064385,0.207237722714679357
-0.812466412343232469,1.45753794796426894,0.446364728583887649,2.28016551558061353,1.21361234796144712
0.399700554314731005,3.0633104002560092,4.55508133395021719,3.41557093145640467,0.640220529122680126
4.61555414088920735,7.79154584002836526,6.78091549156641893,4.53378479809042378,6.04393835227129372
1.47569616512412027,0.655087816837902293,1.11520439269181537,-1.46801419368873232,4.34320041786830213
-1.66926445511107002,-2.24429867827704221,-3.19186214495914067,-7.49881838340461826,-0.980430189407347275
-3.19162316301962523,-0.626014636319180307,-3.0875289264328738,5.30700562534455056,1.13386604992503903
-2.12580664282936782,-1.3287536799343993,-0.682078976697954253,1.12339003269919813,2.33459007072587044
1.39720774801090397,-0.602921960137359436,-1.13908340901470639,-5.91251108108809653,1.11593378232419282
3.63054444246784858,2.64447053479227456,1.64857766037895859,5.61689502060493773,3.75696970662105034
2.48508113741368142,-0.158641138380608226,-0.804610561005921321,3.0204591536640959,3.02213700878906
-2.07756108059740097,-3.20388958837513194,-0.975487457652409518,0.923568921350774286,3.12988890714537549
-2.28198592267282141,-1.53261023128528451,2.3927121595167038,-0.64838624567315517,0.843867008821674869
-0.955072712933975887,2.58317074098959898,3.68689481098432337,-0.210432308725024358,-0.949290985870269388
-1.66059689257499143,1.18676063873019588,1.00042866688560306,-3.21482564783806257,-2.19855867737727539
0.552636483062548867,3.81021742552081877,0.0933401037425430902,0.630723899599143545,3.19475800335600457
0.221894040630923217,1.60263774041773055,0.246288566916371909,-2.01800498962542463,1.70734991485941778
0.495725982365581852,3.14698099599970815,0.672110260718179697,-2.01427394763396972,-3.86817666232245116
0.669483539370604119,-0.774056920254697411,-1.77295922353392066,-2.66512746144733104,1.4355655712758395
2.16480648784313079,-3.99544884624485697,0.310119721894690725,2.58284336839503714,-1.09498429720297996
4.26123709256824235,0.492812855740860645,0.0236061401318348185,-0.477876686692616071,-2.62784315286023817
1.3256745709949922,-1.42191364948587728,-2.63324301215976497,-4.07001050279222643,-2.20865432092747538
-3.20570356488148445,-3.74277315827327817,-5.84560582741087664,-2.08342519833457285,-5.83577863651617434
-1.74656100328990105,-1.54798849817268125,-3.69360372129221615,-0.702368910693697002,-3.81717140114275066
0.245647823119836572,-1.60064260209307663,-0.175589265212583889,1.50780016648373927,-0.415970212652746862
2.80243420568767121,0.892391974197277893,-0.237663520985254895,-0.545480442376700347,-1.39355616965466278
-1.31464463912370855,-1.3929586065640871,-2.05796701055092468,-1.77547871792208989,-2.60660960887614701
-0.538608387003599143,0.678599082264740971,1.50098612796675068,-1.92992491562678525,-0.849169106131110518
3.310849317628624,1.32640095584338802,3.31201179547988023,0.616395765401693052,1.56196126307365812
4.09124396764127152,0.925610228428845994,-2.15418653558129547,-0.0449112871531764102,1.59498924357965977
1.95252726263568377,0.405700952277254445,-1.54960172843233601,-0.715826431180228373,-0.109904286856607192
0.58839104523121144,0.113864353186330272,-0.48395296805041349,0.55225386833707002,4.29137318963549053
-2.4465718335512836,-1.10673345150061042,-1.02168738287038807,-0.933736264820442474,-0.602122891755985878
-4.05120160133183038,-2.02763861707098858,-0.799684718864488553,0.743142834546459907,-3.4028918171528324
-2.67674841650671347,-0.664399509694239776,-0.905566898852845026,0.00609259793737346352,-1.72209171660032712
-3.26986593510959711,-1.1002764458969625,3.48635269971303163,1.69457863553076882,-0.0510013176206151678
-1.08753530969433121,0.843343911734510066,2.37336399341215953,0.235388080376397552,-1.59507608422262326
-0.746675066715443703,0.817073690068569114,-2.339253516285698,0.718860866066680426,0.30289568046730303
-1.31819829012011569,-2.36600061789657357,-2.23690654461316907,-0.751512867729991263,-0.0250212686326202818
-0.656853063697481532,4.62505423105850877,1.13726528418322137,0.761148864666101654,-0.866050741704096572
0.0879821142904465281,2.80778239827422826,0.132996094752827365,0.952204125477628116,0.731860077884963212
-1.06135454840320942,0.171958004875051196,0.627169800856993587,0.859190749396176567,0.230053107395135126
0.618079389608707896,-0.190607641142590323,-0.599719847725901256,1.1416537111874745,-0.849552501624390222
1.64188233809375417,-3.77446828989301464,-0.760268520063118625,-0.100688363770185779,-0.829302019520823941
0.765705366340279192,-2.68805941491828859,2.43249538610028937,0.585625759723364392,0.384964542273719956
1.99903442196651904,-0.738779085816977377,3.31566795524185709,1.4650327502434477,1.14242951067885823
4.78205102522545467,2.66334351797301672,4.06447319448659261,1.77299251583681072,3.28751492938125933
1.15928521032495957,2.00020182824618331,-1.50450087564438251,-0.197303095412157209,-0.872417695679145511
1.53241035141286819,1.77106314942486565,-3.34488223747629076,-1.47166674399892883,1.87379545852785223
1.97876094119708323,4.15378886525543134,1.65294428436598495,0.756151592548250595,0.20583960057911127
2.22161799655340308,2.23558323493883382,1.28993564413026829,2.70888577473604997,4.25047145870486176
2.30698527181064428,1.38262964747626116,-2.50797959195307163,0.528083515201941744,0.709871671589637154
-2.3308994685259985,-5.51484833900571836,-4.62578257348362509,1.51450161261064808,0.179751813592708143
-2.4722017405661072,-4.20742547726195504,0.466539008132877686,2.31951447993247051,0.521820480477553916
-3.11751146344258867,-3.43722139104574254,-1.55040478766509282,0.898048281464688292,0.927571257837661922
-3.4837334248361862,-2.56815109042401613,-1.97477321920888538,1.39111072514577927,-1.52971781072518809
-0.536838479527589785,-0.97317117920948415,-1.18854936808781275,-0.239706191322536816,-0.775465943238963451
0.501230984822449988,0.411342549860761908,-0.437572426100322709,0.0163387760577285712,0.481744674220436486
1.74333319600825698,-0.213626098246114227,-1.83478683950454591,-5.0442089399484269,-2.31437629400663214
0.71123812397339703,0.861230834244907539,1.44657148534328384,-6.68755928008362588,-0.346916504795781233
-1.48288975101609632,3.0176375587827966,1.91551113341340451,-3.49968137736017049,-1.39875112073287888
-2.43840021504860216,-1.76174323022636248,-0.768571139111100865,-3.60792647956637902,-3.30071383068416369
-2.91043307985301514,1.6495847126409211,0.151496642475834109,-2.90002777551442525,-2.06163579987446832
-0.735671054752248144,-1.27699516819168313,-1.3332809576911766,-2.0799765727906756,1.29659103227112116
0.416126751095370007,0.193154523094274388,-1.13462586769517126,-0.147718946097544074,1.65571155103205347
2.66977117191941993,3.88507931454448974,2.81026516777329816,-0.0747114511875740239,1.33149134850499617
6.08536128751453198,5.47399210334232578,4.17142019310855883,-0.349267268406360742,0.206335211930605389
2.30602015062097809,4.11548339762993098,2.56991626065358103,-0.0385237683510864792,-0.0374189702825596451
-1.04425839663819375,5.37359823336321529,0.662247376619747308,-0.0303227439079984673,2.32879377611027394
2.38781903904797232,2.5450304290189969,0.921291498933873299,-1.10984580973639813,-2.09579770883183958
0.792366373392512924,-1.28017964417873475,1.68840606865954146,-0.481440489980028308,-1.49202430204132197
-1.16314248516364538,-5.6968793952048733,-2.47737869412890488,-0.803043647254591542,-2.00213280822587869
-4.1686612810865018,-7.45938850682034982,-4.54421505230493139,3.47855194407523616,-0.651561492977520973
-2.81227680285858206,-2.78100881681988188,-1.40421524961480837,3.23983519449150847,-1.02031099771672218
-0.404442129406113238,2.50040596315050268,6.65402408372863174,1.90243211186745542,-2.26674297899660626
-1.88823599967720801,-2.07160828643275607,1.37079557137613173,-2.32527286859477877,-2.39765061149411052
-0.394732856583187797,-3.30444758819960072,-0.342494537335023053,1.69543831034705939,-2.0668089654159485
-1.86683063464277454,-2.04530394028638218,0.00342432996928081212,1.86981130326601597,0.560063074813350714
-1.83934591597807651,-0.293149906463603949,-0.0460387347898299631,1.13746953542753038,-1.25869371813056974
0.364705896528714879,1.74683239527865042,0.138189788049592532,-0.673396385499233752,0.476333107240262288
-0.21881651339690214,-1.22962959127148497,-1.07880910845615419,0.358389854755500725,-1.21829216480438718
0.895407282546743288,-0.801494269846280472,-4.14869950152042399,-0.458769678961864158,-0.263210055430564027
0.013852527471612891,3.99832425364205246,-1.22985515799958001,-2.05080473658862994,-0.0451273035172837858
-0.0476118187996439624,-0.566378338580556306,-0.838862830859011699,0.705377823386347691,0.570947002607873677
-0.821918032882613225,-2.60426938284112008,-4.89442760369539354,-0.804244569785868335,-0.600345415440091457
4.71207609627004587,1.96444772620308417,1.12556636448792591,1.00439765799615932,2.74793418322759342
4.45616143915578711,1.03693221966430782,-2.37581206727071415,2.69358382239172123,0.483612818509608189
0.902363283956915008,3.54968602647510689,3.83995916853831742,3.34496327478494226,2.59515282900039113
1.722429586530414,-1.21698998002591074,1.54298079234871488,0.493824493455344182,0.972988983521077322
-3.46151672417161338,-5.10143549235032534,-1.35937079520064175,-0.31475117675029729,-0.429077341510191501
-1.81405652154902319,-3.46216813241445376,-3.12646604172438947,-1.01607327448097129,-0.497783589149051409
-2.26252037970214825,-0.563827260100103755,-2.89422949488937453,-2.61719508117575073,-1.30960770562985762
0.0715040450269855687,1.41444321097117709,-2.63242512985990862,-1.35225601033419096,-0.997471014785493382
0.418923715359763804,2.1826908479375442,-2.23603462863145186,-1.3539189053738685,1.13439836912454317
-1.15373952828439519,-0.681806462865564011,1.29895856019562195,0.53842204809877181,0.992068505208287488
0.183250024199082845,1.7138348863878361,0.371365838966213169,-0.823451980151435392,-1.91092494666723445
-1.66915621215260068,-1.30828822692567481,0.148458170905070908,-0.21190638033957479,-0.358529190432144207
-0.691492084137693586,3.23424138365015823,-0.319124596803631644,1.58602073915961728,3.05059173198202194
-1.70435975819762531,4.63343219307683896,4.01789864093072158,6.25991027058095462,1.80095433407681638
-1.31049329699702199,3.56403988896292301,5.91518088583047952,3.09347093445362598,1.57493310551291588
-2.13257722881061484,-0.112081698527703652,2.44200424541144656,5.212507533959017,2.16839246398405505
2.52964198819202535,-1.76749128174180647,-3.01447663106996488,2.46307735265822991,2.18281903515505293
2.17626376179733105,-0.806578071863198853,-1.186886215345059,1.79477308717362316,1.60144369027414002
-0.504201232945061695,0.311271422352124127,-0.146855489993047816,-1.039613576072278,0.163134424996486338
1.15435993080874666,-0.0770476019901946002,-0.95159269574361971,-6.7329273773515439,-2.95348635043907448
1.3979594794059591,-2.28216450508603064,-1.5574447683617596,-2.99757832999430773,-0.0221044389620349072
-0.226424307452351897,-1.44660663887183549,0.251057716575987466,-4.05970713488717383,-2.25729666175931198
1.66527814142416375,-1.39886342793220475,1.10313865703195502,-2.10345107578093904,-1.3872322304617315
-0.212995707135697737,1.01266103064100887,0.861504027816564322,-1.93509742961391362,-0.760576117829131815
-0.449884057468796672,0.463595098353711377,0.49214426823765417,-0.804119542845283308,-0.83195565691783202
0.792289823892113332,-1.38161709858027693,1.04990047316656887,-2.24568560640234072,-0.652400568707482198
0.262958272109089841,2.30285704866753438,0.678948803628406261,-0.35721399218663874,0.436846426379624286
0.410593936582090313,4.78286079201380332,2.75260608512696026,-1.10669010422848513,-0.103826740640889759
1.39783077229946584,5.90166158832491128,3.95885751155959342,1.29223385092048959,2.01292063272730193
-0.0142336731399960448,3.47854143321537634,0.51222479276952082,0.502427371640177034,0.918082523051588995
1.85980104497545473,1.67058021985780858,0.0898150357804937544,-2.02300008822939725,1.04147345416203496
0.430356004293278693,-4.88007548523720214,-1.49802042785492984,-0.516393808112011965,2.57548487104068125
-0.335758489252196868,-5.27159673388190519,-3.5004954111476958,0.825575195463637446,-0.817190093989658028
0.242845862120082384,-2.31904220258379601,-0.265882139766590087,4.27947076451073105,2.25156702563166
-0.374374515193138468,-2.25925960455976504,-0.821574693729794414,0.866555553744551066,-1.30437532645373389
0.219255849734137281,-1.01878916041828793,2.54497014684089162,1.62991653426164018,2.598066796076274
-0.583639887904668697,-1.02626731568200369,0.868573325544986008,-1.02486889078479515,-1.4577120954413274
-0.851978560997144974,-0.727915654658892297,-1.60762866796496939,2.00468304378720585,-0.812724469067520272
0.0442972242424962415,-1.23013176719638029,0.207535468275650004,0.569891213759382675,-1.31802615747203289
-1.79077581685321796,-0.0821122124548632065,-1.33297081251067318,-0.973042645520728056,-2.53118360663631092
1.91680753100588808,0.647526000224314169,2.57738288518709568,-0.143766623673378308,1.83034988864029136
-1.76221682261793933,-1.15983918659182761,-0.910933556234814312,-0.960068834392258541,-2.21925352223635164
2.58814373585743596,1.60311756897149738,-0.33433160516845406,-1.42903475042562,0.986265946847607933
-0.392697779179967232,-0.792144560418698074,4.5012866426246072,0.279114583951871387,3.41870758522465445
-2.13969121956819519,-0.559555913350880507,-1.33231131110173751,1.64294170956793462,0.659732517696389742
-0.930718409894213838,-0.673981270210548211,-3.59780673054402245,1.09124229258141758,-2.44572820643223476
-0.816363296916092329,-0.676894939059717315,-1.49203303116429109,-1.49162720862632692,-2.80625294760139177
1.91386537458005668,0.839844953302180341,-0.091705382897833948,-0.0670159960839331742,-0.589945788311448394
2.02295803851411726,4.87767837906875279,1.92037764420605761,-0.750705598077165304,0.148280046613675859
-3.51637519436283075,1.3521453862694961,-0.192604250343059419,2.21806588984383879,0.17706155207498428
-1.17750557810450118,-2.79544174710892124,-1.17185932861370534,-0.833307569230968381,-0.0695573198913061186
1.98457171194232629,-2.67626064180097645,3.217366764504904,0.32660296079299711,-1.60969762145547834
0.738820209732948596,0.107097036129925632,2.6755566487700988,0.543342693543042321,-0.699458475436665839
-0.325510399802022343,-0.129657112744866743,1.51495170795009382,-0.394958930800714203,0.630394219322321425
-0.258320545306425897,-0.0134479555686084426,0.531634141918376102,-1.11135063667302481,3.89804709115876724
4.11926532467162332,-0.73973745157425308,-1.37023023742967709,-0.4516192331727375,2.46964608909632855
2.02667177673150434,-0.304011856799373537,-2.07519117051099222,-2.66449492721476222,0.139610132984332752
0.571090056865074636,-0.0274988640008210286,-1.06776585838605387,-0.784903056017624556,-0.736613396561241252
-0.413373682842728241,-0.904179558343328305,2.44266865378252085,0.199575859343355366,3.03190688371091754
-0.862167900322810876,2.72717733070139312,1.82538553669626036,1.7384608149644718,-0.436453535617229327
2.42970603097870219,-0.779673057091159971,-4.52466059917337571,5.08695834343475806,4.92078307363123901
2.6624422596383277,-0.180169473989746781,-2.43727432981509562,0.349452450721625507,-0.619246122762367457
-1.48566683577842618,3.9731224697231311,0.0456809214802551544,-1.60490112126469131,-3.101097740947655
-2.15103826992064429,-0.751552613090942345,-0.124888236341528597,-2.92416070537138362,-1.04185258779924395
-1.91220363189466869,-2.40709604825708423,5.2539074543000881,-1.15037299770567536,0.0887214520309190513
-0.241297594962780693,-1.95491834940963249,1.26768873955800365,1.93710471649202809,3.63472046969546492
-1.79357960866339883,-0.147097042571136594,-6.34148396699650441,0.72153913401746661,2.3156048814518404
0.397272655445173373,0.576944191256070771,0.307069965848910997,-1.12927568463889205,-2.79234085111474206
2.59555656333613927,-1.85466129601103225,4.51623739150994918,0.41985717164586206,-2.8060409392394301
-2.52735095021772205,-1.21170648170918094,2.69206936848664879,3.31451791832194465,-0.451826765623096649
-0.161127498010846137,0.290504286975743431,-4.43083266937445597,0.866788154079948581,-2.25815719709244922
-0.994024358160243926,-0.445369372947252207,-4.51325490769757653,-2.14746035543953173,-1.76410103581910782
-1.5327713772099576,0.149431920773284516,2.88182405662382912,0.603839044592430096,1.97701078213377701
0.49474760503914067,-2.85596967295360527,-0.560038218699070112,-0.618015722022465686,-1.93194908939752841
-0.186111702861736283,0.921541631530252925,-3.23244039752592327,-2.04682571848221828,4.00087946659526406
0.558008289245508049,1.90809028116900592,-0.685414469326047771,-1.17267881529135387,3.50710306566178698
0.628315742554382162,3.0954164321803046,-0.110310206644632453,-1.37371077175614498,1.61026606364233826
0.986668159017831115,-1.90440491113538846,-0.494925396105785786,-0.511131366537072251,-3.82805511469117254
-0.181801746004467968,3.7134013646566908,6.54363869871999881,0.448740127103247566,-2.23221463418392085
-1.47990021672380845,4.92117053791978254,4.88499979313441468,2.08623025921316607,-0.73618658590500885
-0.120865756455997619,1.05307355014584858,2.26640516173509843,0.00581541695666330793,1.0530056935044203
0.153215627520833952,-0.660086385079753257,-3.76071119794520659,-0.814429348953917942,-0.0572937665135365426
0.768899684650227622,-3.2280911417095024,-5.92179754249755241,0.77582698957527263,-1.49643193821690734
4.77860139775816428,2.44604608234224363,-0.422542647059718113,1.72898940980199978,6.03088050396553754
0.835804736743314791,-2.02093004118628672,-0.217747254697590403,0.898359182123455891,2.70311396222518985
-2.25681376975228476,-0.367972109444525464,-0.440299801737019214,2.53528284163248241,-3.24916434119708297
-2.09975044549896994,-2.30178065997900738,2.84589724206050221,-3.97653231032805188,-6.29876050900015638
-0.338263597544937289,-1.71991314077071289,4.12704024680781334,-1.90047215454041685,0.779151426115757828
-1.54234342307496441,2.11765275680995746,1.60876365163361723,-0.629713985254752417,0.781274056940870376
1.43683834077677708,-1.10612184248167056,-5.39335649555257834,-2.98006898974132728,-1.85466550036670608
5.18580806201061328,0.350798860949014801,-0.187243209629432777,-1.69210192153111594,1.04689973358074107
1.87330431414476406,1.95353403130862135,1.35929937220924213,-0.432860099617874694,1.71029125015704331
-2.97451290889237452,-3.3751441405599798,1.65100513171594376,0.380642319187725398,-0.7107768567971261
-2.6348656000918429,-0.739556487736793167,0.784982236936924815,1.08586259687492226,-2.11011778890536039
1.44134975739640292,1.35374215194371339,0.39319171703962863,-0.840913420758416907,-1.60809563354816776
-0.0400720117804839182,-1.56342765625801161,0.518119129258497679,-2.13174739024313009,-1.96205873220166049
-0.28941823036396952,0.967151153620665283,-1.50583229455923218,2.35971236268673801,1.28927075170427985
-1.58897344038639243,1.09076590103060345,-3.9364881512194474,3.63167678408734984,0.552410931298312979
-0.863915810496994063,-1.26929845671222008,-1.6648636242481456,-0.354738114628437518,1.19642715469352878
5.32754580141219947,2.25419717594972768,0.704219753504949808,-2.33504533496314659,2.7316080471734363
-0.237454938304455965,-0.874766416122331414,2.31034384912155177,-0.345037036788918727,0.285537962088159847
-5.26429459461646054,-3.04819791310519239,-1.42139356006930084,-1.7633697737438232,-5.62013575303556134
-1.63897904479270395,0.361063410415617958,-2.22850632760484046,0.946151878374018263,-2.90039331539186573
-0.635197763286988071,-0.769625635748981352,-1.51363499592980011,-1.64242932324534596,5.24248584934347317
-0.88245852133969116,3.30371116761796735,1.74147296421550712,-1.23269448801825288,0.2147819577121938
-0.274108755609805632,3.52028820744511028,1.85179629981685001,1.94970166341331774,-1.89681820645917965
1.18038405102510247,0.197153481731537822,2.70380812978345419,4.31250580606878842,1.40296130970540833
5.15566420618770138,-2.45258563528368745,-2.368641134065121,4.63038596201418784,3.80834118341555961
4.05965831498623508,-2.15620745399890401,-0.184815428657271963,2.08534413044601497,2.11094520975087763
0.918510193132442865,0.301294358910088822,1.76058624404129671,0.344241077327389344,2.69800298468794297
-2.9432656804299282,-1.2897452028506784,-0.915976917802745705,-1.72864822343563151,1.02389060711511126
1.27682698885437462,-2.38195263126791623,-2.0378470369939774,1.2734158219307754,0.901828689275108508
1.69894821637646976,2.45455297580671772,-0.143658128235670396,-2.40294940749316011,-1.85991950749235091
-5.28745531889920883,-1.05266712968436771,-0.0817489567475741252,-3.34785973922626123,-3.3469652614299763
-3.328262765675015,-4.13606294933333452,0.464900694884639476,-2.32252843246674567,-2.31982831736577522
0.622185432662676785,-1.61390280244629869,3.78444694373429957,0.42018057870581077,0.592138657058118301
-1.90526893615330595,2.78653846810197026,-0.798672201366706358,-0.5853285784413782,-1.1505796246252411
-2.32122528172670961,-0.727085024302873029,-4.24730535099428508,-1.80131674875388237,-1.76573765168198138
-1.47159548897400416,-1.73457864275351703,-0.898286453120706652,0.287010730687108639,4.54359682712290969
0.230741330946859058,0.367360068254412586,4.08988181785063265,-3.08862629471872641,3.61563604493954305
-0.963732588786885502,-0.841858917985359945,-0.382580052088485001,-0.0971464057721827673,1.88996555443147862
4.85016730151697928,-0.268524597245571484,-0.947060623367760313,-0.0718912638503258067,-3.86737762608692703
2.47133698461033591,0.550497920163543264,-0.84520276497832536,-0.992787175869075944,2.91629691789204415
1.88692990754127621,2.12439070112012063,5.31651214428800412,1.55837445685491938,1.24585951853779342
1.39673257138157281,-0.957779787635175128,4.2683620135000222,-0.264750632463627344,1.48357297122412346
-0.609125031504951453,-1.12899345963804465,-0.197314876496932773,0.119183992176756501,-0.343632899913484446
-0.121224369625640982,2.97221807981592123,2.67104378135115228,1.62836941762496212,0.606589697634994374
-4.90310635100312098,2.32860071850134664,0.0415532412760144243,1.44781569461161119,-0.259025478355940808
-1.72408849270966114,-0.473925016637405494,-2.83931274993794602,-0.0585819394845788627,-5.11041131286067341
0.066607178813994139,-1.65850892992501886,-4.59492872048464829,-2.22190974623864079,-3.46439663340994564
-1.80263214199057842,-0.58693089366204243,-0.28419256393133796,-0.938604574980812623,0.0125431782888239807
-0.471045437818824686,2.37070521122588085,2.77100336444062467,1.41093428535601029,3.64448345830256537
0.159809695780044947,-1.58338893438550965,0.949744701216844955,-0.0829311298931277446,2.9330756190180014
-0.379884968215773,-0.162719437917609872,3.87066636137523856,2.81577416214254139,3.73133352166517041
1.0199836041458501,1.25050954745147802,0.733691484654303006,0.0800607210606442549,-1.28896461173173038
-0.52657287178100165,0.125021297636334988,-4.62117979115822219,-0.546785428161715603,-6.66489316539113474
0.562755854700669467,-0.813300691751101867,0.564761671111425834,5.84779965875996766,-0.392705175511645632
0.443757858663754279,0.17544158807959867,-3.57157020316115492,3.84158987800740492,0.489603986916516853
2.46589234677360025,0.501623631360392896,-0.0938030642734745401,1.36131249080821615,-1.59430289638015643
1.13783197060369723,0.231974611863278307,-1.16140887948552995,-4.08624317969858808,-3.3574330207409937
-0.44160630835687531,4.44430866210914122,-2.25362461948672843,-0.308031840978501059,-1.15563153432730825
-0.93940929059792655,1.61065904148282568,-0.899371873230704888,-0.694724432317135543,-0.683001637019484797
0.256738911793073565,1.12206779933674827,1.31293495455593634,-0.62747697888279641,-0.563952497778610562
-0.707404569384950666,0.160693971068528785,1.35588964561340752,-2.41411838550014357,-2.93339155177003574
0.473717595613050435,-2.52165728490385188,-1.9277005955743225,-1.77999202975738524,-0.876756109179959275
-0.73552131273246435,-2.385458617658339,-2.11879641441565925,1.44602432658713331,1.84388127526263212
-1.80861506973073904,0.73632664168647477,-0.333614812117380033,4.3426105082499582,0.146662951312211826
0.716604902709442215,3.0439387772516171,2.53489218694549567,-0.113479598166866869,-1.20413719003074959
0.719060424239292506,0.0912459052129030862,0.764682206070931403,1.47108610500691506,0.334360603743911855
-0.752409969994108585,0.37052844009348973,2.23448757000845744,6.06535961245995647,3.74930045513234367
0.858738895639402644,-0.220665648428081784,1.58463967178692888,4.07409053441745428,2.37895978936680486
2.54592355395469871,-0.234979873772758863,-0.311228469769369076,-1.8274273253579556,0.87819369568512784
-0.58557100764365011,-0.0164758871702457427,0.411889245218710787,-6.70943259864847352,2.88709152889179554
0.864441756435487485,-2.73343527162646316,-2.52115583350562211,-3.49332901733063128,0.449212491506497114
-1.5066086691604692,1.00493999899675113,-2.46753470049011803,0.631236138574950423,0.112436403577101968
1.32251558561259275,1.59272969491648952,-0.686457096321857918,0.292174655333706512,-1.13949231229050518
1.7658195527960121,-1.88980207440850734,-2.07737036914493078,-1.33693988832423716,-2.75301502399716114
-0.940476812915168714,-3.10304251065506254,-2.3749865777353234,-4.65136177650779281,-1.21617227775488468
-0.887767530808980188,1.93845098115473569,1.65281833000150602,0.670057352101403936,-2.35628324493343477
0.792567844522820697,2.89467011152305709,1.91563512401343239,0.916799972080117875,-0.68221118293871108
1.21851075475321657,-0.100747087161788165,0.0691144365244755476,0.466469007504223487,-0.799383599804203038
-1.73187895990379781,-4.16478161612667197,1.78054152196177218,0.736961569443579267,4.50649033136498822
0.936367659013007336,-3.19225977184440612,2.66134706210978411,5.64316547578876637,4.00136149619652581
0.250189502374420836,-3.49653559272518866,-1.72404476164589671,-1.12997821766082196,-2.63665727776436754
3.0402605138131813,-0.895441656498147109,-2.26836941747710519,-5.83458045508299605,-0.0822377984577127574
3.47445580470021609,1.79181989539869368,0.837671422575260505,1.46707875722908043,3.05717056077932625
3.07883057871247745,0.357692624352272281,-0.153130289748121345,4.33012257322374428,1.97503902186544678
2.4164427529528445,2.37627967046302935,-2.08123420179387297,2.7645549251165904,3.52286201917917596
2.7059347140045622,3.1880360615082175,0.621763769239672581,1.94175760781241524,1.33189226656955451
-0.567833442099414998,0.937831589662873721,0.97499746427083589,-3.9092121373703197,-2.88098100309846794
-0.556353876340469511,0.090039563404212361,1.15550819084299716,-3.86288193562596982,-0.0807709871457868156
-3.80631927889005572,-0.937860186716276911,2.81444683329271994,1.8214091163607935,0.826053650676255802
-5.45749148880663171,-1.12675461141018651,-1.4484849463547369,-1.08412905857507158,-5.26715966335348185
-3.16200827879059787,0.499882365774891424,-0.41992841156375732,0.338322508257085985,-0.123975498128635536
-2.3878372563442829,4.84985234157627243,1.16141456603548798,-0.968697254887564307,3.04952980557737208
0.0476052385238733208,1.350646322796905,2.44329684331319763,1.89221164652089158,1.61586899635091386
-2.10703986064345017,-1.64075245804740577,-2.30619366744858745,0.76959000456639326,-6.48650028022899328
-2.03149659514759673,-4.62091838786284548,-4.04544010492481121,-2.69465101343353908,-0.604334959712173103
-1.72557566238495808,0.122991626737613421,-0.568426654971782908,-0.206265200631279899,-0.838618539870579549
3.41703541047705706,1.63172673359574238,-0.139376580461069405,0.625750572337214983,-2.13748425746030879
1.64346764814296575,2.51915683245152788,0.380908579261161062,0.443360260829785358,-2.21778519464761681
0.584430576197675689,-2.52928406751040136,-0.688890637497588942,-0.588537456661991421,-1.54284589669846506
-3.71998517287919661,-3.51341492339600148,-0.548773435574003265,-2.89830481577157029,-3.37633546829323228
-0.884157744368855747,-3.15730727264122457,-0.00504936501775457916,0.561430702761820388,-0.863958421041016722
3.39386554172562915,2.37931769760180467,2.90134019850686498,0.704993892264954125,1.8596038596068698
1.48661112681006502,-0.827358862447565069,1.82483398364484861,1.54762784914446461,-0.440969471014955539
-5.45605249986492336,-0.225817647621082584,-1.40052893229941144,-0.930861984506355045,-2.63973818910742297
-3.12768356657428859,-2.71065109365495926,-1.66929352412310417,0.365605133214840283,-1.26045277742535133
-1.38968029471264432,-3.07262061977352152,-0.549277254683008698,-0.276900088882015172,1.42985609453119844
0.433126742685260746,-2.66491322602152714,1.93864574895980835,0.968292487990468631,0.367408335090683047
-0.232678352281800005,0.824566050624795599,-0.600629657829296448,6.05222404419694548,5.9174693975473005
-0.229493094631811334,1.12305472784680971,-1.22200471853886139,2.20607715346946387,3.74826432080554683
0.516668941593990794,-0.146766645082755165,-0.198177105658385228,4.37614269440417125,3.20922884772152983
1.03904465839444748,-0.292828038423572856,0.448081081428286676,2.63054467219203048,0.768311794563854344
1.05680120042466807,1.43989686252763538,0.72117146105874963,-1.94855629771997285,-2.56754323930341588
-0.29350882856557392,5.53244776799927873,2.73829526630443443,-3.2071236190512078,2.97663704611698199
1.66678520026767618,4.19261993901324104,4.09167655133910557,0.335602477564004575,-1.93424945338276166
-0.378396555582597549,1.78406259974495329,1.56872258274320964,-0.227955638835289076,-2.16890031893691715
1.35290902591428286,-0.815260639773559559,-2.47363529955852801,-3.381176321613236,-2.81304840549722979
1.49702023227170677,-1.20780435278719711,-0.869794903181135615,-2.7730193060921664,2.89269083930262205
2.62324883793281494,-0.443500835623945155,2.17308739869423517,2.34689265916334833,2.68385296660824846
1.97308834767515684,-0.541936080323858871,2.99246405577377139,0.919925993599747027,-2.47799003298121479
1.13323790982939321,1.24653851320672171,-2.71730545484062702,-5.78500277985105882,-1.72517137855953906
1.90121477259587501,5.60930106643460569,0.472801908807142179,-1.8383431136016597,-0.226794169428578579
4.14629978088600115,4.24766502787773614,2.54954608300511776,2.59001449622383495,0.746882666948846752
1.61806844199816968,4.09413966643807203,0.285904287520087175,2.63778803715982502,0.58757663995885745
0.0373082764995999946,0.547609845736140688,-1.75133501906229716,-1.96653594994154801,1.37189731859894914
-0.648379510856513908,-4.9064385707610576,1.00726952484297083,0.692542409357042033,0.397218302062680384
-0.363368457542149303,-3.61057683697185849,-3.41859130153145685,-3.52513460562473924,0.673031914971363165
1.08900616161847719,-3.09570358091198994,-2.91207593936230369,-2.06110005710032285,0.898974688357428997
1.7346186078521062,-3.22265441616736714,3.17363706249717392,4.10250570600332498,2.147301741546078
3.66049382462114492,0.313267809618941073,1.50036758351307142,2.90334242593727954,2.94601847920686177
2.85429683808089374,1.61444374903384125,-1.15418561399950859,-3.69961475773656856,1.4327201784082102
4.07200607785223223,1.61281466064796564,-4.35202899552610667,-3.58724087483379561,3.08321281644962397
-0.579362635220218691,0.348605256402422015,-3.35532114323901265,-0.26724902475212825,0.66943974563322306
1.02896538046138586,-1.66535952342141003,-0.399344708848825614,-0.28193561706226794,0.134148685844826615
1.64984721319658068,-0.0580511923075682917,-1.01227549491494706,-0.33665800309256072,-1.26160736032375076
-1.04466396390682315,0.856448378780225061,-0.669673543929671711,-0.11801082503370347,-1.17086779765869164
-6.56228656067641403,-3.88992355580814753,-3.52407572490034626,-0.901752929078153409,-0.237337566424818208
-6.1113193264361767,-3.01151832154227961,-3.25511270975238354,0.210466668293098291,1.32991257211469072
-5.08362079441079828,-1.47024395736964641,-0.651811227002784377,5.78699929979695149,-1.42860489449817885
-3.73755951668477504,-2.22265444866599937,2.13385951490573245,4.08409390814632278,1.39141591093792871
-4.40031165507713151,-2.11616861307170767,0.402033039783188995,-2.22540577716643639,-1.68854605003152591
0.0491350726908672472,-1.29565462820355037,0.340137724301338873,-4.37566426820209742,1.36129451053304984
-2.18256996418302496,1.32061626625944628,2.12533208810784302,3.73829664527076,1.59011231454464919
-1.381325127736863,1.96592097895013929,1.60118372903128114,1.61054766106117087,-4.60592897044673233
-0.138225727958876998,2.98685475679730139,1.99366164318574057,-1.21833232399579261,-1.85426053843014604
-1.57532741881137439,-0.358671438528183062,1.76028029016974763,-2.04202513123979967,0.588762686919643508
1.36368553086047672,-3.91222334853451548,-1.30827669006329628,1.77400160141887797,-0.493306570173550285
0.854866968356414625,-1.0476219608115076,-3.27146949413899479,4.60659168785769868,-0.434915135213505999
0.860182155766032075,-1.64079924434337165,1.96676440993393942,4.96426286997269539,-1.29643653848642026
-1.36838809400726213,-0.0793006689424276129,-0.477939262535748921,0.737594119913854707,2.89680911952833142
0.999646541189643356,0.865256147261914688,-2.73429213727497,-4.38914159782424917,-3.02665249787387758
0.27922058560845131,0.263946530329087548,-1.292359325696113,-3.20229594252578131,-2.1289465498290383
-0.549542309867577017,-0.0569008133932009802,0.686756180462087307,1.52892456799958132,2.94008549343209058
0.776458886588483499,2.38406299137652855,3.09376680215872568,1.62481445680540548,-3.81211464103488673
1.08484643181188534,2.02492968666964046,4.19280724607440192,-4.45423288306905452,-2.72146752576464435
-0.36701842611519242,-0.0910540263468608974,-2.19883712287089894,-4.36703404175658338,0.378594301087020635
1.51010289024376831,3.41631242105249822,-2.26335525823695471,-2.45169758958293826,-3.42175214397579186
-0.140990737891412699,2.97028848504675969,3.311766028553631,-0.884050896407006959,-1.52741538372998664
1.47117688787903456,2.93535711447567316,1.15349368143465592,3.79123227168689692,3.62735854091433252
-1.52377404450950604,-1.8784796579256462,-0.999342622580616791,-1.20837148634670721,-1.58330424700012173
-0.396275712376302602,-1.24847838143487921,-1.32610724237226352,-2.17306869539897773,0.345372416171349172
-0.785795788995714672,-0.679394627701873532,-0.197133769936706199,-2.03471482049644647,3.94541986543053236
-0.939176779468628431,0.366726382445578758,-0.143050492939873292,0.0645904167057144013,-2.42400841765037356
-0.976872415065924815,2.49572256061983966,3.46201457644666499,4.42266356907852032,-0.052792375869043201
0.248657522456476376,3.00480258331960881,0.959041472794444294,2.93808923158999624,-0.40591663110493853
1.58669387260488337,-1.3912300056269129,1.37413393881959589,1.15714960250616117,1.04477662740227961
5.55513327626807385,-2.35692240152023613,1.12692237060352052,3.74470291234186092,3.39069118687797033
0.0869270087330266672,-0.229195848864585466,-2.73261938771362489,3.49935210002411168,0.569199636330778747
-2.69407800944106945,-0.445862072499293993,-1.71400009770386075,0.0105799080326954703,-3.31753939783383789
-0.596695432887711541,0.0858632326376830152,0.950277612820757511,-0.598722414693084404,-1.73386867885161777
-0.07626612863236365,0.650122098483276289,-1.58898474713477622,-3.91693009455435348,-2.86322835331750358
0.457897355401474082,2.24827737787165693,0.0762580207687459655,-5.88538200325294891,-2.40790183515365186
-0.911806937483030766,0.580585653598090889,0.143898222676443338,-2.5893580022830176,-1.71149435331206479
1.67938981350827321,-2.14754038377846346,-0.0935711725223503932,-1.01364424027225142,0.424366889666391744
-0.137713425678937906,0.537839233459220578,3.06919910787865025,-0.0149292361928884537,0.693946982704056081
-0.0476206370079373456,2.04208111658406999,2.75094043470506389,3.26792632532187755,2.35095259234087806
1.35940265016095663,2.29205301762573344,3.16420209228728533,1.16880771146368034,2.20018157681323645
5.08092470729909085,1.00594254054075627,-3.07610671250107615,-2.21713923323007567,1.52460386182990248
3.7914064734546935,-0.37116887809365473,-2.13297978105987873,2.96450960506581085,3.00441854710185163
-2.34612159068022619,2.94997005673540125,0.925120707639390139,-0.0326397782987465496,3.74248754196392275
-2.85460987825372392,1.93204706112290148,-0.76058262888273509,-3.05301892570278222,0.548916724888873331
-1.1913307004611462,-4.68354331617653141,-3.78351202068491066,-3.15636011314464238,-3.89182852673980451
-0.413340206479643479,-5.01085358763495048,-1.67884772179855823,-0.493766075074506872,-1.35428872726453409
-1.80717313539829316,0.224524089575746266,-1.0865453016241593,-0.108699641945810957,0.658390036185457328
-1.00695490959775835,-3.02320448513859441,-0.532237849351232084,-0.132936176505734527,-1.9997111099093281
-0.214381190822591272,-1.16392173092104989,-1.30833769018361901,4.14404171942858568,1.92528062600804351
-1.2846364572828024,0.808779911531423035,-1.84651193348348963,4.58910963863004184,1.25307603507934839
4.80743989402379412,2.63814406564246928,2.15403224242585933,4.46569909893170536,2.80862552659513254
0.0482917342794710949,5.78789229775424285,6.22409172995298743,-1.00844110995395475,0.225752996465670402
1.87267780667272787,3.16582694813333632,3.68745062698605564,0.963058055265664126,-0.432297431286362943
2.34762029646725567,-0.553869186616177678,-2.86024983885433892,-1.6017589692569405,-0.435563157262099432
2.03224523383638456,-2.92902451404152808,-1.52063555913619486,-3.81702389709109502,-3.53153695450789762
-2.13055995669394616,-3.58337818282931853,-1.58111741901359526,-1.80950448755115523,-0.488041248431207941
-2.65924643715616371,-1.12759735250287885,4.34104901806382415,3.53255255403622126,2.37244507488974099
-2.00940305325748714,-0.345559268625168503,1.82130269415541957,0.655732014204621128,-2.54321402572356581
-2.63466637393421399,2.23789547027504598,0.320044623622677327,-3.46576971285429902,-2.93996741581058618
0.532359553812501551,0.827043153487353577,2.46335738198479781,-2.21577526288653726,0.033849446141982667
2.13189084627485892,-1.12064379600971287,2.0631265449865106,1.37280318588894401,5.0028634588979175
0.94399160161722151,-3.90731321594745085,-3.53368980188152104,-1.08812026697153796,0.192699504624616075
-4.14405021387767025,-2.67204439222494639,-3.83526971261862215,1.84751757390764371,-0.188182945827207043
-2.24541230468680952,-0.794722070401464031,-1.50193739918705504,-0.523471996424783481,-1.36186673318700824
0.151662753781830195,-1.27545068855486554,-1.6042482243607239,-2.32264290734249368,-0.00920508841586850299
-1.70297737370787927,-2.11695826821388877,-0.906859252900173107,-1.4757364932840249,-3.79831708815877445
-0.148918870329977138,4.14507797800431543,3.22580422836637837,-1.17345460611525954,-4.22113683685009988
3.98820391893776138,3.70057392357131487,-1.03200041370543993,0.702355963142656248,0.0289838866643398509
2.61863378628627119,-2.19335930647055743,-2.67779491339755538,0.608369149780851992,1.4660086930596079
-2.24285761606956013,1.31050041014508123,-1.26601214117254912,3.38044020585275096,-1.87340548284096475
-0.0381174144658242356,3.33311299188953392,0.0999811585430427641,5.18737445253130858,2.30407853712578348
-2.43311276732140991,-2.2879448324652496,0.430293138687727283,4.22142221123751948,2.51393148454810023
-2.7321851101651462,2.90418521605322955,4.30772021677682915,-1.52321888949912876,-0.266189923942581064
1.07949860820941446,-0.0502574881597884909,-0.112367517931735078,-2.76445297878342089,1.80603361112707006
-0.989150711915271041,-1.38752716207346882,2.06757165459374548,-0.721906376282928197,-0.804696533356062949
-1.8052118308653744,-1.28716595469036821,-1.13644351163667334,-2.25960560498584062,-3.60663075909609043
-1.1666026453285967,-2.96343923405522958,-1.16995782946725835,-2.64291512661920658,-2.08049245442726916
4.07978751531876327,1.05480313479176968,0.334727893600843485,-1.24908084903642025,3.11968122066359399
4.62654712502348797,-0.087507369772533164,-0.528018152434819754,0.568561407706582034,3.4380641935275924
0.0184494970897115459,-0.866754029201252441,-0.5566349363505807,-0.0156273782070702888,3.98513036289442679
-0.380124479858623687,3.01365149859470494,4.33433584299853791,0.768115286357751725,0.337731909752737314
-0.212106431032435927,3.10698603831154285,1.41505846679833036,2.59513868292436012,-1.75080986951268391
2.38263908013374914,-1.11819655534658113,-1.18525831968237849,0.796380446407786602,-1.73422860293227932
-1.18629807660451725,-3.93068725298216037,3.21925071619915615,2.65186242089127777,0.880061525384527199
-0.0851808003346818388,2.10930684596917528,0.798778762902555117,0.806301177592311791,-2.17726411263009556
1.19686224073569281,4.47638756993175502,1.08324940258308788,0.816031466922212623,-0.813347135292570744
0.646316857776834786,1.75639283726804618,0.718652394868128708,2.17566729140123627,-1.46701386089870778
-2.12733943595879227,-2.44724294868444359,-1.46153647964745259,-1.14579963768234494,-0.242668082707213822
-0.253706097004610387,-3.36904332877165436,-2.9667092134152675,-0.728395969310845603,0.688606643969814192
3.94032370593036774,2.00261174886680582,2.53410963152270785,4.94855684076947799,2.74020759907408795
3.40375282617026009,3.95963652516268771,3.65375170363786417,3.71229166320517567,4.52291375311976118
4.30542679708243359,0.221610226944867733,0.152882052124016593,-0.632377538057535049,4.60452261284579389
2.10272120710297772,1.19813617575392661,-1.63819420642102997,-3.56194757254228911,3.24630125644016054
1.73362127529404142,1.35387874277536535,-0.621325397606646401,-0.706742420568990171,3.58194844984877081
-1.48063151921792358,-0.903395469696085862,-3.00197171931019069,0.396858258156074561,0.775511482257392304
-5.45781289484263166,-5.08897172683799592,-5.6038006944973322,-1.74752402718212774,-6.76330336261492349
-1.25545181559417496,-3.18177475412266464,0.695519487491983224,2.05604616096613846,-2.38203129009565329
-1.77435014046404671,0.583107403983682437,-0.461341848249820441,0.0901529009171236767,-0.904768579182115062
-3.14790047377549564,1.09746864235947039,-0.666056233370176276,-3.30248798290625611,-3.24096707748157842
-0.612352555829219214,-0.34520777709796524,-1.31870621571502555,-2.28104738947484842,-1.14376391010988487
1.88887375835594473,-2.4768401060557057,-0.624703740483759873,-2.56614563108951632,-0.222520258476232441
0.782356358023821641,-2.25337249371965642,-1.16878070462693384,-5.66762144468500928,-3.3110145595778131
-3.09256706356307953,-2.88064325641799357,-2.69996213119342343,-2.20081830798109523,-3.29690217014683995
-2.35050194458803441,-1.57151011300286925,-1.66153989903210375,-5.32531947153366936,-3.07509629143337682
-1.32538456000757154,-1.02083717020755427,0.658966834306134897,-0.498787700732373218,-2.10976035096753556
1.31087512105603032,3.12156857688624756,5.32970046546341436,1.4644605120946943,3.68670911028333403
2.07193721209730963,-0.17069751721943302,2.11762844524237615,1.67657955154651472,3.99942107185137052
0.859821628620935807,0.388790533454379361,-1.842694607862426,0.258656811622391847,0.463394962873123595
2.50516342118668689,-0.570964342504643341,-3.32330268060743261,2.14566107975197617,0.57105021353878338
-2.29895020381296566,-1.22147105618800089,0.0303134812708176146,4.30783037332958596,1.05435818966029382
-1.69006658582937441,-1.11269941002851991,0.126343164635636468,3.12380223640352739,1.09055753443599457
-0.299860752741294423,1.22824963589805214,0.420767592261638068,1.2458337938617694,-2.10296668555740229
0.0302211328318742131,-0.952977082504101625,-1.11377740972137573,0.543298993254316187,-1.46469792228036577
1.36389170840443197,1.09939518806941972,1.92138632314708269,-1.62093264649999447,-0.163632602484864637
0.95637452089249575,0.604624316917571236,3.17985431268569663,2.02865593064153416,-0.157381699421812876
-1.32836002750510329,2.27784367179553149,2.70790222229244693,3.96296124081956336,4.82303999954594698
-0.811386169868708484,2.0163829851652233,-1.07975081808379691,2.06973491803516696,1.80033901350976455
0.516007317072459948,3.81912713972868767,3.55554035675142144,-0.967327476162654576,0.867945977573610916
-0.557920074360391927,0.248318293025214437,-0.500980990738846943,-0.918537708632104599,-1.70723434672569452
-2.90108567312341359,-0.573270793291154823,-5.6873300880325468,-3.88964251364661617,0.396282928190517081
-0.458825963497703049,-0.715186426733085523,-1.66882310528243694,-3.85233633496603156,-3.60352800540342821
1.25234077942668076,0.0714341688237570688,0.923700930732677339,-2.19630702635411623,-0.889605869112692682
-1.58352923110120325,-1.78670864431360199,1.09459607104383383,-0.141287217186677111,-2.31758832967659822
1.30342220372322237,-1.19700984430500101,3.34956549545696758,-0.221114971423235745,0.786248801184128876
1.67732792082859961,0.837910591850283382,0.48587132656470855,-0.850178869057728992,-0.233309741161119466
-2.37288731521802898,1.15857126601183724,-0.794985360971957156,0.519235515014261906,-0.0179917007645128482
0.403335179227968299,-0.671422099119146631,0.324488902269164825,-0.117055303893411539,-2.58212184481505158
4.21274891542060637,-1.54055431648454366,-1.48316468776114641,-0.89242808681713226,1.98109271344714677
0.472932344794918913,0.268955007603960961,-4.80202756481372095,-0.729075944822145328,-0.637317749145910328
-1.5106905625006235,-1.60920983743103996,-2.87562431114799066,-2.00240992967570142,-1.10778454958846306
2.34687057924232434,1.06836237429755743,0.344650428843136791,1.68351353704026518,2.30468666515865506
1.02976839050096092,4.81825772018066978,2.90781170225951024,1.17476469683327167,0.83401201383678758
-3.98956586844744665,2.33388935194216263,-0.373248320934256972,3.98961102803778855,2.11842776504923069
-4.20517742249449533,2.61851126705440063,0.34931260292135069,-0.246041049832593423,-0.00582578031391168399
-1.04537832724610502,3.11006332727317947,0.274945640379686607,2.56038313847171706,1.82432591251994869
-1.26901011868376901,-0.122138014584448507,-1.00888542852493179,2.27031609948156987,1.07129821627868593
-0.334530887081354533,-5.48475046760219787,-3.80827401812118671,-0.340361643428614302,-0.496393106699429043
-0.530380661291571909,-3.33763700921993589,-1.78726321319357595,-1.05883683666390027,-1.57153937049206816
-0.555559658650640054,-1.47618069387042716,-0.621998895316104417,3.24715425417068415,1.33278776599140936
4.39159936791965322,0.776519557057617438,-1.02462063478277443,0.934823665463689668,2.51628411412889941
4.07331925436679576,2.30139215680861486,4.1487849291954495,-1.56334279651892816,-0.383847768605917072
-1.03072334498883866,-1.3955529653299692,4.03787560595846085,-1.75948021040124147,-2.80986439553067457
-1.95376526675923334,-0.789490476548450615,-0.673794094717419245,-0.54948258531927463,1.09259038617940996
1.0959049953336879,2.59231889252781045,0.231043711788789102,-1.96282297729026389,3.3976785307316586
-0.803597475187091903,0.688662439637963142,-0.62933263447583232,-1.26217723672920079,0.119040008096598982
4.7084074162693863,-2.39734617589349952,-0.998579029371887694,-1.88384844610045077,3.86516067119368234
0.9087187134188347,-3.10240145623642327,-0.950430200098673406,-2.14637080888449772,-1.53035471388996114
-4.39081459399126928,-2.25972341015143741,-1.16266542770440195,-0.827777390064790453,-6.19745606553010031
-0.356272320448468238,-1.6380515855608051,-0.298966748710520425,0.378014071241027816,-4.16209819058641983
0.098754741372110641,-1.91410677862647605,2.67465824370532568,1.40552705801620714,-0.654161281169558295
-0.966004497322471622,-1.55318850392893726,2.94021562573738215,-0.420241814063919306,0.459082983731362637
-1.37134277130186599,1.1254920583265231,-0.882194787204403585,-1.20979235129530505,2.63319887260106666
1.02224471853263621,2.85860477090598541,0.941350890988536637,-0.862014400388998903,-0.284902105928945881
2.73822229463939149,1.23731236290380808,-1.65932465334111745,0.44785126685709592,1.67975590659925667
2.37137743045549509,-2.43838380693740087,-1.58207798304139846,-1.84252294066072619,0.833473528691829113
-1.68316849348570852,-0.235134425589722917,-1.17976040297358398,-0.647540559589884435,-4.82293380679527228
-3.9178207162313563,-0.0239814192912695123,-0.734737213578758652,-0.656123164038316498,-3.61259064098764737
-3.20716558488192849,-0.78163106849110997,-0.615595344937825084,-1.4745035892562961,0.766964759881662683
-3.08577750304985265,-1.41595247243944256,-1.22385849562762461,1.25742307574648482,0.711910248769616283
1.05429296588722932,-0.272936388314230505,6.29656661562989051,3.05706110186668178,-0.675076787597117645
3.18872764146945764,-0.0613008348637334999,4.20052588942207272,1.80797687074681468,3.60781812790770839
-2.45701426735384887,1.97318682976127446,-0.579370813487515401,1.44773497751114855,2.97111985381196142
0.208756920870564133,-1.46185581682613375,-5.24744294439160175,0.173147493329764229,-2.11042298306217413
-0.596079094855975655,1.37820184089534248,-1.8523628752631518,4.46956174221336067,-0.421575952013172939
-0.351495239952015315,0.891524869948397414,1.17564962040171417,-0.728080363136846764,0.846668833667677312
2.04255858047443173,1.03231601278695262,-0.954771902778678627,0.843554148336824627,0.990911615029382631
2.67213036531813053,1.39771929898135294,-1.08630254333663645,1.43887407139599599,-2.7800078998138571
0.408500604583136362,2.93750303013680636,-0.431121687349279137,-0.342569611717431277,-1.33216075096834952
0.087359577800727603,0.152859159847010817,-0.977301685387404584,-0.687530611982120399,-1.56726069049080063
1.46477671061476333,-1.03405034051305522,-1.07047146747018784,-0.60777616331850548,-2.55092065775354637
-1.21250953042798471,-1.16587724039971397,-1.06548575296226322,-1.70253330472426856,-0.204533356170035985
0.422052022518184911,-0.271538375299101742,-0.633638363142489558,-1.0616122802079313,0.403605809647246905
0.765283094360267091,-0.163693068394618835,2.99078050032944409,0.15759777238606934,-0.255563495429594445
0.42218619697836185,1.39042772607679055,-0.400998987236288684,0.506566944662706353,-1.25349152593181046
0.0394835710818210311,0.635042880568679968,-0.792344915722028809,-0.35309696199438656,4.70300163887789946
2.62973808345416771,-0.207855418557720051,3.29256556470977024,1.38826668953372012,0.507457248745571077
2.16653684335626462,5.05649558976829638,0.304668754295390531,1.00000199166397463,0.136414694252415591
1.30515591164283795,0.94527475436261621,-1.76094987594614705,-0.773069618709719242,2.14438849920209096
1.00743920302906442,0.0304852543313058749,0.140323910376982636,-0.519420662949785394,0.416893688240979499
-0.76512499436521153,-0.907575853538083788,4.10193491605325278,-0.280880196437895857,5.92731121919043158
0.543461812140505818,-1.55316113418082091,2.39327763641040869,1.05583356967750297,4.07985109429196413
-0.788757274848132406,-1.03385069048690426,-0.953244578230717288,-1.18654656453631602,0.706083303594601031
-2.65332094108528116,1.03118607338880741,-1.79100041041035651,1.04387781649876166,-3.67294735619105372
-1.46187117392176091,4.40292165591190621,1.28270232794572236,-1.47182479234590669,3.17070802334124213
-2.02080146474224209,1.09307283090743379,0.210660660075297573,1.47007530484405624,0.806531407195056227
-0.349186555081571093,-3.16090734802094575,0.488350965656457525,2.02813689011441411,-3.90739093442162888
3.37831150086172549,-3.43493160705089551,-2.08175340931939701,-0.669870630486111729,-3.43224283660098184
1.95667794790474381,-0.238388403525316539,-3.03534341363128979,-2.57995815411132101,-0.727931260624304022
-1.89141013868812369,-1.20297959047714142,-1.12758954072659479,0.781575963372439952,-1.06779737293064425
-0.852206552697906905,-1.27623587313146336,1.69622150728651122,0.718633478235433998,-0.32983332883404326
-1.71337937454371225,-3.5085427391591586,-2.6495389180445712,0.502494763570072389,0.164289822938250951
-0.0148557561574951258,-1.79354722844392001,-4.90909446132310912,-1.60797552880964822,-1.87239031582904381
-0.300554665564496282,-0.858081671832599313,-1.32383459069342102,-0.252860032797761702,-0.743572286550570061
-2.99488421662879389,-1.46148818343755593,-1.57423535105417201,-1.05921718698217826,-1.2755948909896071
-0.456338064826987078,-0.486172618030934589,-1.03773112767421671,1.7846972369764138,-0.185191244385155107
-0.668192246805194956,1.70843306435517306,-0.774557467782222231,0.410500159962529976,0.0399799381317196209
-1.1257926644906322,0.847957045765259321,0.18841167909814846,0.760666465077670106,-1.56580963856764743
0.256728070064856151,-1.65178893593967935,2.79873946763172432,3.97587855669783785,3.51217925886299875
-0.0853743016510771363,-0.0510885225574336799,0.352397380404337657,2.50129932214106443,-0.545409165529106676
-0.692983804808650405,-0.160313913782739292,-0.691305760907033218,-1.46616344629913598,2.93992693416780648
2.84338774518657011,-0.532664951697354616,0.747496030301448622,-2.16451036971964239,3.99010543727874545
2.7652946794047164,3.73059246805818612,3.08651906798434705,2.03018843977354901,-0.789709120698295464
5.71444167696073269,4.93376824572918871,2.41364571081806778,-0.308943743842624963,2.46612329222906235
2.72105122616022088,4.41796944546161452,4.03875948705233423,-0.450568647148147261,2.60843578400230536
-1.50464198412801742,1.89707536949750599,2.55894366804689133,4.61275596262164278,1.23501172661676262
-4.18950878930057247,-0.0769937114017512636,-0.618805814919914821,0.954607055724560727,0.839110483486402048
-1.93323434982370701,-4.16730951121998316,-1.56153724545988948,-3.57410703786526396,-2.39358219678279616
-2.93777442129626376,-6.48872939731178189,-1.5528259433245557,0.510189323138697137,-1.75448378188404974
1.35536241677998182,-2.9072549759029771,-1.84090614871838798,3.17406786694842458,-0.68326888268862207
1.22274741693233091,-1.55621360660474561,-2.69754904570871146,-4.65963053403996774,-2.25550074514654275
0.80090615886476646,-0.763442683961563007,-2.11524884274617841,-3.39704957432809351,-1.11368150864173554
-0.636844852879782874,-1.69177305081667528,-1.72950779258484322,-2.31538779470519307,-2.08078954563976337
2.9090899086701234,0.170269813266952952,1.56388060712835375,-0.532697172649900907,1.1781587271106837
3.86247001489633757,2.52960390802509449,1.29980886451267019,-0.581023292756914111,0.938106165477967213
-1.90132334088963284,-0.699396066409114003,4.18632342840023686,-1.23905435119427043,0.0388197743979305995
-4.86480153455382958,0.232344667174723352,1.78422673391936026,-2.03532280946886113,-3.42648743943097678
-2.80149327810993931,4.6820060885011836,-1.3200651218969417,-2.2134958968170273,-1.26311925559091409
-3.8992529816366619,2.8797299977888331,1.40535830523139538,-0.336025662699479255,2.32689712231892942
-0.0502247904991536681,1.09813735180582484,4.29464929575011034,-0.727101946304257951,-2.64675642734424477
1.17936434394460221,-0.231688818697458943,0.797905544724764715,-0.278228147268302251,-3.38518133587640691
4.53566438037677067,2.74005441032664976,0.337133260263726475,1.39571573002612759,2.79800789377171144
-0.450496791657012563,-0.306798785068939428,-1.12395032599184885,1.96080910033612987,0.875828830231608624
-0.223393462638541263,-1.03254947267468933,0.196488035721670756,0.356653398086843598,-1.54235844823095669
2.9465157328073599,-0.108187516539917636,2.23645536979801252,0.0997010610457247648,-0.987131580644258988
-2.01407612237971856,0.152585091506062087,-1.04129111312992029,-1.39094095503122217,-3.17555808910374404
-1.92125069481528366,0.295328655189842637,-2.35383243563009392,-1.92589743765092836,0.448876897859506296
-0.392053336254626572,-1.73059565473656907,-2.92304123720811981,-1.15584088273747221,3.51750248906191088
-1.59365150557797541,-1.60254448321275378,-0.841933213285696702,1.93133591398735938,5.30101076165866125
-0.0859032153478413996,0.840368359186060565,-0.0452029964670279324,0.697484351389695556,2.47318856401481035
2.07954015473119602,2.08764440683728658,1.15612208519543147,0.360677369707442463,1.17769204240046443
-1.93930197566715901,3.97814405953904116,1.66282946163153222,0.117504320481651853,-2.5214500315871029
1.5602540329494885,3.75432742427378852,1.38433238201070741,2.30546476479044449,2.67629308697474899
2.44670569768574131,2.65638871493491946,0.834599992217708753,0.209703077354919554,-0.422445217806197981
-0.0346891365200030638,1.69126394733184737,2.51710822237899912,1.31626678241523654,-4.93912690199605819
-0.73974079182973107,0.846260945147841448,0.505904948876236604,0.524613268831205737,-3.51289076670882716
-1.54409968514355711,-1.50396917403144226,-0.914686934066251567,-1.68772747089957642,-1.59832201903470539
-1.01913813219204918,-5.36141555978087059,1.41703166083314414,1.35010610317419877,-0.942321152154287689
0.136182525699759416,-4.92579550803106425,-0.105075680113295683,-1.192134094289242,-2.07707728667225444
3.16614407755633476,-1.79550144088581032,-2.82085728466680719,2.02737651083745307,1.0601727078334906
-0.20542366462239936,-1.25257367527744368,-1.5026128238737877,3.84587364332897508,-0.858276154240022238
-0.90898347983185479,-4.41756113926631233,-2.56155450410664809,-4.19118572212305907,-2.50110524937541401
-0.267338069104485876,-2.88561689836141477,-1.87295172314471903,-4.347962307373062,-0.159645702206618945
1.24893679433864424,0.00140330868564227107,-1.68099815553672127,-3.64387330714443269,0.85220692959898281
-1.2597511143578175,0.642287768182300267,-2.34763336604246486,-0.144138496667874011,1.19569063516824436
-0.830096214239019692,2.42675529271712698,0.991810022973015792,2.22576176740780207,2.02826033762519753
0.689986300264477159,-0.570099121857695734,2.67246060990888434,3.16318119393687347,4.72239958165049778
1.80834336574830168,0.404983499739776376,0.462566773807098708,-2.1871935362143029,1.66418246982391982
1.6152460497853296,0.516798180631794279,-0.573453409008852333,-0.469468688666581757,1.79940992536413136
2.53068983197204878,2.4291941742092682,2.17308866182024429,3.88201502017930622,3.6828424845777965
-0.346619632685505052,0.27267427130120353,2.45496869591954292,3.99650136988375992,3.75115213010221593
-1.90097519472925836,0.114175315833562621,0.0312105389664314795,-2.76527782603390415,1.29655476889645449
2.16151293133765332,1.84409874088532755,0.35849694401876403,-1.32792190528897258,1.12708162528681655
0.369732599136442075,2.14761621514528489,-1.03407437873526487,-0.350359107523434576,1.02012895617262167
-2.39606946628429807,-0.079438704331109819,0.733467875671445668,-0.0197024970608985772,0.66908111152649663
-2.25325075127751395,0.628517977305778408,2.76091914924643556,-1.59772097729533025,-0.740111650300179336
-1.01533477450436393,-0.416257453672605748,-2.19271298960645478,0.634333605398535894,-6.0826870543180247
-2.0201579898241433,-1.31816081775847738,-0.997450715807981059,-1.06355430695432118,-6.12436308254847361
0.0964938256782952308,-1.28558132789629509,-0.748793399729669407,-2.58013289405089274,-2.48908180268941592
-1.44613431161840778,-2.17017492776137422,-0.273012282159164454,0.0969836976081719648,-0.865550677920024492
4.69555825258476567,2.32554967168472571,0.626761043095494408,2.69766389340366963,2.13319097069284469
2.01316839436236439,2.34383237143140555,1.52962051281749511,4.60803145377490253,2.63615929459246212
-2.97167611496877315,0.980770261152181466,3.16739320167428984,-1.70109104328276994,-0.324819550215888653
-1.74325265687021957,2.82272362775592711,3.38549179422129409,2.70344554912472512,1.19684497737184703
-1.91796068567784328,1.03003954549068855,0.434315759176583438,0.253272521581197396,-5.22602781620870527
-1.70377061829788046,0.0489761780449637224,-1.40820218740093006,-2.52917821711899249,-5.41510192189494521
-0.620483718529352801,0.859053897397586419,-4.39484876890413023,-1.87940947034411043,-1.27591062328856353
-0.535466616365108394,0.942798477633868814,1.46277402430397596,-0.890827004813520285,0.618979797635680451
-1.12721573700056288,-0.0922200844741104947,-3.8523123284115619,0.229451892572948263,-1.26730840340710604
-1.22404201467971996,-3.3284903514825448,-3.78141999234519322,0.11757190610226656,-3.70131006868374035
0.279203175567541817,1.69921855627415708,4.0156726509302656,4.81913120166430176,2.27137069136706993
0.179542758794965951,-0.822528405758833681,1.47493639539386567,0.99327913777569643,-0.728873521387662371
1.50960338200871735,2.09922673530590442,-0.143682257854386403,2.13268149297833576,3.96774428947136215
-0.217064863793858698,-0.124248158403507489,-0.427694238289372142,0.862642240215257594,1.01809605926588231
5.01336613867513403,1.92528135979055803,-1.39561477321202498,-2.11464572847995269,1.34988701486896434
1.59576667814860151,4.46416798256532843,-0.337526069652137883,-3.46057943715262217,0.550891923926205562
-0.473268781841678421,-3.1256194948405982,-3.34060551504730618,-2.32752282534545207,-0.342366869326303114
2.77873763939041707,-3.78851062246651615,0.73423031887443313,-1.56249586007738372,1.99145509112295049
1.90813905549957497,-1.91609568075382519,1.23765811022751504,-0.799436829325711362,-0.935829272713295524
-0.0973334956395827122,-3.44414759099127377,2.48364914170823337,6.58855183918271692,0.77409936253227607
-1.74573364128933228,-3.77731798735918556,0.0139072440526868749,1.05673948916574023,3.90136513938673923
-0.639825024723987834,-2.61945194080262578,-2.24579628068249271,-6.60506065861409652,0.312740453338216928
-2.11677494021574208,-1.1564668561380913,0.811946413576259962,-0.694474549291389964,-4.15710791502693766
-0.643564882116982151,-3.00678964297592133,3.29808764243698738,1.21144560027024095,-1.2005915982723443
-1.52528223660299034,-0.714001649951169881,1.02420218005306096,-0.222879615418999338,-1.38191866074455239
0.836253848147362588,-2.26908505703262753,0.359941183501081341,-0.658668210134834453,-0.677270267629223821
0.538206896170208338,-1.12869737043244367,1.40407613876869886,2.3880795529719876,-0.718591047541362715
4.16259417765240336,1.84900614367826965,0.274889565238969624,0.680782802232797968,-0.337837213604057329
1.59925830479775488,2.58079136224776917,-5.93480092509590573,-2.28613158792824178,1.03631064332339151
2.54196289896451999,3.67813902230809298,-5.42649447148441855,0.294585163160806518,3.25773380977937377
-1.01416477406189198,1.23365921936545297,-2.77943095926354689,-3.07607394816036717,0.542951799477634722
-4.19586671384638521,0.0763985529520013334,-4.52838945763840606,-2.21246562221728338,-0.911935211089733078
-1.97317064262206188,0.00227361117226372589,-2.90955036608964512,-2.29957275561534225,-0.325623204342216976
-1.90976842391557167,-0.271758063507976433,2.63001679614817174,3.83250754187765308,0.932172115167279047
1.47743238168622293,1.3306739006487438,4.35575830922260199,3.05138261327892257,3.48071601647849826
0.249893126500025597,0.872737097649234794,-0.032901523540186349,0.575823536920189616,0.755637345167274543
-0.330275291445875974,3.55072971135722426,1.93252923109155916,2.43826564212295382,1.43487696044874502
0.643798316876581844,2.42871146280562433,-2.01570734238145821,-0.992303257459952404,3.10761923445169597
-1.91120582521383309,-1.70831588015380142,-3.62583287859306802,-5.11696585636350143,3.1541366616836144
-2.89232633881891577,-2.27775920137439902,-2.54916707624343042,-1.94031515693767309,0.718231718663526419
-1.622403545296494,-0.078744011058204999,-1.44814352554513603,2.43931125127370585,-2.70147819863862049
-0.425278006870519476,-1.52784895414939292,0.107601255485290564,-3.00897420397556381,-3.4271574616086915
-0.441367903096491043,1.70438204077102862,2.69045886262897849,2.50889341108869912,-1.93959781882906723
-1.16375944290200639,-0.276961571613503266,5.04524319640509855,5.03857117325082271,-0.418455133163571691
-1.57354349417333372,-0.849791535273303533,4.29285867715509806,4.34744266908322707,0.840293174890188177
0.599639350468851862,-1.78011198658608105,1.53321626087241647,0.0829348822497527893,-2.34971581690916898
-2.67062460372304988,1.23540273115784061,-2.61244324052987364,-3.59916026485292395,0.681790515620543713
-0.310762219121232586,-2.10170436822474471,0.286619382788972976,0.0151222540476883133,-3.35817070477829338
3.24483908516167263,1.24161023488705879,2.71671701266515031,4.22032067051801185,1.32923327643377132
-0.489680276843246776,3.23129707518121512,-0.259042536439369808,2.23471433861288071,4.66510781911693506
1.53838657330638062,-1.96001992363857447,-4.43641444040245592,0.985114427462361775,0.794587230521576871
1.3526400610630156,-2.16904321201995165,-1.16935688973499641,-3.67881640971259039,-1.89033487883349594
-0.236160550422056192,0.00812109237235232595,1.12552333294161477,-2.74729301403432302,-3.97754774261605659
0.435593815905133686,2.82859571453478331,0.522863550337367311,0.225810083218986907,-0.401787724854631156
4.1400036176546342,-0.513326501954385672,-1.08579272024144657,1.21175055649114349,3.17160510868830725
4.65293305567761806,0.093057851101991565,1.38538749978915399,-0.638721670797734342,0.579090637283760756
1.61100853703572433,2.73347131472597304,0.25639615287362566,-5.43950120330176023,2.08173172906558879
-0.658104588687805747,3.01738361248922393,2.91390379520792431,0.581266878043695256,2.9206372538882639
0.432654649742627462,2.95303399802504352,2.72056449161562464,1.0141622275879576,2.94865939799780596
-1.45668548122718766,-0.989956082405583859,-0.6293386238626133,-0.980598792962242616,-2.30842276288520454
-1.7633341216173859,-3.81555939917150555,0.916348023467293382,-1.31927944214481596,-5.84053645400962207
0.813228470739108755,-1.19511039216387971,3.42079533182124207,1.74800809678850233,-0.591308910769439922
-1.00106556830849502,-0.636225909307831627,-1.54053788235924527,-0.506820161070691499,-1.94723537850818174
-1.38097124307733554,-2.31538907478481848,-1.03845041520692294,-0.656014017178097486,-4.3141874672623004
-1.46103540910781793,0.730882347144983013,3.22731754284280692,0.217610855684324977,0.322325662353669884
-0.156599415435744294,-0.00994889190939968193,0.283824022044663005,-1.32048872435911413,-0.848896153447592838
4.29893370025905952,-0.50642231470988941,-2.66600169340523951,-0.784923629427180525,1.51825033390737674
-0.709307865287780559,0.782236818112516108,1.71980746776463955,4.56199240293199981,0.904822439133201928
-0.378376014382378667,-0.220480100406507618,3.24547361278185376,1.78228706447750929,0.642090869585802082
-2.78464927759022673,0.156998390366389129,3.26716095347003055,-0.930621483712084641,1.85384197489503033
1.56105482750556424,0.303154877657142829,0.999274113840356915,0.243147778662713615,2.37483459261925667
4.95786259947188324,4.48543619468346044,-0.0938194650698669641,2.68636402591502321,4.29340604590234154
3.726936290989876,3.2649210543350895,0.2240406836068147,1.1152754717892841,3.19519305496542749
-1.81237214403487568,-1.85091519171840657,-5.65713258665874186,-0.595614090007273389,-0.414865102454114676
-4.37883410805858908,-1.59649610062520764,-5.18373269631570555,-2.64778844212225906,-3.86108462203888614
-0.32840444708616312,-1.86677799976949998,-2.77978184335507317,-4.69598658239055311,-1.98706118059948977
-0.35751944442598288,0.121659122549494361,0.295016505450257094,-0.419479478835321107,1.33244232578667621
0.970605213533117128,-0.226954833588169813,-3.60010755757492085,-1.11101520265010612,-0.951616199463037327
-2.43212682816594894,0.10608587483515286,4.57898175928762008,1.32033715421526954,0.656968573648792131
-1.00925612479476068,2.80245733154151422,1.58959738409271578,1.58211091292647232,-1.3867184209032013
1.24829482377917378,-0.412133845461195525,-2.57044943649311719,1.51034415961381852,-0.760409830160105882
3.63617840055851405,1.53267879920314165,-4.54067801045516539,1.55603773334394591,1.54774177429420057
0.366172505424494532,-1.06067313882007697,-2.69632631760140473,0.332416894811276564,-1.12181620493418022
-2.75782583890766242,-2.97230853943305862,-1.72578401615521448,-4.64147490296425502,0.146392109776127571
-0.182792899827071309,-1.17823165988766521,0.057826428343354018,-2.00769050291483531,0.581794255698585672
0.662642907149505911,0.285872322094741893,1.1408225992176666,-1.36655268273339781,-2.63655280827753336
-2.05229666230295926,-2.05848929294529359,-0.249261667361068612,-2.07935839490609942,-0.375649161143489341
-0.162634193494667234,0.692893259354918412,2.58261623280593211,-1.99613547691176008,2.53232656899027742
0.756425914237319974,2.84613325293809805,2.84326322915776863,1.84117703897026952,-0.291550341134979685
-0.226855644231195974,2.1618853119278465,3.98438323805899763,3.11788976512250082,-1.31480770517104339
0.325134801631799253,0.424422146088578478,0.336384959327322597,0.698516559156553529,-2.63361175551062665
1.21688123169587725,-2.36065095901567013,-2.06180113761602701,0.211645403287317263,-0.793936319014747927
-0.756474792189324452,0.500631302975766523,-1.65630302772670746,-2.15112794131702323,-1.91195072719583292
0.216691665703877767,-0.485404314176334173,0.0218952948538723921,-0.118703356723851919,-1.95611913300166984
1.87705472007382501,-2.63393927839663711,-0.357725338181147434,1.22929218418407604,0.422159634803526251
-0.809119841208043589,1.94045054939796735,1.39114505672167077,4.71816743426445484,0.758266015958458106
0.3560136914591297,-0.276468746673157517,1.68577716163168012,4.20247247309001182,0.943428577579645156
-0.834272183772852394,2.67919121527492665,3.47623010252361775,0.0692901520465213222,-0.73418910655920866
-0.797629789132942246,1.74014170810355928,0.0825847349242557482,-2.14659533648263778,-0.334772045153666542
2.46796079394698786,-1.95351728303438055,-2.42542057197697192,-0.237864953830625031,0.694969519580206474
3.97103848456361819,0.958398676687386875,-0.167533284939264587,-0.829113677570217589,2.95859123140345615
-1.96375519739136561,-1.49865840994353872,-0.747571921125692374,-1.30886485246842943,-0.344219181526416285
0.0950236640612301675,-1.89863983535486147,2.37880212134373092,-1.39007672707602437,-0.264559948178027304
-2.25705132170243061,-1.19537145986910742,2.82312720266606476,0.0813880272600677607,5.11022628886528274
-1.19168015622082057,1.11434051189105965,0.377544917282118198,-1.42920724523854492,3.66805322026389868
1.90510308230563497,3.56764301632581171,3.95264795556888959,0.837743894126672606,1.49083367155575641
2.25360472278632606,4.61611086739951126,2.81953755695399888,2.68181009387689517,0.904552279270500748
3.26848068898040856,-0.792019955449954516,1.15339471048588793,3.29416221768871598,5.85743870762566576
0.677770767723149481,-0.127399404341055511,2.17634898235998309,1.09852633315856707,0.228435106591455467
-1.74612756177164852,-2.2383271657675623,4.68067246961476879,0.662927046158026889,0.624750693950097635
2.69602855738145886,-0.738694353588072561,-2.1064599167860445,1.27747801988673348,-0.809436950200615235
-1.49822701545095938,-2.94327521482728827,-4.89219748964335732,-1.52276376127167379,-3.3556808610613702
-1.48076455505262383,-1.70171486594435839,-4.72472041189091563,-4.15771973275956874,-2.8410238117143054
-1.57623996758168494,-0.429482377518728142,-2.90276250442397732,-0.0535718243485647921,-3.97000505808044934
-2.00576611237508917,-2.70843319952925432,0.794428316132606227,-0.479960662042004604,0.234297584992327529
-0.70020294259266791,0.0547452841783909183,2.8380946494325201,1.52735946644480425,0.263168949204415026
0.492793192865470076,0.822165538319859168,-1.36376106641962558,-1.85147942401976962,1.32856021473385399
-2.38062217560093181,1.60601232969245578,-5.91397311217288646,-3.72119945205150371,3.53983932977487203
-2.3268143715020102,-2.03695245204160269,0.699256934448406753,0.765457448666482243,-0.931226728781169633
-0.72727759814830939,-0.62454241422837109,-0.214193955781211171,0.923229348473446065,-2.18798295848893298
-0.7415790534190565,0.942491466269141265,-0.991177536850700092,0.66040638591830958,-4.26109006055672435
-2.03995548648272429,0.165180032734898286,-1.59240487492133664,-1.88826860612370973,-3.06348635913892675
3.04739300511386713,-0.343753683518194408,-1.78948443760006937,0.791061084686815019,-0.88297249396798827
1.77336404808835901,2.33321684362428794,-3.39075496126272036,0.244405826627910855,0.332315096751566119
-0.199301339401136035,0.208228195954596906,-2.41090053760442213,-0.172607222142515143,-1.44821668734932762
-0.836354421167497919,1.86487451258452985,-0.722810702902267677,0.237213740641682408,-0.613219222981036149
-0.390956280387903199,3.96976492475752885,1.75214397629432783,0.446378442169642065,-0.193287948201590037
0.266669950928817179,1.33086975582964695,1.13420041557338447,2.5134570653018784,0.315571743512071179
1.33046635723837436,-1.47546376525500555,1.57691138313090207,2.0846219955694254,1.3314287892965635
3.8040768623964909,0.720141294578920288,0.528962366003699058,0.171123511114441129,4.85959355561734441
5.41304143974870922,4.11277634066371789,0.385257662868819073,4.91263754065954661,3.03517249093076202
0.0808237409852465977,1.38515662164108133,-2.58948907012788698,2.9789091514653645,3.74111292606316015
1.68149027629568026,0.216324983414116601,-2.23884526932556316,1.48126836750570545,3.23253497795920808
-2.18837862803852712,-1.8071432164783765,-1.66846777157925219,0.155388973682664217,-1.0319466207135588
-3.02059383027918127,-1.98447085548233249,-1.18707502157076306,-6.02553585251667023,-3.06385988461425551
2.66001580172222374,0.997358444099215147,0.27617202373740074,-3.16644654915516899,-1.65603757657198702
-0.329559476354160941,0.277045078741717743,-1.79748773442784726,-1.83813021589306125,1.11572631201003647
-3.12674453959646037,-1.70375819202135759,-1.6725462433731848,-0.945257043010235831,-3.99451887193669641
-2.46754798395116248,-3.23604560315452483,-1.19056713155455141,-1.9084965687245552,-1.09023128086542487
-1.50403504116769859,0.935281134040458983,0.976906637383960552,-1.52853601744308154,-1.73609351483318575
3.25746239776649649,0.431289529937586014,4.25957032242844846,0.105143559014304708,1.40228865324887675
3.53801343164486948,5.51420461698536624,4.80489754677177494,3.76096401739224495,1.80900338517038928
1.80826615091066123,2.24392756453122777,4.4514611262922763,1.75002133077311717,4.19214467170723992
1.79899700500501836,-0.551599825704705005,0.477478867348639036,-1.22517121002232288,3.21471356734431435
-0.27862837072425406,-3.67552580009097918,-2.74741163851926551,-1.87874216987796738,2.75332504787543275
-2.12382516953329858,-2.16652019815236274,0.861253283983526963,-2.92833729562575407,-1.03648354153655942
-3.78800563307736216,-1.01141261961455164,0.650658126859779973,0.493748560909212098,-3.15342481849787415
-2.25165187560305347,-0.621317227609688993,-0.296495973640738708,0.0212807457591541634,-2.15671781004054264
-2.52552101146665997,-2.20023813128549861,0.0457964396746024169,-2.2736409435956948,-1.85936266117346549
-2.27909756883292935,2.45808399134346622,1.34305104578954282,0.324676146104419749,-0.788211706294580705
-1.30598972249590406,-1.11143016975302755,-0.270075198006191786,0.403170252289030584,2.3948971808847328
-0.58847123738352769,-2.63472967489366772,-2.43112195298074152,4.01984625905548398,0.798900086621600836
-0.0833042923302497046,-2.46535623309479002,1.92989123463221612,3.36789847637054152,-2.17404013817339425
0.546232538522650302,-0.807654218069317587,2.71345500093100167,-3.7944097882756771,-1.39704582994833393
4.03081669690902444,5.45553154000915264,1.38799151330874926,-0.751820826465345537,0.711681762316925481
1.35476199220263438,1.43424891411811206,1.02717847411396157,1.9662831120437394,0.0411592644800195806
-0.377063409938995009,-2.98128848799090651,-3.29588285245826507,-2.76413353547592511,0.330319087448550874
-1.38107330988347021,-0.414790786577747428,-0.965283914118069575,-1.60239134450895282,-0.316839072826640145
-0.375899912891366039,-1.60258141465878778,0.905912038520444551,-1.17480626554577228,-1.79058614244565995
0.865815107737294753,2.38613834607205266,3.88580270212921919,2.07788974905903201,-1.14433680895272993
-0.391400143489427865,0.75259358225205486,0.962042703325900916,1.92755657917962653,-1.91238228558156997
-1.04287760774112215,-3.40148516950616564,-1.13316626605751347,-0.0247671426964864057,-2.41817207710988091
-0.000695563761714743101,-1.31699787059152884,-1.34687525692182275,-0.498917078115378554,-0.0253970111800595755
0.235316815444804206,-2.38844382071432682,-1.47705139399692342,-1.40186087528789427,-3.03435949475653022
-0.797007404951348808,-0.999433217073849134,-1.20603465430511303,-0.970524255955803827,-2.06256739271721434
5.38483621919058209,1.50606161801224547,-0.323473695258313043,-0.447446058914430955,-0.467640849394831581
-2.22548347834764115,-0.234037393600660948,-0.156285328545263447,-1.74944280888892334,-0.0630584828594310809
-4.64940107816420145,-0.40156317560826621,-1.89451474773873407,0.638650906873973079,1.26209734127687256
0.911440511195053649,-0.145757667666259916,-1.27172084768921145,0.588124494232498018,-1.10602296118811871
2.71674700866266239,1.36134413816758837,0.988835976721075927,1.45193435191578724,1.38481587260532346
4.29948618687695827,0.161596308346560968,2.42395793373485224,1.19160013866154713,2.25889287547568962
-4.24367407493077842,1.34585256845186874,4.18687661980971271,1.59479847727523349,2.06013400017075865
-3.9847438408512148,0.0179454170698007259,-0.106728713887208837,1.56686603101757371,3.46067570738030073
-0.463690567822933053,-0.563399898794090248,0.25764966252732513,3.46745293521108922,4.05829668089349838
-1.4358255556214925,-0.106489960361912564,-1.81594288876124477,-3.49861263632544439,1.39130809844459558
0.804156031520328218,-0.566696265493320195,-0.0484226740748612272,-3.18802494610604992,-1.48934685317484239
3.9866509525060656,0.276443171035745505,0.725568415625936991,-0.632922472107776191,-1.45495505508505274
0.138881475722774927,0.708899042884201358,1.03440222351123134,-1.87275462822530336,-1.39614760820814787
-1.00269393683885122,0.874999340878525822,-0.696864851838367994,-1.4873514496600313,1.73277256650801492
1.95417453764434623,1.38850149621823049,-0.288358365764378455,-0.632032760241891145,3.28432870128420973
-4.57964026539856039,-3.32786266715484036,-0.0984016810046599577,1.29413533725234453,0.639547879345012782
-4.20554137718224652,-0.142372713015752772,4.79452115555310776,0.840721151624468921,0.426815972595985083
0.0319864840810694523,-0.535914597131115888,0.452333557858931701,-0.850543506345812439,0.634157291209392793
-1.69943212725276238,3.30393224716445122,1.18118715434727561,1.50672295716001381,-2.6537799039183918
-0.885641934770890593,5.74831929463464508,3.75818327931512419,0.756083052783138476,-4.60193170213152047
3.8849848643613023,3.45985418875624751,2.21815633065113227,1.07300438263678366,0.17067950514424543
3.08495260085389855,0.565071171958275498,-1.65496898921690105,0.588936197549188911,-4.71655372541698092
-3.62649110245926387,-3.54583126085540101,-5.53568373626468002,-2.11354142752119856,-3.73026242532643959
-1.8222659243357493,-3.48127157690912581,-3.14510315830245757,-0.214234226202549782,1.66062974616754877
6.00251041570987365,0.843577299767427347,-0.441552796830990968,1.33007795632972781,0.408216401111371197
4.08457257048878652,1.28234571671655107,2.02914494473394269,0.972424710626942135,-0.920936138460004883
-4.51299503191850704,-1.57139795043138619,-1.1737864350508318,-0.700127727353398344,-3.60265314102522449
-1.93609516071410104,-3.764600735422301,-1.36056900421707794,-1.29994410642287628,-6.96497558271393391
6.3594284168067432,2.12104513561574404,0.447159935460236913,3.54999532953472663,2.18596231150167553
-0.316806852356886826,2.33646105450532682,0.700728218561292637,2.1426169941758646,0.279427753654712119
-5.97493358097930294,-5.28232172044032211,-3.05280452366808897,0.189678170198662954,-3.37251744153908817
-3.49192630195110976,-3.81324523900454215,-1.66983011479902776,-2.05061677342686632,-0.575260393942314985
-0.193778727664803474,-3.36919504155653016,-2.53812754283166653,-1.22646993969517504,0.205359478609023011
-1.78044414445562804,-1.32509666445986962,-1.00086215560773373,-1.45591517610669419,-1.57347333054439287
-0.682476540183475366,-1.15633788649036329,2.76717225995404226,-0.510589737154240497,-0.322343983597697503
1.72897348584107324,1.54587297477491492,2.41192835881883827,0.701388660999848423,3.23368527443769516
5.36947850105208691,4.3597787731319233,-0.350781267583874123,0.143949361056257941,4.61904073104205182
4.0394914617597415,3.6483091778706167,-1.54807409614937619,-2.6319508662472515,3.1748018728307299
3.04146460948720732,-1.61866016702658899,-1.79378407944626339,2.16668890495293232,1.73539913608918761
-3.19357110321765214,-0.957461461304913275,1.14842849066494135,0.71391243039375829,-2.06320625168482463
-5.15530215724736074,-1.90970539068858458,0.693346574243807745,-0.657072161334731009,-0.909273985343704072
-1.18741791663685148,0.968073205899481426,0.629004294351994675,-0.193862973408942818,0.443953270495838936
3.34821693066483128,0.697246641620043794,-1.00510154069228586,-0.997578584910236099,0.990222488323696637
3.09312687886674409,-0.6870174620286853,2.8328600673871378,3.94441113415188127,5.368597634514507
-3.64269361989998952,-0.43562969545615382,2.62588170304144963,3.93260368864404608,6.39276593770512225
-2.43578000175329068,-1.60861224818937143,1.51470038515274341,2.70626502804376035,1.44281246554799392
3.86969842934134567,0.536666788773241143,-0.938579904289636557,0.241134331612757935,-1.22913452876209472
-3.70224531359114861,-0.435475327004188173,1.9566663901282908,2.61358849458314513,1.69347600075532512
-5.85237984374218723,-1.8364692664926876,-2.41527694368851842,-3.58970634886065953,3.29375348759724851
1.05052543117967301,-1.40831368696446324,-1.43729349277531426,-5.69888329175474695,-5.11927835566438194
2.97748847350318169,-0.876843327524391869,-2.6605684469750468,-2.15868104269775962,-1.9024557291455142
1.29369631282690589,0.185451963053867408,-2.4484879468219134,1.7260094867300646,1.24956834511436199
-2.42664367461440822,0.287663192758500108,-3.15512063413875588,-2.04818105690801966,-0.370508862986718868
-2.67077893055061555,0.29888177131571797,-1.71881649680136417,-2.71200407175414826,-2.28481273169351917
-1.1703978874709533,-0.00316150352640627574,-1.78942667313804726,-3.29328327071086724,-0.91475692798353514
-0.676776407543175029,-0.845320016993772017,-1.92837314623081646,-5.89069736391198617,-0.0662264424560119747
-0.423785078458912168,1.30271817496174136,-2.94846529485116937,-3.79554762583285044,-1.14646253834850009
1.24104022522887081,1.69836495152548728,0.491195999357426638,-1.79508236912483921,-3.36512174031691735
-0.535146639284020065,1.29895605434680816,-0.520688600659670708,-2.53843363207264883,-0.692891822450399708
4.77014432305292502,4.45313141602915508,4.18350536399216821,-0.357850430207426295,0.611557595049255887
3.5059526154938081,6.92110488323508388,3.93801058087194145,-1.05618856655477589,-1.33513140130242247
-3.53363638967345262,4.27973436977445942,3.05772845012745753,0.322035084271241001,-2.3193365954596632
-0.476385471908962466,2.04175415389865211,5.29708018221757015,4.66092526359215498,2.09620732463936532
-1.29924580011367508,-0.918837109466345892,0.630482363302056203,4.08146290117648292,1.40784984112970224
0.670990576532422223,-3.55947218603688453,-3.0161129097664432,-0.361907925676002773,-0.899885677674513773
0.240302527821973089,-3.45258173540736157,0.246154731749269495,-0.033503308837186177,-1.05852026137810395
-0.437409961136769498,0.947952999579936506,4.43649500221289195,4.7064250609186784,2.56074744366280971
0.797150276864311724,3.5263035104286895,4.25669764541064133,2.43697114464136089,-0.554255925571038088
-1.25457748880986064,-1.06263974544716366,1.10099429884034938,0.153966667997109508,0.786592205183218263
-0.441143891182473269,-4.02838074792355272,0.0698021709131277923,-1.83583513216525951,2.94509643675984556
1.07054284053751014,-3.05092925565261597,-1.27545456297177151,-0.053987406563984805,-2.3353136057773014
2.49797845256017448,-3.27107511504562654,0.333957088506625199,0.407524859707126597,-2.98795735117210759
-0.532426676493332973,-1.77048608939537977,-2.81636949513789636,-1.58489436239904213,-2.15039839852431669
0.47459061428891397,-0.217085071796542961,-2.49245948146113561,1.07743186580406847,0.0588294418219424617
0.661409154013824496,-0.867693263625585409,-1.47556719333334985,-0.903097438581618839,0.873223107727156056
2.0967519397647072,-0.867430675703768195,0.627401704616391331,1.00432939261722831,2.59372333219384732
5.12599562994879054,2.17927869814664144,3.84226114144336961,0.667308403036702247,0.493359171339985803
1.21247617154226162,2.41091681983261141,-1.55301504427658377,-0.62821977602829171,-1.70491845841611722
-4.86663798155240812,-1.79622921993682261,-0.929552200473533929,0.99065091971759589,-1.05114667536919359
-1.52650319601981255,-1.99567925378294331,0.0840378736022526773,5.79476837441819281,1.89695119436251991
-0.874987805907416205,1.13538698781991987,-2.58023182819868735,1.1272745157583639,3.4534377079075238
-2.04426442809140818,2.37016384821212256,-1.56425944593834521,-2.28771165696684919,-1.86868709856386905
0.533711312519504544,1.30936046990003452,-1.40736950101188962,-2.33799924823797189,0.778782672838542633
2.56041636357071845,0.601453235545139075,0.0162776020395215826,-1.31283910014213845,3.57420126186238152
-4.97884100823642584,-0.230231548577383205,-2.41048399218312914,0.727312628055984067,1.89387739200346061
-2.19153064784773699,-0.954140591589338616,-0.472243691632395768,-0.112331018889417836,-3.52547770054214871
-0.787079030322466178,-1.31809627184199063,-1.02365210660813366,-1.04088336554806293,-3.24310858657639356
-1.0304394499836409,0.213638591989518178,1.82739538402187618,1.88626236303487893,1.01442916147277851
0.0967232020869630144,1.09575010885691171,-0.324972468151456528,4.49161281265981316,-0.0381661208231051444
-0.601854031273501011,1.3017024148282339,3.62935975097378094,0.93804238229860748,-1.23628938458652948
-0.904859410347150117,-1.01355027206192516,1.71901259023402098,-3.19660767704812976,0.913736145222724616
1.26357458686968105,-1.52669808755107916,-0.884252764676618286,0.496599094792527673,2.08561710743562667
0.548113034532685783,-1.07624068732266998,-1.3798887222863967,1.8652153166687877,-0.981992009129343368
0.370477751269965794,-1.80674011575318594,-0.571509602901575375,-0.601590454196051283,-2.64864753489323901
-0.314786068246761197,1.64205969625143755,-0.557221361596260456,1.61478052338520217,1.51398117568247392
3.90492800633331383,-1.14579607110697812,-0.308491379961866929,3.4936090743360495,1.90671609778556839
5.49382730948401754,4.27607013256017865,1.4513945390079992,-0.527537264346324086,1.37554536277688744
2.85113380040418596,0.437956903305087186,1.64109622086810125,-4.04137944125559834,-1.86450683809392048
0.544007972043938581,-2.15879723030272297,-2.48630943854465247,-1.89044247360563777,-1.27557125282496897
-0.252458125257556953,-0.787896481926651959,-1.00863370211174264,-0.747540465005369748,-2.88418468246781945
-1.65075200667737887,-0.751834674526204672,1.09329079146108832,-0.684522911518539057,-0.403193683160707361
-0.92093577822329431,0.708774357875612937,1.75424210644399903,1.13743586292048127,1.39347843120737469
0.323063652629915099,3.15833557097295081,0.870992281071976682,-1.90977021991297891,2.9389648946709559
-1.31208427320791898,4.2895517346037435,-0.746344646693233971,1.52124307463005759,-0.552437447088912736
0.275162571651857646,-1.94345994389494092,-2.96429769434417256,1.63363502199994093,-0.994954835697500539
-0.26519812201471904,-3.29304107078816077,-1.20731404217405203,1.2453966465178159,-0.16738171691258738
0.608780962549426818,0.433848934395339836,0.238439253234360549,-0.0179992793219049575,1.69569582119078133
3.32487459956725351,2.17053516435509453,2.12407096299039333,-1.14615653002224782,3.04319369127327688
2.87801124427364607,1.57722494807129965,-0.378462430980351594,-2.67334659869358315,0.989709270012067432
2.22920240434368777,-1.58053048163424892,0.771383120242585707,0.175988408881484565,2.48472728316083469
0.394864151942060371,-0.791803434005249773,-0.358951184696926551,1.24273355312933154,0.395022738889502567
-1.92340483884980862,-2.45171329541864758,4.503623388077302,2.25797422972469874,-1.8417488262722872
-1.91501385634257204,-1.21007652912337771,-1.25630478840946269,-0.263466800148178526,-4.41969795995515202
-1.57696054403396824,-0.721566675650232692,-0.143806831023310072,1.09253039474903635,-0.381567999394254787
-0.474227326087715118,3.83941688736885078,1.98710782439981415,0.689082597419342635,-0.079296798771077176
1.5448822551792758,2.94094084981675685,0.389164822333703753,-0.195524903177196979,3.69486985265951828
3.46369317155179157,-1.03775383803305798,0.0233667442590569374,1.71246881518255334,1.48861089594286966
4.49004981077248821,0.986140279142199705,-2.2606380676820188,0.190617930361890536,2.9174686029140604
0.741595937971390562,-1.37582895771897529,-3.38457322669776417,-0.315540448404059648,2.45055236311170432
-4.55889443710378028,-0.978224208521459304,-1.3004857270688821,-2.09868912262048246,3.42706107970907015
-2.06970169010966121,-3.45977945532709308,-3.10743275651513162,-0.621277224925289029,-5.40285094098656238
-3.37962096463251838,-0.399870626146999253,-1.39659632027738834,3.65724765747950631,-2.64200451615922161
-2.41939221803979754,-3.04352168182981719,-2.11922791723184289,1.53441084751299606,-1.83136889742670261
-0.155514764341673606,-1.1286904833153355,1.36756509644263957,-1.56902967189179221,-2.38439947246575246
-0.42965213952613468,0.802349927614985692,-0.450891054610418229,-0.411684264170539438,-1.96969430414177382
1.61973799366762372,4.08563106015286426,5.79501272124173017,0.188430469960236852,-1.01152595072718721
3.28092901991734376,4.00965373051768825,3.26408406579575461,0.141684715376421438,3.77533880305240732
-0.611201014718598001,-0.20171523041315792,-1.34064561435810736,-1.21808712137545405,2.58076529419342693
-2.31346658839795039,-1.85036474577104992,-2.63849312612427012,-2.01087551892818128,-3.80502542824065104
-1.15767096140738213,-0.27975679782470958,-0.892219511961730549,-0.992577613296392047,-3.32095513197502878
-0.212315283112422981,-0.430376591424418142,1.0487207301198378,-0.705090682042532779,-0.270960484673795632
-2.38663899062560914,-0.793782055061674208,2.8330960641600047,1.38784127045546879,0.387094667733428377
-0.798642039610999666,-0.435113631880730878,2.05869667092755915,-0.242437032662476432,-0.360075216167852652
1.22988834950769776,-2.5433016632065697,-2.08394201140620883,-0.327621166624129601,2.54673714671568785
2.85627568500365125,1.40411819528672721,1.64023813005557439,3.44267962023766172,2.11643864463928244
3.79740626486589994,1.66318300607999969,-0.273605831922103415,0.687335157212525694,-1.29219499418620831
1.65338344316331209,-1.57356535559607691,-2.31601934872287085,-0.5009810112952926,-2.79856338569692031
-2.50560443058667026,1.14514787850044542,-3.20011793677790246,-2.61529608844215877,-3.66941260355592869
-0.979490059052018358,2.17119429504835137,1.64681823960520557,-0.155060530814407876,1.16722112616929219
-1.27033522570826607,4.016025535089911,3.40020381006226646,0.522045673636500118,0.504702160552306212
2.87493820106246378,-0.158946347985932906,-1.30973225445081054,-2.10308418085322524,2.58396268704295862
2.17058397935594005,0.588405696792818289,-0.240242872256929751,-1.36416915789803239,4.27515041858232436
-0.461843699531859775,3.8359373859920276,-0.569017622998179817,1.90522085957951548,3.17264348416710096
-2.73435252192765788,0.949966743091497645,-0.286568354196342745,1.22367933828813369,1.46602570159558176
-3.57782581426336721,-2.36927282701715169,1.27886063814849615,2.74255164166158183,0.154242476358117747
-0.341843899341824464,-1.83135462828501816,-2.44050524554897219,0.963634148188084461,-2.4865605029148381
0.181536069439718006,-2.57148692525611455,-4.71890352551434411,-2.70535745488376778,-2.89354725885337816
-0.423329579500758335,-4.57935649747991658,-2.11848926411202765,-2.87010612620978911,-1.16170345679991427
-0.511812224182841002,1.83276743554050503,-0.065179171777950129,-0.251170432276639821,0.506731642742143218
0.852810784805833055,3.0490235628197655,0.600034583748505157,0.141534605514923445,-0.0330870025792489864
-2.36309037369323338,2.8938993961986168,0.820746235955652659,0.501010507695495821,3.15399192794450611
2.53978614801665215,-0.623580679373786029,0.254004994724530309,0.897578879779082683,2.35010279951059831
0.783810464354743774,-1.833412202733959,-0.818789008636237381,0.0826498261020530978,-0.879941519334978328
3.27448224081028094,-5.24421285903866607,1.61703359841017935,0.468820749897575939,0.789098386602336999
0.332982982119136683,-2.34172337428159194,3.43193636149715742,1.45733393764775587,-1.68268018730435487
-1.23867825869080894,1.50050845045627135,0.165432174752184857,0.30298368543706139,1.51664297248454094
-0.659025300272684467,-3.27816522589209969,-3.37532975282214798,-3.66648982006125346,0.633700183068618417
-0.911464419331437625,-3.51313546691043443,-3.51045129308347148,0.245201368586970808,-2.03940549563057205
-0.888855612682325269,1.10076500004185363,-1.05917455237070635,-2.41629727604756983,1.70705856304039183
0.180381494920297952,-0.843235832399445773,-2.4845991749359464,-1.34094228047388331,-2.87715671547600937
0.875160502540758167,-3.58403446154757344,-3.64525930139830301,-0.732972766320502012,-0.951140171051969463
0.646078340830535058,-1.65729059869489048,-1.25398200853830843,0.856691046756165142,-1.05166034580981083
-0.0598164662319405072,-0.89302424786212431,0.959194245506714949,-1.72892570790660294,-1.34036600660814487
0.0158253584035312478,4.31596740733456041,3.63485889085784386,-0.381133333950378572,0.952410295745315216
1.37628534853374518,4.60320519666276695,1.20677606879954435,1.87612377819606002,0.806338651188316269
0.737690457420243861,-1.14578226501304314,-0.125963570209735393,0.473252965287913552,1.60694155557273821
0.107132891904420297,-0.0454101622227714302,3.62602259063833809,1.45045722468238192,2.66456830952814183
0.749080418741763898,1.28804592690070474,-0.497108584544471765,2.27590379558186262,1.1414810138709055
1.36861807870969687,-1.01806370776471078,-2.91094561172963173,-0.335683433585954816,-3.73861575922459055
1.29934530182049035,-0.622642035135824834,1.32002545699588936,2.84182664285944364,2.41366607372165021
-0.740009447593436231,3.71264352854917368,5.47725000099380921,3.52998181744047557,5.02591474510923142
-0.638575554057004613,2.86698139782863493,2.61505499365048122,2.54933382551245158,3.80977233511341895
0.470000508933562822,-2.4450008877063234,-0.317538009619474093,0.971631768343279245,-0.0916259796221791933
1.10911201316089603,-1.9061651129888566,-4.45694372822680318,-1.10380302618526849,-1.00079084349143099
0.942143539907125072,-3.57942118702639478,-3.96401118780856043,-2.77460974044297348,-2.45575436703892036
0.203690094271044425,1.92010949192480118,-2.52057189208297405,-1.13196920314480542,2.11077848648943744
-0.187081655038505074,-0.724999989556736391,-1.01827687452036209,-1.95581767740323853,-1.81931347449349667
1.35977946463907218,0.878769875588271465,0.652304180537706335,-3.49273831047281869,0.401725975220122988
2.65405692589953057,1.20277788833926857,2.82400052775272359,-1.00645096397227163,-0.31446797507732116
3.93243334574688275,2.38840870719384535,-0.99054103892099199,1.857342779629235,1.13315617723993922
0.256457809102981438,0.666354696611351049,-1.18843427661403567,4.35707856419774764,5.12802694690746108
-0.415910600487110482,1.18851320404542693,2.2421250288577026,1.39877531727234983,2.33239494539065051
0.937533666949763367,2.11120917377678419,2.10038229478500282,-0.364537137133167766,-5.41833935052939353
-2.85563600712204035,-2.01431272735091582,-2.2686030746013266,-2.77978789945532556,-6.72161491294274072
-2.33853245238683893,1.65469049569418103,-1.4454745217844529,-0.188719032813546322,-1.82673452336244435
-1.20906904238234958,-1.16074127112229464,-1.44169524186743025,-2.1476812787148627,0.0146921634042534166
-2.68393874587330394,0.781842991907171991,1.49113837357715662,-2.81332913431233367,0.928202800265362948
-3.53029761636901096,4.76373489830943342,1.14383734359006439,-2.11981485241790546,3.99493914448344523
1.40097249343167296,2.35492484929336543,2.30036983687235086,-1.36852348920756395,-0.167098296195952262
0.863326878799480779,-1.14534093536382664,0.412333765953150633,-1.60129819694125719,-0.996844645244656102
-1.59383362840214637,0.395451137810071573,0.682131902512893351,0.378678883662078969,-0.364082499754369127
-2.65927890166555514,1.4930508918476384,5.83419469117881206,1.78961583325801366,1.09264545832734661
1.35077268318535504,1.86730306795502976,1.41795170316790475,2.1941967947969836,-0.464142279939667612
0.665826201045550681,-0.824335588937544106,-3.37095065803738425,1.01545209203917453,-4.66382111513231834
-0.236605201802255943,-1.56960506634020081,-0.911552135338102976,-2.86629435700806834,-1.8453660861277752
-0.82966330427205881,-3.08861006023882778,3.51328524058315672,-0.547684538239544216,-2.0546545412448558
-0.682856429233480333,-1.09747382660955339,2.1501828255447677,2.62006281654239492,-3.17261992668644188
-1.45604174546117804,-2.67482871592056659,2.05856164636338512,3.64302104540717275,0.40754267890581819
-0.307461768665016899,-2.47645241011995809,-1.69895148033135612,0.472168816521088719,-3.60599295833483424
-0.334497157720786309,-2.64526408652278633,2.33227950654303928,-2.05198947750998606,-0.216153507453537619
3.61760995622768267,-0.57168736762750938,0.490007526361860846,2.90292352674910203,0.681079725971171834
1.2479000183073663,0.924836481757075113,-4.03720928173755045,2.50755179650411542,2.32654203015717265
-4.50024091904252899,4.49013840297291456,1.78619670756548143,0.381267874652836958,-0.271598525439132932
-1.668832756340628,2.28382706065778907,0.152864855122802817,-0.596134114356923206,-1.00707008022348043
-0.768457931189829857,1.66971979499564593,1.27600925042611557,-2.11200716488365847,3.05915184420244435
-0.10702668370116783,0.1186078137957228,-0.617296370331144484,-1.76272986505142493,3.49610457282167619
-0.543201320590736114,0.506476638499916199,7.24104964689467323,1.3466789263078538,0.852379053455162072
1.76697889076560877,0.379615675344189718,2.05368018522584395,1.35599757431333279,0.364551978067851723
0.274733672527530837,1.13090420993458518,-4.38951731702995662,-2.18521170901944872,4.47309234236956854
2.15063533680652252,1.79325515541995029,1.81585952996216027,0.924514875330635699,1.07467455194296369
-1.26891596918033223,1.70435593556643084,1.45842709768550827,3.66021811431856881,0.0834904996810382216
-1.25880800536845627,-2.57739689018140616,-6.37085835203145834,-0.522412418793114397,1.70895213974353855
-0.031089667470992198,-5.02020692425722981,-2.46904070712616042,1.16170204829888624,-0.830027146829472873
3.67342910699603475,1.27021723892488381,0.705371583498043742,-1.40491948812491763,-3.19127509311008772
0.697497100206999843,1.3621344543368854,1.78624425794609887,-4.46545605532291479,-3.94674961937850055
-2.62114661710616659,1.43677639337238428,2.04920855197203355,1.24412708321031928,-0.493649764057862706
-1.12239513017168058,0.156688247193204261,-3.12344677275782967,-3.34453654849876969,0.0507924849961787703
-1.45324550507222106,-5.15523307349095106,-6.53850876937498882,-2.93718005280130523,-6.64977858197955118
-0.704947268774568592,-5.63935212399775665,-2.5198830672242245,-2.86185621300012505,-4.19884163368307473
0.378133552117584204,-2.44518901905447317,-0.336221499585703798,-1.18182777751617429,1.84940177801300498
1.10339731775426086,2.46816133745540167,3.92711924983630567,2.33160144815847481,-2.07348050474198686
-0.755915629403055012,3.71798704309141881,3.37957130163635799,4.62698007300151115,-2.05343502265306066
-1.36192591031555477,0.403707391861675591,-1.15257002151296462,1.23909493628487799,-1.83463158656147107
1.44309586538418699,-2.51138459421908911,-5.17094188377386921,-0.973021664404767672,-0.526094154666192804
-0.429520693206749182,-4.44060890223352356,-1.54567982124029046,-2.0960432295767073,4.86644371001607468
-0.519307549598700513,0.378786769645974353,1.96117729141713837,0.96198620413736835,-0.740349935176567997
-0.963372022908502545,5.20997245330774028,1.52701293375680391,1.77224394625465398,-1.33387799947015129
2.79504393798112716,0.578177799439369311,-0.337568554938334375,-0.385562595770868599,-1.84439171047947648
-0.133850463493432076,-4.17595366629958598,-1.55300664181255721,-3.16667277672260195,0.147651165039709653
-0.758571047690105749,-2.24512229552308362,-1.61370932026941971,-1.02900925778764862,-0.438750645566639619
-0.971061822678364939,-0.19971544823949533,3.41456019223062412,0.449410161606030312,-0.665220307662979904
0.731575099979006716,-1.82413358883305943,4.10685664268210626,0.030099530017319992,0.693258017484890798
1.28934811104209679,0.0339608166984602666,0.755912987600847797,1.52000056829833419,1.16625079708908164
-0.498224200157641961,-0.595022947519735723,-4.25316559228004554,0.673955240607611916,1.38894441574919014
-0.00923591719684998397,-1.64052711304378662,-2.15651701144738217,3.10763827008039062,5.52725451742452023
0.942847798469991671,0.220395006649356934,1.45931234530688703,2.12576393786719997,4.70863567408976103
-1.5069905045202141,3.96292787999450669,0.956537743120567829,1.54021103994603559,-0.260837586463493254
0.237429231377196431,2.78721900731588113,-1.17603534137436694,-1.20736706489083745,-3.30380989400308422
1.96613151763349148,-0.717731045352324459,-1.14306860998261306,-3.47797277153109485,-2.07420078745975633
0.682726982740144872,2.53527673713215229,4.53940332478715547,0.287345282805700708,0.496855623068930552
-0.867555406420725372,1.67698019474320792,4.25917028640519124,3.40818836717270202,1.86073867090897771
-0.140006589457384284,0.140097946710045579,-0.601035826038793464,-0.330402106713290789,-0.061189780709349946
-0.130719197672372361,-0.662949573973082851,-3.99386400569373778,-1.61122512300832366,-0.795723517193179131
2.67929355607404052,2.17588719104047668,-0.359439736633130891,-0.187837143211274343,1.84069092860478722
4.34555738669896918,2.26092933573596166,3.30087261341436733,1.31124012839317672,4.45538145762872961
3.80448773474446966,1.90358856846185898,2.03524570488540935,-0.570534215899010211,0.782744811806661001
-1.73218469612103654,-0.40024987880918661,1.54432752008137575,-0.742422647973769778,2.1283151464743697
2.12128201080112344,1.04909880333705852,2.0345009599193169,2.80770101607448019,4.64199986612385374
-3.02520534785066664,1.03572855237421591,-2.80247594584695214,-1.51720608957284031,-2.4933238153437487
-3.60006826416555592,-1.59162037127481137,0.0865907456900860961,1.05327423795544961,-3.75425449836241842
-3.70138230086891307,0.142624532863803694,2.29317584076509817,-0.0519855369236763842,-0.715438329902045922
3.01908524678975443,2.14871428944011988,1.01218434451200534,1.44975983636891526,2.02719875983296882
1.97601383054739266,1.45958547485369627,-0.293885684863462449,1.58777549805441387,1.46135935319823962
-4.44221138913289337,1.36629246733910792,0.0287520981722527713,3.09941870830465671,1.05980105101372146
-5.99215047644324983,2.59073760914676976,0.49217406701426869,-0.906393076387159158,-2.22538489186610855
-3.35082916129839736,-1.2413160572453783,0.107561871396572944,-1.91657105142812467,-2.65017345010800032
-1.37975254742805986,1.79213218031459554,-0.322807505899768143,-2.38618012092706344,-0.0241720101959735992
3.84093865591092687,-1.04224148237065894,-1.23944083072099809,0.890138785862003457,0.807231414337048148
-3.59477430989519631,-4.5746965925929981,0.10712239847744956,-2.00846064317341266,0.601649934412906706
-2.81176471219800517,-3.6091849366657498,4.16299069131079236,1.62831027430573361,-0.272130880117807117
0.672517682520033411,-1.61642645493037129,1.48172112595912719,0.254934306122947318,1.35202737189316546
2.96731469376135593,-1.77742812462123134,0.704580343984123947,-0.827816344377369728,2.35212772107209611
2.26198439306328414,-0.33269563520009604,-4.76741671969742242,-0.619796617316064835,-1.62419622660409768
2.18938691038513245,-0.825448797089666786,-4.14956677216442493,-1.42138516190216402,-1.31059094201929849
0.974934399032800325,-0.448602704194746016,-5.14717115982777607,-0.867246007086783233,-0.872145763979010002
-3.42487084323681312,-2.89818326557315897,-4.95613504419359074,-0.380513051781749656,-2.99911730632756823
-1.68481307343728215,-2.15718682929569994,-2.93860932155036725,-1.56648590777593677,-2.40587353685853778
-2.49129344481050241,-2.0930064932278909,-1.96705100129030108,-1.73720433667575369,-1.40102877320014074
0.104069382006868577,-0.855240160281498296,0.213266107199935134,-0.532671514346895858,0.88630473330282511
-1.61862444126280902,0.0741813932623553718,-0.622912671906714066,0.0088282367265975787,-1.31191258150986667
0.796584664719446778,3.37277073345470635,0.10200001313502241,-0.250760768007321944,-2.2318156218752021
1.78299411176735956,3.34816335495850037,1.54292560685747349,2.31408601450298468,0.54568246503991702
0.644074094818413601,-0.66181396481593513,-2.12973860291764483,0.794711369906263121,1.80023312212401176
-0.405642953761440272,-0.952204059986392792,0.747245972326055719,0.841639213160643274,0.169884683124310765
-0.25951950824644715,-0.708926736620042242,0.698137994613789226,-1.56900655061955918,-1.24837553532816359
4.2690654312841696,1.51585386106768683,1.1084383038228911,2.96647381016566891,4.21658347520621479
1.77626782370308711,1.22367587130114774,-0.012836400175922108,0.580391726490964155,-0.0502863384126732774
-2.39151687412478298,-0.123491483507381289,-0.190147742672306691,-2.74831095999647124,-1.08253992349519335
-1.43499962399471315,-1.16685576274935188,0.916524395302422579,-0.544938638673871045,-1.85541136332612799
0.993189865727288179,0.544622926752950764,0.781305152848368212,-2.44154050036264048,-0.869142230683831007
1.13948458130016417,-0.614161455928663225,1.34421952519951038,1.57115840664255568,1.83196538340633897
-0.359155873236403467,-0.336053687868782314,2.87759163686349284,2.71554448935212012,3.72238829004982952
1.35645233317334268,-1.18025866191906315,0.754011597700535607,-1.38615128476302463,-2.51671375401338349
4.08296530514958089,1.35635869317520585,2.52937841294452603,-2.12303891596035665,-1.96054984200465032
3.32417375692425043,6.02986648976161366,4.14350698599158385,2.29296615487996291,1.82125592621879395
-2.94252017131080379,4.3057499669466992,2.31558341240137899,0.0398543705087074096,0.684790094168362229
-2.10496947189035044,-0.0270421486499893282,2.56964987939024869,1.17740896204551726,-0.00307971986607619846
-0.105202870799378817,-1.84845882223846392,0.337929123459367431,2.31364839727339699,1.25136997283848928
-0.129366159969487277,-2.37689803135598909,-2.68394952100248441,-2.74746171645613524,-0.649459188409379329
-0.137696984071657286,-1.54872715057092125,-2.72824670836515448,-1.29648302365529378,2.64868386068528894
0.683948779586012412,0.562083522875664099,0.596017277790704347,-0.340328765988946347,3.81692883475598332
-0.0476178069891111874,-0.306163485757734666,0.716741564790005392,-0.486912685341780116,-1.72594221299071338
1.22239928976395551,3.23209325771055545,0.282419002934579777,-0.306846990755468396,-5.38586879517624517
-1.24879003857471749,3.321546176444929,1.75790894269585829,1.08258328042988317,-2.57413505177142854
3.48201424799178527,-1.50242115501992668,1.28190117365792378,0.444415099144503001,2.5266816987721592
-1.29954740846615957,-0.85281262891570675,1.39784650858145709,1.43032921181597983,1.91639352455591072
-2.01145714371363349,-1.33305617006632304,-0.99794260390691869,1.90085608766720027,0.323059600315613149
1.9554578878513853,-3.6066848796037978,-6.73231169254294493,-2.40308952197485537,-3.9187861462108966
3.39697140193824643,-0.952425141347293058,-2.36434690322507679,-2.98633434622506755,-1.34295048907515291
1.42509912968987185,0.159179319533379104,2.2927297737711485,0.532283660911159195,2.48977199957792772
-2.33076917897912228,0.00961467432596719782,4.40747130285452382,4.03229881161085491,-0.786700061153842056
-5.03807523733189377,-3.0813839158375318,1.86061102115977728,-0.738763339089601456,0.688726103725985639
-1.50402323634896518,-1.10296371754548428,-0.260982054098183536,-1.92003900808271588,-0.430393697738329362
-1.41823570302504742,3.85427147430477346,-1.77868381076232729,-2.07334741209036233,-2.57639868926094362
-0.575962610318868751,2.07827342857235831,-2.75027717439948161,0.227437216068813425,-1.91688968363400014
1.45002284086578248,-1.69573891407638899,-1.94562206862518705,-1.25212508424042324,0.10980126469283881
1.04493986279985873,-2.05850345779464616,0.25585099615467588,-0.312004279460394052,0.543090320355651079
0.298964108545299423,-0.192084329999008596,2.26078346453598256,3.73928263112623993,-0.187146004481852368
0.0836242725265642223,-0.150546275515353822,2.06767147746543944,3.47492936579349632,-0.0911602403816747925
0.0264910031874592139,1.28001267356527326,1.62718024057311683,3.36018951789559805,1.12865678623582055
1.12411447158625544,4.17022324698869618,-0.724740933946716348,-0.423672246328236579,-0.544459428717139704
5.23439636458138757,0.755130086989856508,2.35176649814270089,-1.43914681405453293,3.06060356191048921
1.75950531587502668,4.96351283389724163,2.28852845367143809,1.23826255995985535,0.0381876548202244662
-4.82519554444385435,2.91550370882062904,-2.69648109946732317,-1.07595272871997394,2.86686602451345784
-1.48501154295428028,-3.57402591111310741,-6.68821955627039344,-2.92283522852712707,0.527591866593484449
0.687671702765577986,-3.33072772336373779,-1.84745625514992429,-3.2576431319135617,-1.2452377880713672
-0.535065074010769082,-1.86533121398804158,-3.20375921111783413,-0.430199131186289774,2.67791550493013997
1.81632235006303988,-2.77131206938060703,0.887658728307401335,1.07968673597770226,4.11270175052096221
2.26139186109199031,1.32145059420393718,3.65551541601140739,2.67600218892204422,0.0916272806352579489
3.6255123822022397,0.540992620797953627,-0.922545797215770014,-0.316762141824998289,-2.78545856308283302
-2.06132775582825589,-0.812522706073155021,-5.8871798616448956,-2.11663076493674707,-2.75262997672168286
-4.33622978865985687,-2.41779413618875783,-2.94167233247040949,-0.893353477600502766,-2.75483280498935734
-1.90347119190743408,-1.01273665143930747,-0.917751653458751093,-2.8624373549687312,-1.72746322377203243
2.29025437773027463,-1.39474349410051079,-1.60568910544367882,-1.84360304178368373,1.98940839113044476
1.01855550763524283,0.147435365200978996,4.97972531927117679,1.11094770865906134,0.939916630327733427
-3.5875055820539119,-1.44243623960213574,1.43976220853197989,0.245482678414936234,-2.12620434002029679
-1.41367274876107873,1.53282735401449677,-1.51143070037177929,-1.53988740932509072,0.348061758113367148
0.373561172787115647,3.15140093027490131,0.379859337407044806,-0.135267046555017617,-1.31225429893791889
5.31298594934796053,3.30811482548183866,4.12959980779503777,4.4158927328855313,1.23297888368197106
4.03750958648040292,1.40792718048361354,1.83158303889649332,5.04512484069793832,3.98457123472672237
-2.31559250570689557,-1.1591593090961112,-3.30628589899077197,-0.452209268341770276,1.39052542128275047
-4.7845914064612467,-2.47294524264488169,-2.30747840080103739,-5.93656068275104065,-4.52224176474758632
-2.11073096323373433,-2.38930863204113786,2.6378877925331623,1.43128077428914802,-5.36264008016435234
-2.09109684343162971,0.875886484891403971,-1.03977056695238779,0.53098403759823487,-0.977647270898473364
-0.0384741363604402392,-0.616991169333613754,1.37095051525543266,-1.05909512533661077,0.594963977357722773
-1.16951856866904014,0.722777372747860469,2.8024804376943262,0.071811373269043105,-2.4749882486251602
-2.15240592592101487,4.55558732277731071,2.24908447942633005,0.576743067961583922,-1.3116605215430861
-0.0410119107344753125,2.07000831624913317,1.28265366869998276,0.197117586114601978,0.0750215357326559223
4.64910500518066527,-2.40237822002745061,5.28680581566195862,4.03630864677707102,3.38855967481699771
2.3047282957971138,0.533131475009725242,2.53748083822018833,0.280729370237424114,0.705573375826474281
-5.97190662340878298,-1.91899191084334242,-3.1973180896587583,-1.72694945431595603,-3.37957335589760044
-2.44329722579164565,-3.59465868495863816,-1.32682711908990147,0.724339773541997189,-1.79505387501486324
0.568515765231156767,0.0233560967503478982,4.76958575512124661,0.883610951188904759,3.29058270177748646
-0.196920270410817388,-0.0855526261442013242,3.29570804808244322,2.67443556580518438,2.02689971938357383
0.865350897929476948,-1.11140238089807597,1.69429203791288763,0.717941659471924898,1.3343297479830114
1.50546403381404326,4.1625310961983919,-5.1656208393435783,-0.227893739174461624,1.48737898969779292
2.23409939611137132,-0.205162537047579141,-5.16558528538907957,-0.580399290163050696,2.98979408094866184
4.70288979922468986,0.644467693541025732,-0.0820630948728516274,2.04627033411949766,5.60075159611906859
5.36834115655153443,0.410171979995991198,-2.93192398172238411,3.69957585194983141,2.95572880408739413
0.500573864547657066,-1.42785842999591539,1.54007421168553638,-0.995890781067758635,1.68642952681886027
-0.618256796070592585,1.75551459083509354,1.3265230731327684,-1.1430072077934168,-1.86604107910795336
-0.50849550034205071,2.51951856187762102,1.95273771671895746,-2.33722397584843522,-3.73245995989877333
-2.86327837165158527,0.938440850627589973,1.06909510310283573,2.64145102991512815,-2.15955243271867081
-3.34287900630018564,-0.692512650440503585,0.848084008858386529,2.54745833823586043,1.43911012631785362
-1.0113909391235798,-3.47125880852026114,-3.23628049624645842,-1.26456627757874251,-1.6549372637473323
1.65502545707879123,-2.60675488444553594,-2.48843866338657449,-1.12931948288663464,-1.71045018840342267
-0.989516967895623489,-2.5059646769719337,-2.1259358758572775,-6.50576053227656637,-3.00796045246364319
3.34129913693284664,0.407432244745223548,-0.313952810613587152,1.27179458976731286,1.42454850541069233
0.660384466419336902,4.0515154890708347,0.919597871739237238,1.64867757842410145,0.923113291715655593
-3.92323325742459161,0.394125710045196365,-0.972746999438132365,-1.2068267049127257,-2.49791882308241675
1.73652381626574681,-3.03031273106974286,-1.5178379688328334,-8.393192205322066,-1.32611866275946166
2.87744550783600817,-0.264342631371823789,1.08624426521309592,-4.18243646031098848,0.628605855286476944
0.182254215343846115,2.38491599074473948,1.33612793082426862,-1.41706992954700994,-0.97242930439040165
-6.31385439164607476,-0.0299290701669353461,0.754737818272291028,-2.25436947567922719,-2.82545231415241149
-4.43732449800120854,-4.7164404897419514,-2.87561539618718065,-1.67673612475752898,-0.468800771480563538
-0.519205799388258393,-1.60161551643639832,5.31818899710066795,0.728860904518945141,0.583782824816668211
0.193418143801795561,-2.99175010807853958,2.79000245627118915,0.895221047441685513,0.843055117631716477
-1.26182153929547591,-0.274443120858848144,-2.4309716145375182,0.974078769282856527,0.535394681805356654
-2.03295215271177776,0.255516381530299874,-2.99103642261545799,0.740489131400241529,1.74330470883345257
-1.11121854726613112,-1.10934309900056904,0.418926648774437416,3.02684743580932025,-0.368895121677357052
-1.93502265433655274,0.425105706131657546,0.151064291147192442,0.294929763701229863,-1.90010011558579861
0.0947229463809665523,0.874541466826683211,3.18323918214811519,0.706708665408453451,-1.13428189327859541
0.730291245306781134,1.08406500272634054,3.08076920178008784,1.3754374239503766,1.51527864403021284
0.131486943504724896,0.557449094765055553,-1.65065220385168976,2.87621207628668429,1.18395586382393736
0.325208206576427572,0.537084303326833212,-3.05225315246155127,0.412875554136147682,0.28855086754046444
0.260922560028939654,1.57896948051499275,-1.12896261503698625,-4.39218694395498765,-2.96751496567468553
0.47835788244113886,1.25427226382395296,0.238909124741999768,3.58846628778607357,1.74167962959097222
-0.562118077925500725,1.74676906897994577,0.963467420131071339,2.40716697788237033,1.57823460602653776
1.17269045576022646,1.47929933357650922,4.19056196769048128,0.233131872917936606,-1.81708482251568593
3.08543380550008939,0.021600515507441586,0.266080480873980507,-3.00075766156235879,-1.68875841687265171
0.127335698602660696,3.82425498377813655,-2.6739168890230034,-2.1807705399025088,0.233603881555837334
2.32102753575514775,5.77110972565154778,-0.290702465259717713,-0.935122622518363533,0.385433980317953728
3.01897380108439917,0.585444112203120204,-0.0393764888082044975,-0.97466503173443586,1.66362152017680787
1.18545188245541233,-3.76266980696711473,1.25684061487891996,2.58855146207508691,-0.465887162526617327
-1.5016229273783408,-3.54862203541191157,-1.66961054748919913,0.229458501757594885,2.76261203632932784
1.43247615399161932,2.06519894241456292,-2.68767015418309185,4.20685287136210029,2.93329184770976514
1.01680467294748689,4.64379706870205844,-0.832742694056542221,3.3424296400418001,2.39004033943045835
-0.66388254840533667,-1.44195587169827832,-0.193987773029392796,1.75972587196051067,2.09234843855664554
0.583270743929381941,0.622914985929434839,1.15996244356373635,3.17919634873912749,2.8609553479148242
0.881386082447490504,3.84829310412208025,-0.0599109525515557143,3.44611522775897772,0.816584135989198656
0.873610116757798871,-1.87516904317182287,-0.526494036392077702,-0.171850365156375612,1.87199099867193497
4.28661185730206551,2.34976075479083502,-1.80378533794910867,-1.69306239802537628,2.89039911826409845
2.75084659218669803,1.82516963904077389,2.68435644476259538,-0.973695769300939373,-2.71559056867708604
-6.14211280439921126,-3.72166389518076057,-0.644267018922213275,-5.81392202500475541,-5.16832072778506824
-1.50952540833176285,-3.83383015889802703,0.0314903058547586698,-3.56552791535675295,-4.23183683147639833
-1.4134681671116518,-0.798597387296193895,-0.762919330755378766,-1.86334495608548067,-3.21035537214554445
0.372473158605678145,-4.89566181988046001,-2.02655910643860349,1.58674231096321372,1.58963026014661613
1.24857696842774257,-0.983344681902017959,0.35603075598790207,0.836567610808575557,-0.981411138868311328
-2.42286553884940536,0.0434982153717278636,-0.223136763132103177,-1.96408878875597881,-0.424866155472015838
2.94323948405420488,4.70094924812434733,1.61540871592391921,-0.0575079813038004567,-0.241241363402087239
1.70615532713439721,-0.280159695424993582,2.52300876527203988,0.25791084854884988,2.49581377623617229
-3.57649607101811551,-2.22064357715458849,2.40092215032706635,2.89616978332910247,0.80690921292736395
-2.02010211429025954,-2.25828358721331668,2.1765010187312166,2.44239934302549466,-3.26348823089931761
-1.25202546642600354,-3.22140148509450919,-1.65921878405006629,-2.12913741212603691,-1.75836485900456996
0.42026891996447191,-1.59487368517730377,-7.36965347114945057,-1.29430972086568041,0.130398588762270617
-1.49683857824140465,1.01866544573643614,-1.96407948611406757,0.01181271305439488,-2.09340154974751735
1.0599260706037168,0.362262453995445821,-0.973994476555645416,-1.6790821715008597,0.529142120668869897
2.3053125144825426,-0.629957413400971444,3.82405299961197187,2.83813329795346947,2.79899765637892228
1.04885200438594617,1.40504645036462006,1.90975263741474777,-0.119564991160440157,-0.263586265665517683
4.88500267651093001,2.08637730322443193,-1.49196251124584411,-3.87776730261337876,0.576938666325407357
3.66712672008214779,2.55748363577962046,-4.22831530425176094,-1.80261015628667587,2.5146836554537102
-1.55680201574038968,-1.34482298447282655,-1.70659697800213639,0.222285756151354319,-1.23047343925835384
-2.64181189315960641,-2.03972842245110719,-0.749547134723690389,-1.26577209335585361,-2.11321466783295353
0.264863410630003959,-1.70930665094193146,0.29449651672052457,-0.532659245774795509,0.110492033175899076
-0.206734389654995965,3.64831247675572623,0.818934431770347304,2.14065315181121063,-0.0875301753153644307
4.06018594939123556,1.85386773974334806,3.35309824285764968,-0.732832576204138442,0.703181633866429512
1.84929708823661465,1.05375869083040929,2.20165830559759934,3.22345552667403856,0.414760057940366855
-2.14608311968503651,0.547687152594367843,-0.10909421481468308,0.279093265249108879,1.36042872945988336
-3.65149107410500884,0.0960569128125819405,0.34075872841208571,-0.213677619372534433,0.718238078794613766
-3.46378722237399028,-1.90871692650399338,4.02807309812743419,2.44146042909895922,3.06001178597310064
-2.58588046910691904,-1.02258798997305433,-1.96707612043820612,1.59567413919838397,-3.00594375748406684
-1.21669786829856275,-0.345491671579728987,-1.89425122825903536,-2.25106715620922904,-2.68338956859801803
2.27955805786795551,1.08424715968807872,1.72583920859089757,-0.972394492536493682,1.29160557592194092
2.47905990736824311,2.46886443693526481,-0.91634654009647809,-0.318986869562301212,0.646209798930915902
0.579369935612386922,1.3668033068229839,-1.48816550679965021,1.29848685468540648,0.936572890661519941
-3.50376474359723655,-1.35333564614641211,-2.287202184302501,0.303824548650667492,0.170695073169312872
-4.29986310542323924,-2.58032562073752025,-2.780813722092915,0.0404944415086894854,2.66587973315969817
-1.57530794129015694,-1.67214127915422739,1.36197932935812172,0.769402569135561709,-3.68889046719761549
-2.22918307170185637,1.57212586294595336,2.94901347269054703,1.58026516035150189,1.88497047443097143
-0.427268768419498013,4.22455483141888077,2.51533097531889016,-0.100865870921622733,0.656625462589118913
-0.256096491970679851,-0.956993502632333848,-1.11693815937669072,-2.55658426321094678,-2.16609820576407452
0.787163356022692495,-3.40126445963683866,-1.07755689853643588,1.20174219129093607,2.18606749269154532
2.25893158665222371,-0.48370312264419818,3.79779916887879843,4.36880305666306334,2.09758507686336682
-1.24989155109066918,-0.223804990290523198,3.84771096494290088,3.90520201659324107,0.93592931514956057
0.00727842062228512693,2.88020105943796922,3.76151285226566401,-0.0689754689500531731,-0.248722198714286247
0.764271475890285101,-0.76886487423345895,0.486446584155248551,-3.82593797821171,-0.537450037039079231
3.44542264571087387,-1.54208035361824725,-6.08157769827946737,-2.32928060727772923,-0.199252101409015281
6.02385384276413127,1.65256400157309913,-1.57161747368059013,-2.55026967181685071,0.30015151022851827
3.04397907036886917,1.84433997948897854,2.18760173401609492,-1.21003636810228943,-2.09652556118937738
-1.32292870907161886,-2.71450714049938702,2.58931157049572613,-0.831868163605854471,-1.52481563028863421
0.60407426677942877,-2.75102346667984721,4.16211314752843275,-0.717449692132571482,-2.44654966361779591
4.77451000294341288,1.7569442115323195,-1.0082829906131916,-1.80697316739600122,-0.88356705863899887
1.4359878385332594,3.07023249683816113,-3.57281066088001964,-1.86218307493000368,1.64255563894899081
-3.43725650030283303,-0.586163784126108367,-1.25428040880794667,1.61953533581428255,-2.36409905273696896
-4.84459473251665251,-1.79333026202394175,-2.98114969061150692,1.24531894760585971,-0.970694380431841419
-1.40419095814539063,-0.646385592052071134,-5.46249118671526901,3.03746240100733278,-0.466244404024857229
0.998476650753220563,-0.215390765084709723,-0.44764153974747245,2.42035955203070152,-0.203175845300913593
3.09870655533059658,0.909067984723285205,3.47976097419591301,-0.876554681622856213,3.90782392890754338
2.9972701027810853,1.57101372149127205,3.55251863227607156,-1.03109671410060377,3.50686460817920809
-0.968157602531239281,1.03885158886254936,0.721000840916494745,-2.57558451894470419,1.33744340427781117
-4.20775323842539795,-1.70149763475935001,-4.78087986047397795,-3.35039259169037118,-3.37502986914805092
-2.20406503829628253,-2.15042506225495611,-2.83785001682437166,-1.84158437314537271,-4.57615610018766272
-1.05850862553773828,-2.10438307533053504,-0.887653105311853596,-2.01465226736066594,-5.5579813176540771
-1.79275599800350838,-0.518228633335568234,-0.984280232377789721,-2.29148082441755241,0.623090915134483669
0.208858685175930148,0.0117415246222611278,-1.55826973856336393,-0.655751513314957513,-0.967306218867458489
2.39738568766106619,0.721810189920673362,0.442113475841226622,-0.347027344168442775,0.97120515805446106
2.84111478230137848,2.60815521827952512,1.55587385665337785,1.63493971731997845,1.42570141580704002
-2.27978975256470573,-1.43929119043553988,2.99948606744593604,3.10256816208910147,-0.502243902338667003
-0.334900836651125022,2.14112408251367325,-0.371212417088025659,-0.886116944555245811,3.0183290789030166
1.05852476628315073,2.13774052191751984,0.634300032662742597,0.985907544543011105,4.02151962881977543
-2.73942132553707252,0.422628013546555492,2.97224539260319442,1.65394765165065194,-4.86067768288458346
-3.74965321836884025,-3.47058153514899104,-0.756492925461448307,1.17735165509538153,-1.34543416818128669
3.00904349916173608,0.591912192330338871,0.910681882285432565,3.00384068720979558,5.0221294429924459
2.25111074511558273,1.19552913965352903,-0.239776921571938806,2.94392691589439703,3.73483343533973056
-6.12055112136229162,-2.95010370550809897,0.384073958797407689,1.0542659068576441,0.378005499600713279
-0.722187226889080769,-0.904918042010779744,1.1126789222797977,2.35464127186325101,1.43317035112110847
-0.635710505589001884,0.470265354286924342,-0.891494955374561138,-2.21670730447892916,-1.21951698087095695
-1.60557101379497635,0.810415580759444643,1.6417049282471361,-2.0465301692322253,-4.28522890402620238
-2.3556835329137531,-0.7651430795669526,-0.07024645790655272,-1.99273236894714589,-2.13260093469429179
0.564146308587702539,0.122250310933674278,-3.08742288525567066,-2.30333890765269844,-2.28304478729469906
-0.106503268626172209,0.119202996764670555,1.30759764289790015,0.379850084600079352,-0.769640365938766391
-0.618586169700737321,0.222650527305860269,-0.378219572549280514,1.83184498394371231,3.12292535522412296
-0.101970768867647221,-0.0927690571970443689,-1.81158604447430038,-0.278466710762261649,5.28418627196217905
1.87353607172083292,3.91281498396941352,2.20232560134774413,2.16636015731382736,0.419868920196157569
3.13866229351809167,2.23412144497825826,-0.221161989747105991,-1.14531144549529018,-2.43280962114861099
4.30042895761757649,3.55390584700437318,0.880680783763971187,-3.26252801079755939,0.171078830828881867
0.298661568873991812,3.88815433794360654,2.56445747537221891,2.98271796645720766,2.44757376838210039
2.05393124409442862,0.126158272068687738,-0.675319568959163785,4.5240265639200512,0.94467722350739447
2.1662604050421006,2.18306059300252153,1.65662357921521242,0.554906728727777021,-1.73945447257272678
-2.01382915753442981,-2.18993274313835506,2.04506166008941337,-2.82093334304385079,-3.59537793976706466
-4.26807885419977318,0.0482349745999223686,2.35046847967886574,-4.48797621653703516,1.73775724746971294
-0.16688903554337009,3.09817672266994037,1.36187948809816639,1.54665342842158648,0.647907873438842041
3.44283831973472054,-2.07625749535171567,1.19315660002687229,1.87266765039948102,2.52124219617563794
0.288817849716854536,-5.90529893465511879,-1.82099815320304104,-2.29717096245784669,2.29167843594546516
1.35919329587870075,-1.83085520112440103,-2.98503312173225588,-2.99957328138721468,-2.57265406091813054
1.51464692405142021,-1.36019676116273081,-2.3227241408420225,-1.821331758539388,4.30452716460271212
2.32879777445177538,-2.4489794874052695,-1.47877082944675098,-0.615812977535361683,0.625266765917302902
2.7602819283038551,-1.2676562165112546,-0.810646773743670002,-0.151478679015102868,-0.755688073564635077
-1.57128759044122668,-1.42843063234049095,1.01670111101747618,0.0870785891020198349,-0.0659259323747373033
-5.97294707805463432,0.229085604839675494,-0.596794180768190463,-0.0232802258856300986,-4.00944706891456182
-4.40366280685884615,0.708037253680900536,2.91161871293597807,0.512530230648439056,-0.683845608264344151
-1.78441745244568684,2.34978610673566024,1.55052464383948863,3.43707726215405218,0.801659593899319733
-1.82748317148989758,2.45879655110228557,0.156058006282656869,2.23370456522305849,2.93461587399194901
0.127437128066873129,-2.31672682755332193,-5.14087945551280789,-4.74563302581775037,-0.0950971139853703379
-0.565866057077801132,-5.80029396309664236,-2.64955113790439745,-1.87200673212902413,-5.68223918411032791
4.7299807435365393,-0.0954601824901369911,-2.07363474549169124,2.70859500240560624,-0.341162685261537035
3.35650688803650032,2.45618457499734832,-0.687938613530432619,4.34375485035756093,2.9411659317153469
1.10588309337680291,-0.553000878193702028,0.0277216096128683059,0.789833891589634907,-3.40094472710094564
-1.91627638854238791,-0.545673980834042061,-1.61322966804057466,-4.16765247580537057,-1.02858272286587793
-1.18307188436047728,-2.67423467438450002,-0.841187991527137635,-1.5771277559335255,-2.90218236749233283
-1.60176184522672727,-1.05865048666293271,-0.0610656384019064302,-0.209967728684779253,-1.41772031402731913
2.15125770125664006,2.09044612856693757,2.36468848089554795,1.61178235888940047,2.11989754165507183
1.23924261236041144,0.61290403906923574,-0.441958543210353716,1.04685441043921745,-1.65230826405154718
2.85967871042044619,-0.0757305829895147664,-2.39574664648438507,0.39263100351481478,-0.252613766317150712
3.23046175583151518,2.81496829801530968,0.0430843991509345936,-0.140770373010678684,1.49102005330277021
3.26022125149536812,-0.0388139332982273544,1.74662239903200622,0.0646727577656842079,4.67964933687115714
-1.44070431944409272,-2.03579868976424772,-1.30000262080335593,-0.923208434733166827,2.03137422226164821
1.38079512791594694,0.482492202563165384,-0.942857360205933137,3.21249381644021259,0.56910704257293776
-3.28138462694125765,2.90719799966833348,2.64164655426947936,3.23318889765627038,0.0949677441336679029
-1.49704985091048504,0.414824594758102516,0.594563321752171081,-0.193969629117382747,0.0779771979237753599
3.10845360077020461,-0.663415298548814425,1.03856718116014335,-0.550467321359513262,3.31505574677898407
1.46106973557768005,1.30355110790803086,0.273507557459808315,0.632056534278374826,3.00244726755278668
-3.59054496067164042,-1.33529052289103678,-1.80182420901787999,-0.567677764246715455,0.57861919731314837
-1.66656538390384545,0.664527083322204004,-0.935866879783591843,-1.01303091144064084,-1.54676020246596213
-3.47493828892753243,4.00751599285317095,3.42314180601184326,3.78641170182101217,-2.77822657100689874
-1.3606308362060211,-1.13909286520831854,2.84661858670784795,4.08130284140449007,0.1080664886656372
-0.878045195922943722,-5.25517991745951374,-0.993454787964045405,1.74760698537226955,-1.18908914031393875
-0.965112647210240704,2.39942508351652872,-1.00356636093948781,-3.01357114132773729,-1.85168325377650356
0.0206238772718052368,1.77775051624529734,0.901979299820260261,-0.335874001241975695,3.83488837532084137
1.21325085931926302,-1.28569023517897874,-0.817520072725764102,-1.20286712175852872,2.19557959414135517
3.95369693843106296,3.00138881374382205,0.634792502213778365,0.651579870249556992,-0.974169645126046757
1.74985036365650237,-1.13080189287597643,-2.07649041535589562,-2.83473906968251388,-3.38738808542279379
-5.09100347401981423,-7.99279073415957608,-6.14322265494042252,-1.23027148042496837,-4.51864085787319603
0.335889662051676863,-2.27299728780272048,-2.5509691113244819,-0.578205138086048231,-4.3687802803825333
-1.65214799519059286,0.146981988989226348,0.0137153156483022509,1.24576953452917305,-0.421917717894714439
0.328269696244427867,-2.1677669084642468,0.250373359018730757,3.02436693125060474,2.08619560133327475
-1.55134586547932063,0.291827037510221543,-0.308298406969079009,-0.375778125067555313,-1.17798463267035447
-0.275685178865876235,-0.970976218923926604,-0.204451217831414789,0.911882643469209331,-1.63457693038784746
-0.595294395101442664,-1.02726568194676782,-2.09299759431474364,-0.619802731935381379,-1.2499957387758085
2.36110356007495525,2.45618712656113569,0.152266652142428793,-4.76401308099915433,-1.06525074029658517
1.87052502653081043,-1.05500575355740533,2.92922834787315889,-2.34312312234255105,0.42632044407469083
-0.569374189188126989,0.21421206617996999,0.106779143088340078,-3.6382844060950168,-2.27127378787149681
-0.714347567965482932,1.44054705579809483,0.294094580136232964,-1.25275101653522647,-0.960994879183046602
0.369022094487707897,0.0341282056651521504,0.938022117224009522,-1.51601940944026525,0.105960407058519085
3.51218810160772454,1.65020603723771564,1.41720273839314315,4.04465146614146676,2.72261476314561435
4.3472439139202157,1.49216991055965265,0.995725901502581667,4.08559546737562851,6.3990532089217842
3.99745721011667543,1.56700688203439564,1.12611947821968728,1.04638004675124074,2.73790488343807237
0.783155310673578686,1.15190025212021463,0.511373686985361786,-1.73191396847036261,0.235675276763568947
-2.44199517799191712,4.28002525530737454,5.26850681283725919,1.72952847770991114,0.74594344143765412
3.37187995233835869,1.75871007449567651,3.84482228937410175,1.02233428764895895,1.9302681291338033
0.960145588990604315,-2.78151032833986722,2.17181250961785466,1.06916160227655088,3.20452879123795897
0.506881329708509076,1.05014693972407724,-1.97562352730045521,0.477088763394236171,-0.67184453314674708
-1.93023260165260302,-0.443813066547567914,-4.23435288569410417,-1.60521785973948017,-1.33050186781715052
-4.52239066599696837,0.198223053250461717,-1.53961239171255837,-0.620023957274758786,4.50143775983207473
0.96733179894786181,0.829952785564949447,-0.425044215699441785,-2.0574589096095437,0.802587289028882656
-0.842857119212243822,-1.84552280502192789,-0.41154187772791434,-1.58889607197492411,-0.386458165951602428
-1.00446708804520668,0.226111714123796742,-2.48624377974801813,-1.42432591221594951,-5.00907773543905499
2.04970793507901083,1.53289826473111779,1.44294265121460752,-1.05030526245072986,-1.3894219463549351
-0.664271050828140086,0.948496394772118778,-0.561352693280042114,1.62764237096601327,-1.54559119944064416
-3.44836830407066675,2.81575223879112047,-0.671997038051486806,0.747558306848201015,-2.33363498009754755
-2.69272320487563421,-2.75560918413129885,-2.80088194838694715,-2.38421698180521879,2.30236767421218902
0.847561585639897253,-4.39679234374272188,1.69418271917926244,1.01716246932662613,3.19602486545970166
-2.26597853135595928,-1.31343437151197318,0.688317575939529025,1.54036031882272639,1.47228759068460047
-2.24581952422393893,-1.20747659607003399,-5.04441989193285867,1.7133669140143144,-0.718112174942961423
-1.65346319875581371,-1.40321394729800919,-0.888614109537566588,4.43262705137964463,-2.2883902042066544
0.645868460493297936,3.22649128576217681,0.596012908064863511,1.93596888639508702,1.25902985023082126
0.951058900600276758,1.96973915194418892,-1.2047883397802126,1.18236469356325102,-0.714826543169129747
0.837390112798829911,-4.63350856813052836,-3.36405505308111552,-3.54816732161233039,-4.18871770382556452
-0.616392547770318266,-0.184930876533534766,-1.28668802800815496,-2.84845492524419841,-1.80033078708409389
0.575542971386470592,-0.759487858261466031,5.66539828920518751,-0.0607887499284389399,4.99017362132951181
-0.920854260356721577,-0.748293338487815207,1.19130546483994748,1.99083595688480419,4.31930279130325712
-0.921402526751963658,0.167167456955429977,-3.31018017321278313,-2.37850520976289559,0.623358768618089809
0.242344200818878336,3.13402425844314436,-0.00293360325659836052,-0.902721192806464678,-1.68655855894532691
2.91241048485901866,-0.442108659810765192,0.294093283110431092,0.455356111763647875,-3.08572019736988823
1.54915472698149337,-1.02295534562384205,-1.02978414163396725,-2.40321488197875643,-2.26053807605855672
1.67822961636585832,0.137921920293068739,1.47668873977877602,-0.535420802405067064,-1.2025169844367265
4.21107745553814627,0.0996529924043326881,0.307574014302994858,2.52987535902821881,0.711365485739964054
2.83385161802275487,-1.45288082492228954,-0.690200092426322298,2.80606345826519599,1.90020003347351385
-0.45738634692274277,3.03832377571661549,-0.144364601535112713,0.516087827111964659,1.16997642039084204
2.80054977451212173,-0.322750953858218337,1.78700296301049621,1.88043163301090077,3.19687192628593175
4.78130160178024877,0.314431187682772173,1.51995740382602396,3.42906840637744903,1.7966051433388126
0.502894782491484227,-0.58641929557532646,-4.1812950281614647,-2.3273188920381509,-0.633204163672830167
-0.909007937341264616,-0.952769535104272314,-0.192494025502246702,1.62228754390172458,-0.531014245895072956
-3.33717137827323063,-1.81654640629209263,0.846189833273901293,0.954652063717646104,0.531126818010114632
-1.12715346801084948,1.33854583606590083,0.850588934795980967,-2.33609571690211304,-0.768596210465575358
0.760994938034687651,-0.092807084672390544,0.532587877881131488,-1.95053511485091979,-1.48456151649329615
0.324865631699156998,-2.12370484298992857,2.23317647971460831,1.43715685853018371,0.956853514902044844
-4.31887347548402278,1.50655354931625807,-0.0328583383346223168,0.00424383274931766641,2.08067356909770318
0.691952412924714766,1.41062605880400183,-2.16494499260685025,-3.40447837841907885,1.6302550429678575
-1.21374854948353672,-0.636895806725518598,-2.58445462061769415,-3.26648109680238585,0.499633846449031194
-2.45237209449488613,1.70931306961443252,0.479744905997522675,-2.60299041918051799,-2.61239967376325266
4.36849819488478008,2.94913953597506939,1.45237228893926229,-0.531025710995965738,-1.46733347041062756
-0.194551944946692118,3.12132679115230482,2.88017940647082371,2.89123218127762271,0.0259320236914525604
2.39501997074015227,1.63792766610443641,3.51264349572941903,2.72283421462642305,-0.680906199378234711
-2.44870038534413315,-4.39164335270063955,-1.4200674679511931,1.19068797871459298,-1.38477991185965643
-2.30618552609294403,-2.32779711908365972,-4.10136163036166401,-1.68400792424223966,-2.42592205802751604
0.105498058604939687,1.7240414629889802,0.504536300092370826,1.74779510506199198,-2.57219768592406695
-0.69907674340801651,-2.11028170437337526,-1.60941384925845443,-2.23194850992210059,-0.284829060515943921
-2.55794292032808768,-2.88993950135402633,-1.13414259842785303,1.40425484143960277,-2.63752294067114468
-2.09583105937125147,-1.41390200670362165,-2.87602300478183626,-0.78083124510997326,-1.3656437143002631
-2.57217686481246188,-0.610430941508742997,-0.967610911596270995,-0.65767535485084383,-0.167859640519782943
-2.68631239381604647,0.219641040599836884,2.29603278627770369,-3.90721727935193952,0.738034923992889613
0.628112403876299297,3.75673407630913436,3.75464332903978892,0.137932516775862934,-1.26553620391380495
0.558518953148894215,3.81408790460173508,4.15205649930668841,1.70698883681096669,-0.921151083509323398
-2.20022263805757801,-2.82000599604688595,-1.64167480249032005,1.01281670279685154,1.00045582279267764
-1.51951396020685814,-3.66788141969094106,2.18670557570764235,-1.82482871622333653,0.185884297658224146
4.58867909962475462,2.05801992465802108,1.38627618779602901,0.493301977515233692,4.23744986007660263
1.39194871145488941,0.984305657025577818,1.24326490790657385,1.44594378938303469,-0.355164358796587032
-1.06802554715773157,-1.94836733321749667,-0.638586541412594522,-2.91311608706209979,-1.40029400958617245
-0.816285154409924663,-0.733390449120629451,-0.491296718405826782,2.72232874839147865,-0.332050756309343775
0.116648772127256425,0.676100685571544679,-0.973659405404480149,0.588900393719030135,2.47808175491338067
-0.0458832439523203656,-0.480791750653518091,0.144009560600378062,-4.76459589068056655,3.40438747005286624
-1.4998721553743728,0.440862656495204619,-1.3874405155640388,-1.20332268067107639,-1.08110087249888465
-0.157699475071435891,1.27880573605695336,1.13098137258945308,-0.297498280801892778,-4.01282152338264275
1.53347220039273946,6.02010269554219146,0.0472935227090185567,1.99742945371592562,-0.082843944127462904
0.814816998267512083,2.92950695647938897,2.83596131098742754,-1.12537300222145609,2.72795069125661582
2.07800351329233246,2.96205419972437678,0.179462966009446334,1.39844460684453131,1.61447342625516965
0.379935424754449136,0.0429060774693267172,2.30417973659974162,1.46408936272531909,-2.59768032667757565
3.32945188663642266,-3.05046869400686038,-0.218606011985363335,2.49824286597552891,-0.915814087888967898
-0.216219004480355914,-3.19749468246429203,1.16894752381409295,1.82298770231455487,-1.79892494584209861
-1.87559346092652834,-4.01702116171741608,-2.92056249417510738,-0.891323758415597633,-2.7028966614832548
1.67096232665752842,-1.59640628107423921,-0.0279988038368686916,2.94780853530307763,2.1615976151148093
1.73131765536184412,0.236707544496280398,2.92319514501143995,0.346461921119631588,0.910718017470293351
-1.3614492407829748,-0.736463059046761903,-2.40561850801320665,-1.78868081687901093,-1.00214709783332978
-2.33015459884357234,-1.15698519108353559,-4.10904311926219989,-2.54371317252691886,-3.91968701042374601
-2.49101065323634252,3.83070224687589533,4.43675675631326616,4.36954553356007835,1.27605939167864801
-0.438981946602266193,4.13584922733164273,2.07869295915526475,4.09451556607315759,2.51008527403147008
-1.37692960160289424,1.79580451502507921,-1.75502640045404257,2.96469892534453461,4.93876381172121892
0.484355437928779442,-4.17429567178952166,1.2914601026000978,2.08618198831368318,-1.73326381740792579
-0.134073129363695864,-3.95920257353304095,4.55009286950071612,0.262065619894499169,-1.10979058164421218
-2.42940105085808877,-3.61409668714892396,-3.39280178828749657,-1.41767957879519524,-1.59367016336314982
-1.43985318738513923,-1.82587081456593547,-6.70418952945231084,-5.28395742822031789,-2.65694412361517918
-0.603216461679144222,0.825573127583301591,-0.819839527374959798,-2.73519956157058086,0.0649405025205206515
-2.56464266835222032,3.30352310130784765,5.85778005281630154,1.20157659017865037,-0.933783565901653234
-1.54045599061178962,1.02312380164061723,1.72834622128898818,-0.75730118526568424,0.383839175122132725
0.586944724285612285,-2.13709927760547469,-3.19281636339597741,-1.0477618455378479,0.868450287865838
0.801509734704364152,0.286550094583922388,1.99913260224885425,1.58726179529797573,2.09059656141362948
0.948061322510283078,-0.373616450673653122,-0.0946543219270877673,-2.17893394675179097,5.09810156022109684
3.58037680596398467,0.826891510118451745,-5.7986902590410363,0.977600601160819038,5.38184929760163655
5.17320883763834516,4.03630261546826041,-1.47557008772928455,-0.104421171627870818,2.86347028155424033
2.16017238829300595,-0.130823581693027435,-0.0162780262074126054,-3.20657336282809169,-1.41447319423386686
-2.23841075288224944,-1.96483069870848603,0.893166393457660912,2.87731447595928014,-2.99834225155880452
-1.35825503244368884,-1.69789923304778889,-0.744274823591853152,1.90154085950090668,-0.743770143847958365
-0.541020439624590899,-1.75368850903145534,-1.59294982316482536,-4.55609149683741865,-3.45572177849554985
-1.60119212290185686,0.895941797908096249,-1.9237668286175782,-1.96285139982060652,-2.75088817145112818
0.18340562265080973,3.95998665473414757,1.65379968280602885,0.357870001262155735,-0.191674250636119148
-0.936119625851966397,1.31291876477437097,0.898497487087116076,-2.55365946511045472,-2.69203498054268708
-0.754267586809531987,-2.36037872671328852,0.909031246045398755,-4.78433827360269515,-0.941200035522039014
-1.96584410544596855,-0.982969171280028697,-1.11043790067730219,-0.176510429023124443,0.776414382837219752
-0.529065380210581471,-0.919058200981260787,0.379289324811982298,5.30664645451916783,2.96659790009558932
-0.0195294924439099044,1.95650740466456541,0.127891165575220289,2.99059375552352336,3.00163216760915308
4.44682240294196518,1.10660272358652123,3.60033991410039755,0.559381076456015758,-2.665704764606319
2.20224697774997225,1.95818195764706449,3.33183544960528488,-2.33738605243143738,-0.384930691369661737
4.15309102392031182,-0.0976090011378302341,1.15594590554888321,-2.03816663330225056,-0.785807788737688973
-0.346785199564219382,1.83689311554418455,3.76626129136863019,1.603774139357796,1.15974104708320502
-2.04503456440135434,1.43303441871866499,4.04124840334000979,2.4439958835011244,2.3763457520152893
-0.534861383207546948,3.50085995088983282,-2.12455508604383025,0.416177083200427234,-0.347864600985836936
-0.772307622451195441,0.423610872461904486,-3.90171205310751601,-2.43341184367764019,-3.0574470308930084
-1.24201049043511258,3.43187227266831885,-1.19725485610302473,-0.655698074927350105,-2.32932328954080115
-1.41601370659415537,-0.312450087275377042,-1.05882837079253145,-0.62414063041499801,1.16137498560580155
-0.24220184880901352,-3.58509978173403532,-0.816067993883081155,2.73530694012860476,-1.51494639406426579
0.719960635298882989,-0.959496502006181751,-1.84830895560070996,2.02055253219354558,-1.57155941394534548
0.0605282744128359668,-1.57345935284556981,0.410704307394956003,1.12657874489328735,0.339866116335581281
-0.133115706599642253,-1.30463938821954595,-2.35932882653182352,-2.00387493494623925,-2.29958806841995145
0.809468508783040996,1.82907823278178094,-1.23170555268283222,-1.70851753061610845,-1.09590964721048989
-1.00473937880261666,2.82056412726332173,0.810163153376460166,1.45501744831867219,-1.22488103154603589
-3.31901819806909915,-1.84468157931810484,-0.399847068185848253,-1.56206032292905528,-0.495886930073555665
-0.198317247173325439,-3.19020488643806921,-0.869205825184501957,-0.884746553546825854,-1.690485980209669
-0.353264746365306692,-1.98514590801375257,1.56420132435383286,0.640924433200012245,-1.17710068687765457
0.72738514551738076,0.519366322680992809,-1.02183555246865287,0.410403483101803856,0.238266831195739104
-1.44828481088926342,1.360939770157094,1.02176134242993966,4.43281671990312454,1.81922957307355437
1.49061693769226622,-0.457245961136285017,2.76922659897158141,1.65243594260385307,1.26900046874514572
-0.379164295055812839,2.20806030837642187,3.88185503875133131,0.916165907809396884,4.20092984045024043
0.344166809778290228,3.27752389286262913,1.64452247648386685,0.356180961715122035,-0.331298487834264521
0.769327045059067127,0.528387169492794406,-1.82483020906877091,3.26988941043054249,2.09659271066135133
4.18825689104356425,-1.87553875261211878,-1.64308760244555163,4.56947976384568033,3.51071082827551484
4.68467766996764201,-0.403871293155204092,3.4244830693821311,0.930828769439300818,3.12649241283040746
-0.27131891896815119,-2.1377327110100639,4.92058609757592613,0.271034500715286675,2.36192368742305669
-0.758213034680944697,-1.16471860479279776,1.03964566145095771,2.16281733662461484,1.45183518824201174
-0.899391054795982581,0.208566342009173289,1.57209749880903304,0.758493728426981595,2.96214213102323454
-2.04649073688493521,1.46043280577628809,-3.43719402809819741,-4.79694057892712422,-0.176361338916486532
-2.13335175485717832,3.24316175084857239,-5.81192855719478985,-4.27457129387080315,0.825002637262097438
-2.6430926117711131,2.21084883084545281,-2.27697634761153811,-2.42167799938932315,0.750613046652968463
-3.46593709418257356,-1.72674573203320758,-1.70894818782200719,-1.78544598208224659,-2.36281064121690632
0.693982575825560111,-1.91361993228669447,-3.3691260157417422,-1.98021961944269176,-4.14552495196625248
2.74980067178989751,0.428121467937076505,-0.402627701164365304,1.25577260470383245,0.989299338224807978
-0.523459698824659925,2.23517681451298467,0.328056220030594481,3.90723708414356352,-4.05496858427274098
-1.2391673179521292,-0.635647319357357854,0.870591358565275919,2.73942020249349127,-3.48633128459810404
-3.38770738665021343,-1.29338244278038927,4.04769030684444875,2.52974484118864229,1.21916883602457515
-1.75153526866399512,1.66237334132704073,-0.718859661779401082,-1.97304178484824133,-2.11700642305022457
-0.775376872098535008,-1.6480413628092152,-4.53195278409944446,-4.82493797962234972,-4.42358477739898248
-1.88132748025989871,-4.75076437901113113,-1.34171672820450616,-4.09211887607436253,-4.12878823655019733
1.12206970861753286,-4.27451608247584947,-1.57714707998516457,-1.25385870082151962,-2.35067835965294636
0.96115401110255172,-2.52832252338404828,0.0438703391389520109,-0.996846923432496035,-0.180342952056189332
0.805308469140454841,0.102019657504385616,0.829896496948999918,-0.490914570910359394,3.24566104113321963
3.8460938391763233,1.02913386125416695,6.89424220665283816,0.541762873719382809,2.91493268293497065
4.14934015676138745,1.31966921323253072,-1.08044053018495156,-0.702284184148215251,0.370614342994250834
0.337854777242643345,-0.360759647029516184,-5.01289966703738354,-1.75303813293083754,-0.0659727562401470763
1.2930736021051501,4.92727712260057427,0.983889964353193425,3.90589909576651406,5.31668040239818573
0.44397829037314207,-0.898852761286994428,0.539897053286410911,2.91110245159752923,0.133347844926353487
-3.03143487669082123,-2.33930168225724699,-3.10067315191967197,-5.48554483244647972,-4.99973252400067292
-1.69907976345777434,-3.07405827778392871,3.98368734802096203,1.17015249389283449,-1.99179985930519843
-3.45364539612167709,0.19972142900643014,6.42494185082016411,1.59305418649336072,0.764197193491268245
-2.59385827366491473,-0.031234049062086669,3.9349421492667509,4.83655938374739147,1.94112446349068968
1.99185111738596987,-1.42448172128589978,-3.34948201523861622,1.07142233796270969,3.89067419553738825
1.98536702764453832,0.514805878247814097,-3.89425853162454949,-5.54113771941738342,1.06518064315809768
4.36631877942566859,0.396091080200363987,-0.452677525668920722,-1.85359094468751096,1.30584223496212593
3.4075728480269909,1.6537437774092909,-1.21696656544492821,-1.1914125841778116,0.193655744326690638
-2.55761382411689198,-0.343001222239762427,-0.680741587275584648,-1.75539354735151543,-3.09401003738786295
0.221362922797587791,-0.135005437289319796,-1.70554632244486504,-1.96957506131377436,-1.60454570062705293
0.380883582665024478,-1.42875850244222291,0.404186337624418857,4.30479073584521554,0.599043778181411635
0.460392563916096731,-2.30432942784913752,0.167012974341079368,0.0146296247099200645,0.974716309954676063
0.372483119633312931,-0.694367218472950243,-1.73991820219452631,-2.97709578540898345,-0.00970603925200744233
-0.6417263307265898,0.425401313308855444,-0.710944013816861564,-0.940945997110170684,-0.883656176574148855
4.54684233327527032,2.76997075918342039,2.14913181143590437,2.0339288616778588,0.691123216295803089
0.514990821710698987,1.36223655874287375,1.77981702173132361,1.3246152853191453,1.13683561158189694
-2.11154360032215349,-1.01808032705077256,-0.630780977263639131,-1.31208034625035497,-0.0200326830263408973
-2.27829078426665221,0.333111512108584251,-1.44198135613725498,-0.364470831994570754,0.087177624119100211
2.18971983058527142,1.55763479219780243,1.76918633277959936,3.15827772971761922,1.70556295361670474
0.139225127077081484,0.395058915736324012,4.20716565270459775,2.46118859662401679,1.15592243986506715
0.553794153225640295,-0.257844827544147948,-0.807424893152549283,-2.67989840805250168,0.380889110923805951
-1.72874476634214025,-0.817094993946557158,-3.63685623412451164,-1.1019739866716749,-2.09012803589174956
-1.2785136037901994,-0.26331223026969075,-0.512279669725170694,3.59786450270572189,0.514502162153364972
-1.68625511795380767,-0.43892846583982903,1.49545581237266401,3.95904406898856331,2.23066256538828611
0.735702411632664477,0.129510648811833745,0.899850563220323418,2.55089618581629773,1.34341968131838185
-1.17204746826467754,3.32996076524971363,-1.04701065437492735,1.54369318433709513,-1.03692943183348096
-0.111968725123062107,3.02035496021971372,-0.617223724436313126,0.368317968843916765,-0.234118133734880357
0.742605651980936088,0.924792048623777396,-0.562214866796080126,-8.21208238296764748,1.78876043122651285
0.308102225099706195,-2.12363671459036718,-1.35579746224564124,-1.9669465354932103,-1.9448795984736067
-0.491753080887124439,0.0802695516033392203,0.0341836218185491009,0.575092195117810845,-0.330200190370864011
-0.286282582348484471,-1.73302303754528197,4.84600489953834312,-1.03057907112643088,0.202314318175096347
2.81204905119471649,-2.41334194082032027,1.39381471046036776,0.156160159054474029,1.91180536959606862
1.06090176184414897,0.750021599590776633,-3.26387479991458695,2.00959791603094429,3.00623806679963446
0.0939265363564532052,-0.645255116722805777,-1.94009684770611379,1.20740660640540787,0.667420635179612698
2.54646156883365782,6.20691864638935176,2.28288640050221359,-1.39421555004498221,1.6808112304818128
5.35195881089541992,5.47558978732610147,2.0238890617339047,-4.43538543678760355,0.882543509774431412
3.65376891862003239,1.24173351403799059,1.49831855222581001,0.132155538939805167,-1.0513117090582289
-0.483468434365834643,-1.0348305292136295,-0.762154260580786502,-1.47596444042261998,-2.86464574990794762
-5.53691944720573659,-0.900554519034444279,-0.821029030675551885,-5.14274050419308892,-3.33045363940877293
-3.64259315255687133,-6.64465562252563213,-4.94689589944270303,-2.17173038241680016,-2.12627538218234635
0.540084099505263149,-3.25500851740312269,-2.60204611680107023,-0.833863643763773199,-2.92146911746580784
-3.35970804821431024,-2.58137965660187829,-1.36427276723735824,-2.0524291548580238,-1.6998574976954004
-1.865385717428792,-3.45882058735709963,1.41271877292003967,0.955292964659084531,-0.0268510748783908071
-2.41285914304829241,-1.5884941713838574,1.73258742082998385,0.978034561318436579,2.10539045521358137
-1.30188359873972437,-1.24183262754833112,3.7396454090632667,2.72689349546403603,3.40158746354198538
0.28080255007876187,0.617668977591168122,-0.659979694081909596,0.161324955811677967,-0.335021785930348037
-0.781539009739254498,3.18494290776449551,-1.06677862611817176,3.33331567466675116,0.0691057632252056464
1.28114348964017699,-1.32886512203596663,1.53125252792870015,-0.377313971219823241,-0.282589180473288182
0.998317206844859362,-3.23990405432810924,0.135040016872763846,-1.75614184342348323,-0.711655516417520562
-0.215709702097598655,-1.64405082854091344,-4.21838436744030787,-1.74945553990992808,1.70762990932418979
-0.602151003828571341,-0.955575160462034057,-0.671086616767403554,1.07848355501560689,1.85821833746173382
1.07503307753366828,4.20733675280142183,-1.22877831389134751,1.18760227235582771,1.30692207214609923
5.91134928356553679,1.5547621288009621,0.850238637599807334,0.549447565934123694,0.461133777418900381
3.15502076345542326,0.660924894548883923,-1.29303503588453639,0.384900416706329351,1.3881975879073718
-0.992855919277811472,-2.21546131778569855,-1.51492878327530622,-0.888735280089330559,-1.69027130076670962
-2.79225512080031635,-0.418902236252525539,0.434453635170484909,2.73007756431160997,-3.45916862495885669
1.55371589961461476,-0.842063050909434785,4.26422901390940012,3.0519731587349157,-5.49605383497740174
-1.24943428501139042,-0.509293196611740329,3.50014088762532261,2.28304136550932979,-2.78021361734222516
-2.77495300618214236,2.05613370490636616,0.523097384278163768,2.02980572251187574,-4.01216975863540171
-2.01731299653625618,0.240453765745285569,0.675259990648209407,4.0214505251262711,-1.76205711474440396
1.47950654549559557,0.0788342011058614928,1.00824707908162603,1.19080480357142671,-0.00209583571587848572
-1.13904732307845191,0.25995664947564967,-3.7342198783819418,-2.63842747369451702,-2.06923453871956387
-0.260090379927118087,0.365825222142492579,-3.87312873920110246,-0.902198973714476549,-2.08932117397396366
-1.11024819727429325,2.35536436181722175,-0.00688513619622252437,-0.296757806468711194,0.0544167804110637643
2.24769244880115382,2.23779197801131602,-0.619590715669603886,-0.0843181370792748103,2.56417568945324614
4.13763581748406573,3.73238075844010186,1.17430564479642463,1.53880828804891379,2.14375545395094669
3.82347331278642555,5.19509633420751449,0.996539800348169691,-0.424857191013946811,1.19274260181475822
1.92844281502609372,5.48836121706955371,0.918391901608799688,-0.894492334181509086,-0.199088766880744644
-1.82368727835363575,2.67059029713694551,-0.616186267153370992,4.19973564422493251,4.67046121214058996
-2.09304234628832075,-2.49044302899127867,-1.95652874620031003,0.363315595688699422,4.57626660100852067
-5.71153930420074296,-4.97858723327707597,-2.22003932127294767,-3.60363205512562379,-0.274987307584991791
-2.76182119756649058,-3.73801514385962408,0.950079160861590721,-0.450090511153671269,-3.59066733396211291
-0.771981336881858216,-1.20941710671670877,-2.04810501649529142,0.129949788373170005,-3.8835486867143838
-2.25595721069636079,-1.50809331274327363,-0.371673498441615513,1.20628863030356137,0.464108229580610709
2.69739105937557744,0.0163834695219963362,1.46546537878161631,4.61709937821175664,0.986686016922575515
0.606907860286230116,-0.0215818332338373157,4.15808636308711144,0.113674587025798149,4.18715654873189091
0.117602391133947382,-0.70279152346727547,3.18584409460954587,-4.36213256099813051,1.09034820506386421
-0.216946606221999183,-1.84724482809028445,0.3113704871726381,-2.01393637374256818,-0.246974444583663938
-1.21782934874542481,-0.885167585988608563,-4.26432438320029839,-1.56978313969575711,-2.02741308663414088
4.44634915398894925,0.562422857112376162,3.88151192638613685,-0.761863602223688319,3.45153217399360823
-0.603597835416685768,-2.55715584456462119,-0.996812927918726444,4.02284853889174343,3.54310920238184801
-2.29311478193353757,-2.09848993908132497,-2.99183506641531549,-2.66919833495473435,-1.21630439891092412
-0.423149559844172019,0.283126484812895152,-2.42478761694081024,-1.73107964281511051,-0.158006970880450598
-1.34442425758610873,-0.392960764110810934,-1.72015825206139272,-1.00502621183252172,2.9225709788549068
-0.234875685558649627,2.92217825098445516,2.50496905246145429,2.21067712418655571,3.41824199452058108
-0.852760282033406591,0.506894176673580832,0.423903996264656746,1.10150934679776213,1.93290984768652829
-1.49016143263221501,3.7611070810875451,0.0169134036994692954,-2.59735685901058,-1.52784481760809809
0.316357930865047599,-1.12012932785452946,-2.51840601134960895,-3.80562835318456871,-2.68824195085731787
1.42314260865449249,-3.16958453890486114,-1.38170292197981115,-1.94322453726030986,-2.13527487100887203
1.71000321855137605,0.978953075908383874,0.873180607415623866,-0.675266081009623931,-2.31330228341265975
4.172201728576173,0.588789192403321615,-0.139711792798203838,2.07360938079859691,0.14982708035336581
-0.462640803228305919,-1.27183311941169008,-1.55160985161666742,-5.43056705179050425,-0.889782079004672322
-1.56630310957604868,-0.278020253157688302,-0.306470323392176669,-3.00257491350784811,-3.46539378480559979
-0.466631782632188408,0.640569939496662633,0.386578617741179353,-0.669096188499907485,-1.70372806319396797
0.971182564494491585,3.46256472345531696,4.44080608767075624,1.28345093814415967,1.64448437241723777
-0.21057794501225735,2.34335263873906063,4.24519547619325177,0.050153377648324185,-0.878311575471575567
-0.335910120729263184,-0.455081338631071364,-3.31525986774254866,-0.871991432102129038,0.447379802590139874
-0.0692518511862876274,-2.90559592813596224,-0.0496650107845050953,-1.57420518058639347,1.24133289083031562
0.785702258207670701,-0.410680021308949539,-1.15686182699460427,4.74329443335785328,-0.0139659238270457842
3.55659468459649997,0.450016065541126997,-0.400817921871035543,4.46298859262603465,2.67462928199637551
3.63182113940592499,2.05995004834863549,0.00980273961012549655,-1.94492128995625313,0.546294915755879518
3.94809311166024779,2.16570500972776703,0.85904543544274703,-2.07629058527680099,0.482728262827835541
0.666687911986408643,0.100126462650233963,-0.874835022642856397,0.633300532731714383,1.16370145120802504
-4.10564404313173092,-0.58215176672012281,0.852661620706575807,1.02153208728206635,0.62638536529687161
-4.34038113894571076,-4.28692475385436378,1.65421209627655807,0.0576364967637584963,-1.93486587675514277
-0.298496514924769696,-1.28576971971093257,4.75297031138382042,1.87322027143926384,-0.207683668448971376
0.869330829387727766,0.130876441047540565,1.20090943854330323,2.51437890102604245,0.0668822099567762673
-2.18287700956540265,0.78938413022588183,-2.67888092895237673,0.310354826347630119,-0.185753179649322836
-0.812624422138648494,-1.73777057114415623,-1.78199266105794796,-1.52303712842138217,-2.50957947550816884
2.84106142316895482,1.22406548407178661,0.448655348375284146,0.35708530965614127,0.125087260166795167
3.49569380142198538,2.74475731181713289,1.30900171661320308,-1.32169001343622083,-0.996423368449202429
0.0660760576781508902,-0.808890717597529618,0.984368040515972154,-0.164058636475707426,-0.986865601938224035
-2.99287419761892526,-0.765036523713236383,1.34152838204413527,-0.314530501099467785,3.60564613496975239
0.573710505060409881,-1.85684216827922377,-0.305089837848081358,0.352593443418209862,4.57634133023212275
1.38325527603742549,0.687203799307801733,1.18699814338912546,1.29621521383003069,-1.94349593776880947
-0.429450169116926073,1.63694414399396537,-1.00240858605267258,-1.69361510350972422,-5.31763962963851355
-3.85559030097741839,-0.83209477974274626,-3.79665736887502314,-0.0157833151804452065,-0.6584891394650636
-1.76594558787830525,-1.41883629482570983,-2.79838328566707739,-1.91126831121813168,1.06663161668208173
-2.59264929655837406,-0.746730933142074949,-1.526227237556673,-0.794679977024061901,2.7080150807764003
-2.28150590749494553,-2.16361526769832135,-0.184214614194876197,4.41929855146313511,0.707438106718732973
-0.551038427866838099,-0.937470302720103121,-0.141777078921521166,0.762556288951705019,-6.12566173835206751
-0.307162427907662405,3.22514573882637201,4.33594878886416524,3.12185974164977997,3.58406706335565284
1.25785315128379893,2.09993886294358045,3.60228033172357387,0.0633192117677247035,1.76196818655159837
1.6676118636118602,0.280500808693049164,-0.988499600634921816,-2.31535916168786882,1.14799449274547949
2.89744200844698074,-0.651408443408075466,3.6412331947594283,-0.590598727855983108,2.8508903051858292
1.02009237385158658,-0.0936927648885946818,1.92679556045872769,0.710634300200966851,1.16899378638314655
0.747889756181080223,4.86139148861003445,-2.21032043408421952,0.547231358544235102,-3.42051269295892757
4.36543794404197616,3.25857681625386864,-0.541765923481873246,-1.87037565258077221,0.728266531856173072
1.92646176926476764,1.81629336216233161,0.840711946811879773,-0.410944746659965943,-1.90075240431685288
-2.35820478886375717,-1.63258660829959634,-1.59444196327864374,2.00396293813983917,0.774202996594165249
-1.74429996558650902,-1.28498611118475781,-1.60894484224995482,2.5976259632878258,-0.0623946822697481127
1.449613657967189,2.1460765453773023,1.35487784514725007,-0.3131946801337393,-1.32809061970487874
1.19990142703940728,-0.349176872914345404,-0.0951564919439180368,-2.34355635332236512,-1.2227943719030856
-0.205218294646652588,-1.54741720009782835,-3.14869331004214015,-1.95009086854320479,-1.12722515360003062
0.653219797695310689,-1.72281578271064229,-0.190314159019188772,-4.59229871871920015,-0.426323568099552075
5.19834310542625033,-1.19854008461403394,-0.112798711949807368,-0.876852353961295239,1.68253844139816944
1.11918550432809671,-1.66375185533465642,0.7218363068279956,0.931558009616261562,0.513316557586032118
-1.25477744893387899,-1.40069126333301508,2.35536327585342375,-0.233473998515756925,-0.615999163936360006
-2.95650004732404881,-1.21215893119715812,3.77585096456682168,0.989199077824683415,-0.212493488066166081
-0.0911358321513360825,0.990487548160740916,0.953479187906080661,0.686679161140280048,0.893478810538576473
1.27031317736668559,0.02149168539990301,-2.86170381565945453,-0.453050291806697536,-0.140363633719310044
2.88657240549388483,0.718573813393086902,-2.42071387645892644,-0.803063252969108521,1.67542787701210272
0.428939782704244432,0.201435866615767706,-0.500547749699305489,-0.113621961628992546,4.64251581309813854
-4.25445355197294095,-0.184604051674752967,2.91724863602602058,4.07713272612859434,-2.05671941636201439
0.457649144272958164,1.49254275904124478,-1.50677937839681864,0.318415518471103498,-0.587590300968108603
-1.79653265804563755,1.43044865866655657,3.15908307505621933,3.43139265081697564,-1.01635523961325602
-4.66113950083195494,-1.69616574047292668,0.60496908674391392,0.808834484333122661,3.19547550007776193
-2.52653821804195822,-1.56369888453117412,-1.49391979891480497,0.666838207331137078,-1.70345973404119455
-2.86998292295748048,-0.551280792111885964,-0.502543539328037081,0.469216280137835562,-2.71448973327352672
-2.94033378237598697,1.87707048847851077,-4.23715857199619705,-2.44943002916930341,-2.643833867913707
2.53350604428992376,1.78288844849618755,-1.86108795564453788,-2.92312977474665159,-3.58534261420674083
3.75821170276385175,0.497351413630677919,-2.11077612281877824,-3.7974075170624344,3.39769180559806072
2.88562390287849979,-0.798567649584446371,-2.62929860112940039,-2.31378828844686213,1.03988849091803748
-2.43240320254111531,-1.38674655892930465,-1.32318668508830073,-1.31980814258516821,0.964760497752358281
-2.61012161513634799,-0.0195956336170909906,0.203364537672946655,-0.277381554798421304,-1.37607005493532975
-1.70943461389865003,4.29643235702790616,1.30157170654897891,0.188477633492604352,-2.50357318846989685
-1.63485775557305657,0.377154088421322808,-0.0986489328712536195,0.576050744419646765,0.53573893225679492
-1.25709654626429357,-0.0797331000265238954,-1.697510426164893,-1.89016103139462421,-3.56242162372739113
-1.03781171937765815,-0.991234870692418224,1.09709942717688036,-1.73006287873046394,1.37098632320837188
0.180050417527654438,0.229533731991081402,6.5246821869912921,1.21616938655439544,2.03667305090741646
1.04776719288130593,-2.28263088293012029,3.47462521174551808,1.00397157789102365,0.67704793173224731
0.273808438588206193,-3.66490660154625481,-5.27300208846916973,-1.30061569113494091,-3.93551184862890402
2.86029334922576473,-0.681467495817784541,-3.35152195724776547,-1.07100903007967529,-2.80676280555490631
1.47904217653511894,-1.29444302742520945,-0.741377105551841664,1.35596709723782771,3.45806872590134118
-0.0204158258462035502,-0.820007767317454506,0.951741661400336114,4.82058554607552736,5.63911979646765094
3.26257085655675327,1.09944822630290817,3.99746993915050908,4.23906175545669761,-0.0629107643109845238
4.03878386493670405,-0.113544664362842052,0.485616684328479764,0.69337201454159969,-2.33276452270750267
1.84099578665581398,1.58883968904498651,-0.0836737272499166462,-0.750558341544971364,0.811047498324998006
0.409890985547263387,-1.44651367449843793,0.805644614501121348,-3.61305326851858633,0.285883791922825647
-0.1025017630422001,-0.880992625463565049,2.85850399642397202,-0.590648097763419644,-3.35990283945763446
1.56546797136049509,2.64056009387112134,-0.214859533962295207,-2.05375546301763778,-5.02389846076391322
0.887005296528342591,0.376875081340871554,0.705643416520667532,-0.0977925665930144128,2.68520333797447464
-1.04165640927277914,2.74814521040817716,1.51935843749003685,0.771864373361876965,1.04749315299235457
-0.713736960887916494,2.9389099525782818,3.24970119299235227,0.510916698423824145,-2.05518390801479178
1.29502155689639697,-0.169610856001138732,0.135286718135748968,0.285391803858265347,0.546486595162005928
0.0462657184898453422,-1.0028801472988027,1.90931869673827692,0.512558641301151252,4.32025970831577677
1.12600811423672797,-1.11653624681703523,-3.49045061198124529,-1.58826901923906361,0.711796108126239835
3.37180017772140239,1.44509504740306927,-2.68457369795236067,-3.86264661709520096,-1.32861276413248031
5.1102103158372163,-0.0494514268518805311,1.47790921933077368,-0.278084839827604346,-1.35373865117624614
0.875353575280974905,2.48220737710712847,1.20785864136805721,-0.795031310155723037,3.43589164285314563
-1.10936729931294908,1.61452083163998372,-2.95059471005123397,-0.493881108153834791,1.80498805254217021
-2.76021496171336356,-0.107361853806061114,-3.63908489223309406,0.257577189245372984,1.23758101613517524
-1.3085434645555889,-0.77547172165014111,-0.474989633009330225,-0.876504424115901015,-2.1705646884829588
-1.78686174045901902,-1.90381399577458632,-1.10099690010250351,-0.849600277771894619,-5.15842047894013955
-1.35951881140609898,1.26872627893695178,-1.00011232501552993,-1.13936704713706782,-2.33626942774008128
2.34500383597261086,-1.17555664207082256,-0.576989772774697762,-0.213346863328380515,1.06861468914872515
1.53024673209399831,0.175783674998434447,0.134710843761286031,-1.12077373976888728,0.146619409053498545
2.66842829606675869,3.23575740534477685,1.90678752756057834,0.700348855036313389,1.765890348525051
0.000595187366381366711,-0.709528249012442491,2.41075592462264909,2.78111445408047109,1.95486120737728419
-2.67028182699847161,-0.417233363674362701,4.65527650619219813,4.02280703324476008,0.227526290648843998
-0.611109546924337499,0.93882479066188973,1.83588234735325928,0.97543736721567853,-1.40769460898836951
3.53446554989948591,1.60667850270523704,-1.43323330037086949,-0.306932586201639213,0.700506367890903814
-0.433789749212679709,0.341867255769148559,-3.18375282148101624,-0.645514514604187739,-2.7855542977139649
-2.2672759805459668,-0.966988065484436832,0.905415845756735838,-0.997072731245753352,-2.02047012624991407
-4.39005855543989298,1.56145788640179672,1.01754914810322727,2.897746518574285,1.71500012602564267
-3.88227152897697181,-0.952697148169424746,-1.76238580837887904,-0.886695851813152136,1.24385013766595964
-2.31411554043179679,-1.783661916522433,-1.10494686596147762,-2.86257363435593737,-1.2938699791465591
-1.40805764480385553,-1.31160462092607366,-0.820701727547264115,4.08928426656220889,1.17959806177789073
-2.5598933228562224,0.364822050390754993,-0.981175535089487738,2.50824389462262909,-0.744492178744718736
-2.14118882133467592,0.708147398062478284,0.582300332569034573,-0.117305480397506434,-3.76468710337071855
-0.949344300560646337,-1.08119766917458504,-0.400392057718612471,-2.51822785451090203,0.436842632705108702
-0.287256763048572561,-0.0546536849567303973,-0.155267219589552724,-3.34721159742913699,1.54085113516001804
0.656796395674884126,-1.29329686375094166,-0.602249128414263257,0.237458509864485773,0.0966023579424368783
0.709167191264039376,-2.0381997954354043,0.60366525769351842,0.297355356831532025,0.258018820657662351
-0.435278367907050046,-0.788297859831964542,-0.263794421505267274,1.32594640352685489,0.455651118955851198
0.399582349665865866,-3.06986585383411414,1.2837781019610337,3.99710444363047879,3.06828921622271444
0.906081952128284129,-0.694302969248690283,-1.21705535700088152,2.93833724729242585,2.62170114366757456
-0.0219464795950153335,-1.09011352620813673,0.0769948039151133468,1.86798767843651481,2.79094448288560049
-1.2750349022900298,-1.08368320460055134,-0.333754301791591323,-0.400419953860448929,-1.96528432280980292
-0.21897740365429641,-2.70495549780236688,-2.96705757446735507,3.57329810670046433,0.254709451061716441
2.56678676929819805,1.62266178055594001,-0.267164911896306922,2.64555476348496477,0.283390698309933187
4.4917054160502401,1.95654910604224708,1.28370823520473398,-0.348257379545065304,3.13102397554139955
2.15464073790970501,2.33717288045549365,2.34268794447194262,0.512353168118400926,2.29196604134968096
-4.10063764590244784,1.66207893578014709,3.27629618036570447,-2.15372824994946388,1.60270850420350008
0.436853481975190472,0.46600062021454447,3.337878646418309,-1.52471055701757074,0.276837894552945996
-2.4012863298970637,-0.970328339889195313,-2.17433617855804551,-2.69429656517342142,-5.45994171099039516
-3.67883524262038986,-2.73296830875043861,-0.0078989415311843756,-2.92239705822611162,-1.93972630723338701
-2.50167456426548762,-1.2646534804015912,0.847879806290371296,-2.00139954364532002,-0.803954630521508173
-1.07041551511270505,3.18788425500661488,-1.94746356693353606,0.653367123027746244,-4.29978321384424333
2.47005738800908681,2.6647160955312974,-1.06787413428602362,-0.621304673539801899,-0.345162375191593263
0.281026374027361636,-3.48625935005448362,-3.58295233048283102,0.796991365217405989,-0.766350528837329792
-0.704409336761576577,-3.38708565798312033,-3.06468627984739594,0.030875658079195914,-0.134825299435700846
-1.97853526834302196,-2.54649658298048731,-1.69136643605957127,0.962720712931530831,3.08904103132945007
-0.137394370253534404,-0.857265998887778435,-1.31951469185150283,-2.05905329119425762,3.86238533109307536
-0.56447870941170486,-2.64330044267804887,3.65915708732828326,1.99643798426249064,2.45474486702583095
2.13947759819854477,0.937057202837467629,4.07051287884615132,1.7678104884438548,1.41524066955589678
1.97750075196071395,0.337836524582449393,3.86799027473277723,0.471388416932313981,3.48251155616402741
-1.25358228176139708,0.119427182081527722,1.32398693670300527,3.24546555823340821,2.80085722845566565
1.07501754453334941,-1.92427409044116948,1.96836000517240639,5.05376220322660963,-3.66675693399960068
2.56487689325571466,-0.652077262617193454,2.72910310480966301,-0.421860023763792502,-0.0600969825104693267
-0.87843806736182628,4.16460442728835112,0.552843703358436689,-0.264606623939845131,2.22922881743850931
2.2998419050901604,1.30305632651678249,-1.25676483789322968,-1.32790189055518804,-1.57982742215115279
4.63802663002374338,0.159608029007973912,-1.34301869938269669,-1.144048057389766,-2.66462714460134587
-0.142896397381783002,-0.692038037257678207,-6.97228864457202491,-2.14849155597382824,-2.7519026237179669
3.93482038235003539,4.08098730066938753,-4.27435530654701346,-1.28983108805776814,-0.430081543007965195
0.986110642671271687,3.66179457920619367,-1.10332756815367183,-0.55897062776155737,0.598524921621808814
-2.0746613793804829,0.479135196373221883,-1.07200181867874211,0.836032725606081439,-1.4598009992974248
-0.908858234027132172,-2.24890284083720804,0.130727767270324369,-1.8233931225287805,-0.254910979816293737
-2.52257840111717613,-1.79957874079738933,-3.1999856593460172,-0.244243863730748578,0.463174405128166822
-2.25924495312609031,-1.00391331331204237,-4.31732596941351243,1.53581172731484861,-3.15763064607637611
-1.4413237174663327,-2.97022437771209002,-0.358553388322047806,-1.79708031174233152,-3.52742996918621321
-0.828608559790346533,4.08735133658303695,1.23661007260700839,-0.0716183862272116029,-1.06003092200670102
-0.881354705220523615,4.19841603243666484,1.78349344588242809,3.40349139937370371,1.82643885275788964
-0.770678075992184852,0.932877452525774697,0.632600139977991582,-0.0984807885219426554,0.491655275675741577
-1.22499419261101172,-0.491423229557209074,-2.00769929965987837,-0.288835568175389301,1.31055465244096903
-1.10223874080821194,-3.63978586898644574,3.09472933815170981,-0.404933870571789867,1.96806315208105032
-0.588666049108257039,-1.30469624259003147,2.73587704398110576,0.706642105043410518,0.768208818852950337
-0.49448145517947617,-1.27172430589177954,0.619635752563699183,-0.912318520199265737,2.6354475092414007
6.27543824292342212,-2.45342292441249388,4.07511490426166212,0.827098807776147305,1.55904964475144547
2.40296030741364319,1.17625999905281886,-0.0685385475892528323,-0.0499996337710451738,-2.31659589113759479
-1.79204884603061831,-1.6086805520362002,-3.49999078398340879,-3.09674009201791467,-1.36695094934151262
-2.6380601154854082,-3.74208264849428973,-2.61640878785068809,-0.320531315010543438,-0.316475794489727125
3.62732174002007257,-1.83473959530379704,1.66473873231085734,-2.28489675790660218,0.0741018750111892832
1.77566568027260852,-0.0711789575493025628,3.83278034149352109,1.29989458390001489,3.6457101205348299
3.54767636479473136,4.25643341117935314,2.36689654613875655,1.97902275797894744,1.28926610319298729
-1.98833620946055545,4.10974715487819076,-2.47730154994706542,-0.158597235655169588,-1.82620834671108145
-3.16593466003568258,-0.959691691683672188,-0.103839265294458263,0.317078523940114931,2.06960900563929817
-2.13749393921260467,1.24067460449052369,0.17296066011984873,0.56085405533725996,3.2329049624711903
-0.42097936167208061,1.84805605386282656,2.79649763967458265,0.813507189373255279,1.46333907936221475
1.55182278186362232,2.39731972395842963,2.37208811480992754,2.5340656614286603,1.30457859453030034
1.67851029724587697,1.7218979324813406,2.78069783508893886,4.80891242565259702,2.96289843491540283
-3.30555405674066405,0.629640951963004736,1.47457776888798464,4.31314033617100456,0.641531733005909377
2.41896534736587299,-0.710417467032246175,1.2972669524559246,-0.72295049251220167,1.0392513901770668
1.87801402265792472,-0.557024264496216115,2.54180336322519507,-1.32960157187721228,-0.207925322100947579
-5.39777885114424816,-4.5611179820196126,3.21981847234126173,0.0712240881775522278,-7.61144686211628674
-4.38054286047791219,-5.9995737470336481,-3.38252204281086088,-2.01745150163840581,-5.77371463306841903
0.427954445875551759,-4.37717062687671898,-4.71409810647759464,-3.36622964245692868,0.607673981145023134
-2.20770185596175006,-2.13689424845527487,-4.15758854558197033,-2.34020374425809274,-2.98887901529587685
0.560542140743074069,-1.51429323324703979,-0.304494307122504193,-1.29818700355408945,-5.44370845698666983
0.272342399170650062,-1.80458153162687118,2.9584335933124728,0.359385372611607745,-1.97050736565648554
-0.664921886698141562,-1.1950730701433725,2.93310931842646916,1.61499438634955816,-1.18691599527605618
1.41865613181134997,2.15537777075944881,-2.03197488108487212,-0.513505912956797594,-1.58364106859678033
0.441687737453667073,1.36115915317719582,-3.49489481705577276,-0.20224395125411293,1.06170817047762789
-0.164351739645803074,-1.71837386502800027,-3.27786918515811454,0.505011875244845032,3.68795594634342017
1.75033942375079166,0.588204194175806161,-3.50633808682803272,-1.38675952682084214,-0.318762804730797045
3.64229801479991089,3.07890234618897285,3.73950784296930028,-0.529409125601388753,0.109443469174455271
1.89456627305418679,4.80658213927885214,1.17172531893653109,0.541453086238310677,4.13543386457828888
-1.21536124031987347,0.409081667494356149,-3.02619357773862729,-0.842672703382916777,-1.47124161713809376
-0.98791808285163063,2.44462002000694145,1.20386687573829088,0.956644426015255012,-0.543040335382830142
1.15603879547022137,3.1758467887969819,2.19923040064401754,1.02885718634258283,1.90920049883126497
0.853432923444675029,0.232903593091347144,-1.84461371461258539,-0.229034490721724715,0.450479285397633544
-0.387705299941963122,-1.81890046194990007,-3.33257644218984783,-1.28766539269386526,-0.915737909496958657
-1.43322299877794634,-1.27659629074478076,-2.07866462984084377,-0.860419899136402822,-0.0497750264019247435
-1.1514800788220354,0.578508075547028322,-1.69088624209332727,-2.33625426112908841,-1.08486955680499308
1.54980700096687229,-2.09436455753061512,-1.83414961425855849,1.59371385067238958,1.92284490379095208
0.357436778884964279,-3.72370459070342941,5.28115943570308488,0.67072464529636211,5.25253457340788543
4.21895995915200217,0.631446203769323589,3.39484340713982347,0.0334957209729495192,1.23491274556298203
4.73005047902386977,-0.0984347213480783745,-3.10890909753894817,3.14728353939274808,5.28405740876490704
3.23221016260359795,0.409291278533848946,-1.83807214647367201,2.84721235770461512,2.95100559243645932
0.324293720323107881,0.14431041306351447,-0.466157945774411886,-3.15493373854304693,-3.00495371770054431
-4.75562616753824319,-1.15825293637850768,1.19482219824897906,-0.983258136091084034,-0.709344110683170825
-3.97941188431564008,0.813925212985809998,0.290279421045963992,0.472916677082269477,-3.63105210527182365
3.48198663815669862,0.797428254004849069,0.591970914320328112,-0.0933158197159994346,-1.06972744009622911
3.65944491915477332,1.63304084809226935,2.07450152775920937,0.689687885005626944,-0.460720689978849407
-2.60597422922507604,-0.338996972565595578,2.81638456096552536,2.39943370896719488,0.281118757864320112
-3.86931305764857303,-0.617085961043643549,2.63789170001713957,3.05112819602943119,-0.423951391649388609
-4.08339556008184346,1.15515362559740931,-2.41889119833630994,1.37695673149475195,-0.985575931365604285
1.44475452211875655,2.61960451684615325,1.68704358699467805,-1.62818038576667057,-0.481287723650046739
-0.347704778801095793,2.0770446626777983,1.62305852324169653,-3.34162926848980302,-1.27760512516514746
-3.64006356312840751,-0.515443077401153582,-2.08652362214412479,-2.30860319940148084,-1.76107269088154661
2.81329266263777455,-2.33197321852997597,1.69121718556254397,1.30159688327285616,-0.171722753725309069
-1.21792957870927943,0.00412004843139004984,4.32161424754508072,3.09138686654875405,1.51730468877306457
-2.12507244247656324,-1.00978619992845164,-1.44615558681542788,3.12291285632705673,-0.307476783916496299
-1.74037086061864388,2.65666099114846643,-5.26432180732627764,-1.80930875235331423,-2.12435645301272347
-0.141427207680498324,-0.0644654196559485693,-0.558463234476398562,-3.94563318468101443,-2.94542351854016804
1.74537377516665848,0.736465255460719725,0.974915885948320904,0.540394550219932879,3.42001511468106179
3.54877424189024415,1.66511623385203222,-0.308238700810997079,-0.247002636101428252,2.62828196343002096
-2.74739453321722626,0.0539175987050133643,-1.60682863257484332,-4.85459179073122993,-0.314133620527252411
-2.25129592364273101,-0.797399655601461643,-0.225224888914521748,-1.4594262814611898,-3.10618545585243178
-1.21963173040480943,0.0411801034803798288,-1.99648713858014792,-0.900875649935883649,0.97555673696041223
-0.66732310778956927,-0.358543169403835849,-1.72521424572023818,-0.463032716084580187,-0.339625186067302076
1.87145492298639993,-0.42373396020734555,0.622109612066132689,-0.123860509182420656,0.0524801920736265096
-0.36426759864305025,-1.99271088788669903,0.748983504086302987,3.07596771639952227,-0.526928989127480985
0.0356993665335231386,1.44484099620537343,2.91735198924432337,-0.50176248359525899,3.48539042813938105
-0.441441027327493019,3.5691062725011804,2.02981139554403001,-0.0360733847221974616,-0.528098437339401983
1.35405261815362521,2.88829701078000234,-0.0813927807897251304,0.0252846810844347021,3.98449948510494911
0.32619142700833581,2.92455990107014907,1.29230760364478714,0.432972568877859565,2.32960843157871755
-0.837823987763093414,2.83803393558010209,0.907518205763736763,-0.227474501142362562,-4.18150960094687107
6.4364075780706278,2.01251783775789894,0.135686149478888407,0.667921323628925534,-0.696660673659259433
3.77437961595499472,1.70204709396900489,2.01933483493632604,-0.153300846844269256,2.19099079417805909
-2.80454225664296564,-3.83057469350824364,2.44810289336325493,2.03343364342751709,0.385701388954146629
-4.49448708800394847,-6.97097379260587768,-1.78624048711879468,0.346414711404583076,-2.07966949188555983
-2.26125464676451671,-3.04409034097588505,-5.31216017191650636,-0.159438917146157877,2.00872278655042802
2.73786792191418904,-2.55606348810749973,-0.303949090266475597,3.04587225888256574,2.4969503289819337
0.425654984534652892,-1.70395840608292493,-1.55313393160252877,1.26341068112060229,-2.2371368455396845
-2.72187524756848775,-0.764089880691228851,-3.01264121019277997,-3.29045434238280121,1.09236358022914559
0.824545902815602916,-1.27158495413398875,-2.7553210082181816,-1.90569205833527477,-2.51586228574247395
-1.00537365975976822,-1.59260043010203023,-2.52311492685073624,-0.575474768089456523,-5.03956315865188298
-1.5491939846821623,-1.08813851558618069,-0.405153157935457142,-0.199020581529520901,0.365134860994572708
0.0765229662971911445,3.54680524358622407,-0.0397838069253228926,-1.22488840998514537,-0.317134582958289557
2.40437142203817578,3.63358507256124463,0.18518159289369468,-1.75857450234154,-0.52674438227404341
3.63824109146905705,-0.104961704461952895,1.00465831783407356,-1.79593774203699841,1.53435272789148458
-0.548127071276636957,-0.755558596203690702,-3.045603401316614,3.01416597838016553,-2.92225053846611305
-4.10699780071848863,-2.21229701236606058,-1.83751173376111332,3.90542775499878925,-0.89450741877849449
-0.646844371908390836,0.4885962234659606,-1.21248041121346928,2.4713329258490071,0.919731422939167653
3.37367158235339781,1.46045475929342405,1.25683636065666038,-0.0989212881254060289,-0.663276607078534641
4.90111541955431917,2.82047459804880551,2.20484355575101443,-0.667203324280623455,-0.00409349598528121333
3.10455503729622295,0.721851955071777907,1.80850217443384098,-1.16864567941923636,-0.717284424921110664
0.525770503189493588,1.41165553266814547,0.805858926069780601,-1.81506945407261533,-0.284371073878052494
-2.16970814835000159,-1.84918257064536284,-0.757933569549161357,-3.36252253772149068,-1.65647892736158586
-3.3404247646155043,-1.75581421906494883,-1.62363450412697174,1.42562755884210124,-1.97529367538928624
1.50124256498631947,1.42707563075087407,3.40652449532502866,-0.406438110077409154,1.21596502742359869
-1.48948180770998229,0.0106180493021974139,3.51234364400923393,-1.91431513327847269,-0.803475105922153099
-3.83467396409015926,-1.07757142684716123,-0.0759529159662718084,2.46861371171757282,-0.617796027653633062
-3.59698871197067271,-0.856619746421587447,3.19757138657732964,2.62954157655621934,1.83518408836293712
-3.29387360273266294,-2.69366212998140053,0.262203045474265595,1.40787050922827084,1.68464481921412434
-1.98674101349194232,-0.353786197235365085,-1.13569898229457134,-5.12134830773760363,1.64970123562428328
-2.98998158140531656,0.512046526442777372,-0.997066990462931235,-0.185058076140678152,0.838131361343427139
-1.78960706037862138,0.0292253186609523659,-0.27685702519500105,1.58914927927199012,4.47463000401824651
-0.690897104830780928,1.03129971469934412,-0.645229882738949101,-3.6335414322466999,-1.56384638129055253
1.45369765764489856,-0.758255424509020948,-0.739919087140746612,-4.25925901178756128,-4.76210170682616596
-1.28409226851303115,1.80760957559149804,0.202767124068563398,1.53075671027220128,0.292716939675800814
1.08281376212185876,2.27161206703590857,-0.294643759321351506,2.81425786687177437,0.603776647347660012
-0.125891679233509524,-1.15119688125961339,-1.7377963785418804,-1.08933183026489,0.11760373320189052
-0.22508318546177819,1.56450878271604354,2.7016580708286182,-1.89886380687920453,0.0873933477077329657
-0.191852979411273883,1.40670134471134034,1.23223843318069082,-0.765048318000734584,-0.673210232880285475
2.00275303369808144,0.55536396369868446,6.44683690320832525,0.195069594642990313,2.56014939054530588
0.0189436204805239067,0.803238483305807494,1.49245026694175253,-0.873630834257831168,-0.470644605790568327
1.2372677026561667,1.82022581798642413,-6.11360617162331632,2.90731406466729059,3.54493840070028288
6.30405486222320555,2.62490985260119603,0.998022167830775908,0.0952442108449041702,3.98179523787234801
3.98040611168629654,1.91362182887328491,-0.0145203317410573379,-0.567669028474215631,-2.79509801833452443
-0.193796959206711805,-0.217815104471697801,0.957381117384331404,-0.470775916414239548,-1.06779721499919256
-0.610736014787434556,-0.357954076577122304,3.48903605760204805,-0.0684160520088204077,3.73756727019536994
0.380252873895218224,-0.143366986017553905,-2.51274601981164558,1.82473943748520062,1.7920502827628364
-0.0933443243541925843,-1.71372909552778774,-4.95208788539089184,3.91955299033210158,-0.565254435160779223
-0.165214881963923754,0.905425105666890939,-2.60902478973484175,2.18175627569323138,-1.28118427704690574
-2.51840148531610586,3.1497036539185439,0.72085168445965353,-1.612201603117696,-1.04652729185809723
4.43078883487397057,1.34604078535856453,-0.120761587378104454,-1.33300258016082873,-1.68583105327642513
7.03778549383414997,1.68973596895408296,1.24584300323823793,0.800361409917953348,1.10451566433329496
3.05830135887356613,0.495172428372817386,-0.758846337242092384,-1.44303120540556207,3.97734024854956436
2.87689195592562408,-2.19054431197624488,-1.92112794356258454,0.795786155171280929,1.19179791464906937
2.89720088184256275,-1.93515172588781792,-2.79594295566546691,-0.177165661975181132,-1.65731595593907777
-2.63207689521547428,-2.93957018179979368,-0.178325727874852069,-1.05622060227128123,-5.11004226347967894
0.433163916561582929,0.309041019267837447,-0.228182541951478635,2.18716565501658167,1.5898090502836959
0.0501610459340739029,-2.37464930985477141,-0.0648292234587865696,4.10840942726693381,-0.0795204566418955816
-7.29326942607074447,-3.33310894098869825,-2.89470572959690742,-0.23520601542479086,-5.75125270919314069
-7.41222210872328002,-2.26178126588942296,-0.972523368550657019,-2.8191562011337834,0.0581972589054768688
-3.31709732313771255,1.96645185420565527,1.02285102986601628,-1.77792797581095097,3.78842451357996124
-0.147523822684788475,0.0135083003932850061,-0.386758770403088092,-0.379322790732353976,1.83679470485451701
-1.403139246127314,-0.920064404762686028,-2.3463835600401346,0.886309008074553262,-1.93634681459414804
-2.19337020186117915,-0.594467969732829893,0.802347429076717633,1.98433956193408334,1.94478036560268053
-1.73391541751477463,1.73728341684624321,4.23508445782794141,3.14332099312178848,3.45548002668377707
-2.47752092515698319,-2.23086781381276644,2.97471624069452556,1.35466280402362726,-1.09082438263402248
-1.96051961880943981,-2.8936163704662774,-1.1365528083269778,-0.773813173990394509,-3.08398022532548133
-2.41591381735916011,-0.725023796598220582,-5.12871346931139271,-2.13508291459627531,-6.28901594616381487
-0.0876148320357800076,-0.888604993505641372,1.21576677225246677,-0.862796918229589704,-3.14706535886515271
-2.69924233828387683,-1.23075574899060936,-2.70546283517080921,4.61574941925588611,0.0975567422861772504
0.824414280490054163,-0.0585324198870830065,-1.7930499444830581,-2.03583416342502277,0.295655994357782892
1.32446631354184619,-0.326197555402412132,-1.47617008080087109,-3.76766820397722402,-3.72001665978999796
0.175420504894578611,1.09622936374884672,2.64224470829075564,0.367358765803878828,-1.95543656588773307
0.961910018862239702,0.182203245970668642,-0.597236895069022222,-0.63750962711289183,-1.48276876455028694
-0.185584230099300584,0.804599869739369478,-2.52949822814131231,-2.01008388228920065,-3.73550281699977882
1.33422598954473259,0.533287042909144748,0.803193894609309345,2.97811076739473712,3.24009816450199528
2.83360180873709,1.13634120145955886,0.274141058450520891,1.38774943574803111,1.36165930030759252
2.90256179437407713,1.06040419342631242,1.66609324847377716,-0.730061865092347828,-1.64234259270345118
0.761203667866659273,-1.06414536680048877,-0.153497192778805969,-0.0973381244735902484,-0.654690416411875753
0.103138914209261259,-1.27393230013512371,0.146321626323017873,-0.0797581769028262583,1.24465357856810943
0.411511876285114986,2.90567184306236603,0.534389879673040635,-2.05689346868533285,-0.645752061263503596
0.651863548449090113,1.74285142425527773,1.04207501733662022,-0.94877788601138513,4.99940123948974957
-0.663946428238562203,0.215853225713782321,0.254531890020909313,-0.545376885455905458,3.73401612720540221
2.09676672334675107,-0.358244983773783665,-0.692915708045919398,-1.57947077532256119,-3.02901501296685582
-0.359051028844428743,-0.843042999238630353,1.26124547889453398,0.504983843857215065,-0.324612580925445315
4.38406325072672942,-0.251246555444891717,2.23054525328150977,0.402896449444123506,3.16126709095622171
6.03709955254473662,1.70054059070292363,1.56274382194038086,-0.745087510019460497,2.6923597845375018
3.52914346267200418,1.27224295347400118,1.20259908288051465,-0.622852640831839555,2.53226593006677492
-0.262123378549246611,-1.46514892033441146,0.71680816796885205,-0.434529368255155424,1.24971914442120391
-5.13068612875226471,-0.318183116934006804,2.75306348616352192,-0.129045589960550933,-1.01899412272838918
-4.00153153576885234,-0.671536581162035295,3.59003853289388797,3.3776599201562707,1.10641351529373755
-1.73164874454162798,-1.32593917113351822,-0.0727605001532127676,-1.61276438483890039,-0.653271564104631497
-2.02207265117236235,1.33706258364016084,-1.26253273714293002,-0.984150828786676701,-0.327428027835701407
0.353905054077736259,-2.17149038320849641,-0.61165591882127901,-1.70870855908879493,-1.46154309626701351
0.688336789956926598,2.48237038339848182,0.970364908691365158,4.27101281981547132,1.82284738967336435
-1.00013668579009063,-1.54785473227051362,1.2429300135133623,-0.678249709708411697,0.369119983314493694
4.11596297202129779,0.771891021443555037,5.98713996088327782,-0.717128625816209064,-0.781365620543129191
4.84338259726920928,0.907103672335173528,1.05721637074524999,2.86990990734087292,1.51682084849672316
1.0556886682587534,-0.139197190027338852,-4.8721103361463074,3.43848933577762583,1.5484289790935748
-0.548889559897466128,0.229086504138051872,3.95498570102655922,-1.48326258434689984,-0.0899923638328482822
-2.23098243405644281,-1.51240071840582369,1.79994081347610413,1.39086799430500241,0.249026007148329648
-4.48942172342035217,0.0910039790509364344,-0.37782013166661288,2.06817106760543368,1.18722450102498223
-1.6048330134852129,-0.384981164002264731,-6.475318537807639,0.0263991170995552665,1.05151593345531458
0.755293153816753771,0.0711693124919270947,-2.7330575511801336,-4.43754607587711991,-2.27520478923814373
2.38180113006629135,0.0218940713612300608,2.00374290233598984,-1.56394735344714952,-1.5639533186537522
-1.9563148278543443,-3.00544897669217592,-0.975130675508029898,-2.34124785893583143,-2.15307412939533416
1.5802203580462113,2.18166584178395606,-2.61498443849300388,-3.51416230931894269,-1.27915908585310167
-1.38568658167648984,0.0301029295448796419,-0.296578692278853751,-0.609235146726603283,-0.174048327760410987
-1.61171977318187065,-1.74484355868123875,-1.67688095117438873,-1.13428359352460006,0.379276776546770999
-2.33671752130748711,-0.297422683054643311,-1.10069953931587805,-1.20288074316201943,-1.63882403804840027
-0.78521339129618517,1.51592652105016445,-0.526671983755974682,-0.291755702297483432,-3.15076595386895608
0.507420810698748337,2.27275147100869157,3.908665373694161,3.68721320829131427,-0.716806171245620072
2.84671045090378305,-0.00264318859716380916,0.849393188105025065,0.645243723594364105,0.554418226355153476
-2.85455801478605276,-3.21498181431195951,-3.97712621066945982,-0.93218180852911825,1.86890554496018058
-1.68672203175354407,-0.814027247552316702,-0.950532216240588146,-0.343204518033060901,2.46965939596017314
-0.279555026446035082,-0.581068012847224757,-0.593583856339916616,5.17330807000280757,3.48897421123678697
-0.749870364884344331,-0.186730676008421914,0.172788843110470797,4.63705729154836455,1.22368402195607318
4.97243200763000814,1.25915971619938882,1.05432747125734072,3.16741559489414959,3.637263937342603
2.30082377564423135,0.0777083681036310758,0.544684524079946386,-0.897004677204684797,0.647450736657589565
-2.93973147431170645,2.17859393495249298,7.38825248146184066,-1.02696717879164745,-0.922925037335734944
-1.30555220920239123,3.96403105156523594,0.619639257623716966,1.14413747938597821,0.237007523672313342
2.68497410287289817,-0.543401690853538843,-2.92939259116731732,-2.6667331043908562,-1.07296230356580558
0.978639608877326816,-1.11938349830434136,-1.35602392442678488,-2.42852742213867367,-0.790548854490974562
-0.594238328002577809,0.0755309185258242199,-0.597510304264839198,-1.37130113892192895,-3.53788998193509174
-0.261881084279960819,0.245877625633067975,2.86609812890438853,-0.683704948681723712,-2.84623561659169821
3.47516485581177337,-0.589747449016691849,2.84023069981925413,1.42386006747640126,0.780886233093191495
1.79692851943533216,1.24004010875918835,1.86288698323965818,3.75595134670074904,3.03756068418841307
-0.15504668504530511,-2.50107677844863563,-0.934385696667414778,-0.118029106855892477,3.0763460667761624
-3.48961679829123961,1.15796524491448749,1.41169757226803982,-2.68057697539579509,-1.97145556792509535
-2.88773806615802586,2.29619245130858163,-0.877336064982711661,-2.0466590016951387,-2.57293672562422238
-1.54460825804703061,-4.31110233092440431,0.630000653306960201,-1.97833810538400234,-1.59448631775991045
-1.33288823172372495,-1.91360340596733702,-1.26755693920750168,-0.325776388349471369,-0.714612425484063896
1.54789709330613778,1.87430877165599941,2.84921272481584165,-0.875346714135948667,-1.68342375695580415
3.01473886724038387,2.06820119833383842,4.85360132481206907,5.05585878338091277,2.92413002408413014
1.37295994761736884,3.63525439640549086,2.46820386112536028,2.99085481723332558,1.05431785028147251
-3.95294726707671495,-3.4063516918393737,-4.27481244875310473,1.88762913915181274,0.0672069119455402653
-4.34874612640970426,-6.10304730296918674,-3.53321690924132614,1.74153717612777426,1.65298557372154886
-2.42159952581749538,-0.209262575614578228,-1.73528762155515826,-0.402241077062742869,1.71285873175855508
0.379865866359301141,5.06844842103104742,2.02730810325150568,-3.63997660470799778,-1.26314235046605572
3.74686699111854837,2.5851921590753304,1.82323191319712352,-2.67453499179329546,-1.65631299132974186
7.03713419541964758,-1.96580659663337154,-2.73198434559863745,-3.5838140780621397,-0.381809522035082782
1.18555170766706142,-2.63260495381438764,-3.61848661280446393,-1.95776226922507557,-2.49095604566844298
-5.22833983675639846,3.04503939948810443,-0.230964956200898269,-3.12498183317973943,-2.22640868167877937
-0.675282805347683368,3.81748903756942237,1.69514393150781695,2.0507885174618119,0.396504815016745948
4.44883664303102666,1.20871306037407966,-0.761171096182864271,-0.321520508830633822,3.01800819739385684
4.16037279711282082,-2.5363131636820988,-2.67507578750361308,-2.69579857421923696,2.56180690584130755
-4.64548070677068736,0.374715121631331194,1.46850388635406781,-3.70593496475975881,-1.61822266164612549
-5.75836932565122517,-3.88487300535254088,-0.0924628748856737431,-1.19388674435653885,-3.3600467785300121
-2.61822954207286607,-2.66899684008333615,4.80402676770468062,0.164096038857542148,-2.82124653777309309
-0.491064491941639536,2.41084592689421839,-1.13483466086786744,0.580196359969102349,2.40305808828437373
0.477768144026045893,0.701911013505213122,-2.59153765793861801,1.26474500300377102,3.23901131484640636
-0.0646410657710839165,-4.58383338643208837,-2.05458049668601106,0.251235705871492854,1.01444690000950022
-0.288434509204647027,-3.97137034938473477,-1.37340227868931364,5.15114216181738271,0.378387070024312044
2.31294688640533019,-0.486785712676299942,-1.1238875279099978,2.57367184913540514,1.98180275477294976
2.17376735080879158,-1.80393874476275973,-2.9235838279819002,-3.60178094981270647,1.27783694008829252
-2.71027618501918877,-4.48307740262449794,-0.0722530610639783438,-2.56483533650302764,1.19811343698785611
-0.812541292973235185,-0.967149296507527012,-0.474086508169462184,0.995928721310708642,-3.77809811905778492
0.370954952136679839,0.494917278372983882,-0.229538354357414237,-0.526226411203617683,-6.38576828976321931
-0.00448516956743261197,3.02057662223641499,0.900735448347013135,-0.351691376705909275,-3.46796022779647473
3.88804183731453001,3.97334036274626623,1.5603443037461322,5.33414042172364145,0.579991686694627195
-0.330240882633433541,-2.05730713671149257,-1.59938940247496397,0.979145655032326201,-0.652074645658941354
-0.224048852760337258,-1.8875396703007552,-1.08962516289903322,-0.51575828743179386,0.442573468251613422
3.87640763366809082,1.46616586165300378,1.28263818547714159,-0.834326121222230155,0.0657742917983352438
-0.786887072977008772,0.298958053074777796,1.61545357526344757,0.580161635864138603,-0.173738749960915678
-3.69190748700947857,-1.1012143479610903,0.978467123606812317,0.869418764504699126,-2.05683372587253821
-4.63797992492795874,-1.67125297668001438,-0.353606272994887783,0.115110952042466727,4.27520101908821815
-1.25412512804025966,-0.32961368304988542,-0.474166942999809549,0.303401349801408815,1.49855971041538161
-1.33548033945809119,0.800722768554477771,3.49534266490491685,4.88982265681562556,-1.79625651327898272
-0.220011139177033355,-0.403213378284124679,1.38198461601833111,3.5002263927083157,1.17699835403133757
4.05902826427405294,4.19943442391150512,-0.805456493533847184,0.7225534625739779,1.84093618077136956
-0.562651216336168991,1.56670321113113808,0.87951561055299099,-0.112228682790277826,0.668132778073022182
-3.20194400920028466,4.89681206268887959,5.03326769364366911,1.97084718406610171,1.6331949872110274
-0.0833866943968890051,3.68006410206274248,4.88017496815311791,1.84927771086689052,4.24752201771624271
0.373233891002362539,-3.53023787766964503,-4.89281312467396745,0.727988800220445653,2.44557089512195658
0.527610280053025349,-2.83820270603268598,-2.46684305301829543,-1.4089741386684862,0.429810575259657712
-1.13517426175255243,-1.00491239614054195,2.48115432210803677,-2.155461424174971,0.745664586699895326
3.26096466787071337,1.04551439526985113,-0.85280084530815381,-0.775670340558668125,-2.37960292814161889
-0.821134023933369095,-1.0639223410853913,0.96507736429622748,1.08888034953582102,-1.44326092437245901
0.243069639485767153,0.0028968033503265489,-1.86575142531581628,-0.84786634558572016,-0.955468205094743506
-0.232766055335869859,5.42704469561092306,1.70720411935873417,-0.964011696401894991,-2.8014759436235126
-1.03707809804701756,0.598976240267759863,1.03515102551933658,2.33051532221907909,0.502057718878408332
1.87007253327593892,-1.48604428393485199,-0.534378585326720223,1.67576080080299095,-0.310412968757772911
0.888209319085262239,-0.248837941711080812,-2.22138899158089931,-0.0482800738089783216,0.29084906317498721
4.25755144248684214,5.0934168667883748,-0.768757043859180422,-2.26284562801036904,-0.181066815542148568
1.49885742843023517,3.44701553084821999,2.30397149134993917,-0.77676834454525534,-1.02028175868441373
4.8511085656319084,0.145117556570426853,0.486323360251324943,-2.44517109939876542,0.119996446704798559
2.08520624512516362,-0.93995447580786573,-4.98634887592993348,-1.36630987587490305,0.790969795853664781
0.8991632414240327,-0.765595250698142937,0.663528050564700655,-3.08250543989566017,-0.870089649383519403
-0.12891201820155701,0.638220672704626901,-0.467688464983503915,-1.57429612084101866,-0.11578586778115621
-4.79750596222823233,-0.410343514571861412,-0.719280472116866854,-1.4348906882637027,-0.0369970054137813906
0.141443210643058148,-4.64419605169161898,-1.99544030265609385,2.26005183634163442,2.43553488987317968
-1.17185220659523281,0.0072650449131623912,-2.71852872779058963,-0.043124198031966772,-1.87860632418980411
-0.303328792895158128,-2.45110575285609089,-1.69758949190513753,-2.84778345074892592,-1.16287261014815102
-0.631524807676708821,0.19604282059658687,1.04758587104879486,-0.669572187673062924,-0.671582649977479185
-0.815098217811955905,2.74922502022208226,-0.479190488624426481,0.178589856631908739,-0.572238120130175942
-1.01549196156541477,-1.60779124753389246,-2.59862965839219173,-0.446874468734692387,1.29620893326453213
-0.211317632127389743,-1.07766607852494678,0.300797021519996877,-0.906127291537230262,-1.77259798569084337
-1.35593882499373053,-3.48398179954777021,4.42668957883613956,0.13765526512772186,0.0394141119481599966
-0.194566323975587041,-0.350213407200243798,-2.00275895693069783,-1.70255095450823513,2.20290640014583738
1.55166637694443188,2.54632570401141178,-0.896992011065437689,0.257339936325344798,5.64959029171495608
3.27160510719252429,0.0909267487030634702,3.30028261106414122,3.38357235540334544,4.12739137009819146
3.22697114685521225,5.31029343420003652,5.90076108010756073,6.65156031008118998,1.84727432347461074
0.521846331415780407,0.440144398643145252,-2.23801298009349692,2.69451322056030929,-2.8467913173451973
-1.83807027194850736,-0.776044998430701738,-0.84558921051285596,-2.28780331113906321,-2.67311416881030262
4.36231686508252547,2.11915366046158971,5.83943395544772414,0.244024727190738921,3.67701132694250399
0.794672031349846764,1.88292148531114489,3.61516429362072467,4.00645020580723443,1.03416483740143472
-2.17761976092347531,-1.2506616395135921,-1.94602266129420642,1.42873361386967535,-0.701208560887782495
0.682887151950363203,-2.45284231050597867,-3.45492014439686468,-3.24301778655511574,1.18413647849325887
-1.45363811217319294,-2.57139758705431198,-1.25482127704220647,-5.04293467210563229,-2.34239606213749685
-1.67079903067686941,3.82131124617359719,1.18837961108041057,-0.465782280210835287,-4.21237660474708875
0.241210797226346751,1.6388130306190718,0.159194518479449876,0.796121040237436239,-1.72292988973799965
2.53512590279127181,2.95477106362508923,1.75714433062982178,0.393498655169470357,-0.174214952008179241
2.98592400770171906,2.21882960873794488,2.550430581922567,2.71401809876715028,1.26745508567968712
3.4558719340918973,-0.433545112360328389,-0.109606701267644283,-0.908505024951396956,-0.939099258967678208
-2.75211921242767232,-1.3689570855000619,-2.2273823626894198,-1.21875629024591459,-1.57118381506025684
-4.12956178294389176,0.597933138837032252,-1.53863988696684739,-1.6177531471411748,-2.73375877142440737
-0.979154140648965443,-3.07592050510731152,-1.03743784681598172,2.80529831718432288,3.2299302697099348
2.94194267304896329,-3.94580854429045003,-1.25115316843531543,2.71309084474243978,1.12422025222498423
2.14390587113709241,-0.175556084767811843,-1.88309097457222263,-1.65792587424409543,0.257816820971538019
-0.773312024886148697,-0.693702720151405772,-2.03287795205056332,-2.6421158696192597,-0.475621567198662221
-3.59994475355822985,-5.21089840971175278,-5.03470527176728311,-3.42016156104540858,2.06925510855171124
-2.78459450581880752,-4.17581433265106483,-0.139304253875806416,-0.810978392164011463,1.22008729588698994
-1.55856925958080494,-4.08251049267436983,1.28337868860027426,-1.37420594203231072,-2.1861884473944535
0.598243229431064005,-0.968320180901147576,-2.03956715570523883,-2.48489497349652133,-1.51035077108218641
-1.97172935682969097,-0.0438845586748394523,-3.06170847966314019,-2.99755648270790509,-2.02672776341576322
-3.91084679997359963,-2.30702180865925177,2.6849860013660769,0.293208712120987702,-2.48994980139821109
-1.93341742114437332,-1.98856423686178974,4.59745354410485163,0.940417511693161234,1.15045269160202834
-1.83910508091836822,0.257996453289177474,0.159789660514456533,0.447597876429992825,2.82280354590597193
0.570835052779253949,1.33657550198903929,-3.77139347294371374,-1.94202957311252744,-3.50357183434285213
0.919106533766894329,0.906561562524170639,-3.70130612636699263,-1.66766909484660619,-0.86214190413906644
3.1226617950838369,1.70867703437227836,-0.0382033930127314708,-0.279496964776155377,0.682439095834420972
4.10444015962191155,3.26017033146853352,1.71536884458940286,2.17802537968848542,3.19124606844152447
0.97774737860450267,3.93481747674422833,-0.00186822060860959704,4.43466320801768443,4.02316872012899918
3.19705957445220079,3.44532395248297929,0.557254871071329871,3.77822567672097431,3.09663312732531493
3.11609128751139153,4.14771251121166262,1.40853032174335446,0.798917696260436294,-0.340451738580685892
2.20920625880464438,2.83980669539655262,1.17141118170343783,1.14836128943342275,3.12059848952252361
-3.36301953474439941,1.66367826186245815,4.44554591225194962,3.01631017107289123,3.51410985061320291
-4.94531183372035432,-2.03362023221362431,0.137586147575702422,2.69966376615126791,-0.888545672924436203
-0.43696664475758662,-0.995527139803053296,0.282888836430212676,0.521635000666275328,-1.7745316906543056
3.15583900712380672,2.6934216665389541,1.16621967028682083,-3.79240495876397521,1.06945261427514859
1.75994200408859647,2.28618420501664366,1.67907987697221239,-1.81197721703484227,2.11380216449098279
-1.61453832991637669,2.65366832991948387,0.813117945002896025,-1.10293436799050304,-2.26160891041318202
-1.63822177640759303,2.12300944118323276,1.99125841499542311,-0.560901912809081082,-3.44954259310284472
2.18871407776154214,0.940865126396422613,3.64779435102656935,2.46657682161965042,-0.38896371799957874
-2.10889168770638058,-0.85902583989830128,-1.80357377846761402,1.58431661925682743,1.73814558466591551
-3.14968792185426505,-1.71834780614777594,-3.68954800206790168,-3.38625085362442357,-3.05459620517624186
-0.0776438756280301012,0.775279940332954332,1.64788550230876019,0.339704058859966018,-2.41953259139235133
0.543597797538319605,0.183292790714962045,-0.578549602001189767,1.08929564808683965,-2.14716560959758596
-2.00228439672388792,-5.57855520743093258,-4.22641555595874863,0.283721978969632804,-1.51308170832866407
-2.67732400114650115,-2.58737449477309633,-1.28488855870017993,-2.74585627657534381,-2.44017332822319855
-1.80058552686673212,-0.268352842542243508,4.57410208350324066,-1.39575169223103002,-0.628281570093979891
-1.3652225410048906,0.933258268730309815,4.7005033552715263,0.67080921672094318,-1.71415748760549724
3.18378010956018009,1.14653405000182729,0.748595674485946772,-0.810817262428983665,0.446288915653905049
3.50264518108461331,1.86546812632343451,-0.552713288510962908,-1.62563460295315276,0.712818947548002346
-0.130612993175216019,-1.66469084120850819,-0.039389487414308158,-1.42516531681843928,-1.36711522501364624
0.447700301337707607,-3.79569607648297547,-1.92061121482211106,-3.77837955010331417,2.51897992048354613
3.38529756796842474,-2.90499930985361443,-2.19432325574676446,-0.984051464845007162,2.3437480389671026
3.74228294086145841,0.519423415086674445,0.566606904882396512,0.809989761366856076,0.263143949012088763
2.23403062643531491,1.89309323261514595,-0.719258352576561455,1.30917217615875092,1.16504772084268726
-1.79679137735835881,0.896903462524273443,-1.81276728944090482,0.754679151282063199,0.814800836000899253
-1.41563293687827119,-0.594043929782164803,-3.98762011884641376,0.0837362054216704982,1.10658277404177707
-1.50340065757002961,-2.72226346768333771,-0.756993965242486078,-0.926651111787919257,-1.87504250833250818
-2.36982855041884122,-5.38383298281683764,-4.03936829905970285,-0.803312212117765601,-1.46121559289681802
-2.88547957930411769,-3.95577913210368903,-3.43189993801863169,-2.30540168430957504,-0.419827161608630761
-1.57104382096952144,-0.902208283241488385,0.29388131226806935,1.24957053980267707,0.918196333492952932
-1.38770842454013787,2.81420505160181822,1.83602667462981883,2.11146719364720115,-0.403655242208755483
1.42053672490939564,-0.976755961058340616,-1.10529234946150745,-0.110121290968343097,2.08698631524613187
6.30160102287220436,1.71574964465440094,2.83961578720225072,2.59318536365605468,0.155886119268072137
5.30555263912530783,2.25843174257304735,1.95005449699494537,2.08613169039296453,3.77358390033971869
2.29216746129797766,-0.0520629133636326957,2.7743986111091723,1.0038043633590279,4.66812553008701681
0.408040244743056224,0.798984859474083486,0.751859139008567823,1.36818285919824745,1.76337414376918189
-2.77010793129763133,-2.35606657210618353,0.356421581043161129,1.34634909644444334,-0.0531254625480447606
-1.74026887724345003,-2.02001305948222365,3.47614438843093332,4.89994279647640152,-1.24347328170346016
-2.60143489086974533,-0.513028235653697373,-2.4222251480679029,2.63957595710679094,-0.0414860359384580379
-0.552511515207497195,-3.15407990871858823,-6.11327853468571369,1.20100719211380524,2.63290089076025291
1.04559715210516413,-4.06595935134695097,0.18455747877118811,-0.625468125525519003,0.581891269532769706
-0.593165555949990431,0.302952236811563635,2.98618206073866332,-2.97406169017651933,-0.081895634220060215
-1.94195669801570436,-1.51457718889318849,1.45884544385282067,-0.0274796708674913612,-1.9094259142117278
0.372663831832199477,-0.340980190126936644,-4.10323562438680689,-2.45555715847853318,-3.62609293144697942
-2.12906620040721961,5.10613570075663503,2.76090951249323746,-1.74974688019840174,-3.16059211277163499
-1.90737129628998781,3.90750089878343765,3.44459578469657268,-0.359734474005493299,-2.03574150963104961
1.07301002540218171,-1.15900589232483164,2.42514741552257629,0.458602995040652828,-0.775398540637095013
2.96187965152039467,-1.82716055583527015,-4.42507549904941122,-1.37005445010511084,0.105294325894812774
0.190590699885860193,1.71402508233061379,0.995835109213900393,0.278724821375467058,3.55836764900617775
-1.09564370030157421,3.47858862539868019,1.00955933378128093,-0.497884581731779186,-0.0142305977746852996
-1.5656127548373131,1.47484838845406441,1.35381828902761803,-0.454705551499432037,-1.51019840125723093
1.02359445697534146,2.69398834045562152,-1.59025646334606963,-0.969038305967371061,-1.86575209116482243
0.264832698600890426,5.58355919903558551,0.66538738261209851,-0.0826094098659070214,-1.96319851656828126
0.519940940510504657,1.38016333195675722,2.6252727769292914,0.156706964150528205,1.48703522325157689
-0.370518280648423737,-2.19931253027500517,-2.81678367950659991,1.95894325684522652,-1.01388135354695086
-0.275720236530311302,-1.57928250542106086,-2.63836494060222648,-1.59611759729524882,-0.981263544705613611
-0.212289638702824468,-2.53282278868346733,-2.23601340792371683,-0.444388189704131409,-3.45421595570291595
-0.249453590450029239,-0.549287497512948586,2.76247594587686862,1.08515143768628253,-0.790097428206230079
-0.371397194917969797,1.38533556823617077,-1.02944946894077782,-1.37534848983820868,-0.962499053929057879
0.992144679749565106,0.790256220670330856,0.202214851659074268,3.07214049747795315,0.548539013563135502
2.45236358448601877,-0.810801454016659151,-1.1694659615936418,1.30853128529638973,0.963445888915067217
-2.98604043141582309,-0.444417418581057155,-0.439622332096008372,-2.19158589495589062,0.539427458047465835
-2.08954116778532306,-1.30023891043958595,-1.98070484078815645,-1.4398796984061013,1.73128298008980508
1.6509686077282788,-0.207368657885625252,1.83992081259349427,2.11625324118881597,1.17986223018905845
-1.91968318023623552,0.581834293459742025,2.98826345247818637,0.801147050378676506,2.28808758525153699
2.50016549954682565,0.859777790202191361,3.37658549490020787,-0.667443008592086939,0.893574678057633243
1.69544314137283814,-1.13563332621562707,1.550464771814972,-1.74522521479617776,-0.86269748715557848
-2.59929564921690037,-0.0155419471212456181,1.72885069062813446,-1.02563128027599149,0.203141688546782967
-1.42113780166084447,2.99140499526163506,1.78126249632663725,2.03334367358903423,-1.53068423571101331
0.0781285120045784182,3.6537674991964848,3.04240534749690239,-0.565679901560578235,-0.917253653020381643
0.323275930928629773,-2.2505987287510818,-5.97942189478082398,-0.780665231614790511,2.26787982079041761
0.991951050467265061,0.845245789898856015,-4.44449518978954128,-1.49769608025450918,0.959319684160941488
1.50396972997060119,2.79751165129922352,-3.79841091934684139,0.105552516701812427,0.551365478898437789
-1.0510509659207028,-1.88714169131684972,-1.49175550237043408,1.08218199297167184,0.0806380717747771925
0.0399595446817756911,-1.73077706498314376,-1.67213498963671858,-3.39453488793080993,-4.74886644993443507
1.23430193302549385,-1.85823715454267435,0.181657158512013694,0.217503734386994857,-1.61034904800617484
-1.17949669596440709,0.391960133133722077,-0.240633113839287982,-1.22278647153379949,-2.90170953337536108
-0.63671895065784867,-0.774617881613644532,-1.5352144733331039,1.11308112414842153,-2.09702577910054488
2.5013073205205969,-0.491667790200388699,0.743888687000831883,-0.107197658555734959,1.03384000814030075
3.19526186877477292,-0.180689147683341156,-2.29002088780487911,0.447089227678046819,2.3635274671752069
4.21487954195928793,2.05352137615063191,2.61895534954437759,1.91944453584075014,3.04423956816222141
-0.813370759609215122,0.188898457128643116,-0.312974403723521755,1.68274241281438153,0.736351648689371308
-3.59232413246077886,3.2301354907170583,1.12805399206250812,2.10826145177849034,0.987377590024574259
-0.24142587951722444,-0.895846036016482938,-0.690557842975048741,0.0854901691155437182,-1.84897139571970737
-1.7964575746167426,-3.10547075590327992,0.358432085087094843,-0.940207901445010097,-2.58708039593590566
0.434677144660980785,-1.26912552429366965,4.24682805107611028,0.828335408434749509,0.563029094695937982
3.24447374446761572,1.82797017465056277,1.1221045241374803,3.79352883912351091,2.773474449154262
4.14827078739237542,0.775883869255661884,0.286345647228261002,1.37963564253614313,1.94595330073298145
-3.90758841026052961,-0.798800672183815785,-1.22722038413545986,2.09876622244875932,-1.01523809696839651
-4.26774586255499155,-1.69038598913262139,-0.412847736744444915,-2.49144841438477327,-2.45699263874595175
1.07475811444136227,5.04131205601244048,3.80839278697245076,-1.66144815884663233,0.277356924101410385
-0.0398591828703752232,2.71680380098891705,0.813475204094442517,0.751140378673047504,4.09490716375058472
-1.35601421190797899,-1.81713017392978027,-1.53271651406159504,2.50928594620812184,1.46499486317513838
2.39210890346265748,-2.78874362506029172,-2.25274991315060102,3.18177991011010741,2.34640809611730861
-0.0837252629966797751,-1.93538197607582618,-2.3392357274732225,-1.04278048951503854,0.298993172614442304
-5.70926481983131229,-2.59814528257281818,-1.06777972019542688,-3.21060484502904542,0.746445896295350408
-1.11655296950486904,-0.585026338588706341,-0.999998748422407546,-3.3691002427745822,-1.70477153873416731
-0.106023204803806573,-1.64133793342431589,0.0306268246538164354,-3.22016689751206142,-4.79233350856931306
-0.555303767347418487,-2.45927608934235042,3.51460208846022981,0.929982968603834448,1.17748473642874574
0.320640344868053706,0.576853112252175504,1.90150411276618891,-1.77342196882744663,-3.52276632272162527
1.50186557774779117,-0.287212749777740972,-0.195459782168649177,-2.27428046564246467,-4.0057068470117132
6.01516846519903048,2.22966650477781458,0.428063078493682359,0.320573620095837564,1.44640779892993576
2.34011603970833271,1.22326240408686648,0.0320614370934205126,0.0167180020672734464,-0.595179338609396757
-3.46452313991257377,1.9977875039057833,2.90079049611903494,0.0134010733114085789,-1.21336190140323374
-3.73758782350031327,1.82671558118645971,2.81199058664071666,2.32699556903008631,-1.19121948312231507
-2.22839178459568998,2.49332790213967259,6.6725204764539221,1.41050980973907514,0.227206805424202102
1.54321509811379531,3.75834065549856522,3.50680022993251539,2.59252070131877321,1.43402104201054348
2.87614994612236075,0.497893586543782629,-0.120868109088488607,0.785218645780476954,4.94259465633962058
2.61405313244239768,1.01819281190800992,0.246222620191946018,0.564323182304016679,2.01875854544934974
-0.259673620640081426,-3.59353395839967904,-5.28896528271055644,-1.3783417735178618,1.3667918013141187
-5.0773551806123649,-4.26714768070220174,-2.34357238312402583,-1.28209114929673262,-5.06414162242039279
3.71637692030530875,-1.82333621586978256,1.18871467610389758,-0.0181911559666757261,-2.32009273951215533
-0.830664944090844903,0.741545275813702776,0.791419147072398355,-0.188205211534180267,-0.0811979960069185436
-2.93092150230264492,-3.67986998298220147,-2.95692638343667324,2.83866996192287901,-0.0329000590173829377
-1.42435089553127736,-4.25493835246351537,-3.47271983103123771,-0.658764394931429464,-0.565155083974535621
0.290789833582669355,-4.72034141319680334,-0.861159878609527363,-2.04534111682917574,-0.515233162251247157
-1.78814611570047055,-2.5594328954671659,-3.38916427862605874,-1.77126141658387826,0.293041432215132347
0.836550636367898282,-0.384760848126948385,-2.9352541044648941,-1.65762666664632041,-1.31466264288353951
-0.690352312955579417,0.674281542960850522,-3.01137984501651967,0.832910691572011919,0.599325012567218485
-1.61447690807669963,-0.889064181776639706,-2.32314767353919027,1.68780545961951001,2.53861320292310699
0.324352377484643906,-2.55124573515723663,3.3477446614972397,-0.61251086897533058,2.01006101250321612
1.83070665442455471,1.22742960726277084,2.48424862685933245,6.60916455024428817,0.277079871380468912
3.62558700947920087,0.478231892576799933,2.37153030119993913,3.48912501113017237,1.22419028658430507
3.16516231936756265,2.78762221029168833,-1.24657656024082986,2.87242882577994019,-0.0909843967965629219
2.66509245075749002,3.64777568714972755,-2.03555985210361712,-1.22279994692496996,-1.2145305288231123
1.88889491166906009,3.41285656272335292,-0.672402556273538066,-3.21076598390596146,-1.62122683946598523
-2.50701512145103278,-0.205253638096988655,-1.44018864597848495,-6.069726957503911,-2.57564879018264925
-4.69375549559913363,-0.316059327173731475,-1.20157869535392425,-3.34403238904230093,-3.62049179170475233
-0.0121187500906645013,1.03712451774024017,-1.28072133955053324,-2.72616656352270326,-0.540143597948569365
0.754651718698831853,4.23857723850881296,1.22346427511945577,-0.334680598171986365,1.80405096470607074
-1.26897304441335557,4.13768653835398936,1.24377650705077603,-2.38072082640354621,2.94040809752622367
-0.303316439144603989,1.56523131602316234,0.425014984488725267,-0.245800840547090754,-2.13640549134740088
0.217405011407431681,-1.46636220847742038,-1.00726475695477213,-0.0164773644995354351,-4.55089024714351265
1.48517546099959041,4.00934961305697524,1.832914095085318,0.321010951697538682,-1.24495245552449063
3.52152097158730459,1.55457175427309768,0.961283140911502909,1.77218792458067509,0.607048356971062852
1.49385019856381462,-3.27514251260439337,-1.4042132720458731,0.265580115692700347,-0.292665008570410612
-3.81195796741318071,-3.37404231104879226,-1.67044638871283291,2.39608144570599846,1.21023746467429438
4.16111874422896921,-0.0242916260182203733,2.28339630168254493,0.904835765096721256,3.47715882141693822
1.98521599413318683,0.790741697658800535,-0.378065944194051429,2.74787941717841377,4.09095816222567255
-2.80117988403091323,1.28176893383354362,-2.71214939494535523,4.82272990512242661,2.35054726981268525
-0.55882549344744048,-1.03302494821102764,5.85441980232498072,2.92104496948107206,-0.540042679780775803
-1.30121904140452282,0.262579472763706856,3.09101582220940552,1.66670650622170435,-1.07667945269230692
-0.157716259327929875,-1.16031906217116609,3.62830905495901002,-1.07124008794986558,-0.410104675138162234
2.30770987797376481,-0.634765589446473766,-1.29244130749002362,1.75829715942615916,0.812654265700443079
-3.24717029819631886,2.03980119092738388,0.842948801836507666,-0.0778001669902465831,-0.350084243926328365
-3.0291744272092731,3.16125308712069852,3.72346077678753629,4.06078769263398076,0.274748577603949273
0.080135370084404009,-2.92764447367325165,-3.75657321993323423,1.9448579072061114,1.25054889220041066
2.71909090449009616,-1.94050696371584519,-3.68444420255049687,-2.98601603786937586,-1.59871867715361216
6.18253131085466912,2.26991739807370774,0.757988483644435052,-3.21923035071593722,0.224055064092641171
0.0228932051412290977,2.55120505163264077,3.14116503084887988,-0.680264446795298405,-0.653279858637597965
-5.79097980532948142,1.21781788648960743,2.17663219862177559,-1.55988289421326609,-1.1840960239532845
-1.74407849410408455,-2.81272048946347164,-3.69580159359214555,-2.50883418109544643,-0.498634439107369543
3.89486222464961784,-0.554765098642833299,0.143445632794219124,-2.67130963737748983,4.01597638124834599
3.54632224992210121,0.913500785552834649,-1.19792016356726783,-1.01128504576764344,2.3042559327639176
-4.4503575742366257,-3.64040274392561347,-2.94054966403176143,-1.78531055373794567,-1.79691868061648918
-4.56957097148874869,0.376168373310947157,-0.479712538933176724,-3.41653451183882106,0.897213000136201977
-2.09901968408550399,-2.34197820863038375,-1.32953413925533637,-1.31565965439654509,-3.36798616591553523
0.65655705265877784,1.56322330138436238,2.64092544672609453,4.57076775586674788,3.11940845493953534
3.59063560481580568,2.78677273506149925,3.05417574345124443,1.3482719100172289,2.29565454227473387
5.86232511290700309,4.66654719133589246,1.52060252774677229,3.14877779075753894,1.01858705144570383
-1.3966247306447408,-1.47685648229313182,-3.22592781225892411,3.91750549607488585,1.38503639761361996
-7.23756604326007214,-4.9592669947844028,-3.36691535456649271,0.282924063716066765,0.0775128049998522889
3.19303261275152339,-2.21631254523016485,-0.620204816863816566,-1.59843123385226105,2.40213633577169539
0.253745514177390163,-0.16293429090891981,0.385410348914178802,-3.44148934736612411,-1.11049443527429115
0.579164300751790706,-0.0216970743389741094,-1.43215507047623425,0.0841346040357781738,-1.3624226853154795
3.41089409828496626,2.52607814057741331,3.9067204890906484,-1.04176276137276846,-1.62910154713137967
-4.54150856797745561,-1.46550708147134867,-1.31842054608810733,-5.75027037424390386,-1.99009178307860624
-4.65096313423204499,-2.54933225281880427,-3.39334371859263673,-5.19697338908435302,-4.59108354597110768
0.660103858804865218,1.23765374956663066,-1.60477439171003899,-3.59214798261506418,-1.46920614802719984
6.0154801784309857,1.36408416746691263,-0.467993880990658861,1.82624832926182346,2.48230458392879028
-2.39314430141091616,2.22462462610013878,0.407374475828000238,1.39186738197448556,1.40430517459180515
-6.78962447205254893,-2.3781597338465823,0.870921702353156579,-0.173570433131209179,0.785626207364497176
-0.042741104903263924,-0.102727994834617975,-1.53004629739602471,-3.48263418917471901,-2.36963405679711281
1.14491713531027606,0.838462828848360431,-1.25203643442462287,-3.24610225870352798,0.877081921033671774
3.33395042206830894,1.746316881208269,1.61552457027548257,2.06520327900776168,2.85017960698289929
3.78155587065701448,1.15690453223071654,0.294171252897474145,-0.966578957483320345,0.489986068488098392
-3.89890126034484563,-1.38051685065648333,1.90221150474053369,0.308021529468318012,0.806051455154085383
-4.26354570191592508,-0.301425666406131942,0.483125411341563615,-1.55380111704793689,2.4767539477414795
-0.775932553010794002,1.95959358101921577,2.15105380863344431,1.37392019513992469,2.09932693749820887
-0.884266918172197491,-1.33590847944337088,2.64231190291442308,1.57373301853338821,-5.73812373245752738
-1.0646925685708537,-1.03231647828683104,2.37117005147937965,2.42828836702518469,-3.28753492339742825
6.5678188543408309,3.82413801541240472,-0.197120796966212403,0.144898358317288645,0.29265707363770882
3.23591684348469943,2.22379663298276231,0.486734788989951817,-2.58375380916026653,-0.406356076351454265
-6.13562315581370488,-2.91650091643012255,-0.700624407482022926,-0.249914577246045877,-0.771459841716338302
2.78087281629412386,-1.23473918190274912,0.878095856177447787,2.25113923155058071,0.859786652829299003
-0.30194501856862227,0.817277296067323578,3.54655562407063041,4.26401987716784525,0.440022168707976669
-3.63169387034418945,-0.663410327628248364,2.72601924424746977,4.2944108231850997,3.21849433689941034
-0.663706837884746936,-1.54687769161729771,-2.25373413447477988,-0.330428287422151856,2.06364251131832876
2.81412675694807701,-0.84730028021608006,-3.59558271015680697,0.0453185738878194161,-4.84167767009660377
0.712198427348342156,-2.03146550471293885,-4.25183241886578323,0.458747214529670877,-2.59704447790365478
-0.75609466910960077,-0.670684678025132985,-4.4062355890494258,0.42277914254032245,-0.526552170155158761
-0.17641615466217625,-0.286548698209842467,-1.21587471749751685,-0.248667081283563685,0.702817781558521704
3.05776146513732883,1.36050788505560805,-0.554128736309848047,-0.88239613839319897,0.822987967740996362
2.38745932017828588,1.09787603445452286,-1.28696037640537808,-0.533611610491981248,0.696990427157620607
-2.95117186051197766,-1.50788288599921549,0.535107857151634891,0.2181914736177481,4.69571149973049362
-0.708023756120636283,0.384076825254120402,-1.33049197669292907,4.3716341405813024,2.17803351618502372
0.74154347218461758,3.67039169262225373,1.97016534547805766,5.10253895845004202,4.53502947531378364
2.47018908696132344,4.40161370231185156,3.56535588015563798,1.45146846497001847,3.87742667026677301
-0.399330934742893884,-0.898501132995728646,1.48891414644100206,-2.58542931221215921,-2.60771977658822296
2.31139322954400006,-1.40473241485627187,-0.602307786264798417,-4.09317082243290642,0.575449169570011465
4.25375240210236072,1.90323939729381286,1.81479853834933502,-2.07641119440520905,2.76463454632835726
4.67623161616700678,0.543379254289819924,0.138535965106100195,-0.726598233508468416,-0.934729747732035099
2.51223820969285327,0.361610193838357852,1.02141053255914671,0.432322559691661112,-2.01971256766805496
-5.59767298754536391,-1.71252212801290882,-1.61620735125039872,-2.02526393580287412,-1.82600572605738654
-4.43433980690758833,-3.26230435689183418,-0.0101203511230187008,-0.03261790084710596,-3.01853649147223102
-1.15973615921245155,-2.09356599643079688,-1.9192685594237342,-0.535209167226174731,0.403610599555039917
1.568107403675991,1.37274365337826709,-0.98075036816908534,4.13517821981509037,5.03298669786610287
-0.376903245792135133,0.168154015006098001,0.53067770780966439,4.12003971673527225,1.13334764026311263
2.43668000914004512,1.66676665678707447,-0.402686170154170742,2.28380735593253936,-0.801398052673524597
-0.266926874231410427,5.52873678176537364,3.63905518513310744,-1.90891303244406152,-3.44903564595745538
-4.66946329220147938,0.590574390217565526,-0.485704883775546103,-1.73221338069144326,-2.41898658919456189
-0.0844306591446177673,2.35965291718400882,-0.481832173591871249,2.61827949198721699,-1.17000555713472498
0.152879766221305891,2.5447456817495806,2.47264722023228467,2.36155428190830952,1.43866579830101871
-0.37238954910624078,0.773190301442995276,1.7762225637831115,-1.58456115658393348,-0.965844123817239497
3.68324401589062633,-4.62453953010343,-0.832778588754075622,-4.17111070394784189,-0.835307819644457439
-2.01726307521767545,-6.02169776858800443,4.46302969213797773,-1.74076439960943907,-0.292325374157041573
-4.3732069222048171,-3.57083999393760188,1.06659299178311695,-1.75392356595228915,0.825382522697368781
1.27172395096588775,-2.08916497337065321,-2.51749851196752195,2.33067885626200644,1.15939380994792818
5.34072521578313353,1.16683467355939463,-1.29354155290166672,-3.20892007740630447,-0.929679993208237132
-1.11824640418887822,-2.60008587473685449,-2.07589211462359957,-5.18585854464972762,-2.47437668498331975
-6.16828202592791719,2.06021398847388149,-1.04062310176104056,-1.6726170653658885,-1.64833208241307139
3.01135481193070476,4.95924033468891778,3.24195795338940318,-0.779780484410764307,1.72981782869991241
1.26114042967064477,0.813357664567652128,2.14002933586015054,-0.743376829157523344,-1.38781269876115609
-6.22771840826640233,-7.30158325842889777,0.74200486770767704,2.10773905794967975,-1.02024172157793513
-1.22519087794741388,-3.46809754495693445,-3.61900504472607176,-2.60482870969307578,-2.23314418327450248
1.19107511477699846,-0.941739210035401175,-3.12384876490727459,-2.62021896342189153,-0.377577485402764423
-3.0079886640999618,-0.275527212574827873,-3.36489593152333022,-3.2205347576972847,2.53039308531531582
-1.14976146767258913,-1.25759256584600942,-0.0227072019438335979,1.18864355829059076,-1.10132068432749253
1.12947573078429797,5.5089799705063891,2.2184788000128548,2.4769720475462127,2.21093743650761132
2.82068880526023191,3.31502294111489615,0.203030326823428003,1.47236324095576143,5.08681669428027305
-2.41187443582125871,1.26224152299018066,-2.0581047111039168,-0.105797375578544378,2.5494229713787524
1.30489311399645835,-2.15958909667232524,-1.93023422894977603,-1.83983582096008114,-2.55959035941056223
0.849370993206259084,-2.05408095130710855,1.11776013538896324,1.70173367877174697,-0.952731954732457753
2.86770977475450062,1.98462510381406276,-1.24426495793680258,1.98958351667016831,0.588620992264125453
0.905153386699984575,0.0458204563065586767,-4.36457389208691282,-2.01473956111003405,1.8567831753908588
-0.954853470840814622,0.403661719389175999,-2.81890390485864417,-1.79470500010358847,3.96109117272498956
-0.085111332968248174,1.55016091667341271,-2.54893064290486926,2.97985870830358346,0.0116036488100699636
0.0939653411146955247,-0.831853057982945288,1.54205005626746017,0.877118022383590157,-4.16674195961505589
0.623215228801097365,0.182532554509729106,-0.043563341454397296,1.67395623160716212,2.61963260132211273
7.93945033014746748,2.32431965332617274,0.420689209449816803,1.83813286563629696,3.97626388140885334
3.12389193301162837,2.39061900673292405,-0.189747431840097264,-0.393930393568336312,-0.823969565659748326
-0.814012065442632382,3.46010773473997002,0.951144278623454631,1.84612088168706157,-0.0942119667531015753
-5.09504644221234315,2.3701109522416024,4.13067515560905285,1.35752748532796552,0.491709483788599411
-1.45358554329808465,-3.48920686462092666,2.72735299638368156,0.332479919763624732,-3.88311258165951134
0.172002213306825746,3.89010224704508589,-0.001429965656330101,-2.39470020747706869,-5.15260726226872201
1.66432855683198011,2.63707915180671737,0.608507422754468674,-1.91768631585514293,-0.216064903621899063
-1.81410318453424213,-4.89667032761499588,-1.89248710703896417,-1.73287958823601396,-1.19790419122263736
-3.40048231038102644,-2.49454399770128132,-2.44167886421097791,0.686217368499976499,-0.934588490849223019
4.30025413172820947,1.29157893156462356,0.64605292189852126,-1.27786780645618481,3.81482137927152021
-0.419717157934565543,2.94345612480779906,0.439392044935335402,1.04714236512796566,1.43766100751332293
-3.05562393482978578,1.34652582046986979,3.07105756813446762,5.02982108227477376,-0.63388828732763014
-2.57384599588938823,0.214839823787890072,3.57732052337352258,0.612310953492251842,-1.70525868749616216
0.553945994478174497,-2.5561693935210914,-0.282411070421163812,-1.58279459368503339,-4.03244227352800522
0.980101590362674746,-5.24370274610513842,-2.94590403572482451,-0.592349035984230499,-0.302584146595659076
1.01307113344843636,-2.62043232528034098,0.0588490785270086372,-1.0462249567408366,-0.594557729632396503
-1.17199964583177629,-2.48507133376603262,2.28386988643496469,3.03963464939301531,-0.331481088372805155
-2.34372979083620514,-2.77189578433444694,-1.62899584248148366,-0.848467649473896635,-1.20128007217974297
-1.23677417610288676,0.68566613535799692,4.09798346623167831,2.34485968336001704,-0.682650883228337557
-0.694271830351603114,1.44049969314877724,-1.2842655524272053,-0.852962050891599377,-0.111314234943298979
0.602792267337123544,-1.54032384852966531,-4.30853471075432015,0.502670775160295902,0.301292215464288249
0.770505104857907241,-0.288042609718714815,-0.672121218851676527,0.383331917832529623,-0.568203783874537072
0.691221939981823352,1.53315240386216067,-0.123682955735217454,-1.60859745116898467,1.32614810652279647
0.928148193015146949,-0.785877807117116078,-0.922237466402209494,-1.24239373505282247,-1.18492022810973152
0.0541762889100970146,-0.979512041654310939,-1.75595633598862588,-0.398718810189195139,-1.34941398943966484
-1.19738157317449145,2.43872753780882823,1.15029865618774596,-0.948713770452833338,-1.59484182523939233
2.51657681735603456,-1.26176684282753349,1.12403223598711421,0.12944928442784448,5.45542600412448841
-1.04403117334138051,-0.0728995549098361978,1.54753384097712798,-0.468699563404129216,1.51007473047783192
1.4745655027353668,-1.35246624437980545,-1.5890948131136533,-0.335248215481711909,-1.81168611470608365
-1.52128874841643769,-0.309543987484544314,0.876334931311232745,-0.821567494501326823,2.61170882327515663
3.04044674186859476,1.72945318666504155,-0.167466111181808958,-0.307445741888204949,-3.27822784528884359
3.81403198050384695,1.19293768168176961,0.991233344016593909,0.463780391123387759,-0.247424473987253118
-1.51094945243362422,-0.510590231186950905,2.49790237441825314,1.91003378679415015,-1.79280449823503063
-1.88889485208639463,2.07408126733086862,-0.270870431578217108,-0.482481315366913965,-0.523768719095443203
0.10921425071254659,4.2536389842950042,0.468962546811999559,1.43752874476628323,1.27251142408352025
-1.08027294523334438,1.099542814574064,1.76207678748795327,0.314830265056867509,5.9943137872941179
-0.2154615167773139,2.91116650963666412,1.34731593976279052,0.209549210933781205,2.70219139038960954
1.55863546692087818,2.88223126119974227,4.07967877040998594,5.1811086493352132,2.60211533239197124
1.77819305135810435,-1.66881670244718983,0.404831296890429626,3.04214736119583229,1.16253840422188159
0.1834992447519318,-4.96159296535617589,-3.64080376513661674,-0.344769079121809874,-2.53989376104440323
-0.61607761596446764,0.875676179029238777,-1.06387287840178568,-3.22277148323122953,-5.31946802046108758
2.6228275472849365,3.6846040046318751,0.7117656991329121,-1.01554166813525115,1.52518357154929984
2.69650187105070982,1.31760034938499326,1.27697928012682227,3.55541601072226543,3.66149785084830182
1.22756723007814617,-0.979193836351783253,-0.0754561207131559664,2.89917453253917268,0.876260990623028091
-1.81493722742040009,-2.62048389241580937,2.35234171743017573,-0.953819171662430576,-2.56613336613207821
-3.40960086399316209,-4.95404631238180304,-2.57801655423812592,-3.18912565640841184,-5.45077138123287597
-4.41044106181349438,0.300316585993371132,-1.78473461234175979,-3.44261191622904184,-3.68460245977332113
-0.827490686148474541,0.851196996594397626,1.68510404052202967,-0.172621884463391218,-3.5877149860638875
-2.47055996450097615,2.39076345458185902,3.38290192102222864,0.0835897847790015858,-2.31450355668656282
-1.88350017415911974,-2.13026069880712132,-2.84521846788796173,-1.81634501817027605,-2.38538094115936694
-0.770901915526420067,-2.60869184429882006,-2.05114330135389045,-1.98046468440746914,-3.31342462059114018
-1.74660671892402486,-1.68943746965558117,0.61905715467915079,-2.02763243414407368,0.717288624960563337
-0.7053920035592669,-2.70502331019865272,1.36054199382726915,-0.103840010762901391,0.961238461462864402
-0.937613038861792925,-1.87656039423994181,-0.414052645617255299,0.800982999958944286,0.205286242613843511
3.772625852894818,0.753150982840317229,-1.86425569400445168,1.34030313744387941,2.07135446322398664
5.40456482022816243,1.67193726780599961,-2.24734462168109728,-2.55459099840462089,1.6755837413913075
2.60928627115903211,1.26614352758905491,-0.574742431863212722,-2.40707729571065876,0.67236030426745752
-3.24625092991150099,-3.96963484244346221,-1.11540550061758159,-1.16273261961871688,2.13863409849078989
-2.95688200107986177,-3.60047685751130464,-3.34473968630882235,-1.51049853008936785,0.689914087935338483
0.0358031589493015279,-0.719373971042436167,-2.50525952003107077,-0.504346715011331104,-2.04118997655419099
1.78659025382941583,0.684191743498238303,-2.20221495165024184,-0.285825408496250266,0.451719643076510025
2.08725793022982131,5.33282238085635019,1.05562797712253564,-0.569570851052061955,1.184872589175751
2.28023596522042871,3.58658373842875067,1.60119992265291788,0.302021944096153683,1.0002329607388234
-0.41289985233210541,-3.99432670742102447,-0.438094158725715443,0.460200131774653687,2.65916278489982583
-1.4724635926420202,-4.12304040767164448,-1.4864787068058567,-0.400151053233961718,-2.82310893648415817
-1.51863266594587132,0.873956783369592705,-2.29124492831804938,1.57378018300159206,-0.0367896409388708476
-1.14532109130942428,5.50249477284861843,0.256352264746034009,7.23339377443665033,2.29138967266202664
-0.492606588171218884,-0.224409577625801215,1.72460823162205035,4.869039565160028,1.85673459265012641
-0.696950029638223389,-1.98264792082932106,-0.683848511526853331,-0.4438069202861461,0.939701289130892903
2.1598781215937195,-0.838311460531308339,-0.0240008961156945311,1.01500090196611636,0.224471067742226998
-1.24938582454663805,0.0385362034246354151,0.435045876570468115,0.0441567654933773812,0.0778559450846125489
0.766844962367537075,2.18905117341362843,3.90445439284706808,-1.35487009011709936,2.11197373424248092
0.4866493976796748,4.34259870396628411,2.7026625459236655,-0.470492574522264617,0.478235585151887799
1.37547429931526022,-0.318879448128098097,-0.514007023065112478,-1.58090308438092597,2.39490758840900098
-1.55148004110264126,-3.97170546615840303,-1.19041507572961502,0.396957740885402033,3.62265792152013777
-0.192679829977998596,-0.162719354932297,-1.59806000995229769,-0.252104938320704075,2.25980754228800018
-1.74956251631842052,-0.418740817629375484,-0.574531819121160359,1.21966522156659218,1.33582478291600171
-1.08857216266710788,-0.200907367000079662,4.65089052953474891,3.25954863078370138,-1.0168469422518962
-1.55164588176098106,2.32495628604062343,5.77792383485712868,3.4151297081040668,0.149746348707991056
2.63903255999633757,3.17273177448671939,1.63209595505929594,-2.99150553958117493,1.21750740714928152
0.297494218677612388,5.77763406468862417,-2.50398400770423635,-2.8406761707989272,-0.735527456505095989
3.49306311538153214,2.48856396089367626,-0.453397168827471941,-0.622943720347626351,-2.75310668494385702
2.32780003482955689,-0.656065457274544461,-1.07194437305573342,-0.820945426443548176,-4.05969735339176196
-2.46230221627629309,-4.19992359998207387,1.85514901594044201,-0.8887785928223777,-5.14042253800811366
-1.7393601141556807,0.0604060250572279883,1.09922235372377508,0.633339274135867103,-3.57929906143880849
-1.37479648109732167,0.399512035216718242,3.34896860958756948,0.734355363132475625,-1.56491967048149894
0.331287332903884846,-2.92033186097605357,-1.79723517649829567,0.943987089173065841,-0.323071709869272361
-0.931734935035460898,-1.96650755716829972,-4.19473578133306724,0.690091395327880996,0.614213228046874615
-2.04729315489174457,-1.30555799960668506,-1.27084590818958665,-3.56751843740160046,-3.00998702552270991
0.149003467191402394,2.72438205823811064,0.617187151085329289,-0.0706475250061934235,-1.3135401678933325
-0.165893645142708268,0.0613668315770121015,-1.15784799184489207,-0.888024261734367548,1.88392773308903272
1.79407188198167744,1.53914169911575871,-2.16551528282677097,-0.0668656600139495572,-0.0880428105409536699
3.45638665361159081,1.57787934675212038,-1.11077291994992033,-0.0915244135619895927,0.652453358065648414
2.70505036586953462,-0.161908956262361514,-3.62258959701342897,-2.31046449506736895,-1.26257231580548845
-1.92120256402266976,-1.16038379007391446,-2.99953007920946346,-0.250153962972581745,-2.66201094617327083
-0.306546633881236374,5.74729992518176314,-0.173856631652639204,1.29690832474250106,-1.9973232905797309
-0.496246987333177014,3.69048275538696036,-0.712596487097269304,-2.60206913990281707,-1.63158283477840937
-0.463743925572818683,-2.17144063795558884,-1.29645440547375856,-0.406630174592970184,-0.484631895022889059
-0.634188482557575872,-2.7461643060462686,0.708825139504105417,0.209255391862234075,-1.51751217508601965
0.240271846734871397,2.37411403500397045,1.63892585662411938,-2.34618945404526036,-1.49361127487372092
-0.383069013800621694,1.39121155366856875,-0.573578275450177477,-1.84956689255528728,3.45178057182530251
3.62472097096012957,-1.05868364874648724,1.50365486286022354,0.942697634256157158,5.09542794605331828
3.1340673133511876,-1.17257784525177544,3.65492723953659571,-0.00959433931123116271,-0.0758998025414698019
0.198845218005382185,2.40402752932513275,1.49067273345483131,1.28429326795919851,1.0609719803714861
-3.60923264096374963,-4.02104250905662841,-2.69430542647395477,-0.383964926111930338,-0.748910397055817523
-1.67904790247402103,-4.07509070292966058,2.78937368104724426,-0.0840639325133446524,-1.36993842635922691
-0.0913665136578205028,-3.65441933380256323,0.941659721811711536,1.7348834215545772,-1.32662966301389829
-2.48942479794485072,-0.758542806370863354,-2.02940290404090762,-2.8527607332680418,-1.15770344476860987
1.50057145915410728,-1.53056280401528366,2.04406385060518625,2.22844384467053791,0.867210518046863998
4.49876002163434219,2.05599280377743154,5.5961139909893749,3.59914136281152341,4.42704043213859855
2.36915880876959895,-1.96871763404897071,2.0048303340722442,-0.72374646881793514,2.11713271595714048
-1.43679488566300462,3.75007843384242578,-0.043491128373415594,1.50286871452430071,-1.888843670796996
-3.08994503804923726,-1.64904797537059267,-3.97491655180453884,-1.28917061655585719,0.84821335318806157
0.609731585129706044,-2.43137296711974349,-4.64113635129861191,-1.76301602159342208,2.53169528456879744
-1.31581377565058477,-1.53537876257435557,-2.49381669698194841,0.587415634811498943,-0.275098385159503023
-1.11169592927140859,-2.49725007165342072,3.20317852519445712,2.70051738176466616,0.530236412309778471
-0.80222141190154117,4.79066836143552877,2.83862987061527372,2.32678158544752955,3.41622061349273132
0.0861096193409907479,-1.43009226074348073,-0.509487140106729464,-3.14014954333406937,-0.523604752186908384
1.90147066006627252,-0.110460721369017023,2.39900506283833925,0.220239224865409089,0.630395359559499657
1.80798584738541557,-0.389179442546469578,1.4451813494607133,-0.59476644565597514,-0.468422610375692217
-1.17697848735026134,-0.25636795288185904,-2.13327739522783411,0.187832514283133689,-0.596866129294898129
0.390722597182783349,2.66892575395368947,-1.04961413414845284,-1.79957648704816298,2.77404066777181502
0.310179491608470914,0.690682986801900656,1.06972166342940689,1.7817963645007735,0.604006037946356877
-1.71612458174249083,-2.30170533400122235,2.98628012017803535,5.9280595553156088,3.2477104025816379
-1.4788022805496579,-0.320926175125483215,-3.60103610304137467,3.96755954753980555,1.58697116679374139
-1.42363487525443722,-1.25548190248216285,3.08651612060877234,-2.16415369908049815,-5.4834877164695337
1.54263325627274606,1.2234666322135892,1.17852680624784667,-1.17126828979385444,-2.80804024103930283
1.10854465834832783,1.7227896936839644,1.24692787058016674,1.59042669767294687,1.35171774284501378
-2.83606894378348828,1.0617297718264298,-0.163885072538389825,0.435889666963311051,-0.2877633272761283
-2.3959728128920994,0.755946358059649048,-3.01099365565629506,-2.7275517058434473,-3.24289005045389622
-0.992563515670728758,2.93785087772695075,-1.72628626832507348,-2.36894708779016749,-1.43214597479612826
1.3570218491739916,-2.14579417301308606,-1.05972746940346085,-1.76781918637282343,-0.340236958863277539
0.628358897994794385,-1.71003987740653018,-3.23301861145301395,3.57698301986350753,1.83776407743560788
1.3385584554805936,-0.425387562224455562,-1.95334936676033855,2.7943704612064737,1.73135142084116045
0.961694612113370373,-0.804819298318056209,-0.791348871520529351,-1.76365492859934836,5.19062946163977657
2.62384224841815872,1.2492327477082521,1.80814145665516923,0.561589545931999057,2.70719018387953936
-2.57859828238854671,0.251890272429186268,-0.0558638025380156847,-1.49277713365002129,1.39605703851003926
0.34163577579963611,3.525188893041308,-0.973138505339327109,1.52449343663784553,-1.30891746045942226
0.730774910341198236,1.14215412445313125,-1.8775292563406405,-2.69465497977894852,-1.32039653262642287
2.33161672119172536,-2.80744684809817358,-0.642696533113078505,-3.79431640121812475,3.83783460738929039
3.38828497006702722,1.71831506321742133,2.99642439460544718,-1.20936087529969916,1.89486422666628296
-0.211827819303620712,1.29724260445236061,0.970602846293411314,0.0322530233302972813,0.80636409494139627
-2.27730719669024007,-4.3323366520066724,-2.78211409253798525,-0.553610389261475322,-7.06702722961625263
-1.66002504267273965,-1.30189477687980304,-1.61776962048837025,-1.66019531687689104,-7.33431292927335221
0.47312952536050179,-0.909141571300796647,2.82100942194810411,1.13008559775903894,-3.33006932289937385
-0.844000165374008349,-0.490264997940814296,1.81959612296366169,-0.23291376337923192,-1.53395132352997821
-0.42236532879260219,0.71355199367696831,-0.332274136155727373,-0.0203839948543906302,-0.613072580905438369
-2.09145717308088575,1.42655294136670197,1.11447248831892831,2.41428159774943918,2.52456127560664756
3.42391147999082524,2.54906916992560895,1.26819039253642551,2.61133146755830481,3.12661118914853731
1.15454629255203089,2.2902872538620147,0.225649034951878241,2.88100440563986782,2.4196642055780595
0.266256435127709801,-2.21522402385371153,-1.46599844941238833,-3.81404399086122403,3.66154776928576142
-3.42894634489254457,-3.16934848978243311,1.67419026342227806,-3.4332015379912364,-0.398158136057154555
0.0561825857330209219,-1.83545576769759422,0.0635996368252551292,-0.989445288188858019,0.915548716602548551
-0.352976917732964468,-0.391300848302570115,0.916091423013468908,1.62898246264178392,4.26516190567110254
0.0505223884685850819,-2.14688060961186533,1.19064703275014172,-1.19128914460050161,2.2396996380166776
0.093144992337716892,2.94143351092809002,2.63413741649191246,0.867404842497549455,-4.73324843012921992
-0.181557462153272786,4.30887786633188785,2.49484604479019323,5.02860879893736623,-3.37456204638331947
0.0718622955944498432,2.88835521742799273,3.55180843523747169,0.382778760736368573,1.5152046892177824
0.807068093202184089,-3.17102309202085353,-2.5631514117932257,-2.39921311432460849,2.90690828845000482
2.98430144276566045,-2.64485616006189073,0.622990023313568786,1.27636816921861573,0.083867522156504698
1.92188441095201856,0.574376326047220331,-1.61386828472116517,5.77894563869105138,-4.64290174304301662
-1.39727765095574696,-1.71557373317100081,-1.72311134637892138,4.38343583971104156,-2.25521703771829429
-0.725412664139797214,-1.71367157905289957,-1.85424048955441623,0.521161466352099811,1.54397865660920952
1.25771419073209634,-0.87834394705665142,-0.0613478196275305879,-4.10749704878129052,2.94423971711595023
-0.756292438081049401,-0.162870146562008433,-1.43270133350391582,-5.88521107050162406,1.49794786839234439
-0.733746638948924557,-1.24422065601287346,-0.0687817474930645656,-1.69167300676054677,-0.135229632683192463
0.937258885860956403,-1.07182102004445001,1.1942930809312442,0.899526870134042422,0.212706829117035173
-0.255457398953370052,-0.520425512472898033,0.101844411673578578,-0.8613347860769206,-8.37719213178735878
-2.0976881839807886,3.41983212941765835,-0.0880590127622800367,-2.1076989104712136,-3.84987752456178978
0.178830638221091354,0.751577771070542022,1.96063569660571368,-0.576983543408059574,0.889191850071953782
0.047090289612053686,-1.65418207244796123,1.26189407741673265,-0.488804039993357475,-2.12199892330536954
-0.2334738114773246,-1.58864287645229774,0.716513044079566841,-0.697623722688113901,-2.84532800961840371
0.255848381319776108,2.67465577080951178,1.28062072411861472,-1.32169960951158183,-0.452356138258009577
-0.822576716668003693,2.46597257805382952,-1.53291185178350853,-0.885069379371519194,1.24825882499139418
-0.674075490733675564,1.0339787212676157,-1.60748382515748856,2.93427860805893204,2.57913931443922895
0.237921977576138088,0.413312873728772623,2.32699512694301225,6.38046347223427368,2.71196193517363549
-0.484598662765195809,-1.00022082933482825,-1.69462454160715303,5.4264960930546815,3.13121239490016423
1.0578645465730141,1.85146076492152578,-0.395620334705932719,1.91865355503915325,6.83965763653021153
0.634826195670665894,3.25554722848652967,-1.00020553357660691,-0.320415180260733734,5.00024269297542467
0.547022262658035441,-0.0654471301346924439,-2.67156411832825169,-3.38385493009517235,-7.64697731068973141
-1.64415766782902106,-2.35582330472818402,-3.21036524961926339,-6.21772949906780514,-5.06871783181685576
-0.37762842085666104,-0.966940501849272716,-1.26472348341882568,0.273680029107722322,2.64249553475542953
0.374475058534035565,-0.429840237859931695,0.410783644940943826,-1.13409742575564643,0.944640968462648556
1.19653228029314418,-0.843576866197786712,-0.329714388579221362,-2.61095589074351553,1.14728277793842426
1.94604664302230468,-0.268401318951331846,0.913622503038899469,-2.02517200939963216,0.44348161788356999
-0.0792427777530720912,0.416215347735775565,-0.473901981466174071,-2.37486204362137299,-0.0676785717024045719
2.0220054668701879,1.88826767416342411,5.7886807816587984,1.96057846788045231,1.0199036173258702
1.20556190500353466,4.80931982275851144,4.73294198696638091,2.37653037247191978,0.822775549115377758
-1.36310771456249968,3.37521126290938156,3.93601108058216864,4.86623535649414851,5.02517315994495561
2.4830681433916828,-2.1740362630700627,1.2376288378009106,5.44822778820935572,4.00113825234441656
-0.110872581199729425,1.30951764231401113,0.384558822966890534,0.719921210163955383,4.93174018204626119
1.3792356842346738,1.61367254809397953,-3.49594960514955488,-2.53264163894523131,1.31799165805985563
0.404580257724779346,-2.1924171570866271,-5.72894978072889405,-8.83751274419144295,-6.16375868712195096
-2.50542589612355293,-2.96757870232759524,-4.16147521895148564,-1.66017215886796299,-3.9346749848770548
-2.56988336782855509,0.051610961055119392,-1.63814251838455527,-1.20262700893480368,0.109238213145270796
-2.28501674618537631,-2.32719088930873141,-2.71962731580802286,-0.899059997132986677,-0.282671673975612547
0.187346578033785793,3.47094062637006884,1.87347695853249796,1.76169869695895431,4.67468553448880808
2.34448495276050251,1.64079037554221929,2.48240899902809087,2.47607995856919683,4.533534635139568
2.54881621441991157,-0.762560555329868883,0.917656355783963873,1.07584531614788825,2.43114918704849092
-2.2826622877004592,-1.4990389764794485,-4.02848488452912257,0.0173671832365689394,-2.11775633216167858
-2.46705821558752891,-2.04046119826600725,-3.42449766100114905,0.610492088573735603,-8.64078810107568707
-0.392219343352604999,-0.517011022793671726,3.91135691657763962,4.01318696297752453,-1.34889075360592758
3.28078450147896383,1.46555832643913742,0.769975543662050788,1.04316033240218431,-0.376664560415442384
-0.986402886281681268,0.934730915359059056,0.694385823007033887,-0.458292565882638114,1.19000952874732802
-4.71897625456567749,-2.11490510416567368,2.99795626599913723,-0.814650400910174488,1.78442521127831566
-0.802930846126276077,-3.55349689625230747,-1.54544667644325506,-1.01925697024349682,-2.76349827295712203
2.06943743417671078,-0.173386735752519117,0.813444588346376785,-3.78827612290911242,-1.37367208211520975
1.4036590854316624,2.48253775566775969,-1.24326984344168157,-2.18409802878124237,-2.54648091855022418
-1.47882125474659398,2.4221826033505458,0.0179396802974680289,0.541443591228684351,-1.5004956600036774
-0.0417354864919195837,0.425426863114808207,-1.71292665350536244,-0.926629550971988625,-0.75156724848439449
0.315239967041763214,-4.35268350892420131,-3.65399599482494031,-1.05319423041956606,3.37602298962125236
-1.16117545414655687,-3.0233950471185107,0.201498070836997639,0.144961991873225504,-0.314542613242219882
-0.890000055630230213,-1.31507441439374406,0.466016220702597683,-0.405345575331961416,-6.17229552637533185
0.857294608272735514,-1.42718824776717113,-1.79680975132687437,-0.160429351920961805,-2.95157006122532906
-1.60987764782702314,-0.664959757859829637,-0.249846415784450465,1.35616288026029541,4.37707958796907004
0.0734546515804356259,3.70610379631490661,7.08951037361063996,3.06994589121556238,1.10990934302906274
0.618356478458632286,0.334470328815033746,-0.101997485505227414,2.79534292385912675,-2.83691087318832169
-0.880529259645440043,-2.56933654407308687,-2.29463377495114207,-2.49624989621651983,-0.21658273266538175
0.017721839918577828,-0.561061047973564375,-0.452281137233365771,-0.690557952974832245,-0.271322135365516137
-2.052870419334754,-1.68482265918822782,-0.974032245703306709,0.431874466083108199,-0.462842388138648975
0.320583768446529027,0.958832200898302345,-2.58419785665814983,2.61558741733670308,0.411305683197955407
-0.21012213492302606,0.724912667768368713,-0.442751280337196962,2.63673221561684601,0.255080093586654399
0.481868496851898254,1.2516576520404854,0.855560902020383707,-1.85240131849804324,-2.45409329132477261
1.06051088458917953,-0.0547313344591356665,1.98426751718591854,-3.67028048635912363,-2.70954171807356214
1.17222297685682464,2.11579234953470241,4.46712939955934996,2.80998422013700111,1.53195091062931699
0.188094209853487349,1.53699746323162989,5.05496854753172009,1.71076875022614949,1.20064188937487648
2.00265185382469024,-1.81770037780537908,0.786730403300420877,-0.361790242674440488,-1.57921956709900035
-0.689177269885570487,-0.936369463003190794,-2.35753723637189827,-2.83174600298665569,-2.04627969800042475
-0.465977789810750165,1.10260063301625344,-1.14370876601967719,-2.24287515043421593,1.12948117294980244
1.06137804578427231,0.640841149751195327,-1.2808708228417196,-0.371441351631666083,1.42493299277399599
-0.644512357980167816,-0.498899860731352951,-2.6294780124329673,0.381557547614599868,-1.27441717771359508
-0.955735034763488533,-0.825191623593300672,-0.40290363736029372,-0.587466357325648225,0.34287670693186989
0.0316107195687960335,-0.0300199231807965795,-1.5005904058341708,1.39517649019185508,2.64114615241022133
3.40119590720476861,0.567502169815664148,-1.43076283713638386,3.74456594304856161,4.84549442634369765
4.81816100302677697,4.05201042400541844,1.35638853858286978,5.0204369229912551,5.91810299641701842
-1.53588152917070375,0.609114366844585309,2.37482000827804329,3.27365026673706172,0.942464635525589789
4.17389203936849817,-0.14632984432783222,0.132458475767307904,1.26915419641158489,1.09287189806038554
-1.60613219563168896,-0.53145704618430134,0.535568900707677709,-0.948638516414029631,-0.915903493746384911
-3.17120822463005592,-1.79728958816394768,-0.906067859898965211,-3.12775048240857156,-2.71546225917841522
-4.1499086524713551,3.38799143038060757,0.167031217989459468,-2.9796811670265364,-0.378888493045589358
1.80469065171070153,-0.0750153672787307324,0.341313586183608075,-1.80973912932558356,-0.425484882359500993
-1.93018773032662883,0.932453692101588794,0.467304428172264197,-1.76105015147702715,0.591785268666710884
-3.29005271795930376,1.75574217839696956,2.53337458036754937,0.131663133610256861,-1.03540989297631603
-2.34697479228139816,-0.891688226902152437,0.898433349018087246,2.56889180834265263,0.628832387601073628
3.16435965137820929,-2.25113332509297903,-1.24928216556667993,2.37080659130744031,1.63316055210414257
-2.23387568917244916,-1.65335171342636378,-1.42900696463658705,-0.350521648097752436,-2.13971456960983719
-4.16840554026770782,-2.64573682676208666,-0.251254522645867673,-0.624675007972421703,-1.36961605130313835
0.00484280178238850889,1.05150782732095793,-0.776909236441694406,-0.450844222066918932,-0.79651957942870788
-0.819179686467313761,1.80239154394399104,2.09190168170903812,-0.872204622464591406,0.400063543237438979
-1.60946674609122176,-2.99817239879565411,-1.5571230505818634,-1.3494441418260037,-2.82479530381477595
0.0982775400617665468,-3.86178368570975694,-2.73051495397727706,2.8140258960218989,0.383362358053732755
0.523892901400275668,-0.313104286865271697,1.59356418929354882,4.06703022191157526,4.45081624222431849
5.82317859301225837,4.8112229278440708,3.70147848650060585,-1.29894372530213698,0.479907015577255569
0.682619270073862472,0.152687359666699912,0.80722768961095881,-1.15143393337348399,-3.01585748417310207
-3.88694491778668372,-3.13823173234207076,-1.87207916969687016,-3.91240230210644091,-5.10289959498533108
-1.74116719831130706,0.541900352946912967,-2.6372725260141805,-4.83703777628435549,-1.02484484508484042
0.371967044281209247,-1.91392591884441732,-1.04535022809668199,-2.95410941417956252,0.0583204806364545636
0.0305492187404469845,-1.79711545215966639,-1.6619268685170987,-0.876108139468691149,3.13097604438058941
4.44882965871584268,-0.394847936762332652,-0.899202762897033603,0.284848949702138421,0.859181286347969086
1.78753310729159254,-0.298461421486967637,-2.71570150990236581,-1.02792301159605981,-0.724980268660554428
2.2229224488901087,-2.89571846011733935,-1.45712933216846996,-1.0975652157283744,0.889618779790005032
2.52556831379747226,1.61398863232516754,-0.0485706766985973329,4.63858838278218943,1.74016059435278292
4.15774740986639912,1.00103676092919325,2.02933423852090788,2.08908317123542897,-1.01981393092122841
5.98724602923651794,4.51318245252072892,1.49055715546377465,0.401746855738538078,0.962140648890758232
-0.365595402275588122,4.11969038681146849,3.71894298111279875,1.25634192694131919,1.31903050317057824
-5.0255135291878581,-1.4897632089357653,0.569437895385332848,4.18327759479725625,0.0435918695385328903
1.90562237511512866,-1.97324358197060779,-1.98271644970236038,2.11852208430655287,1.0999771820124149
2.4528576381867726,3.38457658552470608,-0.767842157711008721,-1.63607916323710256,2.46966963368265491
-2.44148018454308202,1.13666409524554601,1.06944685545876217,-1.25737679932507929,-5.0858865835986542
-8.8553206530803763,-1.18406931460310272,-2.76711386428744932,-1.01929849423236307,-10.4041987948058203
-2.23021427763516567,-3.86310803860783514,-1.3406066570094155,-1.71815980468018292,-1.59103488367722123
1.72364344157414151,0.0647934786457069756,0.875157774501164387,-1.19433154154778709,0.255687078191914274
1.41311227724764543,1.10592464771392929,-0.386420182900423237,0.621694414524379235,3.27634588738224242
-1.11426828417441959,-1.25850295226418241,2.77075806916376388,1.57804261541699953,3.68598383661550955
-0.780850661947895874,-1.2834512291231277,-1.65103677909481639,-0.283696205601497164,1.68092162142751267
-1.29305551371663996,-1.87548805584353095,-1.33392806238143335,1.74058327669773605,-2.85379974707300743
-1.99230390183036543,-1.57549137462577638,-0.503443090919882041,-1.23464952040820086,-0.911061089150222547
0.486827875034162971,-1.23694181968425654,-1.04399431854278535,-1.91898887601853629,0.304526538354653042
0.182139168482949698,4.77788448846892688,1.32983900370400132,-1.85802490189342584,-1.67350620491677082
-1.22528588049349141,3.87489248371712725,1.85498282422290894,2.06336550798156138,-0.869728511712615115
-0.875842154300959796,-4.84731219240925615,3.15772313903710744,2.65612847475776181,0.95138973003835936
4.12650076711997027,4.36730830282935578,1.16509464990422518,5.26396668823881608,4.72842267159182938
3.32294775875879722,3.50672627307126383,0.106268746056752128,1.60288793667319429,3.01594149543271284
0.41227273022096339,-0.926014290001449636,-2.37819032444492562,-2.45896543407201218,2.32567764101144769
0.832404481678051367,-1.40513146445012649,-1.84511510241074062,-1.88761302081661264,-0.333426002874745331
-4.70973029864639336,-1.96468522841262438,-2.33141990756388795,-2.59807793278264487,-9.60810949739422071
-4.31135425414754714,-0.714175100309788036,-0.580012212566865748,-1.42636859170073405,-1.73246184586589891
0.88468341489432234,-1.32609816877550313,-0.0988440937495942418,-0.774136473610335663,2.09456029094904927
0.641966508957250381,2.68407359015537939,4.4161863281323992,2.01446049774902924,2.09441463717398957
-0.908003231738585104,-1.61591247158581686,2.08874305916268321,-1.09123742180883632,-0.749615667783132933
-1.20985563555741682,-0.0815874061253911986,-2.13718008831530915,-0.225225560000458236,-2.38260075023466156
-0.490419836223046579,1.33127752827085266,0.985398108083184954,0.648375682213411242,2.92474486848203874
-0.696126511322100461,1.28390210287034434,-0.843053820564457657,0.345129724071420507,2.07317831280169207
1.64472840041705104,1.77756594249609079,-1.56192464309783263,-1.77867516427665939,2.06229025279470868
0.598549279112093768,-2.57287734558885539,-0.855747459565832314,-1.84764971875579209,1.46954051427878829
0.351971548969871206,-2.6638657957466636,0.498803683664791053,0.876412092317056857,-1.1779289046877659
6.02555752784449083,0.156181809722023252,0.864346451747109001,0.317573259337951219,2.95306757603774628
1.0886570930534023,-1.06033837573589373,1.27430779066427657,0.967044143751943697,3.84768692962181635
0.517090907472417038,-0.224945671154136134,-3.97237482345701975,-0.190811167176529323,2.71526584251322811
2.60093393531018657,1.23586208602807934,-1.08575288526649105,-1.66861022613697529,2.65364488925122854
-3.80693348928115327,-1.40126607223086719,-1.61306218134602464,-1.97143741547917561,0.207447722975738769
-3.94192617444590843,-1.19256962848652392,-2.93956797940519809,-0.327121601880656587,-2.01517375097329632
-0.57619559963994238,-0.733485469827106829,0.991100054165811151,5.70673306271809988,-1.0984108449590535
0.565462393663475282,2.07550835454308258,1.84711411017907423,5.21856035832550713,-0.967720589845007417
0.892403009253858737,2.73959382352854286,1.01247485562822215,2.17934902067650382,0.694530073175525064
3.73700427922065259,1.17545245917688956,-0.49071900627796744,-1.08273226786170196,-3.00583845915630299
-0.755472264706598562,-1.1339630606237785,-0.975449121727431145,0.125423298161048385,-2.64361350138280038
-0.860230878071435501,-0.684275516051838895,-0.253610103245788088,-0.797849431267633302,-1.45946491588545957
1.84232233688395963,1.376381740940128,-0.520118732707305242,-2.24535637075168104,-0.623920235091584341
-2.9137761678785834,1.89600470720289449,1.45636874473525157,-2.19459884770981839,0.332963929685543114
-0.690184418075055595,2.66863376862688018,2.25257851961892763,2.96874976832774173,4.24276145341836486
-1.20490717600779407,0.82986718937101156,0.476997240657370425,1.13477114462949968,1.61926759031548073
-0.880026024597093004,-3.70655398664668967,1.95396063432916955,-1.77337562879325161,-3.33420915509691973
-0.0162116832819763496,-1.4369822244895043,2.49945857207412736,-0.448090017340530056,-4.1771059735658147
-0.495140563481587137,0.0930123355632126725,-2.99594725098845638,-2.91904051011780385,-2.86415902102691522
2.23533920739190384,-0.54951768079072616,0.990848450110512036,-2.24052356249127582,-0.171769330997512848
0.205419795802202321,-0.223031625476309031,4.09057930260798397,0.359417018333354266,1.15202828743410968
-0.425538720230151324,-1.68821409791027643,-1.70875911329254682,-1.32246098118440614,-3.00398648508882005
-3.90152669840829081,-2.05754032506838325,-0.939565565728974317,1.02732800040905881,3.15386130926206043
1.73349807909242881,2.16524336161837105,0.10043953832614376,0.424102272999947238,0.742724448366585577
-1.34033180661855722,0.621195109112633537,2.69350790587779265,-0.801025636880869252,-3.42341501603817555
1.29618696647620735,0.706499862630535214,1.37032294950828515,1.94081524888563051,-1.8804839064627239
6.04489665212061222,1.24827219744087214,2.94172720350859684,0.0949793810334089578,2.94566594884002741
0.989641750054799596,1.16041963413741622,2.0526769785008776,0.609459827565381418,4.05759006680177858
-2.20100379626998377,2.22921862671410365,-1.31953274754797145,-1.01576098171381268,0.535265515143632409
2.04927971324860581,3.2551748265172451,2.3768106861780387,-1.58809398103357058,-1.99877624956700539
0.817922670061497437,2.6328079244551601,2.28549533924147896,2.19824021315511553,1.0211011573336839
-4.17402832456280404,-4.20056984488744778,-1.60792894760075966,-0.343529810584837114,0.280250923941195496
-2.07359393999780472,-4.18552308734575451,-1.28339924968090369,-1.6858552718962283,0.771837950353300273
-0.773876369846514756,-2.06151384185169073,-2.90227136474498293,4.51610647663053744,3.09124628493662224
-0.661237905569386886,-3.11832294582530922,-2.57699787758863819,0.564759197771858013,-0.195279122744455857
1.40316936132046588,-0.896620345925170925,-2.67479868723575942,-2.85205849193822436,-3.35470870614588534
-1.73248543451140025,-1.01415338602248317,-3.12437989963069418,-1.51993833430825509,-2.9282717917669796
0.116825974336948815,-1.75554698913084262,-2.23614836482615731,-2.94453738568941548,-3.4917995345260997
-0.351872698610049384,0.360059419180004947,-1.32396083435598411,-1.58547273404593536,-2.42761337560184787
0.151561934723076774,1.61848021292288591,-0.878239210709202078,-0.609312574077885971,-0.540567753057778821
-1.53012511637174242,-0.0755747450233737184,0.892544271232361019,-0.381951588201142833,0.0943313371658589944
1.13230228239128561,0.682165983613142735,2.48309049163467543,2.85726203307092819,-1.41798215968011032
0.0877629031368301477,-0.379661869103020466,1.88520617398574086,1.86421620430645807,1.25810163233483419
0.26515043478408723,0.828342324555628617,1.18105321889982195,0.150221119627168137,-1.11708148732342627
-2.4428776897923532,-0.296035804093389143,-0.675677823043999259,-2.16790533375632899,-2.13673881223460738
1.77875002663210657,-0.882616091641956535,-0.457270396213368457,-1.92146942723698766,-2.27201170155681931
0.280474473808299651,-0.511209491781848713,0.690189070177158248,-0.968361011240739256,1.01468843991629387
0.077030825788003951,-2.03348872011205062,-1.02685363721677736,0.984000515358077643,3.00385448080518946
0.499479079219465827,3.57981651966141579,-0.91263492322332973,-0.763228381420358648,5.17607748357397401
5.74917190679851231,2.93012604486827932,2.52947871717796025,3.54944183280276837,3.83272300028201185
1.55796507307192034,0.0959526820509586653,0.976410786030461275,0.939065828953877801,-0.792292153202662108
-3.91319738249775551,0.0862082392300333733,-0.0826185349991923196,-0.488378343433272244,-1.05735506853660088
-1.70937699077823346,-1.18825112721726445,-0.645095293639805778,-0.0913843270512533362,-1.57972560789067851
0.185076941624281732,-0.536014620890235327,3.24483415396941188,0.396524819615173496,-0.165975547157083569
-1.93125236716573245,-0.176215698963739759,2.73606152933592428,2.79293793250087985,-0.221382236245158015
-1.73071403554335657,2.20414793630538242,-0.389386369937743504,4.72415396476867055,-0.201763290532441075
0.647632294412921139,0.0528056550132322,-0.137605808721674439,0.758880323941371726,3.64698350079266742
2.27767466835976018,-3.01995923356387008,-1.62276150195537339,-4.33308889195316471,-2.68986673221646777
0.421710049771890805,-0.0372188794281099466,2.01465532328432451,-0.172940291152189313,-1.58798107234859343
-1.0193842913501352,0.965538808809264126,2.75934788131530295,0.503357025228277188,-1.31785317333080298
-0.346570672628842613,3.49593207832151753,2.22856775640756588,-0.306863070776646707,-1.37928715176002159
-0.223210231079781385,1.73998850209043621,-0.680613448848156777,-1.14106619849940505,0.150170148782810264
3.82942058666590146,-0.0100074104971199784,-2.1762988984741356,2.62309010447645452,2.08591366134168421
4.83358160135457293,1.1225709921027931,1.19145615474702882,-0.414080774173499755,3.32740283967727546
3.77225304263188121,1.00698031562810231,2.36945866259463633,-1.69961902347722726,3.04129714601144663
2.68231962224871356,-0.0790245629216071721,-3.25029805408674344,-1.51410940877132205,2.54617713254428457
0.815459920387664905,2.25389328597900374,2.35741240375301109,0.367687702399782435,1.67906916156654606
-1.4621626307395803,-1.22696914222241404,2.13396041242761036,3.13678307444908855,1.79416871743977113
-6.89877124189980417,-3.04824097627475954,-2.51636349172915574,-1.52443152863068754,-3.08056075548339336
0.426557788726024845,0.0192927422540826454,-3.09969482491161141,-0.399038336166218532,0.196947720404809845
-2.33700397400872806,0.0849963913678587757,1.07086061797653653,-1.90407499690911819,2.19846538275093994
0.0257118653842525607,-0.834442342306352614,-0.756219216717645804,3.8344699786961276,-0.36064227628155171
-0.174063325322407036,-2.78235091486239039,-0.850445329190597565,1.25609925684465473,-1.46585288013668347
-5.46765327572735327,-3.77649820937647718,1.29914820015701626,1.92483854296450829,-1.49891261944820009
-1.80199377205679045,1.20142002387803681,-0.836691958553738679,1.8171254119171163,-1.91435103595855383
1.03145467277733927,2.25514479920514743,-1.39043937841523557,-2.10402333191272772,-1.43144950436632912
-2.48936029708809148,-3.45594553590604381,-0.93072472178209209,-4.98751464719502469,-3.20072906439069538
-3.49756115910468734,-3.80222271798977696,-4.64324667484917697,0.291505705376346791,-3.96593408859624619
4.16082963236376457,-0.686369330162092894,-0.888814800794368032,-1.7112266186882592,-1.07639513565114253
1.51994717638420118,0.939560776356882177,0.382451631570528361,-1.2458420299910995,-0.663165571517433827
-3.32578442378060668,-3.86854595503519194,-1.01938925451386386,-4.63351700692466206,1.04254488124650901
-4.46670359285442764,-1.39352293941844518,-1.41682841757352018,-2.30313476676847451,0.859813556566825787
0.0225628172571047253,-0.9193634883794638,0.276237471813654711,-1.29585499846397378,-2.2206042543257194
-0.282026527542481642,2.66110502288623696,1.31248606966574566,-1.37506453119667027,-5.06294243710515879
3.70480788023047714,3.18499158101492563,0.720393615386971886,0.301979306696162797,0.693189798615909125
0.573557952232037982,-1.77627323511019664,-1.21543079964966805,-0.238618955594049026,-2.6055646794831322
-0.858478841071387944,0.0111404554643255438,-0.16816608950940698,5.52514272761300962,2.12384320558946582
-0.610441779120897809,-0.79699784016841968,-0.410659787222651118,5.61678270774531896,4.78827672386897341
-2.71129575076527063,0.419940822538972691,-0.177482994872903033,2.23653801069250369,0.164289733717159991
3.88930439156939123,1.58091455763367672,2.1424953702431071,-0.361303077428360764,1.42661615187993274
2.29784376724154793,1.562830319729551,3.87449695058903165,-3.88055533700285027,0.973211375185671579
-4.66084092988879117,1.28287319234902419,-0.197039408732062327,-3.09777407833408569,3.41031398331234881
-0.59614877319146542,0.841241367935480433,-1.37192036110586302,-1.02576342686114619,-0.210590483772636838
2.97123409755681633,1.23104680236263442,0.609309178983392652,-2.29737976863603643,-0.0164002744783361826
1.52821594651663939,0.725119319147237484,1.02460084201367541,3.02544989736190706,-3.02999973470260997
-0.183295730362843801,-0.337644604357701938,0.369383708052623938,4.85910685848627111,-0.465491449951083769
2.68139858999275393,2.22437703955213539,1.5684663322579746,2.99488165624073188,3.56046459348927735
0.516566119558320214,-1.2648006905679019,5.26280464471981624,1.7713791689834868,1.62773201853878868
-5.07261371320988719,-0.944656988782117346,1.40042587507270144,-0.682308999611254574,-2.50579965732808141
1.63542658718365641,0.824459595109172327,-1.09909446166896241,-4.78539832478865801,-3.35544212582955925
-1.06898615878988634,0.0205413349383642141,-1.57494790585338751,-2.90298601434515913,-3.51431778536807826
-0.972422264169527595,-2.58354072282134961,-1.32386199590799447,-1.93361299261121733,-4.29088532259234867
0.341446388400383827,-1.07220149624788408,-0.331897066752917691,-1.18571829145486363,-3.10132425296732128
-0.617406848770100103,-0.504851257491118033,0.0936552073795191981,5.31744640562723792,1.28251984140215058
0.14570938185576382,2.66036087969408541,-0.264348497159730689,1.83184919286118131,-0.821808940220083772
-0.564057920534107193,4.47586260019749993,1.71015816636632145,-0.944260396801493096,1.24763416941720884
0.0324251101374837675,3.56195523760536981,4.66288371462604978,0.972679402277247585,0.607249839834495431
0.752940501666361506,-1.22791508550466388,4.07020221328392751,-0.233958498141151688,-0.0406074425771271591
0.458311825671550876,-2.13782284245292509,2.7952970058594464,-0.571421509440781294,-1.37929092077173387
0.639608747363160424,-2.38951131742053491,-0.0517609924940180682,-0.935446821433572939,2.20137106880658306
1.52222543842468028,-0.144511653979869453,-3.36238975228619763,-1.26361102888727861,-2.45084906302492112
1.76378935125861847,-1.83650665868835783,0.730719139382108862,-1.31035172054719506,1.47109521791153708
0.486520723980004288,-0.0167478611689486911,1.79376367688501248,0.437027983168468803,1.9385449265272956
2.02829357086972095,-2.18897603822551945,-2.66452819843252753,-1.1696029138557249,0.665904251455761043
1.35438714386517534,-0.486910151870593055,-6.92073946980299404,-0.498932998869727973,2.4072859694826394
-0.698184640885887609,-0.76418113949629618,-2.28645624019775928,-0.833303179078675571,1.44101795828981327
-0.970327062778154614,0.0766920832687011667,-4.82668834370091737,0.0530507770538446236,3.80666120531405383
3.47227278681989171,0.645733430639361949,-3.0495967870459646,1.95361653865106355,3.84097775160063648
1.69364188514683778,1.17549721763523474,-0.214443544954371179,1.59042268886348959,2.83735751940298453
-2.18067624815385042,2.19632154505340615,-0.408688853033796318,1.23184311896073462,0.265774437895214821
-0.722725621306814725,3.56654457471692199,2.23714893231860712,0.401874944035849002,-1.41749567837711599
-0.899515231507651003,-1.38161371912318742,-1.64933069366471208,-0.810832688761289111,-1.24649746556548857
2.88168305864065255,-0.0518307482652679494,-0.65639195356062574,-0.597421047888247347,2.28758715395061696
3.94679055457573202,-0.988790712652904191,0.841113245878367777,0.174573164737045095,1.56825892878222772
-0.990023970653648555,-1.00738938707647696,0.429151872743173457,0.0205085498924698489,2.10647901071093102
-0.445993510934810433,4.49419965335480853,0.249125585464191002,0.0802142489189684865,-1.49798070836848374
-1.45816797152829869,2.62877104112616999,1.51726873533960616,0.0912313512650711339,-1.5390139555891833
-2.59901567663993216,1.2263780290094497,-0.92288518851567769,0.626165353234461208,-3.90732176511105944
-0.276726630711269905,-0.636000743156843629,0.599270557034379148,0.470551647200150691,-3.24010084005633026
-2.46604950716925408,-3.79039767914814352,0.655234588844230026,2.0188001498752679,0.959189466039982119
-0.45044767573402511,-0.437561002312690184,-0.281840103828207622,2.2097800010463744,0.264055604000196564
-0.685391099114990299,-3.14068508908612065,-0.391193650554699568,-4.66999079351392066,-0.636414382516957144
1.87118062649644568,3.84261412010581438,1.65487762330258525,-1.20137405839732803,1.19427809069436708
3.5369574413598901,4.40872842339596449,-0.150148140492098181,2.52411869157811219,1.13861485363466453
-0.293908415443907056,0.0747787457608296569,-0.863877158264484524,3.47821115481441323,1.421588605332889
-2.76782482079319836,-3.86096823998798788,3.17315495899284228,0.777262265024895371,2.43021286063389219
-1.65348923762453426,-2.12643475867440568,-1.08619036633612676,-1.33107892537092254,-0.450421437588371165
0.599254429705038283,0.607427570717095966,-1.75097418088809209,-1.93511273804051287,-2.78182621190151513
0.243629516411631497,0.118514516587536201,-0.0370989665406664115,-0.761676024989556999,-1.34215948891171233
-1.50725603433063005,-1.70803769361735203,1.29329036031953937,-0.337604338311777774,0.271416500485827883
3.85609496853670253,-1.37956126239055576,2.22326918214391478,1.49652852656461333,3.06649207121053013
5.19311392480249445,1.43229556381094425,2.20490030405102289,0.957303355257849709,4.50682166300276243
0.809082913634021739,-0.668220271635394325,-2.97848811234365618,-1.15496607831628118,1.43393287762200528
-2.67777021498359202,3.91134058397738649,-2.80684584312161922,-2.06688300658902735,2.26759328007517125
-1.45073727893872628,1.34088097482753255,3.02008978542572049,4.06355504624352371,2.72541729531667531
-1.42021791694774402,-1.69780990414023458,2.88067771369679582,1.60736812081843028,-0.902549947764334504
-0.778875162151377087,1.4846843302875834,-1.09168149697547334,-2.48054878357930475,-1.29621616750076352
-0.473903927679648063,1.66276856770541892,-1.24218350912079156,-2.19065277611064557,-1.02912814709621303
-0.597935477874187993,-1.60700759857508846,-2.94747649433996406,-2.98160435989719108,-5.93104026498559378
3.72014801208642565,-0.459120765159442557,-1.39748504615199542,-2.07410064547621253,-0.784361952468623169
1.31245575267677461,-1.10440081371999521,-2.19178124181296186,1.20213049489029289,-1.14557377916457148
-0.433916530951491519,-2.45519660134675632,-2.65102423834584533,4.72841738867357009,-0.30554179197106357
-3.02728259741712158,-0.0618340502278924495,-3.61633277264925024,0.685180410362250414,2.45016044175389647
1.72589209889765027,0.510264059344898713,-0.311450373905177935,-2.13460105443204773,1.04699393897654702
-0.211805069274698721,0.210466336902751516,0.472371672265195497,-2.37648528319516705,-2.55115714174847508
-2.86810584009779701,-1.60903668608984862,-0.742789227011298792,0.86664245359026415,-4.42080573700580892
-0.805310675761134132,0.928381692001372882,1.15909348855993954,-2.08186671296841119,-2.62116765999601631
0.742219812425252701,2.57541609629453205,0.40744864293400207,-1.52583854808369623,-2.0463143355400053
-0.995360203296288826,0.86962287066339039,0.594705276727149013,-1.35406753946885572,-1.34507921797604224
-0.555794317297261586,-0.170279679241369886,0.0817427344502488357,-0.199001345305749588,1.54737465985659783
-0.111521655448577506,3.60172774230990012,4.90946230151431351,4.85267319866730151,2.53774247171149003
-0.00833472491466292348,-1.62531252684820671,3.99711657645887541,5.38078070211816417,2.04896986376120882
0.450468258622547135,-1.4429488372516015,-1.80327545912720089,-1.6119457700306834,-0.726963633758273775
0.422521833904630717,4.08011760033465443,4.43914740093444227,-1.83209610591396554,-1.95130661668964045
2.18359159285551385,-1.16718639777800082,2.83684680860015082,-0.542209638096822655,-0.223622520682258602
1.04735609476838487,-2.12275643359970756,0.608288544624959737,-0.849784543096565481,2.27882879160315532
0.429649587963117252,3.36280861605243286,4.21095438490558127,0.842765805420829239,2.3125574923746326
-1.8890781359665394,-0.265236011196702037,-0.831450809927478884,-0.0585058702413314285,1.80800673004876278
-0.961184401485528528,-2.32266240587656458,-5.8385617707011237,-0.48395172699947181,-2.44972309836941315
2.46197441832478159,-2.35600734969081449,-3.45299777654033857,3.15519454266156485,3.40548025457160053
1.74320003334783258,0.0290057685293598835,-0.940267583658232042,2.16293918306573341,2.42505401780950347
1.19649366258866841,-0.977060046629939616,1.54442629458326319,-0.52609004274908544,-0.151100716398557239
-0.335012429460433636,-1.0561823333954794,-0.805794153131319302,0.146377805997774113,-2.02353922881521298
0.386051856512671154,-0.166616034474204366,-2.70668991714513885,-1.7237626263276995,-3.23220565887974809
0.399306026550733772,4.14803764653630758,0.745195578759048072,-0.481798120793159923,-1.71325469222161431
1.96342208105282423,3.52869046639583495,2.25257093211785664,-1.31882464905226815,-1.03388320766181541
-0.411263648884133137,1.40394126651861217,0.324336657366018466,-0.643347383327036559,-0.452931629898457033
1.1096005070254511,-1.10019984296555551,-0.956369224658941475,-0.867773446447539842,2.04881435164817649
0.485720343910020558,-2.22864865237385912,-2.19493058928289164,-0.215758498329490289,0.897697978681179287
-1.35463452598826706,-1.53335125431603125,-1.31059679577792321,0.210172548393637137,-1.25606648260745479
-1.34439889715989169,-2.51940565962045415,-0.146733043318789336,-0.604750760394553999,-1.67568280077872855
-0.223965869538535922,-0.178233843219125387,-0.780127818272882023,1.60747161920632942,2.75064278202728785
-0.446126815061417825,2.32752554318807192,-0.805481389478813092,5.4495144638826023,0.7553755892806161
0.795124941646776828,3.26916835072516276,1.69032147568405144,2.26659363052966745,0.809507951742730714
-0.598000299036642979,5.06789177164353966,1.68228785219623589,-2.64923115323620761,-1.7253519395528949
1.19960156974860155,-4.34040015135059321,-0.647772854101017925,-1.25065334124301031,1.67920449739521938
4.59361913024922508,-4.47062411105371105,-1.68778136945645763,3.95395268472420502,1.35720593295478986
5.12627659727470686,0.0826705529101684489,0.971708330715987945,-2.10991621420780362,2.98640982288040169
2.8751032701006185,0.291516782530750751,0.192827799790371124,-0.707093771048320385,4.8157780728689259
-0.89294897557386832,-2.32744679457819714,0.41558454783044696,-0.943404552953399755,1.81023996037222701
-3.15459778458839146,0.251368051060238518,1.4012703369888162,-0.585452907993517235,-1.92497235904747166
-5.10217826922081308,-0.777855549770527954,-0.941310308809187202,1.213754496790175,-1.5931942981280971
-2.81732831288776797,1.81624008300948625,4.63755610975462318,2.52935140759988819,1.50203485845428486
-2.37371937331542204,3.59556385795976707,3.3675189825780989,-0.364677659235597362,0.0802602892816536434
2.0140600224650167,0.672395596976382737,1.6856235755704172,2.98391771414005902,-0.940737249207149184
0.222629461039140719,-4.73935212434213859,-1.47743100563404828,0.0971297611387657439,-1.45626416889194576
2.33000762602752065,0.119624035781832339,-0.961821003631190496,-2.3202967142832609,-3.849932212482162
0.278528080734883887,-1.62408281896013529,-0.797073955597890293,1.14980193477295223,0.199976954897536557
-2.70876643345548374,-1.62412155783246437,0.781038445767891942,-0.117085750239418543,-2.35209160662902494
-3.56624937105748296,-2.03499925237097035,-0.584382737267365227,-3.23147565023193772,-2.6055780535404387
-1.33113645151764226,2.76743721753721106,-0.40943992655744843,-3.72115022552532482,-2.09736533913221779
-2.71677378995138863,3.34424403266134318,2.42051663145188511,-2.25224878931768258,1.09002922909623146
-0.331487150330656455,-2.01522227568770118,2.44734204201477068,-0.632343081758066639,1.75015797108353888
-0.988029757957578414,-0.184938148442072126,-1.03485294845535769,-0.897055215366548753,-0.771472706536589059
4.45582877876768713,1.29862763572059681,-2.94615684877281847,0.0862908911442196586,-0.0930359628229601027
0.637784789843329647,3.67743204121132239,0.0809593979652393908,-1.10463981283783963,-1.22828628393500883
-0.363357994762914749,1.88277346206557405,2.84852164586630696,1.18841922118103382,0.146103418101129839
-1.33081847715408497,1.45405384255327252,2.12138636985689955,3.80370502830751533,0.0632957494923455238
3.25905955247782586,0.705693968431381768,-1.86056440362604381,0.271617082124878839,1.36919225604031247
1.23810191337229281,0.201266074208140799,-2.4809673715744105,-2.78082670913366625,0.914192602659225084
-3.7794628825783585,-1.03299897129390361,-3.58637721401466347,-1.22178400091038752,-1.5598910766738967
-1.39256086196107698,-2.89984878033142079,-4.00608299390208789,-1.01617236738391048,-0.269346294235720429
0.0696076290516400853,-4.54630409282969339,3.08287534575481814,5.60174912605482245,1.18523237751525623
-1.78381638366557604,-1.42266436626596438,1.43518199795820545,0.721048676507437425,2.49891718756104453
0.41354944201499122,-0.86470487165021015,2.54041621828094444,-1.77549141402357269,-0.825751653298774202
-0.429844397652924481,-1.22244819397463367,-0.357418039839480839,0.582147014085931835,0.21550691496284205
1.77608691752663828,1.21941576273784658,-3.29751746688797009,-1.71346204360613896,0.917180851763610749
-0.0782063311755950563,-0.976719551838404754,-5.5588358515746199,-0.125180760562622284,0.689930944589951078
-0.792922019270249412,0.187023430209214525,-1.80616537036656322,-2.16827072475631555,-2.41323085217010824
-0.692918423928819083,0.877901508946524078,2.52499094602490848,0.600930079722373223,-2.12876860780704913
1.09864070979115458,0.917020762818542168,1.12963689942478673,0.7773777981244826,3.71022788036864126
-0.868279984506805991,0.879395127675767441,-3.05188920064088443,-1.25850970174726196,-0.64477762775723968
-0.24588978264408598,-0.422753563154553147,0.539060617538947962,-0.8608676916379151,-3.64215381932531557
-0.564475652971569319,-1.59716159519750667,3.53945423895462019,-0.331400991733922623,-0.0586045723161760027
-0.661334827677110715,4.99957871997192971,3.5933224783287967,1.35326300411327849,1.55261248461673151
0.824739370221775348,2.76075512973078796,-1.9636645303230551,-0.664850242154634397,1.09743312404373272
0.420369821639191399,1.67251916116649224,-0.356816947164570186,0.232959871161707882,1.00090255909380632
0.857595495192641333,-2.39298321311462825,1.87023006657305468,-0.272269451734999557,1.94072591463739053
-0.871663536724790466,-4.60515869142323364,-3.34323349782053736,0.173831105016236859,3.15428044280466446
-1.0737784191711286,-3.97478331396092033,-3.40898824481417062,1.88685990014391702,4.29450347832011392
1.00401818650483121,-0.270083305557404341,3.40239364834491109,3.11239677947508575,-0.565593539308633209
3.49030558594229978,0.234435869914999928,2.29859202696642217,1.21704799729273749,-1.71936142411868542
3.43092694619779115,1.6783228976812723,-2.22652632696304797,3.4256774864667876,0.120017908125760075
2.53445549684013782,-0.395128302957602484,-1.91927943592295236,-1.82953857701681422,-2.85069354314259993
-2.45171284257545974,-2.2320018362971723,-2.23343550744984576,-1.09373189967848061,-1.1850338989526874
-3.35243755521875952,1.65678654050708474,-2.38679549330100604,2.96797525794297146,-1.28410387611809296
-4.34723474425483758,1.01582584092950845,-0.588231285453147845,-3.60515393468432821,-1.18849197387401473
0.845121404620385874,-2.576745231411111,-0.62161084155984081,-3.95827247504922797,-0.895249754452851598
-3.61004454273556252,-2.04311981657705033,1.98251126830836344,-1.27248297341563621,3.69212262374496181
-0.865348077614176425,0.543120103107821328,3.71942539536898931,1.51543743287670885,-1.34003679090885797
-0.253473859733292117,-0.394033967952393094,0.701274997888758023,1.91616164650739162,0.328343831685233734
-0.466866123900097907,-0.157132574365790006,-2.6397454042262436,-3.85600740950173115,3.04394884869043336
-1.10597819826523991,1.5558694587326336,-2.67712015438614692,-2.83489238447397485,-2.86654174742357171
0.155296144305664213,4.9956368655030019,2.53557081189755573,3.13511176950370007,-2.49413008291798777
0.608278039013601779,3.93382922239171506,-0.21372442600683228,2.11018555781034101,0.0927535279803358703
1.0319086984118635,-3.2667170318278882,-1.11216160341195502,-2.0431216509528225,-1.44981186217146041
1.98097209110954187,-1.16159613680693208,-0.238941678615976261,-3.93045330489728295,-1.98871362514989292
2.06645528715064897,0.697994888306010863,0.674949749628220408,-2.70678268588174742,-0.843655983921025365
-0.261183898324593045,-0.590987259208836657,2.70220351198984732,1.57184886120121714,-1.45330096302878786
0.827855859213227019,-1.83039097505089932,-0.169509148280582056,-0.46536225993115804,-0.93521017072167234
-0.132914379482774708,0.567556896305722591,-3.96131752836620565,-3.16071787007965987,-0.499293766983355147
1.37012627100152229,1.9021260792521375,0.141307991389539089,0.291122578607422133,2.93075919763130255
0.817525013052863958,1.3320334085547747,2.20210628349092952,-0.674887791997181297,1.95208964969268828
1.96420330553625688,1.35669192494112179,6.55110759854412894,2.96870356814504843,0.467445756243564936
0.872623837407814573,4.43786428110796294,4.72724721007926085,2.6632511626485682,0.981506271770727357
-2.82925434340606108,2.65434501530717259,-0.426184411881227632,1.00235909873061391,-0.79970385575579328
-0.520167256119107302,1.53820279150975403,2.16615493411136395,1.039675610597393,-0.778866307098811439
0.713093585391664342,-2.50559873383821641,-1.32552536392598408,0.519743908678481414,4.5317740299365008
0.0203018852260709939,-3.52575411100524017,-7.43639708560207424,-1.15281783940899474,-0.494457739431009347
-0.320313052886607441,0.596111805430172281,-2.52785549680533483,-1.83317453700510025,-3.17773527661600008
-0.0700645886383934602,-1.13142047260512157,2.64291018347896722,0.310511315748223826,0.561573919721275128
-0.270773520165442538,-3.41075722699838435,4.52237940883369482,2.61146326070713064,-0.321144224219601537
-0.141811584966095888,-4.13080081477097405,1.49705893969216253,1.07483121087552469,0.722959180449076366
-1.3251200188191401,-1.33694211541344377,1.91540995270287762,2.54352511952045246,0.686471982214006071
0.420449165587339857,0.777672317863465357,-0.477545753118346572,3.15190476490674687,0.740462536243253422
-0.327803039032515231,0.106174718968306186,-6.79812360511333669,1.88205870063847924,1.97385141082222093
-1.49254076209679942,2.4567415718928598,-3.16695658856446816,2.88482235138376497,1.41905300472618712
-0.0867591237233249213,3.82911244352391877,-0.254803562655759097,-2.54320873021286964,2.71879069016454533
-0.297551215616571108,1.68632139546251358,2.85813418167521638,-1.61406092641582699,-0.214813569119117309
-0.554299576038750796,-1.04408087021908558,-0.456535619947291527,-0.469993947252565769,-0.176893571748432954
1.93015493243683989,-4.79986039006796972,-5.99624384557299983,-2.86379319161764645,1.39960963317309539
-0.265124443964125545,-3.01743518664846055,-0.424989127604965711,-1.72011734004670136,-3.14620251342946178
1.32619712903300524,-0.405474001568640774,-0.115341363596096702,-2.74176997939135481,-2.85566496979654838
0.129363989399696816,-1.67047332019409733,-2.38452980617977373,-0.566617608693424146,-0.740290431092644918
-0.228353092794336437,-0.935476946091110872,-0.61256551483163213,-0.652361867122614902,1.4003256683153178
-0.538876109125290936,-0.830478896448875958,-0.0773823849583644419,-1.27151137365447542,2.40929443712659408
1.25702367736870135,1.78135880796046342,-4.18247186776739621,-1.33216341069786659,-0.394633698561084323
0.38192466484306975,4.85237182234333186,2.58369148728824705,1.05063029158853549,-1.11609277924794958
-0.618242478481554003,3.70567390135391372,1.59083507581626815,1.54957629348447345,1.32456296656311268
1.1296607481537313,-1.92450725626664298,-1.40397537034305508,1.2523053298714113,0.812741725393224868
2.09212679121566758,-0.503517245915040879,-0.765800371264935831,-0.781093511063260082,0.149886760649814155
3.91688879652269906,2.41400731112302802,0.94871225740166254,1.44161457698828177,1.90821285096662363
1.48650437100300814,1.84054347060351953,1.23927387750242546,1.84460607253431075,1.55693490043758986
-3.35716442869784482,0.750343354861933265,1.07181571600880687,0.559356905501086188,-0.0456653954719785718
-2.91861244360169492,-3.96480018463725425,0.93743135548863965,-1.09623446580143691,3.04349676053240392
-0.647927800734738435,1.72008850576176564,-0.303818774665718272,-1.8656385122266077,0.55485252301848853
2.38338921132074688,2.68472414263907622,2.99291514202445619,1.62072314367461057,-0.198154372992337957
-0.262933777738821817,0.502492356388936412,4.22481288019331735,2.637776032926475,-1.04788735428279711
-3.04465337888416387,1.77965896268228652,2.62875904440585817,0.142823679039778356,-1.87514825503775828
-2.20029673951749816,-0.36927871008921842,-1.41479664195300692,-0.703244967670776711,-2.51863062568890772
1.4499008297796101,0.509351949504177948,-1.42969676866046558,1.63022681209430265,1.03674696709492542
0.180619373468749594,-1.30569742686662615,2.28046062511468106,3.82315066493455236,0.630976074924450292
-2.60327499317145117,-2.18900409261817508,-1.64084031965366184,-0.234547213655885406,-1.62891565403049099
-5.14891061443592957,-3.60584532955816561,-5.24652028287600292,0.517914431718536794,-3.55317937990835242
-3.17990537328899059,-2.40601525018214035,-2.20070759961630813,-2.65631922087589656,-3.0600780524031479
-2.11913046262717897,-1.24073314207329588,-0.438248315605756944,-3.67635414347689027,-0.922631955768647094
-0.557242059021706537,1.48775612725776085,0.579204054245314293,-2.23785658305055035,-0.61786785906620123
2.28548987911560042,3.22301216459422957,4.29377812844639539,0.686865583622332188,1.59423547573331748
0.442281010868604885,2.03700277501174698,0.330164466953752067,-1.76632872887467429,0.304861406045206285
0.555650622861775245,2.85877947253117259,1.60861144068553696,-1.31865027245072186,-1.67115522218718349
-2.58097005959797876,2.38350541046617215,1.52558708354523942,1.79999254968986588,-1.63736809595127819
-2.52235968926424059,-0.0518541169131167268,0.466688669973575276,0.37292016417467827,-1.09001925156809376
-1.3515900841454922,-5.81259538556692856,1.68313916747248293,1.74412689011468913,-0.943184018684897207
-2.54813644016341989,-4.32680318866563685,-3.06208438258656868,-4.5225016286677775,-1.70468039862745457
0.165352525858936034,-2.23657913854228552,-2.69264339944693498,-2.6185511257619658,-2.41786734795728275
2.89668394793152073,0.0438184384205773381,0.273785099118016795,-1.61653051368144274,1.57321241402709244
-1.13170475285354044,-3.48736241136983516,0.93494435882238125,0.25357987526468112,2.40092594835200446
-1.34031132248474738,-2.63102807905512615,-2.57974073506561918,-0.742669768355306514,-0.000487259601703100842
1.90124219308823084,2.54370202490308417,-2.15741463314526349,0.626707165273437394,-4.16010762070231888
1.12269650687954159,-1.33286606019552845,3.31381769522471759,0.471554937109340377,0.633309079775345785
3.95104376950876679,4.7694780130127814,5.19428551151015672,0.496412459837047682,2.04693070673069544
0.803638759219762799,1.53150793177249844,-1.38766371870265415,1.5964744059269087,4.75292862273553585
0.949040260410038972,-2.53149324105118634,-1.89907673691180046,2.31523681461613196,3.29955723475783858
-1.1780877096564788,-1.93541888506750381,-3.02323327512894924,-1.86500794286645166,-0.767782519229915472
5.27011578858633101,2.46568664661700065,3.9849081002220399,0.46120190072846623,-0.484060878581391685
4.56571206452453104,3.01004750791166442,-2.1726631889722845,1.71313084255947223,1.94311038005269943
3.96781009333265056,1.8137485979670418,-3.09010941692049723,2.30076220839056189,1.26773384227702324
-0.349898638402679707,-0.333602685955520673,-0.0164962422139984313,-0.0752096146480534661,0.568281863153473066
0.390627581290700798,-0.491596973528949932,-0.306108905093742112,1.60650741351212956,-1.15785359060205018
-0.786975181952904279,-1.05993200197381521,2.85450748619074002,-0.522476434904810327,-2.84135454565414003
-2.33800442567375066,-0.177823464601534781,2.68314751221793868,-0.198798069755298373,-0.151773002486699782
-1.02112076601781698,-1.93240023418431095,-1.88014575203799672,-3.00938976742960529,-2.75269022747668801
-0.548316669944474033,-1.84067516376133522,-1.03162020728472248,-1.47179374573445498,-1.73072485957316169
-0.0757479851757008604,-0.386015615979665105,-1.36116432600890702,0.81440870980054858,1.54124126959447882
3.17638855884150839,2.37286963293189723,1.31668817520535786,2.9935952112133597,4.45729479604465961
0.783421366065218283,-0.585906834661160225,-1.74337512009757889,2.23776134990598941,3.28284612876429538
-2.27281241551416757,-0.111961598298302017,0.609258362793446473,-2.10650565078898966,0.844044851897028492
-0.262297042308584694,0.45431143350108355,2.10389241914381575,-0.712772587786025813,-3.02975288834908385
-2.29834422538277794,3.63755449437176415,3.08073909546919467,1.02461517792016066,-0.417211164924101652
0.307150599242993871,-1.15176009195513718,-2.15716459883655176,-1.7462875398974087,-3.28145573748811836
2.34116270299304707,3.70170208801348055,2.55816577737842898,1.19095195038232227,0.584909191021615427
-1.10966316204297444,2.5082188747307721,1.66616384211891,1.71573560053400698,-2.74595651040693278
1.28894648977992343,-2.58124588806425947,0.26063451588362313,-1.51743985776511847,-0.878200758203282916
-1.85778512088499248,-2.76927581697250869,2.40494599119247177,4.04933076378892842,1.25208824907325189
-0.314684295375892764,-1.18076288626034187,1.44243155241246401,5.11193001481004217,1.99947856818352609
-1.22497443109924675,3.45089749420527081,-0.808423694223087352,0.421322117650515249,0.601975899916853407
0.606784548635418641,-1.50913948735527104,-4.66582173313456572,-3.78488693011285537,-2.43887439027821573
2.88811901291011353,-0.557181761792180041,-1.24648055517650302,-3.98122610795919307,0.943405871977498367
2.42795451930330453,2.00945867416392732,2.10087397682037569,-0.03024972907794099,2.29156209467786098
3.1696768457372082,1.65808282264285323,1.17599428400550998,3.36500643104284691,2.98373129438991347
1.89814656631155909,0.120187893429907627,-3.30718832370724369,2.4637697022834244,0.345848794200708742
-2.58745412522634055,-4.02130418752980834,-1.97958523928144769,-3.09088718630291748,-2.41746819770797439
-1.47411769336658738,-1.38310918076959855,1.61758014642482073,-2.0718322809936609,-1.61827488952170717
2.91194861078564449,2.89784434384226985,2.50117836245108016,2.32876542552791799,0.725596712267669863
1.85839203500042727,3.02077353698155582,0.470738929426738673,0.264430571574022111,0.632515137260929672
-2.13065781336976601,-2.19354800266950933,-3.17135977629160948,-1.82912697733984242,-1.20441465152530469
-3.24453519095520315,-4.81808550961301574,-2.30768232757609315,-2.37736437877747031,0.516591041721577215
-2.52153575162861232,-2.92250160273272064,-0.938815215064445763,-1.43061701176975187,3.54754089346673229
-3.47139342146169128,-2.11796936314689388,0.981155724215794667,-0.613025224397282908,0.0173130317475347142
0.696841411667809218,-0.919840519521953004,-1.10046112876554192,3.03784043703754625,-0.142735004840939622
-0.363331235469168179,-1.22426674466642726,-2.69037355752804874,2.32984915378192259,-0.414243330192039405
-0.64426494430764969,-0.11884177570559154,1.45445759091750948,-1.91454829413102856,0.173017619902172404
0.337843186612924506,0.42642329725726752,1.08213485313498792,-2.26741996742885776,1.780068056659871
1.26307249658589837,0.084361225870311668,5.06588979273270024,1.42296168566074233,1.11450439064404261
1.93334728606447359,0.964554611222293135,1.91988324920648012,0.555527033455408548,-0.467088358013231175
1.62168674860190554,0.495527777704431072,-2.167246943290563,-1.47224175983292582,-2.85300529876325371
-0.712676649966026643,-1.66044627662455913,-0.251739847694955221,-1.275920768300145,-3.47001937507443659
-0.605030074680447116,4.92426895948952836,5.87786996901660785,1.35536878432606578,-2.52959128916705422
0.0694345216431093704,4.83503520435771605,6.78634640191524063,1.059915511443696,1.38429988635848455
-0.529649060826394291,1.46227245776551462,1.3682145580936278,1.93903811718989605,2.52401089463330264
3.97056003722588136,-1.20412025385247978,-5.39915837650149122,-0.0331022109638460793,2.26677693499758393
0.470492081413694196,-1.05185153177370294,-4.57572273992538747,1.03074114309763543,1.14048265120767645
0.681254916258280052,1.42833262628034086,1.54606619106912158,1.27696322929906492,-2.00745412475943441
-1.12787970520744429,1.83185211600740971,0.612322085387877024,-1.62310073136672317,-1.62392624217925552
-2.92214505055994955,-0.811595311070589798,-2.72880205389233765,-1.7563899625130297,-1.6098856380164619
0.346238218613298343,-2.05258906049113277,3.90251895847194685,1.08690301639489562,0.188225634239570755
4.75349489810240478,1.02428259070469374,4.25509477623267696,1.63212880477755284,0.754903318968779047
-0.135079746358697961,-1.80490481871388009,-0.0519239702124738023,0.744474338671726077,0.485687599938640024
-2.5958233083351101,1.76489912403422711,-3.56483077691222494,-0.468345457724037961,-2.23619684809700381
1.25634796084799616,0.767285288510898056,-2.65582468264327032,-1.72620987086356958,-0.256963302799780358
2.70820974733030395,0.566103337122368933,0.170561873096607253,0.685141947048909516,1.88171810808800477
-2.23318550578023167,2.92715018238932512,2.18738314735312445,0.565249018568153572,0.781836586775061515
-2.04145831655780574,-0.917968957789875972,-3.48676489867724193,-0.444498423573869872,-0.209653182127995302
1.24483886646748898,-0.841668951648413599,-3.21617232494261573,0.907472891773315249,-0.260784117997821585
-2.97038754165124219,1.32034539716052945,0.734341817606474656,3.1507793112095781,0.785919021559488895
-2.28984741170973427,0.666343438603518301,-5.08513945836035663,0.854785185226448974,1.2143410521315805
1.38615855012964451,-4.18659477845836747,-6.09299883073458926,1.24384432001805889,3.11680749472433316
0.833162889542759522,-3.81740327686955583,-1.36395275221784695,0.332819629560825836,-0.336800108677991594
-2.33037622363743857,0.559275592445732661,0.431470499668608898,-0.904931914336777998,-0.67801821011935981
-2.03909136489427922,-0.818900651704177474,-0.210971147650741708,-2.7004198739333316,-2.14377181351556567
0.183841148414705641,1.03538821648668922,3.59441957799641099,0.234138274985275563,1.68451094796845302
0.460514264186207112,1.77744131392031512,0.91704750825953818,1.92707703943281494,0.204311320477023523
0.622452115096699954,-2.44316865870729938,-3.62175509404192431,1.76128640490093336,1.01787183093815292
2.32345933624700418,-1.09854391637447479,1.07970980030716479,-3.68985736390993369,0.586459362026493514
4.53914557105882999,-1.363162126502657,6.13868486815539782,-2.4317744674306514,2.52726812892874841
2.22264535360268045,-0.248744917300477347,1.31910363291540289,-1.50995752950279005,0.734748154604182746
-1.16428257295841497,-0.901394996717093111,-6.22735830982890892,-3.34751873901335095,-1.4367994450512851
-4.3872019136583198,-1.78397099400390657,-2.28493607506251184,-3.64841110091292276,0.470640695326993985
-2.3694288030739874,0.01185208376809491,-2.0856153631108576,-3.70668142675664392,-1.6745137987220422
-2.17968458802150344,-1.72430857192635845,4.25559996440704502,-0.881649865812049072,-0.5155740993443092
-1.74825173000883805,-1.44887519629004036,2.4208179624032069,1.73065081981828683,-1.43707205935726745
0.582296953777651782,1.25984155718637325,1.64920742133700848,0.737896450968633433,-3.74493976923005656
-0.220193142008708709,-0.540389033050400203,-2.30282747704256474,-1.55249313855766125,-1.29552870391462105
1.36319806987044156,-0.60111071508404823,0.356571910040285156,-1.458757727565688,-0.458092851154544067
-0.49806272275294744,0.520018510485500185,0.282862920032157572,1.793932286406827,-3.3157302698745541
-0.799879782984933674,-1.18294606299650296,2.21014328660540516,0.436092740662060663,-2.74167159041436026
0.297601462116697191,1.41739747393773574,5.89772413048357258,3.81282745358936914,0.628364778820242664
2.77917614374300603,1.50585811986629636,0.555732122476883861,3.55092615534004707,1.66721559380461115
5.62650872677538949,3.45475784044922074,1.86907491881389287,0.313953926132570948,0.91852672352356346
2.75124742616788431,2.78567332071891594,1.91174336585776317,0.313662564920870135,1.6370434413982824
2.58304495722988214,1.94157181134316237,-0.733076585642239209,-0.696677555581634023,-0.754640098950074112
1.94013046048644799,0.24143544129120173,-0.913178334672225755,1.35078746029566288,1.45462817603848737
-1.73715185871624223,0.929188152218302754,-1.57752784394773449,5.43175195892223783,0.546065082021518267
1.4059178757485884,3.11282194004199253,0.455724706952530922,5.61446286170897135,0.828653636442697072
2.41745907999184562,4.25005918303107411,4.76464620404058614,3.52646883851778892,3.44718030457711544
-2.68720974318098582,0.93439934424825033,-0.469055402820865497,1.08918251161611512,1.95152869926449513
-4.09264303800345175,-3.50744266391912163,-3.09936133471076403,-0.902208661985373306,-3.10405450395422999
-3.00019809563522211,-4.75875340659525836,-1.67119754738089732,-3.01999172102786684,-2.75588217812235703
-2.52020095281079648,2.14039827704667829,5.63008182421408865,0.2405296421538064,-1.24844085220755407
-0.806977897748027528,2.72272115447183349,4.66593011309853356,4.0903023784073671,3.77640415627204451
-0.00392952230493569948,-2.73486570557415032,-0.711641530472906902,2.91658024709958497,2.91469755231150041
1.27745043494897592,-1.6467451510125195,-6.4176409867370916,-0.133275158394871751,0.178903247842042284
-1.54124137239755887,-2.42638791518486308,-5.19714526443021008,-4.31146866757668867,-1.23184415572605732
-1.82345237844648844,-1.2521854092045952,-0.664627877266215084,-4.59538843256854523,-3.20439509911334541
-0.914142411064495897,0.803090048499316533,-1.24396761613962603,-3.51430512116210281,-3.6039864485561699
-0.226195425960212193,3.03718214861883196,2.30653485739529707,0.108538174670368803,0.0363463119163568785
-2.39611541411444096,3.19813994593016737,2.52778839940534317,0.695659840016760178,2.30016048966565334
0.922465396723271325,-2.72127350498348131,-1.89055005090252615,-3.43211770166851515,2.42873595419386046
1.88668764006402689,-2.16125914099279814,-3.77614866483730305,-1.99440930916096271,0.601389788350744414
1.24616896985969849,-0.2695628143197773,1.28713924747585184,-3.09476518023457059,-0.192937850956313994
0.409622556722784414,-0.650523363924296549,-1.65276394380118319,-0.587891535618393801,-2.23097315930265072
-0.185221857015386682,-1.73897215963641916,-1.32179712771662894,-2.0949208092672702,0.601161141693878021
-1.08713451029220298,-2.72989100360718639,-1.0890276399547385,-0.711504837045527472,1.97700756192789018
0.929969166739730513,-0.11609988720967912,0.112545841034387126,-0.596517543394360139,-2.96866205775899195
4.20872905151531018,2.61884366283188497,-0.133179573280902686,-1.09654316877739544,1.01570055243681567
3.04227026666373757,2.59220218536914304,0.640163248362950799,0.502907211578909275,2.3314164546201277
1.6499260009553065,0.243500159171371522,-0.046080717023557996,0.444467159213571439,0.0742264642707825689
1.15483340606162899,-0.491676557842966877,0.779522283355030821,-0.326325358971024604,-0.590934339965872968
-0.640512483884005279,1.12188813193047521,-1.07695167301785788,4.49538665701978335,0.136629387566276572
-0.672642181235282299,-1.21148808210224423,-0.277135180831376005,2.66004083586968143,1.22541896745312529
0.799666809258994027,2.74955853924356619,0.166482208670454934,-1.43017116265788591,1.3789462372960466
-5.35856858909378087,-1.95408498767327243,3.80221997607741358,0.238374069923240145,-2.5902695370408293
-4.2562108777204708,-2.84603418373365402,2.21881412781065812,-2.02731472547013469,-4.48389227277398739
0.761815865399282588,1.34227583366117953,-1.11075800214547149,2.55357250462992402,0.152577024957425256
-4.1497266379843829,-1.85943530251038203,-2.37983884591244932,1.56183243850964981,0.993028371824065226
-5.45233772917113235,-0.784482287848982329,-2.04318011318810067,1.42786766463712511,3.19661255545307599
-2.25719049988204867,-0.0130863505670361091,-0.556969667041290695,1.47456000380643037,3.62062971656525656
-1.62108852716274465,0.0761199352901552051,-0.958292799542342921,0.174792908015387188,0.246394404487339902
-0.609300502296824087,-1.90035035555672716,0.659409452161493048,0.609133338152108017,-0.465206282704272833
-1.16863046452322417,0.617204056857726613,-0.601156719341435997,0.572283175447582115,-2.82464902630159154
1.02562020644948548,-1.43117389985816379,1.84314603034473845,-3.56231771710684075,-4.99771786119665862
3.07600616645485525,0.165561069307756159,2.22148618522765817,-4.26728690911488506,-2.42857931792324067
1.08881409873292534,1.82756415929870286,0.0488430347170967089,-1.59218757895830509,-1.92039707547434491
-1.25432713906868232,-0.743660923357201242,0.0188949217420641864,2.16923630568828818,-1.405511760321704
0.836476360863960045,0.164059796559241633,-0.512995751968959413,-1.91125341132532167,2.09285088538142228
0.317464542073291611,-0.732681073359421231,-0.314258400895153889,-3.31995529055857652,-1.05077139024398503
0.664479609809633831,0.501521455018139717,0.233809800703716819,0.77393254522607946,-2.59723960109138607
4.30517323196567414,1.41497988016427145,-0.102646070824819372,2.11775223398819712,-0.87459783668368607
-1.20306874223118432,1.53963061474913632,0.636036345164814776,-0.430589444946138322,0.25016846469501508
-1.32682602463456289,0.108113238569124304,1.41722240868311777,-1.99424530097085895,0.736103127679249236
-0.912167982008545541,0.193932481996848982,-0.913264843475813715,-2.26573525030192968,3.27796122905111131
2.90195770813264486,-0.404399203634286053,0.489476560470068378,-0.0610734064061418599,1.83778296967912902
2.37803030778158409,-1.50696061104146528,0.749714719540989338,-0.891622516464782189,1.74682088790472134
1.21314721986787055,-1.83743272155180559,-1.48545846861075392,-0.0879456244680260901,2.67922935906540527
-0.422593736171669676,-0.310839827955423975,1.1600440787394628,-0.261060045743082225,-2.09985080080225073
-0.52531838118463714,0.415769861831243315,0.84651430518211801,0.0855278055175097418,-3.89899853331031121
-1.62925841261900417,1.88178736567997262,-0.141409707757543801,2.62362291938682057,-0.89196277218493536
5.25252175190026538,4.54925953387152848,0.0857786034839902317,5.06141566599024983,4.00161019671743645
3.9274729690215322,3.23795040414754709,0.962758801575444023,5.112490753634642,3.74329900291647366
-2.01035400656883834,-0.89285953638830351,4.27538499930313165,2.12141685896577936,-0.576827548789214828
2.07748434986986075,0.286916449137901597,2.28232116679318908,-2.69748672532748834,-0.630921844269081933
3.18436800219694849,0.541937307176158956,-2.36539733253106021,-2.93056718643535241,0.391992997364707885
1.02404282209262543,-3.01692274747160827,-0.909242471434291932,-0.617342423353496095,0.451575171772335249
-4.98187302793834608,-4.07617041765899657,-2.30454655734793334,-0.928752449174449657,-2.07611760775690746
-3.56413541173609794,-2.26499114575908722,-2.67602695843057647,-0.640353314086989811,-0.90040802985643198
-1.68639664168189407,-2.25757833581542888,3.34259781179627069,3.061711198683569,0.884698701272221943
-2.40342918444448017,-3.17792786637275793,1.45354846084653677,-0.323476573024533864,-1.61119442991538198
-0.601901776932291743,0.960952137100095638,-0.952992835955503326,-4.01775484459725885,0.369870704592234645
-0.850647989626954204,4.18758047045692372,-1.82420044929057235,-1.56320011430042283,-0.334558223874917571
-2.54148540777734588,-2.03576870187786474,-1.92355560108002943,0.224627688782418317,-1.15495509352562009
-0.925001451858940227,-1.55339620449075966,-3.72800288131657842,1.86706577321926348,-0.375018038749688365
0.349552624435515935,-1.06899163307505241,-3.29991952461269378,2.31648717385212821,2.45340387880674093
-1.53057208953722168,3.09063444551694833,-1.62536687429321502,-0.180918508608498424,-1.67079785201180875
1.58599617421345007,2.74886973226911291,0.0060112319813985125,-2.03087256663701288,-0.63884012518979516
-0.549912810817724251,0.421756753449898381,0.0585663007351280157,-0.274654792540268311,-0.792909973117343569
-1.78656965007293,3.91056319612227199,3.41349558393682972,0.422385646197341924,1.86789773964632255
5.24234800537099943,0.342731252501256134,1.46190960197463737,0.0810542661862260067,2.61861249992066059
4.4399311824763279,-0.877954819242459439,-1.35131700266568178,1.53623374882075692,4.56395410092287879
1.91086817099549688,-3.35892230230640854,-0.464845758160584877,1.95606645612825392,1.61106913194897605
-4.13630729130504182,-4.66589477222254612,0.661567095416057738,-2.01626106208960643,2.11767910237377244
-1.69929148705110333,1.17317495620894618,0.304232964547004492,-0.655362322085728422,-1.19118056433393504
4.47893642327327601,1.6556012803041007,1.29920580790543294,-1.50477703582832611,0.418193432475666926
1.51919089193347134,1.74467346124483136,1.9458965719500434,-0.742249760013666604,-0.720921993894340196
-4.00197893145459194,-0.313322779532588913,3.17465674818866805,1.72314860374088097,-0.709291549817312794
-2.29220835682391444,-0.349852502259578091,2.26329867366784931,0.538229982129001194,-1.5914675785237915
0.0466600407546554213,-4.70460246186872322,-4.56286224099484272,0.936635037310477925,1.10996758365694626
-1.16689572116822027,-4.95375570347356486,-3.28674757363684966,2.41388373630388209,0.519574363117576543
-0.796148350572297048,-2.94278664377465526,-3.65629498083102789,1.78694597083196993,2.33870456320936571
-1.91254332131706595,-2.08329526760152506,0.842566362289549176,2.89564636576415246,2.12079090727219244
-2.15702157009115103,-1.64789055120570183,1.51755320339405197,0.487877644118315079,1.71941640525396955
-1.66057060956994085,-2.40082723252242092,-2.28545751779135786,-2.41111204690953373,1.3874982844689383
0.0375003787848937203,0.760195602978777418,-2.91362286665265513,-2.59282222962282205,0.677379629645570414
-0.898439970467528104,3.02238031595776935,1.67430803477720103,-4.67173247489890819,-2.99560809599065481
0.997620291165112194,-0.60704605072087936,2.75336841661126686,-0.255421185278368934,-2.53441174883873677
-0.0819801067330614835,-2.58552660297903003,-0.322402392698579787,-2.85330019225064957,-3.63217921468813554
1.26655766206545084,2.22195131422615022,-2.06067799350994996,-3.29310702122101517,-2.78709010589937067
-0.284292425950089467,2.88343453614568723,-1.37963349992000817,-2.10396450677320423,-1.29371976728482885
0.258865576337845738,0.940308855377650521,0.788312165370787854,-1.72867735836086722,0.230617708802454413
1.7174720059384736,-1.31617367044332001,1.56570751635481265,-0.057961483435193327,-1.94384408104212647
-1.02182133301312139,0.592444178839874325,1.85119950623206586,2.1637490329694109,-0.446537223542179229
0.852660101147859395,2.40852235589213981,2.90913648504813427,1.8868148944394314,-1.31938110112368334
-1.12803801197949816,5.97311275931390284,3.53849593776362426,3.57368537522764562,0.876346565783674314
2.11007437096825745,-0.325339705436960114,-0.010355285214743281,0.919178084408834195,-0.537533166155999886
1.91910345642748781,-0.344960726085535963,-0.618990482713450141,4.17848697476438513,-0.964861389119974544
0.965792989853716088,4.64940592255236851,2.35250056161289622,-0.270246333446937326,-2.66281414388963178
0.95306629831304579,0.819607406545259431,1.26179233693437998,0.00773480006078456316,-1.90712944045570665
0.134038494899015037,-1.10766831707730962,-2.02661631343098936,-0.604596917511069476,-3.24639151686689864
-1.81686115263483017,2.51307176827543888,-3.2557342385625927,-1.74702347041582207,-1.79361069644627746
0.221826868282016865,-2.27678857708341775,-0.20839923544855754,1.07727003415796752,0.344030771060202911
-0.924541107017716079,-2.5366920903767034,-1.1057533363533627,-1.7621958801877049,-0.431015506929432968
2.99928383102714147,-1.58217161962469044,-1.22113185375644062,-3.6183566144101329,-0.41865887265868279
1.23489532641311883,1.021568932641709,-2.74205296609350135,-0.13798998837176854,0.766993626085975655
-0.623257993539873545,-0.588963628696385189,-3.16314308346423445,0.00124261053940614161,1.42859912130896238
-0.663088602379655279,-0.386769814381562216,-1.42255064271632015,3.3419909877924896,-0.264350438783287955
0.980995517660681271,-0.134670135211742203,0.03537787832918525,0.697997464089015085,1.26515334704469939
-3.18742680540959267,-0.156666749446399911,2.01972938718277462,0.559264686577675474,1.19315674242485925
-0.527319485131451549,3.82261469662866293,5.38057616482630152,2.71923718582190421,1.49000424868087711
0.353493807021526607,-0.812907329297708148,3.20153929736037179,0.660248899740671247,1.20217983269859885
2.39704725999790735,-1.45973344475725231,-2.58329628633172259,-0.628314601781418069,1.58563807971413184
4.44644701053268854,4.29062084414961298,-0.220310235667262433,-1.62219855596345752,2.84220093702492882
-0.0960573133140057295,3.13218620902277944,0.80810936925911081,-0.403892736968753663,2.08101228712672226
-2.23762855424826501,-1.83064864314849829,-2.84039675325880481,-2.86806778279505181,-2.16123442620986994
-0.624097443402881313,-1.79901708457522447,0.43494808850385136,-2.02656020230415379,-2.0282706267109436
0.738253515620952538,1.87746954742619843,1.69927007284445342,-0.993732211671312871,1.22212357492602974
4.6611881561595796,2.4710627423446403,-0.0187926769051958084,4.63740279059426808,2.13561626019576556
4.21015963886028821,2.5710589322974835,1.57845583719133731,5.6182708520264093,5.06366738621353552
-0.196030676910550539,-2.23855032833837475,0.046549499024056494,-1.62253218286943413,0.956759676358656441
-5.68587248320127703,-4.53765656830813402,0.107201033136269483,-3.06784385311314267,0.828044140458726319
-2.33465025694951889,-0.539026749815236572,-1.12696333204575638,-1.77431512556349591,-0.454389275744665866
-0.348057651957629166,4.63014961078550069,-0.833794736318868579,-0.396596580232165707,2.02562025266505552
2.37878647791972631,-0.909780983752534356,-0.911821783974447686,4.3587612430255076,-1.85132743363048968
4.37032325088181839,0.55065212077331338,0.759501024511504697,3.82241769612832583,1.75271247616377046
0.0319179514402950643,-1.65924272238739645,0.287525357273490156,-2.18687446188665779,1.1502087211747507
-2.97974338077875212,-2.75937731894438665,-1.2153538828262449,-4.20132210345396206,-3.88659947951214546
-2.75796811734165459,0.652595650232335345,0.557955469999567688,-0.792065232801613894,-5.68852565032677582
1.95916174710765811,3.69823542605861677,0.750341439851961667,1.53947944802185122,-1.79771226526705452
0.68911879269235754,-0.565477052836574456,1.26774695211753907,2.23607904191289597,2.11967574470957221
0.117017911508372582,1.70695557212087734,3.37096365835791634,1.30645511020636773,1.67894203955792243
0.932213360017128845,1.5999735388909484,1.65758268205238046,-2.89482256934281246,-0.995401936064301274
-2.99281579124595698,1.79911701824267567,-0.709983825704939231,1.90986724473969471,-3.75437971269618354
-2.58786934996171558,-0.97178379305916307,0.909994647846973925,2.84077766619857286,-3.43317806857380159
-1.61066794291753834,-2.81416892786813921,-0.292501203600838644,1.28031401973276249,-3.01220584583417228
-3.35132821679626103,-0.454748077429648068,-2.54063154716591333,-2.9455869336542575,-0.601067803967588854
-1.06751837474886502,-0.691674694372318877,0.151570579134805872,-5.08457594960589621,-3.15552087188782693
1.85746451590421335,0.898559634110206229,0.12928242716051852,-4.20794293858907054,0.340928250897843566
2.70159438075342839,1.44005116219585871,-1.40308545381923189,-0.337251511931760728,4.88910440303858795
0.208495184549899681,-2.00157351804634009,-2.39366637659777304,-2.00683855016206802,2.81917782876669998
-3.99344915052082428,1.98177312897918445,0.280797367543933474,1.20600498287416991,-2.10741140387871395
1.09293212027422171,3.29023399711255271,3.2808591099415807,1.09253889336488741,-0.448326420892460387
5.29225649674685439,0.841603446985347059,-0.610329420066577311,0.625008363341476358,3.2670075614246854
2.19846480394806632,-1.40724056772416195,-2.21004371564500435,-1.06738662410279184,-0.00532620714927826977
1.79481838695929174,0.0706502469015315576,-1.81092396299459191,1.03681054851246124,-0.194674784648736499
1.311790327163606,-1.26031121723340966,1.75577919116720338,3.27188497124039923,0.80574060215261023
-1.30951482868536817,-0.501964101326035861,2.5530199550523478,2.85517475537949572,5.69359052377027641
-3.83614218406726915,1.82499683637754839,4.24108044996338318,-2.05684278194519043,0.527422449276492955
-2.10921142897012937,1.1039226512732141,-0.0268868191580412461,-0.674311167166441128,-0.765619200996423332
1.42686697519583494,-2.9055065795538213,-2.03338791368893013,0.0730015242108647266,1.48968859134113885
3.96316544780752134,-0.152778655109274686,-3.77098140503165835,4.89845066734421053,3.24090748013527552
1.11297681128214632,-0.678376333635363649,-1.81523893932458558,-0.132179812453583095,0.385088446501813897
-3.74790202510195014,-4.80167355196737144,-0.695827063532877932,3.32871248063530967,-3.65973977174054577
-5.05888566697531683,-2.49752300747631972,0.509908206083797499,1.31602828794375371,0.197554100967594459
-2.91696540919474989,-0.698823042651437021,-0.77887992044963561,1.10054330884266993,3.66551890143546411
-1.64807260962803159,2.21394546982655926,0.289960522003499643,-2.28790499548132864,-0.0207181788411516105
-1.53970647371222191,-2.91343829526237963,1.72947210677474539,-1.96735496302081958,-3.03001915820950796
-0.235162006244869493,-2.12178591260542593,-0.163382288082534965,-3.79209708179638572,-3.11146902128765657
-1.13322090518911933,-1.23413412837782865,-4.10048146603877406,-4.46491630711037057,0.144744311461553254
2.75621866045174091,-1.09499119083425822,-2.57405023996066706,-1.48049414732795404,0.766577506568074885
3.41045329526654895,0.612001720821347073,-0.0970593699246167785,-2.13321032144591705,1.37928656539271222
0.574858864170405659,1.83104919393893018,-2.32031426921179129,-1.37454680075362745,-4.13434482218796706
0.0319035218357409528,5.62292528544159964,-0.51363062311966412,-0.349620873359687834,-5.68101177367336785
0.824832125822902551,-0.198328326675116129,1.53533547746204291,-0.216546083645969251,-3.24518831283834075
1.18995343719292435,4.50750173888336736,0.54031208450602719,1.68842977547611106,-0.477094558022880866
-0.29033260039139297,3.6548352859913309,0.547116973199160306,0.876587563178362061,1.93098111971707986
0.1711125906578429,1.33095359922125422,3.44683317959415803,3.53277487862420392,-0.247343516157266519
0.415074778385397081,0.783257163307628623,1.73502160353642632,4.2089870161151115,1.82906690530868965
1.41038519128428219,1.97631990048251516,2.51505642533651885,2.64969209835977715,1.86206211536690014
0.329762827966696093,-3.27201817867345612,1.26199673468732132,1.19207786862276799,2.09229791342118165
-0.677233025688482759,-5.27083543225413287,-0.647456021183297481,-5.53405154848118297,1.4667152367485019
0.126592397744667351,-1.6195684545654998,-0.0330015092655578865,1.52555380676107988,0.0658120163580347556
1.74616018391313554,-1.24120960375294986,-0.945037023566669521,0.907370941174394763,2.09365768362803584
3.05732410678842959,0.130155200932135506,-2.71862113171473396,-1.96138790920759454,1.73178661881166152
0.730943530404163599,-0.822293200945102054,-1.15441011693527762,-0.0408658027383249425,-0.0548651846922303815
2.11035865359162411,-0.0993889632625517411,-1.06716509540912408,-3.65832163810111721,-2.45780149562669781
-1.0905953667463566,0.692997548309161826,0.813793038121598422,-0.210635282820341913,-1.9713393477428065
-1.53408666194757548,-0.782094588155421766,2.00998402924411357,1.30412352139674748,1.53251304060133897
2.90106201814429276,2.15848347754001413,2.50134775505628415,-2.63892195798918427,-0.224045022409437633
1.2377054541990522,1.59249581308654187,0.817622025424973753,-1.00140155006107934,2.39947374713116401
-0.0231424741936403638,1.96554907871450868,1.57694393600391547,1.87171664988706232,2.03945598090084079
-1.21147775880844266,-0.1394312802552512,2.97187306199000645,2.75151554956702382,-1.03776839033460111
-0.346500664681439585,-2.88247218992911103,0.566558227236651946,-2.63370049286821706,-1.4765659581039241
-1.11275230404382541,2.71903170220492063,-1.08095577658801845,-2.83800847091128006,-2.14502579394117721
2.52782336047651812,4.62222616316198476,0.423783119940922881,0.576192039279581181,-0.741510526344427379
2.59885760946500932,1.52422471606836685,0.272347192193632126,-0.884371307965376441,1.91554943636847796
-2.4951466459677456,-2.99200039955500019,-0.775060202519781472,-0.0412104140061862814,0.334849377978154117
-3.32188973409923083,-2.50241038509356617,-1.47451655864945241,0.225715088678683978,1.08497662304033593
-0.973072505870007487,-2.09059935625403304,-2.16749036697343378,1.53928754585586813,3.37327527262589699
-0.502376693423842946,-1.07345386686205613,-1.987648383689397,1.24838135962737518,0.795438874486966596
0.653197399298834691,-0.955931440767194607,-2.5878257920476333,2.59517925677623218,-0.570249615332525051
-0.8540472671011623,-1.95479235316424194,0.178262926047753512,-2.6014380789267344,-0.485583539147072474
-0.894160119444406765,-0.0497718602936321058,-1.53739094321499015,1.10851798502672105,-1.95782319943047467
-0.914158073629149581,-0.811954431869364668,0.995257549748365333,1.08009920009453486,0.70172249687184074
-2.86870781975279776,0.667471951409174924,-0.601567034109451559,-1.00759455046052904,1.63576529046145103
-1.01191422166015199,-0.460770886088225806,0.904537807562618812,0.121289074015081516,1.44128577143120751
0.184296925948955359,-0.193089744803502716,-0.425827927931057393,0.123250077631884697,-3.76624034789677919
-1.83570725666272216,-1.11788975620507203,-0.0171094270932680079,0.242150287736674491,-2.48052843140475998
1.29569110337359894,5.7479691434382234,4.70054780418928253,4.92751253264301603,-2.05813930438278669
3.81112109771823659,3.28743604184464866,4.16173656076702336,0.726064501073896862,2.11672571739078785
3.02815931100972913,2.01050147674364599,2.07108406689382729,4.86787729478879161,3.01445577741497761
-1.67343726495503242,-0.333523395100692677,0.571216135801941749,2.41772591250731494,0.931565879401748398
-3.79187772144794977,-1.02355246419614931,-0.542242794657648353,2.31916536696699627,-2.17981862564746232
-2.66812692745442748,1.97421124717643237,-1.03951681162051579,-2.89429340688702208,-3.54788139253489643
-1.03789272508853836,-1.36573579598753647,0.017162501856733188,-5.43152457503412744,-3.82746872336623456
0.694211433037238534,-0.683174405354703751,-2.26849463880414071,-3.31284621867947093,-2.96130206385743655
1.87834453806451296,1.36581816368384779,-0.86512064633697805,-0.730592745538468535,-1.4139668334115898
0.697166143134583138,-1.4262702518542949,0.0374619498667969411,-0.509293399953130166,0.0319688506953333534
0.00360367682526550881,-0.200094331286683191,-1.46178277079196683,-1.599407626403756,0.259014087860523878
1.16748078453603643,-1.05637859529479194,-0.0772626037544426048,4.7131342540979313,2.45327698031556718
-0.69031759831896633,-0.937152086033331111,-0.633787039024703458,1.15752657120554026,0.150367989204586883
1.12193821281862038,1.48830352923443487,-0.342461026811029745,-2.18185030634612742,-0.503531075329176958
2.78696109680740056,-2.31934670757319195,-2.22082809302255768,2.90651135188526233,4.44686166684502115
-0.401086222999646691,-1.57192009582569159,0.958030880357881531,-4.64233583236421676,3.53292513194569757
-1.22756357195766141,-0.0741805489682607899,-2.82080829295372881,-3.43390477534520011,-1.3189133673541773
-1.36279227934509195,-0.448044434998703112,0.477884284133832771,-1.13028139336372901,-1.64323034080286323
1.77255089439092051,0.622759672907864936,-1.19771899571155349,-0.675936274910854618,-0.0647323842724562559
0.657609646546808979,-0.940597302078313602,1.55935156784887052,1.57411090712514246,0.233406205178274317
-0.655377282016154528,-0.866721275816311088,3.70334311061611032,2.28855747869411896,-1.55967201742876727
-1.00598230369262343,4.00416364780733769,0.911704221108572188,2.76129883808543664,0.521609433455258342
3.18502315652621348,2.18001149593671295,2.97498546482691628,4.74247574616926393,3.54208973615207334
2.22240350824002819,-1.86026180505899341,-1.93534718728524813,2.74436456179244459,0.996054933557523503
-1.71555314949249516,-3.89300854394954454,-1.85235065604818616,2.16273538557542944,1.72007995446078765
-3.24150027679901642,-1.6237368437725257,-4.12426841163926827,-3.48881666309685512,3.21275057463217051
-0.313316683871549206,-0.768350599775377563,-2.88823886873085911,-4.80251945395894619,-0.278873988905294856
-1.64478569011387421,-0.477106172412011198,0.0903496398194247735,-3.14864249211085001,-2.3374066301206331
-0.108827923590656322,2.53434850755244012,2.51943418621527071,3.22201085074444116,2.32097324449858622
0.0828992112430679551,0.535700857104495554,-1.82978463475393638,-0.965069297798784032,-2.18304690716828986
-0.602157332648142196,1.86999793998303088,1.44648402012373967,-0.283552826940352998,-1.1472037224420919
0.984637949298016624,3.64107167220563799,2.66618011424957357,0.478344904984253416,0.543389547875599899
0.426750879256762472,2.4335605756956542,3.52761812091899563,-0.701133583942841976,1.91492878369636377
-0.828908025836867957,-5.67921034964714089,2.65057623107828055,-1.16281277370375302,2.1707541651828568
-0.543121139989977353,-3.05132211130742403,4.06177442724604809,0.0728446739637485241,-1.84815910627976687
5.07066446608392241,0.114284914573053203,-1.93672798390349454,-0.489906510168733655,0.27517098222287234
1.09831094341706836,-2.05682268975115301,-4.80230429220075905,1.66497821543102087,-4.51900175366628964
-1.30642654043578199,-0.898078622472846422,1.79244639085037583,-0.108479167468413545,-1.44317537213649261
-0.613624802927050572,0.613048385972652654,-3.26298980940354966,-4.04222338090417654,-3.74803062552735744
-1.09124051134457511,-1.11115794993365435,-4.15788439146739996,-4.79628373443748846,-3.36172156928630583
1.37677855275268102,0.801063347132176085,1.41975003187523785,0.362727766619346914,-3.00879995105401132
3.40495282604842364,2.01754798475641861,-1.61388768489911105,0.702052622392289161,2.9696862173615175
-1.63507290200794131,1.59551041201012334,-6.36670347658722857,-1.82925877345895715,-1.02747628340167108
-1.10071116646233991,-1.5797968782531433,-3.45835233337858128,-2.1408899968265378,-3.97462102780540505
-2.22534495676950472,2.09947399026651604,1.00007063936290397,4.32017321830607681,1.78796991793273929
-0.509473064262806141,0.831305237465460367,0.0579835716865778478,-0.225312546391515128,0.137171921049678625
0.89775477563195949,1.8439716453942161,2.82046241347867044,-2.32044641827833775,3.21643422673307322
0.0394705201376413795,0.224080570839345627,-0.390575917086274149,-0.27951994401349034,3.50760571157045353
-0.851792751952904048,-4.18006830043724964,-2.665306490211373,-1.45717916633976707,-0.0517892573369786446
-0.319919443587063257,-1.85671552985560262,-1.65662969639844193,-0.131269755679440853,0.316252341367963763
-0.450368955729400167,-0.252243583516412129,0.946463088346776393,2.77720804037860258,0.258358924550177671
-2.4988696775763235,-0.0330573246538375456,1.31722310602098402,-0.571091181699801664,-2.29418795211263982
0.163831423031300411,1.19730366978750813,-0.350837258424504084,-1.40643966766780593,-3.80167357458222677
0.122758772980684078,2.45964759089805929,-1.21023835007055847,0.690305787411663152,-1.26529439235128538
-2.33577466854533933,-0.532744238282851668,-1.68726525699542518,1.20766857002338557,1.26547962934199032
-1.64303330960707106,-0.986592082897366773,-1.14407309874852392,6.27204225500234447,1.32975902658799794
-0.91030681060547769,0.0447291183458113292,1.271855388684487,1.43578931919535413,1.98118934451192863
0.705204757868211463,-0.473771852828674345,1.69081796580587507,-1.57328332053162945,-2.34759271696195171
5.63999484263077999,2.72642752759105145,5.45356292252267849,1.50590937588468865,1.34809840546622772
2.18239792692439627,3.33359198674894408,5.45325326049242243,3.04613996442270452,2.50674897558918408
-0.708185748394444814,4.17168792240784558,1.96464278965583827,0.588086515330773385,3.19262756258030889
-1.35695945430838272,0.0156594320450057986,1.34632369043055644,-0.950706113662344032,1.98142443863975815
-0.324417969250646254,-1.86326529325943491,-1.30618215011729855,0.071592954039390061,-0.250951984829560659
0.612456134719565948,-1.61207662945829622,4.80853046120095939,2.63914905176116221,-0.503577550135740903
-1.95066945810366077,-2.939493641943284,4.90481305011769564,2.25662051080183534,-0.291743432345442588
4.73063359310478493,-1.3470352606755831,1.33086089196845836,1.70088187445906724,0.425381396222770325
1.63190486722971273,-1.20491890365723164,-7.79550147634838364,-3.59601986373836535,1.55946247728658238
-2.60093168411161502,-0.486180807636522105,3.1832261853455468,0.0512851671290368849,0.516887478062340922
-1.87478568346080188,-0.934726394739619493,5.15449646413934737,0.21718257579979941,1.28403528140219581
3.81649408140600555,5.08885092221634228,1.57526568497570207,1.74476017717663257,3.94588247064915398
2.46050921262286693,1.8005049654570493,-1.5693505296353496,-0.148131390598625096,2.85853200643073091
1.28697169652845034,-1.21297643579880643,-0.383383088472560862,-1.74335452240264077,0.55553152746750567
-2.56907407752189476,-2.99150783856934988,-6.09219327010847511,-1.82249376848248512,-0.861538058518114269
-4.45814898587291442,-4.05460072000018634,-3.20140603420243819,-0.793907135502330608,-4.36318912764295153
-1.9949889009941737,-2.25324129302690945,3.24997293049084091,0.255464666584985234,-4.12892463800579357
-1.91367349709194201,-1.08152115789343606,1.76513127526613789,2.92625762776500897,2.15780701430594091
1.40831270480573423,0.923079971716827541,-0.953491687320653591,1.58886827347566473,2.82184684956272269
-0.266696010428980057,-0.850606966668707165,-2.79752896950170094,-2.85816041708365898,-1.65967264516756718
3.54509970684607145,0.839145995401103795,-0.771872698197918039,0.0588483246054530007,-0.767415428346212014
1.17299128760979698,2.36004409301250506,1.18034948947899854,-0.580888676187502284,1.82914666339517029
-3.46141913901927767,-0.6403664607923093,0.330200505834208569,0.554368427301592304,1.13398210325176696
-2.90073782936958491,2.12711307863533072,-4.03896777894474202,-1.20014324627718261,-3.9535938419599721
-1.59284172000643087,0.6074880448396629,-2.74160385873201085,-2.21884270547383622,-7.37811133031046751
0.821990477271862252,-1.96290065286205762,-1.18045421400533779,-0.828020767604779717,-3.5791516160515342
1.80028153040556971,0.87235816512892983,-4.47328736303988084,-2.31306458263434767,-2.53379367726740101
1.43726867224606947,2.73038638909532239,-4.49736151604389089,-4.59706841165229196,-2.45687558495472169
-2.04040468856440471,2.48516362475659802,-4.22380108789324904,-1.55274950483117857,-4.16267866244028895
-2.11724387306404394,-1.18011876977233032,-4.32606469156120887,-1.9759570773838333,-1.84699259721983933
-0.343661170288660278,-3.67338518104026113,-1.75177719968409296,1.40460762161271036,1.05815189585780134
0.729318264846450681,-0.785872783765459659,2.32747471071840462,-0.375082327124497183,1.78135168259357202
-1.12948771730667552,-1.65134574559639979,1.34506164956105811,1.94380024395176498,-0.153960947842650964
-3.49658941216276142,-0.520717525074856469,-6.29492054103717535,1.66516767595179371,1.43986395655855426
-0.97063409123693889,-1.0403524405388298,1.08158515423912838,2.79287944535480293,3.2546894577334502
0.398306605871604824,1.0060232284395767,4.58636573766511724,2.15679821681138062,1.19971984747309746
4.91009886161680864,2.11113153608240411,3.60831546598062181,1.41591488483268857,0.984651159313856938
0.176748577929151801,-0.393442082589134989,-3.89398947591811817,-7.43558474411709547,0.399992141266511447
-1.03704701723191173,1.02877544446743108,0.25257883195628994,-3.45235340185482587,0.16090281621332142
0.0138865666753426875,0.569390911879612882,-1.2185754176533854,-2.84091519354279498,-1.70021894815252517
-0.211203836308213849,-1.82500104452180656,-1.84170407375628353,0.752511052217607612,-1.17853900514409893
3.29307705171370158,0.183267687013474845,3.12017544715011441,0.0772328168793176839,-0.14524524766722241
0.81890938746217079,0.711146306197921962,2.42679286955913387,2.64486137983955638,3.25415266584666396
-1.42910940526129315,2.011501450954436,1.83128265934162737,-0.706830694267679638,2.87759897292482192
-1.70014937258455578,-0.828525847897966128,-1.328360484280658,-2.86050374827818699,-2.13269539077388126
-0.667124189421112179,-2.04057211738649036,-0.552781839701126154,-1.03049809413348159,-3.58575608492460374
1.05642549980704237,-0.820730750687257316,0.174245078622196958,-2.09623866594856523,-2.68973585195706821
2.25746717007600983,0.203667112042073273,0.98245824438090712,-0.870821225246647623,0.957065476849009888
1.57219450205397471,2.52346551234363714,2.26748133879468083,1.12941576112229103,2.20104054148023032
-1.54024220905614295,1.77176952305145941,2.19031623330804948,0.131725034403005897,-0.0525442190591671188
-1.99738959444808151,2.5761404632598226,1.80942352792603978,2.59032162844199121,-0.347406516635419604
3.35077015858679639,1.45416144289497518,3.31391418545065131,1.73761779495512436,3.41355116637534328
5.82695472697755701,-0.94055318575992708,5.14218058050261639,3.12462315838856686,3.91968603091924717
-0.0550934368308180489,-2.53225305045015947,4.28208779958128094,0.318987967832257802,3.57208393358418741
0.235800033845628282,-0.0531327819966370199,-0.934304379231819304,1.17614960881577324,-1.64172081225634536
3.6529630409532734,3.44658103489427781,2.2113464233975848,3.5361297031751171,1.8279304340121687
-2.49984089288567413,-1.63282243048883013,-2.54558758594861745,-0.108826586358573535,0.0800207468382498899
-3.10123318046716134,-2.34427177399265974,-1.4937290261180336,2.83756734040810699,0.869673742533213279
-0.541115452055702217,-0.25449889711137974,0.858216596962557143,-0.0750889206308983786,-2.61225840298203993
0.823558077809118161,-0.17686526592177973,1.37158938430117505,-0.840038537551024755,1.980678281178478
0.630074886509185195,-0.00399777371519366431,-1.09659590873837298,-3.34386381100211683,-1.40758560370909702
-1.24927014381285861,-1.15562360401944697,-2.72191552610296661,-0.897386776513586226,-1.67182762171243127
-2.47847290321982694,1.15052071425912628,-1.21739937901264073,1.24585137812385249,0.621730037652225898
-0.653822281176147269,5.75838967399505375,0.326809004964524474,1.77847423877973831,0.786727806619797576
0.956153846368838045,3.19002350383656053,-0.23609281567202825,3.54958530595092547,1.74028343937278995
2.779560115426019,-3.81715699728767577,1.41652789436361304,0.163770460825721664,2.65799155102585694
-1.35532820108037111,-6.08728893913650371,2.16685126498948533,-1.07228494265786911,0.629913100370201429
0.262569805035198334,-2.2773303035326502,-0.439335848073757473,-2.12286998333269317,-1.21859744159162275
-0.347966704920954606,0.397031407156109295,-2.44723894649729568,0.67678128573563201,4.06080251397349201
-2.27520785739458953,-2.89889916325587738,-2.23368520920468683,3.31738796743576936,0.155297366267079739
-0.888612873810577963,-0.744073851072098114,0.916012689706070526,2.60122457964729037,-0.281559353912558874
-1.37694689488370026,-1.74861986721268403,4.26686633767386692,0.606173640894689281,1.79481704981570989
0.0411592366331426651,1.19776221520029824,2.0509906081712006,2.8430083546548035,-0.147650575249355265
2.89153949657589893,2.9168213376581309,2.92764006873801952,-0.512008878988542415,-3.12089576138173097
3.48400688379098789,2.0525186343819164,1.23778825922717073,-0.732663640157564244,0.694165506716424074
-2.36075208591347785,-1.1941461045040922,-1.89087695095091557,-2.0092542228747976,4.21544575432341606
-0.426494723735175607,-3.13955427034495616,-5.40401409426696677,-4.65843148808105312,2.54019492088429422
-0.434586482155210452,1.0382809575303682,-2.7281056784597264,-0.288628869565133284,-1.3562776107765222
-1.20515247364550682,-1.11294358293395801,-1.30434042097553871,-2.22479154993628736,-4.82054213206765336
-0.328708175632062782,1.25721061954267599,0.697851359180601594,0.231885691877045275,-3.55302926534586705
0.590551635901574778,-0.554423537856090665,3.91423790101334701,-0.0514933891721278542,-1.00316935365690529
4.33548772541749816,5.8238303603896231,1.03309913069516601,1.74220947256447922,2.7593723355555837
0.288318912732319466,0.734403688887001804,-4.68797239653003306,-2.15714661429015875,-1.50812270000376314
0.0119326563133525243,-2.78457796923554612,-3.55419729966329756,-1.77492156589468975,0.134719937474727047
1.71995607731470113,1.14536186052020428,0.786470326379392404,-0.326920561085147277,1.31073358266626383
3.11564780661398144,0.336523838924286556,0.842787263052575231,2.85898920486685881,-2.45993979598650148
1.83897883774765258,3.86911894534124334,0.755248529098354826,1.71274650769689485,-0.702397211264712551
0.421351268479395746,-0.358022606828190426,-0.669327347464983902,-0.260136503837357369,-0.474871641460907157
-3.54775432895916598,-1.35008147831555214,-1.99007140738903976,-2.91658131867151882,-0.381538689459042957
-2.91432192218084118,-0.429697876559993863,-2.10673183231044892,1.93947322337304651,0.506442747157783923
-2.74937026539858298,-0.0651168594793022359,0.34958767083742015,0.0430209863672273568,-0.118504354802953127
-1.26835094730615094,-0.911119243026943026,0.794410551094281048,-0.810131680867668291,-0.966724477748157618
0.744037125164830226,-0.746629645496390992,0.632941566902739616,-1.17266408430276181,-3.85657508508879721
1.46985428850336142,-0.0230861757193002171,0.444388680083544041,2.11743829899345348,-0.983394715246638018
-2.17424267085076828,-0.160262242880729822,-0.0374254979681629962,3.24623909864342108,0.641948206843972802
-2.29585374736208792,2.91469411119041366,0.783840704497717922,1.6623681727929851,-0.666453182391496535
0.258400240939325565,4.98843570755758758,3.85773207698976517,-2.21087579512568055,-0.0636702820820415627
2.23269189275502322,1.68404317149565408,1.27875286241833286,-0.241843781405888747,1.14160681043069356
2.18885703979055579,-1.45590405272712475,0.756217242029674663,0.391844627954397506,0.100360073430674046
-2.62699780380850356,-5.44723379000153063,1.54230483870244051,-1.04590657801756537,0.440726596433996975
-4.18782763838230387,-3.83653396332004437,-3.75201427377121233,-1.76670558547654011,-0.200572551897359064
-0.864383717664330864,-1.54149583740973495,-2.91619173179812519,-1.2196450616355885,0.141558592584132559
-1.03421034792421729,-1.33078085177883976,0.286488735230198022,1.15440395959154651,0.348476317726339524
-0.868300541995410402,-0.808978404506007776,0.0369694362681268485,1.59588727402113117,0.909042974026537109
-2.42990834309224901,-0.543987570122881792,-0.564947550406460941,0.0031793534625666614,0.776809965515312228
2.18889798374246514,1.56204012567543193,0.597343543123432519,1.35004059417187383,2.26533568822038722
1.0004671170910282,3.16932462845758733,3.26207745465554311,0.939308297350134991,1.43225498016287922
-0.00983769297470463155,2.57395530808779549,0.995957868386680767,2.5336330503089739,5.34702164009722924
2.92500323793322314,-1.67573906252545557,-0.655880022240233673,2.79077458494768305,4.14321268841038393
3.34272667622691566,0.0739908232759585727,0.00937639772704720875,1.57045252306693506,-0.588139071815995784
-1.23560142307478538,-1.96902133639032484,0.051833975595660331,-4.10212219332510575,-1.17711204489942034
-3.15793964368169444,-2.92885858704940594,0.562988179069986661,-2.35135566089856818,-2.06388625430813422
-2.49637921743488311,-2.37633689955326721,-0.556443599929043797,-0.882328506049400274,-0.927875036258852148
0.126111558749984559,1.86061300398551088,0.549947938163011019,3.88936206141162222,3.24499611143316846
4.62523354692115252,2.18040235877574906,2.25791604973724791,2.58692875376572928,3.66842027881989452
2.85892049577622798,-1.399675198446098,-0.833249407197373393,-2.45983257573066227,-0.448406584405402098
2.74743453545401284,-0.953417105825568933,-0.12627571782492944,-3.56392218040672493,0.740175401067630245
0.654812887511884267,1.30786535640812707,-1.92129110242272305,0.220595741604944495,0.100541244842730582
-2.78228151518129252,-2.93575173971207093,2.462736074619015,-0.0924005489166650346,-1.82846032542334025
-2.81703726725178782,-5.30407426118236369,-1.42004925751375666,-2.22721066138266233,-1.17545515992157767
-2.3888058102676375,-2.2403256827664535,-6.14322329799195721,-1.93576814252916507,3.29281247502712615
-3.82681293566072078,-0.787000577297721327,2.70017863853948192,0.00938469472061088938,3.76813560363497135
-1.49663164592748332,1.32498152222247678,4.27195195543300699,1.07940277811458607,-0.649878771666352328
-0.86638732244304395,2.7647304904583514,1.27894663720374191,-0.407525003502334504,-2.53158048208492747
-1.35748934619229145,-1.48398316944993236,0.6854379837474458,-0.77755884409598941,-1.51467723631019036
1.25862773666365291,-1.1689113736620258,-4.27168946929369575,2.94602208016569245,0.148859433526607882
0.149996360686857705,-1.5498455675521936,-5.91835836906803969,1.86853966246761427,-0.596128332363955904
1.32225196979369031,1.19706881517180452,-1.08206260926267683,-2.56686465668512698,-2.0274352949086909
0.593461838857894164,-1.9383224241252397,-1.15766741321883937,-2.35533558664899134,-0.935607737628432412
-0.427817635083839964,0.673978918875644872,-1.16037708282305663,-3.3832178909677082,-1.51310790747626234
-1.29560978265380333,1.44074464053152962,-0.265277003161335401,0.26034253138912028,-0.705179274760733721
-0.202367819018288181,-0.148652653527844014,-1.64829358807238946,2.36330339327768568,0.787077801112013864
1.58335510386714362,1.33208221553066686,-1.23214335636118411,1.58324170155160715,-1.05139793772361911
0.142022953081044928,1.06752950661396118,2.7849432851122855,3.92463525879244468,0.951570081500248355
-0.204833820320611176,0.597291762987937513,5.78256905239350161,2.89652329742339987,4.02343685373592397
0.120220774311940198,0.107955868535557331,-3.35049253936688185,-3.07479620082748184,-1.43721833558122492
0.791059094886073066,0.156419090390023163,-2.84808013137412797,-3.11697973428578035,-4.27997691890384591
0.549644456545924087,2.92679228353049981,0.676830440784305098,-1.38219992930723357,1.23665998316082648
0.386275794314633214,0.988288471327817719,-0.568065284652359503,-2.29395935459340405,1.88589081404935088
2.59945004324796169,5.88323188299604904,2.88752965253992988,1.7329292776945131,2.74546478733959098
4.96099817994552605,5.30099716598092385,4.58759775604784092,3.77862982350145726,4.05103032304012967
1.78821670886584494,-0.744796265911911393,2.07438531509549273,4.40580581507113767,1.21540671481792062
-0.762644832050299981,-3.83815126795907746,-4.00438861934778423,1.63276797332115287,-0.369007118543978441
-1.46709535107515388,0.749451263879035823,-2.62188480674865199,-3.40194621979869583,-5.4685713691509843
-1.02898195070353093,-0.845848961535585753,-2.19097903497552116,-2.85076893386225683,-1.86201920665088672
1.72655294979159146,0.885879584099878548,-0.933520717134619815,-1.52306907933468749,-1.80641465857021277
5.73645255389146325,1.61862138218690266,1.20928453712198891,2.12000349887906747,-1.92857608525972779
3.13869177337418082,1.25462398668948261,1.57856807926774056,2.91150482097473695,-0.822723864180872066
-1.28113887031057994,-0.832845705354680499,0.000247510741492401598,1.52091723395022038,-1.18038137694072987
0.857915969427409331,2.12215949994319475,0.713306144135871234,2.59625864817581986,0.857754598800835488
2.06778949422625091,4.40001906667764686,1.80467125802806483,1.67594044650119978,-0.764389764674658689
-2.26562733299932617,2.7376268999714477,1.68889409633023502,-0.12325363590962006,0.162568581220529806
-4.80311889222163746,-0.946296012870810443,0.557891639134165396,-1.11858396534164495,-0.541544037740022688
-5.82951057957770047,-7.32039720215124934,-3.32164107640236672,0.218143680007142626,-0.971117085854517725
-1.34795703584088078,-3.94443946556418501,-1.3836416246596539,-2.23448666032800292,-0.469207892221518319
2.75060747840930109,1.16004003108046438,2.15949203136027146,-4.90651029328738009,-1.08350864734673569
2.76176725533689105,-0.219771848753068599,3.23771786223510238,-2.18343309252336315,-1.36628865951234379
-0.603787134447385188,0.637716392265320398,3.85021290639891367,-0.839621615247671316,0.502958730840137314
2.50339029582966344,-2.01295545760857886,-0.453414456321813153,-0.615322768518561269,0.0994224674294619665
0.287433553346429338,0.809578087003083313,1.0944748027943314,3.04091202446990305,-1.97326320773372199
-2.59048044925200882,-0.308321619851952389,3.98274978235025934,0.474222953073072051,-0.038961641743289796
2.38883422758868447,-0.931797821329510834,-1.75996742384623928,-3.13469088704211662,3.10758188637962718
0.359919487501787871,4.59932568868607206,-1.68475176704656948,-1.27218401956731864,2.53945517470415361
-3.76408764026919851,0.230644413773836127,-1.34891214634972845,-1.79643601488752158,-3.35626769051275797
-2.58797169300246832,-1.63934053263936019,-1.66938886027883826,-0.479660508600348034,-2.81861902215656102
-1.82993627942135229,-1.64770078338443193,-3.30328063997648247,5.10931929395531981,1.6380837841098348
0.78860166471838633,-2.21833552499372733,-2.13043072709801962,3.55813050133640152,3.86821800804857796
5.92353170535209994,0.76509278846581541,0.463653990489817258,0.913107080690956918,0.767537088386601618
4.26232547323246536,2.59230456210069393,0.664868915379790093,-3.54068374067352254,-0.341784503522743921
-0.830222499859737284,0.291835895397315248,1.52241832986714098,-3.55278049786652561,-4.50875898140180009
-4.73085566072021813,-1.19403089899730142,-0.0867827468805925234,-1.21569589972358694,-2.79784526705179371
-3.6768761698777368,2.96199089153217976,2.93209767325453807,-1.4799034387725285,-0.626129604558390063
0.268773639471779846,-0.607981267405454107,-0.233073465961949666,0.521093191162352531,-0.0565094190733703011
-0.43189786000347169,-5.05089138589641351,3.25671808095372661,2.22523681651038752,-0.166200101267440725
4.81450737538671181,0.440721862348193327,5.34313126668455585,5.82038590800081224,4.24603782609678682
3.85101479486984744,2.96822372090577247,1.52501223550782794,3.53940454563928908,4.27901550996626234
-1.35352743242736162,-0.178154580687332892,-2.78631827099041685,1.92316706249523084,2.77120504601499817
-5.63425586019865587,-0.529088767805646398,-2.93960836646896384,0.215638627369966668,3.80551571151181189
5.04794611109239177,1.27275202591730952,-0.532117441647723011,-4.77421812433280657,-0.48033655377478407
-1.38120410132410676,1.00812056007736173,-1.85825975743695593,-3.00944802685100044,-3.25926261396465389
-3.27415722151145294,-1.83076455738929034,-1.34205734764542073,-2.72176228286444788,-4.363297861017716
-3.86737407958339041,0.240162120544444552,-1.83639485984990514,-1.77007830002722888,-3.0707304066235479
2.7419314734519955,0.358006163091862062,0.374975448077504381,-1.9009542321645061,0.617074572633060092
4.39142039107501159,2.32005173467152481,4.19165699824921578,-0.735982510748041996,1.7957076198976083
-2.57215314496847203,-0.493842012536095831,3.92370088091326474,1.11821726855996162,-0.293133682051302247
-3.84314307821763235,-1.17172505127492887,0.943680017543555572,1.53936046664741388,-2.47146673906711634
3.75709713729761896,0.820006693002800824,-2.9866147365214295,0.395336849344530394,-0.509185868285872423
-0.670830423629108497,-0.316956452620475782,4.53597499533271442,3.01079097566584286,-0.828704606143358391
-2.85587881403349275,0.999273240553616215,-0.671939491090485563,3.75917176928838481,3.03579749788212272
-1.04330462560156567,0.967359938935282271,-1.30863714406708964,0.336857182019997037,-0.922739023852616413
-0.148139739785122043,3.41133128661579965,-1.89230900922216549,0.324052269913403856,-2.39304732320168068
1.24510029509277032,2.76653565567136939,0.297884070403035772,-1.16463468758302224,-1.18550671644503636
3.17023650469446494,-0.186483041285267798,0.513439732317123698,-0.112500166601479185,1.51226103756196517
-0.576173667611353912,-1.05333277197080299,-1.95023695301512223,0.373232272768867834,3.23761122497421994
-2.23313270279895759,-1.98563128613886186,-0.00485784078573468781,3.12455346246894194,4.72866188973790891
0.879844825762515659,-3.29946775375519152,-2.72423270330786682,1.47910314149792144,4.93973173566292623
-0.607940481579075098,-0.821467502880853351,-1.18826224264252667,-2.64904592704214048,0.844937882274633734
0.00436611213604357409,-2.93019230419603094,-1.30607628869680004,-2.50402620981546287,-3.10969612663845307
0.201392925199900402,-0.261787309822376746,2.76867591697226478,-2.92502722291180373,1.48648309560566005
3.23789276377287649,-1.73580650185661867,1.51368325491017774,-0.0398587849016325546,0.90342812051827448
0.929444521501779142,-0.183159556538769447,-1.33938853138976821,-0.894941926167493795,-0.987942439531528938
-1.9591115772893537,0.672081520567145541,-0.000379555370205189591,-0.666613572216191441,-0.0731869584030887949
-0.832242074964785084,-1.34140553459684053,1.70352250319119025,0.194598049654136768,0.456950861724068125
0.331787175835680903,0.631688279644515793,-3.02143493838880817,-0.943122734097160631,-7.11497464040778027
0.753658535173863608,2.87943485980231895,-1.3368644580622373,-0.636160062478365651,-4.40678583061267659
5.72896677740648386,1.174837944752537,-1.23555672203459221,-1.53355090700572716,1.93847313985116143
4.67847694921546431,0.0895556627422734175,-0.655262587282427256,-0.305279440108175981,0.518926625967806809
-1.94032429536446238,2.07085573141915358,0.749279079150242278,1.16986064814558732,-2.96465002338699612
0.15197827676229983,2.43664692069155731,2.83274184702407705,2.4733176777886885,-2.75855661518581918
-1.85560675424088051,-2.8349549252594719,4.39316024957733475,4.23420782426986975,0.870566436920432563
-1.07298064881132493,-1.54201791981423031,1.58036201112850483,3.40871716162049365,1.88595136479781278
-2.62707049629267919,0.653018530996232194,1.39072649515731306,0.976518848206104462,4.8006988872104257
-2.43363229926809632,1.65285765460161138,1.44763344019542006,0.543996435757071461,0.612722790117813942
-1.03647959488822394,-3.09082808641880602,-5.11507580834259645,1.34951066506304684,-1.39605765573487184
-1.50182220219969897,-2.67546953915611141,0.382470316039161262,-1.24301667571162522,-3.62429544113487268
-0.414501537418235977,-1.48780652538195257,-2.76144953242517754,-1.98920452853261298,-3.50905780971828785
1.47239885307195495,-0.639124826412685199,-2.08424693472786338,-2.73062395949374137,-1.43255084917948894
-1.27297294130984406,1.06278301404076325,-1.06345038325381824,2.13344761214427114,2.59396558660100762
-0.705820254627891441,3.73622930131314845,1.1130334306929146,1.90259994810337973,2.08338113053302809
1.43274991039794353,-0.927793283086400411,-1.56479046564849789,2.90741039285409997,5.07829852196923071
1.43849340817630433,0.677608283721308324,0.147675311824838507,1.37079448170356355,2.00642037866804079
-0.998606698733075615,1.68819090361684143,0.0655275607417987599,-1.29710678911888411,-2.36310742185675737
2.5395823189826312,-0.977961273020871102,2.00110295866715271,-3.11998376184122961,0.385924531423088246
3.2302620672699689,0.156799131202676661,1.86702012320107613,-0.629151344182334649,-1.43165838779969246
-0.309362643926603675,-0.988676043945592609,1.39083004778868791,-2.20974267876821573,-2.59215104622494552
-1.25529549991550593,0.0958277774725129483,2.05749530398496416,0.864454984518298164,1.60732038668877175
-0.844893661201783774,1.24228709659713932,2.62940443363412113,0.420908591912243724,1.20813505051314718
-1.06917267044840592,-0.988377369183279564,-0.245123285695873272,0.891552706005931395,3.28792986452171165
0.685940510320546593,-0.881798438848484523,-5.17244362982729644,-2.72049507319187933,4.24273144102854438
2.63880200572213042,0.317643286416538939,-2.91227388506550255,-2.27513804666518915,-0.584230383475305315
6.23699056443930733,2.99152556275893566,2.95956006833064489,0.501542287092064165,-1.43100887694342904
2.31792442576998292,3.20863042439726343,3.47129139080231486,2.89254415740063164,3.67740724519203344
2.43785724763657541,5.02563057271511493,0.110470394025371607,1.88696912167777553,1.75423928369819659
-2.80179089342361465,0.70186822260604953,-3.35742345497684092,-0.145153096439043811,-2.86396153547184174
-5.52563312610473734,-3.60406405727751666,-3.17935280002962006,-1.0238520924934591,-2.91187969944502889
-3.78169196641455807,-2.94424750191006801,-2.70793422655377425,-4.72969583982613173,-3.78538578595326491
-2.03778041649376451,0.928227199285806881,-0.0754140678357787669,-1.030711867397343,-0.906050571642134428
2.74673531953968819,0.465946580486998441,1.25170020742444188,0.41217361220170412,2.74754587814798956
1.46662213987801682,-0.0529948555118557665,2.09643040248786194,1.67253101805242954,1.66117047397476525
-5.15016784865987276,-3.49243978479513695,-1.64731865720092441,2.61714232277324976,2.04474401078861501
-4.44009183774227889,-3.61900579709300985,-0.429515727149894055,2.84764894886097064,0.333676648007103449
-2.80473568498251691,-3.60178949639027834,-1.07481425051506374,2.63708018720539572,-2.24373995150439143
2.63230214466938506,-2.33183895467831315,2.66491789884482744,1.60799318315015793,1.28870206049029412
0.854586282332475355,0.755068067577881918,0.87820811372411145,1.95661061533135627,1.49206651696955195
-5.34979484629108093,1.55038457908894944,-1.64173033586792694,-1.24342336607954773,-1.50797952563447102
-3.49114800628549604,2.32445305854231998,0.508976979846930577,-4.60620980038738992,0.444619549267657954
-1.36451361462759024,0.358927950715977606,0.528550279518580246,-3.21581270538021791,-0.632908337349236461
-0.0929244114394732479,-1.99199310329842239,2.81231820040012348,0.387379927135316882,-2.83975143060505442
1.60553361895719271,0.576836731980173045,2.63309974920641032,-1.28572925368516811,-0.657996532788220789
3.27295802436810312,-0.412695696384732025,0.230679051680760971,-1.33176224186698233,0.345336716781747322
4.69134711149840022,0.567101095875505834,-1.84729005988400519,-2.49449891580304683,0.609392528687049961
4.29928569035037,2.77321583086750501,-1.80804403210872833,-1.5236751824149215,-0.0142669725539287667
-0.607215642408311607,-0.163663794577106753,0.0406169592367809223,-0.0947660693444055402,-0.111693596345595433
-5.37415716283790523,-0.376225520263393287,2.73055503709216518,2.57779406673597267,-0.711184058693978272
4.73757594696436435,-2.1097272802064877,-2.08479733191446437,0.252437723998103491,-1.01407888680600355
1.31453467447917349,0.00121091288060173191,-4.39445577700086343,-1.47945535390698479,-2.57216921245048447
-0.344631867976298023,1.34743333164640533,-0.636759112066255573,-1.09432503703741468,0.632431337737853427
1.04736154467076226,1.02799100005822885,2.87235900114667775,-0.0049402891043810182,-1.81878899074827016
-0.085756934386353692,-0.866482861755038858,-2.76105489610236177,-1.06941682903817425,-1.43149703409786921
0.589463225962628901,-0.141451624062263581,-0.734873449662976963,2.77776357731053647,1.94803920966197275
-1.46535208840779618,0.777661758277647941,-2.52097412798957698,-0.508933286045656574,1.79323024353482663
0.0318633619370493198,-0.31624235406917639,-0.793767467853422559,0.824983091621326547,0.742943015146613539
-0.489674664944695415,-0.846471505350811615,4.3797873594369916,2.12526422654902358,1.25944255099776581
-1.45794874630819682,-0.968963942302652148,-0.332458657872224228,-2.69508624825032417,-0.39165060442751165
2.80360506886513328,-1.55265452612930344,0.459418199358391288,2.16593984067660372,1.03435144430921455
3.29833233076617693,3.15781141070700899,1.81919891865767891,2.89033963169357566,-0.423735354551962318
1.83364095462653043,1.71167576571565783,0.326829655868672908,-0.137534648722712871,-0.454449629591429871
2.42700599792060023,1.20150203112310261,0.0248824646203420138,-1.15665359170182414,0.930095621617538559
-0.617408622231264137,-1.19777003646749369,-0.140292078508507806,-5.0752589914638353,1.3983680106889198
-2.54124150956313555,-1.20233613519695903,-0.613600671758064431,-1.36559571931060364,-1.23342686397872447
-2.58855050898430417,-0.295988503429503835,-0.747930685221901648,1.55724589316781326,-5.39591926041962822
-1.00160602667500886,2.50450600320798467,1.3578652677106009,-2.6913256483054,-1.90660091183649283
-2.54665603933341878,0.456595505526620482,2.25943048424893966,0.104249352462859088,2.29764997108389402
1.73658345752164878,-0.606007030483753706,5.34982024504127285,-0.0698710205467501094,1.44991814271678465
2.64719255635738415,-0.01842271494963027,3.33119153056434447,2.58721942599700405,2.46910193070897321
1.58288222179026694,1.0914864418725938,0.378343910206312362,-0.380872497207127736,-0.976288657455208431
-1.50681440796203736,-0.328412919811297332,-1.74772600895909425,-1.86907766497465855,-5.31915868370646105
-2.96006274595974306,0.961074246109078878,2.56765863501771641,1.18896112065489512,-3.51904746490406417
0.116233281895342891,2.10173551954190163,2.59076404086384038,0.660932813350999737,-2.07178529987029636
-1.92641341076643946,-1.25791270730030713,0.257469124374820557,-0.507278380146152674,-0.77114799941222778
-3.30346974799841409,-1.59279369996596509,-4.62917515870510066,-2.56185571820235314,-3.18784130094195772
3.2240739972869652,-0.237063495817038949,-5.6071936275131522,-1.63409700700425953,0.266880734678935139
1.63226647373312184,1.88783002166028635,-3.87916547383507782,-0.0726830848289198722,3.55559658687299773
-0.374575530015162972,-1.71725042172600784,-0.745246239360355944,0.648602268965060569,2.48659922677301148
0.244843360525843101,1.08869675593935455,0.388459050526621608,0.658242141228519984,-1.08403207896037035
-1.65185573839578859,-1.63126165286579083,2.98729221647708831,0.468463522634464169,0.991498494613214265
0.661986677908126042,-1.04167521973193611,-0.687305739216627298,-0.722560981407647351,-1.01588617759903932
-2.08425622491082407,2.65086785964019311,0.99328238481717479,4.21408188925688698,2.56912062036704691
-0.0183692153635435645,4.62488178938226202,2.81792893386518273,1.59146887022504946,2.31064795703700021
0.539802914068508111,-0.43025722255179949,-3.25672434564810898,0.166919289037675445,-4.21421000930463574
6.3521511677542426,-1.08391629147869883,-5.22882772318220024,-4.6706969157775875,-0.947138493869904452
0.608197670887503872,-0.655383419313644078,-0.0825873095086227249,0.0481102654493480303,-1.89617542143166173
-1.67535871042809092,-2.61068899299182933,1.67113288696508633,2.74505357645071468,1.59024492780084281
-1.36709160414804054,-2.35495404630942273,-0.622759986370694518,-1.37586408653864067,0.627405209429563127
2.0008387201479243,0.256055481457172662,-4.41676116152313725,-1.41081974001392974,-0.0523786185732426635
2.78833567503047419,-0.236793336011928701,-2.40845904208818506,-1.01242712620745157,0.907347546072824085
2.98987103833193046,3.89458439912134136,0.346671883955255999,4.02336121876107011,1.72421815286463365
-0.365327575783541247,3.62312051648266609,3.48924268283923933,3.823107511561461,2.19367335267944519
-1.42453180904608212,1.54872613935077497,1.45071945864355811,0.937955573806885656,2.86654177734877402
2.9400730616356987,3.11971078646004463,-0.649615226355847231,-1.36394199637783142,1.10505500688393243
1.814121572201574,-0.679144491238603321,-3.35759082865443848,-2.49360366985957205,0.529763273498540466
0.122755019955665248,-4.53351200680938859,-1.26720893698874981,-2.88651736669479675,-0.423242799961640159
-5.80730098977603415,-1.45422679601932292,-0.970877040792685775,-0.202539627570905434,-3.15521793050685107
-0.917208155924764346,-2.87469420891809113,-0.261496655062583516,-0.21502584056823032,0.572370672783097389
-1.55801453415684388,-1.62858910000218371,-1.96985446803547593,1.1226567559895686,1.79670429247637142
-2.09381219703277788,-0.262008413264965434,2.35079216118368928,0.789116744059424668,1.62398554254069638
-0.671604308813667283,0.291206514995890398,0.522597864490211395,0.455918227521800945,0.0903481925173193479
-0.571549172775508985,-4.11767664047000093,-1.31404424717449775,-0.0846564723176849859,-3.19219677142115987
-2.04536328269134993,-4.82012561281687191,3.02699641645494255,0.403782217432522128,-1.4467689729089146
-1.04724739343043827,-1.77329737863295378,3.11436835574321114,3.60477626733697853,0.93322708823351519
0.389592889318007229,-0.719799940199804755,0.398605922866725637,0.80487900985008376,2.4272269915729936
3.1567463847988888,0.589386517682471744,0.194473092899987793,-0.488552729265670782,-0.355027637472209889
1.74938533942316554,0.664240085011514214,0.467210779231551687,-0.570830527374032171,-0.237647577706032509
-0.684295546894350126,-1.36301064267838457,-1.61919051256027857,1.25841526093417966,0.956537330101654093
-1.83899122200716492,0.539376122955558701,-3.12441851740183152,0.128461760731427177,-1.54485914018441473
1.52774293210726575,1.38484250344562132,0.146555938046084328,-2.07483410109409672,0.0764387388630068942
0.425858314922801851,-1.31797267281291997,-0.736603876008028458,1.24527313230097936,1.97792424491279806
3.59595583165505506,2.18435607583645508,5.93289996557523214,1.79077499563249565,2.09861324059386067
1.81242325149551387,1.33354717383670507,6.19674263259181846,0.33954424006911238,1.12209291537637812
-1.1819195260838582,1.88188100875197106,-1.22435320454849106,-0.890854444204710938,-1.83351750634111932
3.12498549420147409,2.39016524006687714,-1.26788636829781698,-0.56382883224036795,0.0476930509129811497
1.07147568469292076,1.24653554804089062,-0.37137097912102629,0.981804513662389855,1.41211798180528914
0.309048236439325164,2.23345636383739254,1.06059664930741593,-0.493858484318905389,0.478460578398052339
-1.50684150362650815,-0.276732284986556609,-1.11024560628462332,-2.22801392958506961,-1.37585607837557178
-1.69112566431250833,0.150527118464863274,-0.312886707796761032,0.132180286093752625,-1.47185083463198429
-2.2802342230696655,0.0343880584266348932,2.98006561040988682,0.218305449603406143,-2.23722026074145308
-0.674297322312459313,0.191685354420430609,4.10027815674590013,-0.374457692491542982,-2.55789623901334773
-1.16599140351047703,3.00599792243746444,0.793031489549378632,0.530917304177167093,-0.581562489480680456
-0.48867381180249575,1.848504614949259,-1.63398914581951971,4.34348712019752803,0.0960063032437942221
-1.78548136195904772,0.841902648107441642,-0.963237160831593719,1.52569661140023638,-0.60684462553677021
4.41862744746297675,2.55107331334536847,-0.120238427677197862,-0.118877674481580889,2.62156262700362053
0.632505081035982242,0.331258627617230073,-1.54918016496722633,-1.76300199461203522,-0.712928448493982736
-2.3136126601768181,-0.330510514553713108,-1.13710645864159066,-4.60309475342882557,-2.14016015558539241
-0.0610504865821891868,0.350036831645220425,-0.609945172046578055,-2.06634060273608355,-2.8488270959808375
-1.44830311106973841,-1.40618485263460435,0.611135513444423406,-2.64575804030211259,-1.12345965924348268
-1.48954026749620305,-0.944239330351106743,-1.55216776646482479,-1.29905055506106937,-1.16731982468670803
1.07248770292240825,0.10389897317613167,-0.88589719801292599,-0.917184037453210088,-0.193418171354209245
4.11546658078849159,1.16625720044478753,1.09158605607439174,-0.704108226660617564,0.970072391584340665
0.729740526778848375,1.28956538150220656,1.94999201514951248,-0.733982831083129117,1.29947467608263501
3.09574733559471049,3.78809932913430902,-0.195580841030477376,0.0703020644071364192,4.06323824117127153
3.56995281782203255,6.83312877631797377,5.13786401147329475,1.91107460417606134,1.57824140725359507
1.95021968684034985,2.16707787410126507,5.86640632191442091,0.40096976132858525,1.1708901672318166
-0.130056960233848884,-0.493092089807103007,3.07622401698251702,2.26831206584317169,0.0598310053969426381
-4.2940222646890378,-5.43111663368167097,-0.371545838525832617,1.6882446930902526,-0.0224912581043229011
-3.45171697359920993,1.448929838714198,-0.923451877728385995,1.64530258268423446,-3.09974670152722265
-1.39607754459936273,1.43368480017228106,-1.98513815455502129,0.49407205929781689,0.851789520211720275
-1.69332053746081179,-4.15733925220262623,-4.4003192160472393,3.49941856492278625,0.509896228220156456
3.70666050838709227,-1.60398302056264241,-2.37164548591963209,-1.24002591546487295,0.0663987009625704727
0.645303281376722104,-2.17247146524718415,-2.54112896585066839,-3.10961578390552473,-0.585822477720507329
-2.89148560935730181,-3.13470569210774519,-0.0816808828113383678,-2.72535084031370278,-1.54691195838186379
-3.2069589036143431,-3.18861391064633759,0.0463089485718110802,0.710216717227904137,-2.37633851813271946
-1.72116719022550435,-2.7761277753951954,-3.17000976093870612,-0.198797651072537052,-1.50717657820550399
3.92928208851388261,-0.25288934111843886,-2.13134656257695276,-1.74338876207582016,0.404795010961896518
2.02816787871699633,1.02504378483798542,-1.8260930566816953,-2.65623595555457337,0.963591238369460146
-2.82163155906729823,-2.1551816708085787,-1.86755582099615602,-1.03218396463582462,-2.17700596040929018
-2.84227179591194279,-2.60926985997538496,-1.26668331088158626,-0.821860309228905406,0.013530681008814157
-2.39926784538470494,-0.393407364431552053,1.54687185013213746,1.74181969018653127,3.04540199300115155
1.57926208885486208,0.102501588594088144,3.23947519207000223,3.98429499670855058,4.43749147686181544
-1.29516346620709899,-0.941504775509413361,-1.3303386599564031,-0.213151742539468697,-2.28025815259520481
-0.471131479843067913,-2.78304011565679899,-0.965953104807921403,-0.461697818272304161,-0.357546892059563692
1.38123685339663216,-0.525505098499360335,-0.278353574704505446,-0.634799008624545413,0.0371045869673017059
-0.362919105860465385,0.2517605154682378,-0.804438639591805171,3.65795685385405012,4.64206345895901062
0.547722119840475918,-0.445460516219372493,0.869498689829787064,1.01164925188187205,3.58897854259849947
-0.467106347504037012,2.91470276478325641,4.74248321769219938,-2.17833472550231555,-2.51998782158077628
-0.402611446946568918,-0.898562359076612749,0.205035215795510983,-1.85722438000718748,-4.2695185874984789
-0.528392765711006129,1.21051638455023269,-1.54280305212084268,-1.25455541669286008,1.01477751765172175
1.5287379513060162,4.12974991779215284,0.887126432528791198,-1.0980065047848897,1.62971549706256535
0.87293278783279582,1.78768353337285801,2.67082132119276006,2.44447468374812438,-0.852705771969378468
0.932194113484075215,-3.90097945016259207,1.48743880262182882,0.131480588876708604,2.4901525765260617
0.17261814642340581,-0.958457107333528624,1.59110563460650334,-0.586637182619021091,-0.79458955609794224
1.11000926047647797,-1.2846398648048778,-2.41307203710301721,-2.07017481119925417,-3.10839172354483573
0.677243986004350873,-0.998944881453724953,1.80356249658655376,-0.591702108519499781,-1.93476779881111871
-1.91809267643027503,0.145286080244791005,0.944959713329054707,2.32097017771103253,-0.544119652948078958
1.38383916774201321,0.662617680434277823,-0.858389881900977536,1.41402956626172172,-1.6708468047618994
-2.77650048141737615,2.37606536254920808,-5.42291232031221337,2.72028635875718372,0.36103692716301572
0.853089548941611153,-2.31358536494551714,-2.98928728294170698,-1.47427519709889632,-0.91156396138582596
-0.134732618083500982,-1.60176307775240523,-1.88146631636542905,-3.86397259000884219,-2.74896791452214506
-0.630858035652283156,1.43102770303351101,-1.74623107156071233,0.550526035013349735,-1.91048077510295644
-1.53209454259971656,-0.0984004107828063274,-1.50592850457806748,1.7273861828224677,4.47745144222228042
-0.509919345733246487,3.71665704036133171,4.63168073487716292,1.32125097987359141,2.17786543745981165
1.26364485685390759,-0.726457504195876735,0.236549657161780502,-2.70555488333624528,2.39042476512171964
-0.676983265448477312,-2.96902157998283389,-5.4403548618444848,-3.45257685302294615,2.76908413389465391
0.132586355121325022,0.772102544182087902,-2.1850108721680872,1.62326407921055393,1.46662360072454323
0.762430997696344259,-0.876289506779896143,0.334093396379701757,3.49380418039700125,0.923691177714754175
0.594651688585866811,0.276970020348319523,-2.26957199236308282,1.22988476164485938,0.344026969064905486
-0.554192861268509196,3.00269553488047336,1.33812088876154145,4.09929950687561195,0.803992251931926249
1.29616769185881164,-1.74045357965708236,0.986981028246464054,-0.00216658556726412321,-0.699814117113657153
0.0264393750364280353,-2.63310647090786798,4.07379850951105826,-3.20649553336452531,1.31274224323560573
0.0743370503048589593,0.533647877768335221,2.37982511439846167,-4.12008775421436457,-4.1422776839724742
-0.290422859972621406,-0.0233695314425960837,-2.85859608695668888,-2.06935845958673958,-3.40823852264033134
-1.07943499120292574,0.342324795731120846,0.964952116614715361,0.684500041812196702,-1.19478726062544327
0.350563545644632213,-0.138733963497675694,0.696601248487801805,0.830779776543190573,0.581727869966707223
-1.17067289704709432,-2.3947466813117293,-1.17053288132755728,0.636340752567418511,1.13299425664091502
5.62347963040330434,3.69908418991377852,-0.419014494993809439,-2.91576182086074898,0.767607035372160351
2.71990720585943402,1.80461284433608093,2.32076022634453505,-2.74541604099515002,0.235801238094948434
-1.3147647341111266,-0.949566503107428406,-0.86217915987656879,-1.59955008166126222,-2.37454315448370235
-1.94354794525437335,-2.78863101664403512,0.0435589694821269593,0.0187736320087198982,-2.06394395102797512
-0.692335486061462557,-1.91521096553233128,0.0454326020472329353,4.06189525014070707,3.64710136116320305
0.319070202045851681,2.02073596346014384,2.46072585321444759,0.576435330571528071,-0.485253383055483711
3.55720180921931206,1.68839225913108004,0.722030103398023426,-2.95630723819859842,0.0880500513906538607
-0.77935321169027616,-1.17371297395255203,-0.635960050669244437,0.438361860272942661,0.716763371085645584
1.26407918518735718,5.46395669766566972,1.0725938437971736,-0.937597191642790539,3.87308905139095572
0.909098293629897025,1.89985665584165475,2.1497571006107421,4.24642446456509859,1.75357098631055242
-1.82613071087292611,-3.18370799812584737,-1.18701979799321733,3.18700252295076591,2.16479168226965113
-3.57808784768141175,-4.43322714237466098,-1.53158377709690319,0.572070225199684979,-4.77594193141417911
-2.24769570475695035,0.780852422290312154,-0.183444229580406848,-1.16799134641465097,-4.23277046357732445
-1.63893963409222643,-1.87598867668439317,1.27264060116194178,0.401499584108735652,-1.38587528409943417
-1.4620479780691702,-2.54337635265603845,0.537391937683483589,-1.05612457012503991,-2.76044177225709753
-0.690533169550919368,-3.28578645933377977,-0.11977953193395563,-2.78300329552737757,0.0301672752178823445
-2.41048036580437364,-2.08681846008359972,-1.98667732461942093,-0.173066407798766586,3.25066390815972772
0.575197202593053181,-1.36061561554511301,0.686936457374837328,-3.31370551500230981,0.113272000109586796
0.146693823493249415,1.87816431870200184,-0.426334475199381224,1.19656009933227647,0.601145639387469566
0.0541268977464824039,1.82447425064159963,0.593305069349441605,4.86648665419283599,3.53912520957037691
-0.0189657191510694614,5.71556018389689946,2.46946498776094758,0.472624555261103918,-0.897960521391656274
2.48363366744480274,3.17397455828810848,0.847311587088324436,-2.6750802728146521,-4.6773010249663276
0.561657856322692495,-0.738108245230261417,0.179551422034343877,-0.338901698940326068,-1.16425162920421399
-1.9672640368974923,2.28422546824456818,-0.547628703364199332,-1.115641544214661,-2.85407967189311096
0.47652388773373322,-2.25647221615064231,-2.13257541407424078,-1.76212450669776421,-0.191780290840470186
0.773059501858124887,-3.18415141187802719,-1.67089747108900633,-0.0315314876078123252,-0.988510645415249467
2.30721335627885704,-2.21958439714755906,2.21212389985001057,-0.887510685424572232,0.686843302579704718
1.39144119162961388,2.00277258096598798,1.27417859154316582,1.50277107513875419,0.380498081927622245
-1.41630379770738779,-2.69660583048740232,-0.354268038160404919,2.85644724773013969,1.36245106572927521
0.9921179592812156,-2.943339930359544,-3.32379803497340998,3.78865824216872582,2.30220710992474054
4.11616305668914695,0.687630587893022449,-0.678176885449805367,-2.19364634309990336,0.411746354613459653
2.06920688215143134,-0.610218493273624873,0.955720480655974147,-1.37541945111397701,-0.486683091942059498
-1.9910836315566538,-1.9848685275422977,-3.39200585180326586,-1.09658393790491426,1.40828627801613426
-3.57764693670044531,-0.931386164107828263,-1.94217341345603733,-0.825821307077811539,-1.49494196510153521
0.285292235630798363,-0.242628315373944414,2.82058210986514712,2.4123002412038641,1.76067425570515357
1.31701401445662025,0.437841351094123088,1.35392321103588253,-0.842792979391781438,3.27418912592024069
-0.44761174820691696,3.81141674361248306,-0.201656326337452951,2.35634129258543989,1.92543279264232825
0.241742833802568252,1.63412087631053948,1.4175659025805436,0.176237214938526232,0.694786215601127743
-0.149818421733769108,-2.57408281131677441,-0.182289179226602982,-0.18716954539316466,-1.93293774175957589
3.45115214075964616,0.152588763907312075,-2.25255573912513629,-3.24227323924365596,0.267752069988386632
3.12412459649507612,-0.159175650413465264,-1.43146934735551645,-0.885152737773344356,0.714014654504397051
2.48167300764740784,0.607877683047033601,-0.880551142108287999,-3.12239388494035808,2.79448213454878314
1.65081287135426713,3.80359941830126402,3.14607520868159973,2.50426362055185159,-0.219341667501331078
0.0313294297231134986,-1.1755017769606475,-0.198112992073055716,0.451783924054357078,-4.44545865289082087
-3.83271145403128255,-2.89632775412761223,-2.63268984267624173,1.41302234764695855,-3.8926489872375365
-4.43413080500417411,1.5482032448583245,-0.996595764124271866,-0.363180034258791973,-1.59613825856953584
-2.27543636627569024,-2.36704705375090452,-1.19076648830110332,0.459571122866749837,-1.5241556886819474
-3.23586757979766837,-0.503634680955537872,-1.76895797396174825,4.71686487667929288,1.02001984686168723
-1.23104660981860703,-0.50746567513009988,-0.939265556506231891,-1.29522841958319801,-2.26923451699365586
0.456115135511923508,2.15569377197958989,-0.268384025066182585,-2.43161710582548984,1.03374550741872206
0.4751032254651264,2.1907732926329615,0.107526287765611628,-1.3046822095365076,3.99218782685334084
-0.988242076386435686,3.36605532072196123,3.0496360533323692,-0.207924642443200414,3.89593692606682085
-2.02675053846851672,-0.812567986388160857,-2.69111044678716294,2.17597747364778016,0.63669138637780498
-0.715513232206948513,-2.55974217471722243,-0.201409070918776079,-3.73639392610194765,-4.26727180800769901
-0.211394033102282858,1.11723719030052693,2.02450880274960365,-0.912823759001288648,-2.90624660266884538
3.0548863519404228,2.10984285489593315,3.27969785654642099,-1.02614422338499689,1.89528582388412459
2.35021070356661221,0.0549939038752877279,-0.785736040837049621,-0.0902141147793431575,-2.01656012168037613
-0.927912412827497035,-0.576681609655919969,0.758119712031230408,0.47010900922143628,3.18095544550520692
-1.21506201987540186,1.12542936432201768,0.83956833213376858,2.04711683620379947,-0.285849800973489665
-0.935087339651832439,-0.0542677730595165358,0.572157170357799227,-0.0709097821085434843,-3.11359426654256044
3.23764315370495082,-1.43253912439734132,-0.669247139530294244,-0.637041908723049444,1.44967349927645173
1.32104010102175229,2.47598244139174017,0.975273742595852977,0.0169555274345292162,0.724457369494415304
-2.1246612761632,-0.960754149604647445,1.35527643929944319,-0.165680021985978643,-2.37739980651523775
-1.02922978694120149,0.969983384622854272,1.6641343647382556,4.33219577015571122,3.60786143753064925
0.358428890180084114,2.19707541339627888,0.295391724139939749,2.69654505387565369,2.6841991225231574
-0.244990549552038889,-2.50841264808583464,-0.0744203473870964638,-1.61127944902722309,-1.77174926701597424
-0.586644824135790666,-2.04037690436095476,-1.86333388508669673,-1.41698294222283661,-0.982477524458130191
0.170992936306002513,3.46210661304159473,1.11420891469601657,-1.14036046163026161,3.78044358096772104
-1.20206606569581287,1.56854166230163594,0.326335710416875147,-0.737820993876445508,0.16939482351383961
-0.0558084996574243208,-5.89536222641118002,-2.96102262309795083,0.552142750679985417,-2.9431052829651283
-0.7760013078204403,-0.557310200206375561,-2.0915620816385827,4.23794480137585339,-1.74375121389192755
-0.639605163175258173,0.752041804404257941,-0.633678244179829431,0.0846829776832705161,-1.06383913620162418
1.35123557419657248,1.02925857019445099,0.727514403264361231,0.841685729174289077,-0.393909561111545126
-0.850381451153719992,4.57697522414524993,0.120851227175754458,3.99916459268175561,2.94649022713885156
-0.381618593201564327,3.25837680284557818,0.768372082760307107,0.828637147107792127,3.81665596936433138
-0.145489779840979577,-2.70364744666080092,0.802813252766095387,-1.90965471248919472,2.35139231242288949
0.736885726720147738,0.943548408343572675,0.552050425452057292,-3.27704262432760052,-5.03662458724240025
0.532421835424926826,2.29040689157620569,2.47724935734368934,-0.528890999844075615,-3.33794968735675912
0.571009013365915696,-0.00204704099349220167,2.23757412475855322,-0.646113571683984755,1.29592578169525541
1.52614310496378836,-3.23020270448265112,-0.952180856229450701,1.81252737575562906,0.824046480778871548
1.18144333902089005,-1.84294288006005247,2.68481208403270832,0.34697668623630229,0.457809032802011517
-0.173170062989751045,-1.11945526411830198,0.059416069075022053,-0.871849651722617858,-1.53703094770193194
1.642293967574467,-0.27809389597134071,-1.64331055576892315,-1.45278608379566543,0.0334668926722358415
2.02347934253769113,0.752672361205730334,-0.145834777925215819,0.0173738493813145045,0.751469447839217319
3.18360572788338514,1.35070384549224154,0.409088334030200507,-0.0821658608005450819,0.912003723538317268
0.790083438634006097,1.11223825699644951,0.676815016208713205,-0.447370741329981891,-0.471055130302650504
1.31640049390195268,1.88669455401956809,-0.154568713240953004,1.12388220474714506,3.50312841817215848
-1.38824342286557512,-2.97897791102894827,-0.688297165348171536,0.50726555733061951,5.10331033664859124
0.271792756892070164,0.808636023742723586,0.719343304936403749,-0.445044558294974246,3.2661015391188406
-0.20993649536741435,2.82097692300393899,0.886815374456046968,0.190087048874920478,2.94130957963122786
-1.94845129608345147,-1.53791115172943038,-0.86656892673622643,1.85388071435012458,-1.3634530522474968
-5.59933350115819461,-1.05756392562937163,1.6048331069722368,1.43044048118414935,-4.18400145249448929
-2.19211682851054812,0.0337402436546620083,1.65075277086114824,2.84413330164230116,-3.09329054012230742
-1.38576131410692338,3.25441476812248975,2.92710465242293516,1.21039874171344697,-0.794881823152866596
1.73934081844812893,5.33059216595432694,4.94342312439169529,1.18894823404637529,-0.969521247406179731
3.9580312800185955,4.60018150732205555,3.04930465541981643,0.374770639847914477,2.7148889656125017
0.753258955297746002,0.504532344610622574,-0.792779928039368365,1.94578296167590303,-1.54169019020542297
-0.21817542541435378,-1.21674469540404773,-3.75692784119580114,1.07391745250730053,-0.628105510352684138
1.88587876090366802,-3.7632148895097064,-2.56971486669954174,-1.42704203132531959,-1.4526372681949955
2.00091733463028865,-4.36121646655979944,-5.03841174193629282,-1.23241468063264903,0.821593992794725225
-3.15132308158716157,-4.35718081115886502,-3.2889433050138992,0.994191978176558466,3.60438736081806699
-2.81724526242792539,-2.96237158076255813,-1.48728947669117284,-0.509764963954322581,0.432106309684015144
-1.91813719897813995,-3.36623161580298591,-2.4198279045386144,-1.71286494792977684,-4.012671457194811
-2.20299219918161304,-2.46971596537028537,-1.6909006993811686,0.833896521128188906,-5.25368204740936573
-4.48341962214977219,-1.89268734815801065,1.88035975543663625,1.55526440593318127,1.9492007325440206
-2.00887505911880693,-0.248119510805930948,4.02965763546010258,5.56907711850956666,2.91922748362019968
-1.67173765381284323,1.96702005301865968,1.95112365569727286,2.4082909646831836,-0.874069655429411729
-0.687198939494893413,-0.426230076465366259,1.40574612215677996,-1.60514748326967371,-3.22049189894478172
0.0486146224761121182,0.769465312238847732,1.79463723365632966,-1.84212040917493103,-2.40657218339794987
-0.12603549057729227,0.546303273493117136,-0.934852522192994417,-3.5420699033997245,-1.16844830553522683
-0.151404975070894149,1.68296711094375651,-5.75982846618312827,-4.08794782275990443,-2.73468380941225497
2.04877630457422555,-0.148973162915042895,-4.91077231359273902,-3.97911867476531844,-1.57770985869815772
6.38260959154643892,2.25178094642784377,1.27078819857015812,-2.29968178228336084,2.32154549247207154
1.27484621009772581,4.75786620468363797,2.79857322335702019,2.74443443782816932,1.2225306303934087
-0.204026117226657228,5.85023687311403595,2.44371352741087478,1.6984169284176629,-0.045825988507280209
-0.541851544392022655,0.0745133655672366585,-3.39336327346350242,-2.4672761872124549,-1.99157318408802952
-0.207179001131757939,-3.81728827900918155,-4.04087482164596246,-2.96038429991277008,-1.95373521409266959
-1.44999978321058953,-5.02462424948845232,-3.49182703958468865,-2.887189178188585,-0.640865001147500002
0.0841897243749731572,-2.64709384627725974,-2.33783488153296748,0.233435352474301694,1.0371665503913361
0.353551331509028621,1.15070214970272811,-0.0531125429291474729,1.4939603123128713,5.19059146899846979
1.34295065807043734,4.47672286693716259,2.23120001804128698,1.15399439084130551,-0.783173937838895884
3.88912480624153378,2.6617111649187577,3.71212394414098901,-1.52899871578584712,1.36985132801819165
1.22825072148033754,0.0405824318766560138,1.54702529873844896,-0.398362665199789912,-2.1430722036740808
-1.08106722433785984,3.23591347315102995,2.79205085609401404,1.17121542515527977,0.853275162173123713
2.38095853902821775,0.763523469039468883,3.45401200953574516,1.80219973939836775,0.471591336418503759
-2.03565937013001452,-3.91669777902319716,-1.86637514546659289,-0.34235950863677711,-1.73503969203412578
0.235588908959103421,-0.422993646173420612,0.565963149486199857,-0.645133954648368979,0.881553553118073929
-0.0505967472520402473,-1.06894542049292895,2.37299810552558199,2.0884994212243142,2.07643013018576861
-0.560645067209240011,2.63074249765958745,-1.15437692654054436,1.90249301260901071,2.50760909118742603
0.379522600495184603,-4.46004338843968284,-3.65012171636731964,2.85960268073097579,2.41674824032684032
-0.421842722773303258,-5.72709101079763006,-2.85423577734921041,-1.14725885941186112,-1.14333060070024461
-0.475235739932284629,-3.15404729688078422,-1.51124485513621432,-1.27287708838583735,-0.667231586889810102
-1.0064146072752751,2.59874967692421555,0.97789184339383084,-1.2832957045275013,2.54465915696376221
1.75337844975178436,-2.06915450408399693,-1.91935351517775787,-0.790176115629044773,0.654837273621715732
0.423568516634072134,-1.68995120284299971,1.5454804097854975,2.87912298095410479,4.5773693005276197
-0.718223654389309685,4.2087528814932833,3.26728862866544167,-0.199765098153887738,0.533716010661961171
0.210630284117498262,2.55376827970331988,0.356382334917880961,-0.684869045927198439,2.5442498431501579
1.08787676350675944,-2.34960298639463172,-2.90836402904038138,-2.90102795193840723,3.08564775567532612
6.43009845787892953,-1.29502544743062598,-0.689980135217586277,1.05878015434839146,2.19364039496976027
3.35079022143348837,0.658165389912077514,1.05778496781437159,-0.299349510620480874,0.695471763765077244
2.17055516854661201,0.673936947378075968,1.13014027219390556,1.21122380329478418,-0.586340531776026741
-1.35334022363051631,-1.7355112220706217,0.926103207921229132,3.63986378617689876,1.73292001710375243
-4.33129447067830409,-3.14001308279213243,5.07729617033787672,3.98239675328374432,0.646877128379220623
-2.78358486611217826,0.18515070930323399,2.53154562983024789,0.931699534946898167,-5.27366173069846145
-0.666014856543171385,3.05457349967482639,-1.56545669991288827,-2.70349761165176039,-3.11914213664432172
-0.884758224659522696,4.67354183098385434,0.865110972429781522,-1.0338320740470055,1.97317440947106015
-1.00299327496960644,4.72181625323549881,4.06361559937995054,1.62303389526023678,0.432552275913823336
-1.61671615750571207,0.727749820705005601,1.89933779108266876,0.451040743141849942,-1.68104330024105075
-2.31178121754758781,-6.0950606361551225,-3.98913719213689255,2.16816063377373425,-4.50491181785755401
-1.41957060228593623,-1.37898152217971126,-2.32310470817164383,2.05529255990758219,-5.30317712848263856
-0.262092738770843214,-1.58205375628939238,2.60673168275933342,0.174561945266910518,-3.18976785875898239
-1.29418183686919686,1.73065599507659473,-3.20903248911957029,0.974047935971558809,-1.79241752390351516
-0.729361193312400902,0.0484710255283368335,-3.09433345103166291,0.689915206339591913,-4.01474907702255468
-0.136872100424237503,3.38138221312633824,0.895939259539797916,-1.40276469354921796,-2.79969274325874817
-1.21013986914023963,2.29851033728848009,2.95853817505639638,-2.15772109976377058,-1.43471080888092617
0.777089136309137452,-1.18934927196534335,-1.29514028862111585,0.10237268993701612,2.1536908055887638
3.30021892064432931,1.19186347817741312,-0.255296704847445599,-3.02330773567165378,-1.68171122121048167
3.79565152346582746,5.29717638364240795,3.2120487530340327,-3.58982772554679519,1.10987335850636426
4.78010879053856907,4.42712321809091947,2.31881996272392632,-2.78627842205365939,0.847405027126494459
1.56777463729848576,2.13553822086415224,-0.0962360441216820878,2.01874398763623297,0.817115282007289667
-1.69806788398803254,-0.0500452982085758252,-0.228128954427740838,-1.54449098787768646,-1.21236610296729008
-3.48962259557176191,-6.69086651843370195,-3.52918715262834448,-2.48787435342095442,2.16894460803576017
2.01198722181756384,-1.79767713880950275,-0.709069363717225842,-1.02091806850863431,3.57575067675408054
-0.980274235912639513,-1.96346732193206486,-1.13831710657419416,1.01076853278501644,3.78807778727555533
-4.80435452720579459,-3.53304117603562196,-2.65017432874814807,-1.58026907363354119,1.2357231785630145
-1.541407152461717,0.0125338494508424186,-1.26171148003263212,-3.50409117412524074,-2.69784455184643868
3.94281003743028124,4.27802788934626399,5.83479234116301271,2.7373539413492467,4.0589551291796413
2.69631471173548043,1.3935640289009803,3.22446635573710116,3.98226308820799568,2.56499780138187994
-4.46963791466172466,-5.07120122520695027,0.834837484261049978,4.32066993448375936,-0.573304745419845663
-2.18177065185290919,-3.54315834898690829,0.0944656774421533257,3.10643779123439767,-1.53260673810193659
0.0944082898352530675,-1.41729765935749086,0.167114643327791523,-0.423431794377041981,2.7706625596070924
0.23495776977386168,-1.50139111671202485,-0.764936478741875314,2.04938728577568341,0.998185125785615801
-0.632884896967617627,0.171744408079446048,0.731647399871748538,-0.997989114821344669,0.832273704426615302
-0.0363922043088871633,1.07023520813150252,-5.68314681057749738,-2.02709923046890905,-1.79334059158147063
2.92244066294122451,3.55799774953012271,-3.15262999951489631,-0.0567696450441654288,0.894233621935869527
0.0943062288688391176,1.86766762091577854,-1.46512415840323151,0.137997479576431215,1.97701698177168095
-0.631728915202147912,-1.9724471380211932,-3.38455052847386861,-2.82946509239434008,-0.71437302687613724
2.23933982878475879,-0.759222237348338935,-2.46075659759372423,-1.49146272527970969,0.197708966868484659
3.4610588712087762,2.65350393527725759,-2.56432905046710991,-8.24060052179727798,0.133103597782515959
-3.37959405200678153,-1.30652895477600106,-1.24426321917275828,-4.24099841907476716,-5.01164115148648204
-4.35728419843072956,-2.0411034698389412,-0.0896044509150391161,-0.891491109433527162,-3.53166386726862758
-1.02744438439729247,3.78530415571553958,2.74940443962117653,-2.60675519712897152,-5.81863050958945482
-1.2318565285840295,4.56538883270269835,2.71296617012064978,-0.465186084993924054,-1.0932349454905268
1.86321418662838001,-1.14779367092486062,0.00812775527982005641,-0.908027753727888576,-4.56351675834645132
-1.81895873139831266,-5.84792402870576034,-1.87874103851392538,-3.29817777628685072,-3.45905145652832058
0.610633931270525121,3.87846659943764571,0.484864761968499869,0.41342086489050256,1.01149447219413946
0.0304637626767721541,3.87248883463300597,1.45277920700873664,-1.63960145820925529,-0.793036503060625231
4.23183783960162074,-1.83595758811878818,0.736373211176194364,0.564538042153693187,3.37184603641782221
3.35370647747024098,-1.48370896866308311,0.641273147413472744,-0.278055142517223464,2.76975987516458755
-3.48106877164309925,-0.829399303661697007,-0.281366992069031707,1.13451357182689239,1.13207235555377661
-4.49212173657767533,2.95596380068038078,0.98608710461636262,4.42242155698510508,0.930698820341723576
-0.275382506352144785,-2.34437397877569698,-1.09384574274467328,4.39277387317667234,1.32982624449817943
-0.506599218401656892,-6.61880798051536523,-0.885160611083282589,3.15117919367215027,5.15996931070739517
4.91383573831484455,-1.16941608926070795,1.14344456170169351,3.24410285065358384,5.03337377218208726
1.12185738577625482,-2.39061007742506026,0.409650124336366328,2.36278986292353865,-0.246675343693557314
-2.22051589199076371,-0.853516502746665018,0.595262973736844225,-2.17335301516657253,-3.70799724233494166
3.52608038659998213,0.0215409361191296334,-0.117989164835440932,-3.46552093959044516,1.00469550376125727
2.60924750872266342,1.97334487163976613,-0.393496617389374526,-2.52659880903009126,1.12103811147693944
1.76331218283161895,-1.41644476595183688,0.575454352365462718,-0.189185438108135651,-1.98958381372493354
-0.655603762055266603,-2.04935932930620179,0.883127719788217691,-0.193882193420727489,-0.694545768711550382
-2.29460340670081786,0.352046441644397912,-0.666395434383756369,1.01741837641473998,3.64881671946095043
1.45572714428860261,0.511798846894873871,2.89239758064362373,2.56407155263640885,2.04006242445704089
1.71073253366730982,0.682607263998748492,-0.434207693314402732,0.0873002565263203967,-1.575640634942989
-3.33613507139794807,-2.51612087769227077,1.21842639515164541,-0.255694019359401448,-1.87656979287860559
-6.30998825231303861,-0.438964351416098686,-0.248200306093422529,0.886990315476307467,3.21743289725536741
-2.64198448553929177,-1.30208381914003213,-1.37630955909840336,1.39659660517154904,2.27830346809239259
-1.85137773508189896,0.609960006525738563,1.24270122769046076,0.629176730454082067,2.05506115309370552
-0.943509942597470119,-0.38515088414362586,-0.353912686665015019,2.47188578469520515,3.27627515339293129
-0.980069734057145037,0.978864286060953215,2.60032218956406469,1.13489710272426625,-0.50837709604813619
-1.11037790006803716,0.528524642143594403,-0.943279756089294041,-1.20990792829122795,0.930750336799908817
-0.0332611742596745502,2.4555669237569564,-0.18484567604257246,1.64625665224759188,-0.35759575921676684
4.38000307345211315,3.27439513368567603,3.81772816234131662,5.47098033807574335,-3.33712220876355747
4.60202759791518634,2.11396286164091363,4.10995589525152827,1.98759640594820186,-3.60244333441810305
-2.91286430671802909,2.56081051389213599,1.09614446470432925,-1.85036270608841424,-2.80496326912938532
-2.23447370061729655,4.70610943192600839,0.402437198180996825,-0.150074473447364409,-3.35569184186616809
-1.77428904610382809,-2.46844177330986847,-0.615975645056155652,-0.16499938572174061,-5.37151246936940829
2.41695294760882362,-3.96726627717233438,-2.69147037959697588,-1.23274368705590076,-0.114104994798615522
-0.713800956176382506,-0.368837934960934866,-1.13590881161129964,-0.671274250361721725,4.4354897791285417
2.11895289686002863,1.61893862408922429,-1.55282589606406751,3.18924167035932848,3.29207670501564786
3.11582847061835677,1.15601567232588742,-1.68385552255838666,-0.091682457093295866,0.522280200392835958
0.833409876498982349,-0.426748123461975992,-1.92801013936585108,-3.24562636882179723,-3.22942492747274468
2.41354998406664789,0.560792784808488487,0.905083862919191962,-1.11154941244518235,-1.60444594586314238
4.6959569299407935,4.52217408555120493,4.52697759426756097,1.40320116128621808,1.69835459268783739
-1.79514703929238695,-1.08697853358514318,-0.748552798527901131,1.64934254649751177,-1.47523277962218091
-5.96760516810732078,-2.67744481917635513,-3.89529764836428027,-2.88950603709641651,-3.66683064344609866
-2.82265446141912202,-2.04838320410171493,-1.31257101179960212,-3.01379732633723929,-0.347579528982458308
-0.184377781405959978,-0.239028267001925226,-0.331776892821418257,-0.434176317474504969,-0.533475521586198154
-1.38373733103381702,0.104196534426015591,-1.67089672906511333,-1.47627196685392037,2.77721241256058526
-0.315883910771919907,1.44302702585836617,0.175098912131937845,-2.15869875870959982,0.964833384474384159
2.69361196923043922,-0.0430090049372376104,-1.15887302266727255,1.14365459773764622,0.286951621076936558
0.627492546073765922,-1.94230979102469004,-0.988063546235124157,2.85201486984157793,-0.510472169642533835
-2.36350964495943128,-0.626777567053734108,1.78483988145926964,1.30934622652668953,1.77752752815428416
-1.19188162845020851,-1.94361229495317112,4.08902292266475431,-0.460700177089080898,3.62680227810348166
1.30419101781735658,0.411544172156370514,2.46872326154460353,2.58338464988846361,4.38188450114242567
1.71371503457611563,3.5716043377521034,2.91421439211038757,2.98775467026331665,1.15708972146178413
-0.697912810279085027,0.822696432790728127,-2.87292677186056578,0.900484692503775497,0.733885501357529169
2.93807563070002464,-4.76547874427358842,-4.32181175073025781,-1.59190686991608898,-2.60972523533328804
1.38914783655781071,2.92463745314807255,0.63394903693705662,0.145479216292520974,2.87954389740102679
-1.12918492409352544,3.71783531415643509,-1.11548332414767426,-1.74067076031571233,0.429270330256631916
-1.36490628970962646,-1.12457473200170677,-3.81611921510814112,-4.63684511295158508,-4.01460046347325683
0.171462044803041003,-5.41743090788945114,-4.05152614857590887,0.893270756612015715,-1.04509040439676282
-0.889248458613340009,0.916929695783909815,0.537123802674897677,0.564324375349053886,-3.36643100498458381
0.808937080291803667,3.22638072746582028,1.33096418927558235,-5.02285918980521995,-2.70636913503827303
-0.499929623500291909,-1.01072830280881254,0.845266015037606122,-6.15737405137243332,-1.88386157305277724
-0.767924042743779456,-6.39635803453741758,-2.58593667371563019,-4.77856824716031348,-1.84558659558484917
0.795688471308594547,-3.74555463784827491,-0.887927592540560529,-2.97806161634945266,-2.01559797519977657
1.27113227067070289,-2.0093930297474758,-0.130366110618368669,-1.30735541357022589,3.8877454742525468
-0.380207305434893783,0.108174347850826053,1.85999602508390338,0.370905425426919566,0.287967319904769148
0.181139894407315927,4.88812439957749589,3.28812452155804102,0.587419329869369733,3.45525309388796487
-0.853211494866699782,2.31916563114758656,0.0146670044996213694,-1.3923732103159423,1.93408955972765262
3.85062788094131614,-2.11031865043677946,-1.30201015069714776,-1.60296863212082719,-2.83457508573959327
-1.03650593676974645,-4.69620534631296671,-1.60171437987659915,0.79169882581841966,-0.689285172389667133
-0.565699155747662941,-1.74025807958380252,-1.6349473867177593,0.901854549780595427,-2.64999124248003115
-0.915036909691674838,-0.822080624752779099,-4.28534306036358625,3.15974857028351774,-0.542605416551453112
0.230954818593907873,-0.00504193801391536467,-0.802336970511156489,3.72321140898621517,1.49814315139937348
0.45214122023013481,-0.759911757892793305,-0.57851909449232819,-0.0166183721889385239,0.0195816295748417121
2.23223828688224746,1.01467913171213509,1.01466783262100946,-0.482505663688694686,2.67929178410731339
1.59556662238805358,1.05029149497791963,0.541723821369865632,-1.11916293068054817,0.144283271149423353
-1.66057545341150603,-1.20504009709362947,2.18671037798039558,2.23243224922438044,-0.314246484986800689
-0.229553179142871655,-0.714698133560688231,5.32153697202352749,2.96783926548008425,0.297222940781696476
0.84656234324018409,2.8456315710219906,1.06992845690253424,0.462836527243956797,-0.204895560977004176
-0.343254359540168474,6.66059401479337065,2.53035227181801403,-0.522872061835139457,-0.0845605951012202151
-1.02647344583546096,5.49933860092930349,-0.0392669684671141522,0.475302426017490343,-0.693352280247484964
-0.979663993901809027,3.63357779193928643,1.71036184021375193,1.0193422172763662,-0.156920102277227247
-1.11458064645511268,-3.2448759428041285,-0.726467845186355765,4.5878403536688479,2.24482943833332849
0.031287000604470705,-1.0422013868857527,-0.621499112250557428,-1.54886426078148842,-1.13478473548982528
-1.63135329187634404,-0.672792340540621203,1.05127776504252779,-0.799375750945039543,2.68120893475039956
-0.922924655089141566,2.67840826791915854,-0.0805619609375666651,3.16419848291176464,-0.391188482471707788
-0.205085186170920336,0.786530682060906372,-3.90806612158571465,1.93911245699254042,-2.09435483629161512
-0.0969576922099390226,0.0582403260857999802,1.29060605515755911,-0.504826270351443895,-1.85048597426922745
-0.353082580082727748,0.147167876256540597,3.39344738450199435,-0.011090241915618991,-0.580539378395577121
0.0175437120845281791,-2.14415951319992981,0.0311656962185397901,-2.17104353253379978,-0.131034277541470928
-2.24287545983026115,-0.132261237024114353,-2.32411361013824136,-2.29590137048572496,-1.57152796888591562
-0.941651898742523419,-3.41623149964887762,0.463195734219604416,-1.58830548111278946,0.100616739536257466
1.82694308137512285,-0.121876014793694865,-1.50475877391836166,-1.07852751358933863,4.60018131497872318
2.97591509574466428,-0.378936309357105594,-1.23160318734280683,0.198503120161536512,2.49544326395702143
-0.328755815294506593,0.345718031282195748,-1.02361347874802466,0.264941832783202436,-2.42770496733476504
-1.50602452121530206,-0.951900164645312463,0.282667015383981202,0.301689064182273536,-2.14833242132133595
0.567509811219879867,0.0436503189842050651,4.21385000154572964,2.67861283319200405,0.418624101917337454
-0.404852630928179358,0.226763197171112207,2.40884824514046159,1.05921731299584687,5.29121912074327749
0.508718289720675343,0.0953016106319049539,-1.42640452554817476,-0.479998572253046041,3.66843452027421835
-0.678214248519307339,0.0839506747427783417,-1.58658497583416591,3.06752519939526147,2.57698060886845859
0.0258517596214216938,1.12866189758800139,0.0161090928197249461,4.76286524728341387,-2.69921952796208764
-0.209750503319415499,-0.126682214735382714,5.15887052840421312,2.1839451329684656,-2.0408348386396038
-0.300359141445441291,1.51744062359987208,2.52200597560409889,-0.94618155588960251,1.05485493688194776
0.835849620188064524,0.37337355498328334,-5.75376369344364491,-2.00871071580790383,4.16397330743552629
1.87308397450376796,0.62366500210164344,-2.61582584715374145,-3.57835613585375212,-0.529466840191892385
4.94064436880201274,3.00398605328399526,-0.248474958698089221,-1.48908766923988822,2.14093595058770481
-0.101245874157743207,4.27138387531233299,-1.08702082141294398,3.18814479723613431,-1.07765008914510396
-3.62688754822397019,1.05618839992612346,-0.351191747436372603,0.93102068139739369,-7.27846507251072783
-1.29655118400552971,-1.85306486259802305,4.23924772786628168,-0.965404154598536235,-0.214086452903193974
-0.284335139274832005,-0.634222215077249518,3.82751935749415217,0.495335206833874275,-4.16485618128592883
-1.02892430103160293,-1.38046471418972638,-6.18752918038313204,-3.98048517869071761,-4.34913983882476085
-0.242681399073866905,0.30250302050728417,0.656358189114495394,-2.24899196582348671,-0.907042191992404656
3.49506093647359961,0.695180705595360937,4.27895232677982928,0.881191988490122258,2.78674457191227942
4.95865307336659455,0.170286505482772577,1.73695248455924212,2.33435572001946179,1.38392270378454896
-0.162902055383299077,0.567002680873358811,-3.73908063884416064,2.54685538050860938,0.208844415799524091
-4.49381536844917218,-0.491004053255167827,4.40180348407231214,1.87156235307981578,-0.826479207466186971
0.360253627027351864,-2.0335857292331907,2.66229462303500064,2.69997996714135313,1.01952089095186516
-0.143551311651734542,0.761009468413550216,-3.79771129165347476,-0.187392909728769957,0.638987021234485919
-1.28442110745647309,-1.5891427185809468,-7.09853400864421591,-1.53697740981461117,-1.60594637563849796
-2.71702239409276958,-1.21147754046564526,1.15307953367609017,-1.32872697534044204,-2.60836356580280837
-1.68477634285987476,-0.787073821010283226,0.000408026793210281014,-3.95535302351713014,-0.439806645126105455
-2.18880375704842978,-1.69954378054643107,-5.74574872679120396,-1.84424744036211941,0.149387624315504869
-1.09303274356459768,-1.96852840069967705,2.29444026473620832,-1.21836994571785939,-1.18312516983263394
-1.5604580105670065,0.626174095938924591,-0.990597464992058696,-2.56601157637539457,0.727589750175096861
0.231878288696771379,-0.906717086883431111,-1.59800533066814077,-3.47327504058017045,-2.66795898284582211
-2.5883147815386387,-0.378457113219641206,-1.06700913203447278,-2.9903179732717895,3.27411298575019094
-0.927303495460886196,0.215469148707079505,-1.63544650700748573,-0.505632341426731524,5.73549520164527671
0.724781727427797118,2.28038033316596733,-0.956898399897728957,2.39500366887446425,1.16548638763527235
4.04230302401211272,0.847481069931870445,0.77586191976778851,2.6291631099207291,-0.625924659199255884
4.2701014275652307,-0.505455751214140769,0.566311875294881029,-0.875556144064102981,3.98690066397990384
2.50709930792048219,1.19729709179581589,1.36930976969343465,-2.14152664264091541,4.29185550882507272
-4.39903367811975432,-0.14591538565499923,1.2101124570115338,-0.55462901612912352,0.888702506716397944
0.747109454488962599,1.59404251910425576,3.28947767456230444,3.4401908368063121,-2.13880683887609058
4.07965454725769039,-1.38371012986704711,5.09382768220220328,4.58240345550286854,5.40988104619013299
1.70988320524436754,0.142539334960172265,3.78871080728258658,2.82556515650569384,0.58843748252682071
-3.25506805274777733,-1.9547403887156487,2.38329870783637521,0.489697381755800409,0.0266279397990921429
-3.80084919865550841,-0.0839623090885894818,-2.30767084257137922,-1.59120837873713339,-2.64681457003747544
-4.83177776164991979,-1.04919660161380746,-3.08416578258401675,-0.745266907312504112,-3.97077921214705976
-3.27365795011365091,0.562108584866595096,-2.03663914458579054,-1.80358665551103869,-3.44727636369753876
1.21688099317622256,0.855929038994373004,-0.504911249653821059,-1.7467581491181654,-1.45279965006496159
3.56720803016598431,1.70558393298684363,-2.07238939834614211,1.94080903813831851,1.62738141556999083
-1.62544894666156736,-1.33507081973608721,0.201465374220280324,3.23854516755691924,0.0716595944923595074
-3.58376546130529761,-3.73907306842367415,0.618138629484312419,2.97906081047404436,-2.29459338672229451
2.74121787994359156,0.550940484197366964,-2.45960803176842768,0.775848773600815944,0.506807171259423317
1.82079028427915435,1.18196455927172073,-1.00420324140500794,3.78230351228140904,1.86659455981555444
-0.301004270508178684,0.903574827828546923,1.81936720355026327,2.5131317968642275,0.527625317316993248
-0.645881342969178651,2.20258900073396058,0.836404525101706597,4.15770808799022173,-1.54915335327182224
-3.98276993933203549,-1.88017305764472242,-4.92649889411236952,0.573352227296684558,0.501815620937963947
-2.59736856928578064,-1.63081958495368995,-1.167065799330544,-4.58106315434203548,-4.65648737298529802
-1.08532527351029873,0.751077374559965039,1.08487721845818519,-3.66022350754274717,-0.0073965626746390345
-1.88230013629575477,-1.02722793581033867,4.9152895041823399,-0.122306296056624436,-0.976705114884139358
-2.28843211074591713,-1.13709530267222569,-0.0770919806386371476,-3.88198339390918212,-1.88147030615169486
3.51858459668703327,2.13369249739811817,-1.60533892635014408,-3.83561387840675838,3.36643384546597835
0.159350248632369212,3.8484741819017021,0.5146227226910145,2.75025145523103731,2.56564717872157289
-1.98119966193262509,0.818887941134794239,-0.776925969924312509,-0.268794678974426382,-0.981372658312464563
-0.513545993535072687,-0.11236244763913289,-1.78058311624412857,-3.04128536550371642,4.74919179401676494
0.248103674018195525,-1.593582180513885,1.38231416966432152,-1.96839675073092502,0.394331389306838309
0.748460165189264948,-0.415169890168107458,4.06999030534745376,1.07444665418926855,-3.95991587727275141
1.61481730254857103,0.446580918632539958,-0.531866074059260563,1.39630889084703846,-2.75857945566685592
3.16771042412030868,1.16590487344655958,-1.97055083641557904,-2.40182673946292224,2.48658976301093348
4.68770210879926008,0.466042880049532038,0.0958990992319601609,-2.29489863100469593,0.0627992663167500076
5.97593493591971203,4.32604548246347953,6.59958050964890486,0.81841994013155428,0.610660249452187776
1.88455831166228749,0.696301862557531237,-1.41917056265447039,3.02090662539232202,3.51045305758370629
-0.660974115091491066,-2.1803009493823704,-1.87470254850036566,0.163557739505683225,2.59131885087843061
-4.1584758250665308,-5.10098116177017502,-1.47402932182695157,5.48278360562878841,2.61780936776445339
-1.34156871191279037,-3.77716977075583626,1.66139368474370164,1.97904596111116882,-2.20807637860309347
-0.730838950750324345,0.905621203875403902,0.170949373907960445,-0.825670156638327879,-4.18929056633730568
0.665115961259362121,2.36154066762836612,4.00233814503566343,-2.09003168360271863,-3.25145850606925979
0.235841976584483998,0.322068769184834347,-1.62961695185401156,1.07492477042576806,-0.620047465763682193
-3.45367489942241157,-1.92109048845832064,-3.72775028785635554,-0.0398808661351198676,-1.67137505506851136
5.00621552825297655,-1.00863749377958101,0.346866623663450113,-1.38582206479742953,1.62427709293173272
1.37102400079693965,-0.96703513272667796,-1.01106316714216593,2.41902144399230057,5.10884456494475714
-4.34805382574930555,-2.54338411502045725,-3.44810101682357217,2.73112408289266506,2.04529306800903798
-2.51165988490154435,-2.4434582540073726,0.981184628711323281,1.61566713082446101,1.00055910786222535
1.00106475501777092,0.26333343828694955,-1.83187330064385323,-0.790000851236201118,0.152011401211424507
-0.00296821344325473579,-1.46048328731781729,-0.154963155917968942,-3.41467828288799113,-6.69805172880919564
-0.542279006768259686,-0.977111660842088225,0.366834190445828101,-3.34212657216360798,-0.268705388695981817
0.637861312192677166,2.1966063944297165,4.80967146072602958,0.976740350141762748,-2.17423196868094815
-0.533346334707915593,-0.199068147814533247,5.33301012347795744,1.11412623956173085,-0.234754506963734372
2.38325249064603195,0.485579666768434948,0.192095606841042432,0.961924135731289209,-0.261002453168275417
4.28170753858576081,3.04790541567507756,-2.49812528869398953,-2.90636638782526502,1.19504644080414302
3.75470849935209916,0.374944536903609182,-2.39090206700508201,-0.351755296779224846,-0.749990426372624919
2.15994620257096237,6.07950313199923986,-0.21645305267723558,-2.50837736922833088,-0.0606657701794019732
-1.95208404332426211,-0.412722231621156455,-1.27144464110142974,-0.917726786141145667,-1.50179156497192223
-2.07298433190373688,-2.13669398677977806,-0.67680233361272002,2.50853106753556743,0.329897824220942881
2.41672712054127636,1.90272816357518759,-1.0640843751870106,0.772812119836947864,0.454541917666501483
2.38007675613349745,0.827826326614229946,0.694810079534572189,-4.88802638258286759,-0.0961908006696439999
-0.77136713970519033,2.55457839401649611,1.39186344441762033,-0.180173281356345305,-1.06070030049721953
-2.50453301505523118,-0.991550779470653065,-3.47876628415776068,0.432040448095915852,3.76754134637989724
2.75529887883709401,0.367880710349869189,-0.556096588391929769,0.275675547476595006,2.09973997776761223
1.60682118000339447,-2.06165596016617458,-0.115683885050684748,6.10906033965334583,-0.759261518463010043
-0.794487699142191528,-2.51402553054949873,0.353688262306123491,2.38721557048540189,-1.73630948973908272
-1.12843548011078099,-2.28850800145046041,-0.948650519426450289,-0.274827957513841314,-0.79991802434818815
-2.16110256708746995,-0.848027218598609522,2.37115241444156766,0.572612192977774659,-1.11665735835142499
0.853340418307061643,-0.735795038885330488,3.32653652618712936,-1.9000949920765775,-0.0609997361308610778
0.241913415445541763,1.03654407563211359,2.95514033656584196,-4.29837366542508725,1.54710628535183536
-0.844478374503813023,0.885300776096762165,-1.14684587233189306,-1.2167705278172436,2.30600075215505562
3.28995946146542328,2.13470465816962518,0.706134369741465484,3.17584602711368369,2.4603241799792368
4.04626176903403412,3.35688989747127131,0.639077744445504581,0.463502721626705971,-0.831901770765064885
-0.725155082190526601,-2.20827886915320493,1.02737149424873708,-10.1227057405422638,-4.87867295363466624
-2.87714108977114291,-0.651056275533570483,2.38542808445896082,-0.377358858923889706,-1.3790235243892921
-0.957866916556775916,0.0960798082897081213,1.14058958789020126,1.82515036901539363,3.10163203944527055
0.559199069355947875,2.75738632694620822,1.00825623039581447,-0.88210326877574996,0.690254000431670178
-1.63613636054215794,-1.5558836228738171,3.97655457116043998,0.599778451250851719,-0.60305380382057594
-0.889738950319296062,-1.06385221974648703,0.689465842017991104,5.78762272663000132,-2.09557013662823843
-1.10367286692167488,-1.70720414892644357,-0.513224866892360243,-0.535923254512548963,-3.55535426029729429
0.700255007386130113,-0.727342874334991896,0.666706788174496578,-8.10083985542993013,-2.91205048959459623
0.0925367002206582689,0.205181151519856109,-1.29268861238182597,2.04530316328179129,-0.458891848910057853
-0.445858770809043181,-0.499263928050408257,-4.05131660437307239,0.844212712933352649,0.3377105110789142
0.204026296068623408,-0.539805169526667683,1.66733323099047204,-0.0341317376455878632,0.678154347496437881
0.979451286085220363,0.434355620357130656,-1.31404657899653032,-0.23620360489870168,-0.228369518532738874
-0.136668293663154944,3.52888925678751564,0.465803607349020821,1.67339746794493838,2.32807319996287365
1.87032867623526733,1.82687977041486294,-5.33636760616021455,-1.42334207866095142,3.33372937619180876
-0.424310504009677347,0.443673142129227205,-4.1235152087688558,-2.82839178573500005,1.30330226935191718
0.199783255811731369,-1.11624542030737506,-2.30677039284613983,1.22917007812944679,1.69593500414593423
0.73890529568210761,3.58384114336717907,1.86344311806446972,5.00659013060696445,-1.98461484507658859
-0.630025304212770809,1.5339232050356455,-2.07009241931524635,0.0328459198442653741,-3.96826453455186323
1.58750522046889242,-1.13000277509653824,-4.14284403251118327,0.928715455994574723,-1.58285490300259823
-0.361909547572658197,-3.62875261188458387,-1.481172623318882,-1.13695905192930891,-3.34459332845883983
5.09132222761534514,2.2132294219909534,3.06215371656450497,0.648463608733483299,0.639256006955645883
3.06718549391331408,1.2542297329986094,1.34650205431703185,1.37162497702044073,0.510099938162411504
0.0858973071923027909,-1.64256409134771708,0.493184900196617204,-1.18004513437425507,0.0327370701920342774
2.00105387554708836,0.364505652847906203,-0.0890246829977734688,0.0275309973767407443,0.177424246873840258
0.388011783765135954,0.347023256816823278,0.686331460681836147,0.435980141234282359,1.56671080335124535
-2.36153191365006832,1.22573305254872467,2.30494967493866465,4.84600791843905032,0.457033002834111468
0.819703093892704349,0.831459310232921744,1.40087297800710187,-1.09516940284032893,1.3629542337513354
1.69827980599049555,-0.402787112307608719,2.54560480117655263,-2.63549883608353319,3.22345434234444017
0.378369625521894848,1.39835682895591118,3.83930301002041707,1.51975202487538041,3.78235347013084322
1.25345674584514954,-1.87753383830303489,-1.07650087461190913,0.975481759645134505,0.0966862086303174884
-1.2919079004050209,-4.00731355159528668,-1.61747301407874944,-3.07821758275794188,-1.27903766837517252
-3.32462234194064354,-3.21512482330538596,-2.52890833342932631,0.251315149195799559,-2.01849044371309816
-5.14565296435881425,-2.21214280418082865,0.70108806777954924,0.232646267104379467,-1.48667659081018888
-2.75174547174606943,-1.41757953518094326,1.14086760708594115,0.648144340724628454,-1.4003257394333839
-3.4769971193035154,-1.97796719880337224,0.940285335109042997,-1.29979451434576276,-0.633446639195125449
-3.49539660756442538,0.340444809614679544,3.53791644626381352,0.394153734431833991,0.599182198022512935
-1.57233305769931264,0.944506480072921484,2.61423972105680535,0.246897948269351464,-0.80891964359164481
1.00879657311693127,3.2311098496592261,2.69245910743254946,0.221082209778081851,3.92742585741997585
2.7297419826491085,-0.862991843797319635,-2.61052377858585061,-0.504829350720031322,3.12973017859834179
0.147801978142696216,-1.36779138672945733,-5.85106861593894045,-1.02137083025832776,2.97998249118090985
0.283098429447763589,0.1282964665146063,-0.236583009911187608,4.8045621946815853,-0.882270000097786777
-0.550390098979204767,0.332444502487554028,-0.841247668955693362,2.09902616014378696,-0.242740632715032351
1.60448138919490235,-2.19176072081022699,-0.526868455558509141,-4.47578645817368326,-1.05364618955315081
-1.27701480490026054,-3.7065645797659359,-2.50323757561651927,-5.07054337224165419,-2.03590105722718917
-1.41907202339909699,-1.88598945839204868,-1.40268186687351637,2.34574484588524124,-0.885747909116772369
-4.62822055611444405,-1.10439187903461766,-1.50935098173193061,-1.96327763900388153,-1.35724192769065799
-1.06859406331353224,-0.621886916751461793,0.615755115241450768,-3.24072205310295303,1.14813646771676892
1.27446020379924807,-1.19488550976957031,3.69181193964316723,-1.13545161921295401,-1.14984679586751604
-2.96259491865612734,0.88412976847064928,4.90500168280734439,3.19430345695799023,-4.54093985689397073
0.741143123726814235,1.26128203124396698,-2.83073013519170136,-0.750634710388660253,-1.69919248056570371
0.442872886598617399,-0.462982900767580252,0.740554109089741397,2.97457550015237171,-1.43022000110354197
1.13694082349061398,-1.52014575102263572,-2.2713288238329401,4.81608304640879048,1.50939464740316298
-0.533968600796494997,0.615851948574658747,-0.583056276006980512,-2.30783234739618948,-0.513399529263468102
0.995992955407012603,2.42140214034473988,-1.33016237471174503,-3.18335335442234557,-0.668844421468500316
1.5722383372132005,1.26925964337694763,0.521167221115323764,1.06675041480401589,2.50994813502147718
2.93769947129324782,4.90497398219911762,0.759805923580756049,0.137214473464253084,2.96107573950028691
4.32725744990789085,1.60311668027441856,0.334029081126492766,-2.14251871377529479,1.83045283313183127
0.341424165611612429,-2.57212514188418151,0.977533486710157606,-1.0620887647627868,-3.38688503226402116
-1.59862499682045356,-0.73944714523458277,3.91421927572930306,3.6530038429815237,-1.5202711282772674
1.31879101464821447,0.820265370280646833,1.58425205296389393,0.744060999973385928,-0.168809133935674566
5.80492283523144437,2.34683060348871608,3.26798905246784077,-3.01710769006615731,1.30072411463434556
3.6712916818698953,1.33243567079918934,-0.496347945364374099,0.223363395898536099,0.742798873145332772
-3.21353631075884172,-0.877770241119760097,-3.13859866938750809,1.25651816322809684,-0.852993405907962909
1.98856116120197668,2.3200225099593057,-2.19469512031393554,-1.5944631927747317,-0.562233442429556085
2.80194932993939716,1.81465201989086466,0.254422854569906542,-2.98853794569415632,1.71894593865195677
1.43883216627492283,3.30119290797034992,1.04212240780295007,-0.348907570704460157,2.26444921691830547
-3.3340291631243244,-1.19467817789930519,2.89278147577102285,3.82897154271408802,-3.6221767395691562
-0.744789962711376652,-0.575985130692828085,3.83652925214322149,5.84294241132037673,-1.37629042356172882
-0.812892469488976976,-1.06873648657989762,2.74566468466319069,-2.7954024057141349,0.45927510104606678
-0.354361146509944713,2.40587273662862522,-1.40165914415295689,-3.44072212131544353,-1.1013271904827111
4.54648335489828792,3.85898334314616198,-1.62355689904966716,0.0115543890657220857,2.05360108770369987
-1.48599274140402859,3.69396790509227113,-1.84179065286494503,3.20754503409080582,1.7389029369629343
-5.54141091126964191,-1.2596118647876855,0.4251265628208174,-1.54579795295870692,-0.304718216328856928
-2.8845575058268933,-1.60251535667472544,-4.15072855590780687,-5.0015795873593536,-1.53805943505870468
-0.260175829329810149,-3.63946320565373549,-2.024025495491518,0.123488764039560495,0.0110904170980092517
1.61934187098239435,-0.930437976470591566,-0.000325737081117632998,2.53484605213854008,3.91980395751995392
3.99802731237165698,-1.67005270453768651,2.20632091679970177,-3.20595169402282698,2.79686124826870941
1.80283255886729155,-0.271403308841059843,1.70909777102846605,1.24281604965501224,-0.208147159256195674
2.86780624059423639,0.595680450206927947,-1.24942545050336462,-0.984524519119271857,0.548098674925444396
-1.52085604390351792,-2.18839645875424349,-6.14708557726784122,-1.90610883382696761,-0.863712760538329682
-3.59416862110854751,-2.03498288598167809,-3.90404051267539032,2.84134939360989991,-1.3019322523744874
-3.02326801766254993,1.5941323062844841,0.746059927066285322,5.40933685045408819,1.06360643936012034
-3.19486083007870558,1.5913058594558942,0.163977339614747003,2.11593292474580252,-0.684446595961931692
-0.866935732618508204,0.391316980731075736,-0.0978970728587546801,-0.632962466291741133,-0.962203755620022361
-0.709324972686169453,-1.26292065219182814,-0.837459773727076029,-1.65417695069452453,-1.94847123075078588
-1.62514114986560321,4.225357795440428,0.295348854918527637,-0.816521635097797183,1.51677181370704361
-0.425207701267750038,3.44224792871280716,-0.0605884140336842986,0.462203071242935026,2.21580421221200163
0.334890544569657111,1.44515538389913689,-0.809019900822065097,0.70813595833393983,-0.346735548298060303
1.02323997729303984,-2.84748551589221766,-1.46836948033724846,-1.20060666058765575,-2.14800844967288995
-1.70961812846906258,-4.011299640690142,0.0639441506435855372,-1.31407356608836556,-0.531092444988366497
-0.393642462284869821,-1.62629183504211938,2.62425682439479591,-0.513778575035181428,-0.242240236102685441
1.88768017306890479,-1.86505556251474292,2.2061103733928813,0.628279610870871363,-1.59420810226019172
4.77639090974617897,1.02715690380413949,-1.74688450626734371,2.46305050376932311,0.965149550734183514
0.0403921659332958649,2.09241242990384579,0.543913868412853274,4.13764061702815678,0.971229903407952011
-0.778408629001344776,2.88548714124368466,-0.194885145772396989,-3.46943241294109805,-1.43254732846673427
-1.16412250214679158,0.267416750551606797,1.32568827983071769,0.629269910318739467,0.552155845378060395
2.29413132081565774,-1.90375833022470498,-2.24262247557909822,-0.459109803300195796,3.05540639752765841
3.87916338767522095,-2.34103828945264425,-0.488084581437016329,-2.30804037202760748,0.518084017443052103
2.04854511032457731,-1.81555855143573708,0.26018869801788469,-0.465338846529029015,2.73816380775815471
1.79732291536175715,0.811292842600513153,-0.0630205291894870429,0.59236532903407213,0.903075027260376362
1.85482132521292509,1.29401989942532247,-1.49372090529478818,-0.479276642565212962,-1.5310143595963368
-0.494084465911475423,-2.60431128986176086,-0.294440231900574056,0.00235671990524288777,-2.23228320191810381
-2.902668816325225,-2.7869768382442297,-1.21189256793411504,-2.00217615008795402,-1.59731846443800074
-5.10898735530255799,1.29746538292982594,3.29347942256549198,0.796667193658134543,-0.288007787453545105
-2.34547157194791733,-0.488031559435697926,3.47253679113750957,3.97987916327892988,-0.157555746829570104
0.361889480565934896,0.801120579390598997,4.47047736251140648,1.82975870382822325,0.929858748446993011
0.21516763644288267,3.27567794535480017,0.0631811411919398908,0.794942406731112716,-1.39173710051613075
-5.1119616587927208,2.01098156903405245,0.332002245640812987,-0.345923102676360394,-1.02644221759768861
-1.38347663605046489,-1.41259889143924822,2.52116014164844371,1.16075685042133614,0.122657092804902751
-0.790063002794975766,-5.50731996912525101,-1.34355005614627321,4.41544458601605516,1.57601668032411246
-1.30749732314011191,-2.24989802285329699,-4.64887066412727634,-2.45908272693022356,-2.22713129439422097
-2.00492187821263057,-2.51645689538386241,-4.14129031851476537,-3.65611333481301637,-2.74596385204177551
2.47945104142943018,1.65666092289102629,0.983716007462829944,1.0310482410698576,1.91762647229455152
-0.254903018144016003,1.70133135535504754,-0.196220160363668045,-0.978792937932780993,2.43395276122443072
-1.69553876203445908,-0.775101764594122833,-2.50345819355047938,-5.32519841416536632,-1.01607552761406494
2.54662619175143101,1.28738077072740631,2.20392311802630791,1.12771697501801071,0.420882267820837153
4.63996655965925608,0.209638053432818827,0.110350637280548766,1.00138324369108789,-1.65605877456747885
-2.56881402301439721,-2.30331976979452469,-2.8529905378023841,-2.03189631044534602,-1.44268393224920044
-2.46210524905787542,-2.10264778459696799,-4.29813317434598741,-2.91061317766901739,-1.37885314501390344
-0.301762362566018905,5.099320124640216,2.5475430348728838,1.16202408433907278,-1.04621092841779872
-0.343433245765856487,3.10767956753109464,4.00658406620589513,2.06607442376170392,-0.383487415111885221
-0.933581498065867432,4.15320004905616891,2.64636038094256643,2.26793057612009852,0.275191529462198492
0.522793456250431054,-1.53034072855089875,0.395579048066020234,0.670238922374881585,-0.122031433544247198
3.70640313364244589,-3.00369996404999684,2.3216035450964374,1.10639149443893947,0.296561820373436813
4.11687885873106207,-0.769888797609716735,-2.29318277901141832,-1.22442959050902944,1.85470523892544414
-0.972483476488952503,1.11607507929720673,-0.383253439253585737,-2.19664963264022228,0.192125105692934089
2.91107707745288913,-0.727320207615702485,-3.27674246946999315,0.0578022435816504254,-0.467701874085982849
-0.254866398821954887,0.124661875158598015,-5.04791985034078916,-1.85265361085490632,2.27589723293073654
-1.55304144640276887,-1.90300460695879248,-3.06370419704707153,-2.4511110389982167,0.612023005606258996
0.537548193945631025,1.24913765703732671,0.413248968441577713,0.526504480966707433,-1.47088823593531393
-1.5054563463987447,-0.0200797998022334417,0.275394268666660558,2.07577153152337956,0.445125575954928299
0.990993187153410338,-0.607271015459236341,2.8673017620222585,2.87153197332184362,1.4843347826927189
-0.822344920345638775,-0.39905129984481541,-2.42373525214547536,-1.05852645622511199,1.07713262151502565
0.786290428556328247,-0.470706678958461466,-2.91484619346232021,-5.25586773012786868,-0.411073202840855467
-1.23998780991661861,0.105979246037128785,0.16522210606673407,-3.52968230930068572,-0.860725562327025684
1.47865087917919968,-0.196702636496106809,-1.89593365612715981,-0.154835660103493811,-1.75190094267247809
0.955979950108943655,2.98796556097610733,0.55911893674922597,-1.42270904560435119,2.31931142969970416
0.63865033959149109,6.21040472289206136,1.60663657186614484,0.644650808481225246,-0.215771817843208008
2.42824090252084401,3.63274175754841844,2.23656235999392061,0.295400867704779024,-1.3200006374205866
-1.13162612403214013,-1.87910876801280113,0.438754346492099823,1.25200204349734445,0.310945310649128559
-0.662344606433217686,-2.99227230894822638,2.08521458236486446,0.0799291193405937683,-1.01819898711386436
4.96903461377213329,5.3233580270670835,1.30442303926665915,0.062195303491318632,0.740104420050351597
3.02460829130516462,3.63951256396106837,2.54891109571849395,4.24726583470221097,2.28520418367387457
-1.0851489338572311,0.358056746891745992,0.147534357625833251,3.5960896451799651,4.74321866223739708
-1.71323299199870172,-1.1159114582166143,-0.35462811601557126,0.162401195437692158,2.07485031039403678
0.321514692087680187,0.802467322974829034,1.67022061410294298,-2.90502009222538593,-0.612247732943829281
-0.81531730179845352,-3.06445564961771089,1.06276889730125279,-2.95929490383013416,-2.72151869859139239
-0.247322381030568028,-5.28873644317190905,-1.61021865085880789,-0.99915844331300907,-2.87229196543647536
0.43666738996805099,-5.42560340588949863,-0.528887399530972857,-2.13143759068080785,-2.8859228600578879
1.78854334864726927,-0.848958453222595666,1.65569153729797902,-1.1468450040043372,-1.8325980673419604
-2.27108953611312669,-1.28831633021314973,1.20153614567263856,2.68395409411993136,-0.0701098347165937386
-2.40760511278473155,-0.304510458381706262,0.807679820304231688,1.8455750053836959,0.233424666776501616
0.145609048962446308,2.74932385333216889,2.38846435216679431,-0.944951403684347491,3.06267838549800775
-1.58373331331529665,4.85980588537549885,4.72239888941934893,4.67863824691115404,3.56475069595324578
0.380359609676336363,1.14077275370984554,2.02377113928292696,2.24919440182859898,0.0596249162849288097
2.12109511030922127,-3.33008126055205533,-3.83204040769249454,-4.09903299245809283,-2.04914325903063599
2.99774313166690565,-2.6371831616982444,-2.82607061877103893,0.0278307458506629191,-0.729712457566733197
0.155693384270727264,-3.16278099722851813,-2.25789280233756884,2.38069405799100231,-1.15500600146248966
-2.97919690148919702,-0.529134801238830388,-0.0779893645405007191,-0.0997700235289745163,-0.588118564410441191
-3.05482103290178575,-2.75288002514819974,0.278441984621695282,1.81642827617129399,0.133437057519666696
-0.85398662926603186,-1.88614784640906596,4.08588469229353901,0.73288898643137157,-0.820034077078430346
0.369620881365056608,1.4749863878259919,3.16873085796151255,-1.23048634136764035,-2.69818709114194411
1.62841705743207954,2.11095849033340155,0.596676693693152904,-1.84392388828112086,-0.221889971915014278
3.98456448022428456,2.12895471875703945,-0.956005318978645047,0.521561303269721721,-0.674623080912570172
-0.287075846697121995,1.70649676976367171,-3.23537699761722575,-2.7236509174133281,0.356761248339018566
-4.52762529780784639,-2.98147148772562298,-0.61279730309716407,-0.918392531466673989,-0.89841118132506792
-2.54209831776343131,-2.56119916550077331,0.598185622949547025,-0.389824756118762217,-0.228847108211452488
2.64148610512334558,-0.245276927929848843,-1.56356744901770384,-0.361337026761409219,1.52698043988981058
1.49593265369006434,3.46336548533647814,1.90660514464444453,1.12753516271780097,-0.612191528964420306
-2.50536791974140938,2.33759667612327693,0.784500998531933558,-0.435851301884393694,-1.78430453121325261
-3.16488094704879863,-2.36468474421001407,-4.63481204380288414,0.0872682873187302643,-2.15514390696005309
-3.76418119847799026,-2.45062601878362862,-0.795541836714499295,-3.43143628725782479,-1.90230051537513822
-1.93644900198772629,-1.72369713302186978,-0.952421207984547769,0.978906481146301855,-2.76949078411459348
0.427124016392808614,-1.26059930753259941,-2.41424579732418509,-1.99407711101315188,-0.660209175316474828
-0.557123825818970353,-1.18310768276352785,-2.3678220779564545,0.0991141154447879869,-0.483477481121295516
0.0724300757263578038,-1.18556231462886452,-0.134237030918724159,0.430880337326815854,0.54208307612652884
1.58934292682352996,-0.210341139192586624,2.26703903946447527,2.98821840341882483,0.802294085710827054
2.28929779140144829,1.14219164707954213,3.06779347937879532,3.62130809048268132,4.43122002685212646
2.03568956786012834,2.20556291499521251,3.58804275325259425,5.4412570018191273,3.92234053220287304
3.21804164183840991,1.41923184037340344,1.15684849143160218,2.85230169754188312,2.24317452110487592
1.99051284520241301,-1.18741740415531649,-2.20524005869965878,-3.88024084414382076,-0.149862159838928172
-3.20647686967408196,1.20901486673998959,1.37702789966330252,-1.58717739761609433,0.116256705032681346
-0.612698547839200636,5.04042852825499565,-1.82098206267889928,1.81642574052624273,0.686162890007120274
-2.26419436162878718,3.27814681774621164,-4.36898344242842818,0.333441482819865409,4.07330674162935846
-0.771515584713442504,-0.988304158191802506,-2.3486041519486589,-1.82750631263756858,-2.20137563526789615
-0.969610739151496648,-1.84734120891722364,-0.782522489678442845,-1.57405629250018686,-2.26600149369349468
0.626783442023564397,-0.218322208109490018,-1.48379972112880476,3.67567540541609317,1.09235144969964426
0.124115227779157261,0.276595591306151412,0.932079992618030317,1.56310918121475018,2.8827028394201677
0.9288415086024433,-1.40596819185614352,0.60566462876676308,-3.3710960365510978,1.00432763068407449
-1.11885905110909767,-1.37224086043759375,-1.2362730240371238,-2.54272945763844538,-1.14132465259635318
-0.244249098950563376,0.407065693125522654,-0.497149197406860699,0.102283287923670696,-2.43427705393953531
0.0472629656315399424,0.398875477195263728,1.95030872155822999,3.16427645574063066,-0.814138365475554959
1.5668449425264046,-0.560421274845427919,1.86463174761150774,5.90003118786577652,0.242755919647855228
-1.61617867419221684,2.94893323325588375,0.09087272453685033,-1.97668108843049817,1.98354804715799382
-1.5760835553804502,3.57135566008092598,2.35950443629741713,2.59282631550647391,2.42719195612404492
5.33169273482782913,3.21476492591004614,1.85198565173299223,3.12814117452285645,3.5730671238998406
4.94366858127442566,3.16000329340433428,1.63690600303346701,1.64396203494965798,2.71191774487628301
-3.03638684873128106,3.27494459678454364,1.80727010810208122,-1.52790786928836586,0.156374896596802787
-2.27569648819920944,-1.69263884795456443,-1.52145840096342977,-2.49887970768828716,-0.56711915617598363
-1.85087188031382999,-1.67612171475084559,-2.31968169949330871,-0.198281383761665153,0.951478353940152344
-0.611432520567411819,-1.67434208165357901,-0.950847423447871654,-2.68569552891793917,-1.78584800378600228
-1.33449659191568104,-2.89961380795926926,0.654889354906413201,-0.972467948248318836,-1.78723400301254798
1.3511402465038671,-1.91964523954725141,-0.27831983294229512,3.27272910184483523,0.493603849260350835
-1.72955721784440364,-1.84000627139236261,-0.137761621954190644,0.909945573580573375,-0.388114138991044633
4.2511548742505596,0.0700497943206951079,-0.0501148022684312633,-6.96188762054901478,0.669201795679901235
4.5243197974705307,1.76148567347891594,2.10335786537819436,-4.20895123636096269,0.104434635645600488
2.44277744772734717,0.169291315705999951,1.81940753170547254,-0.235003131960890621,-1.57492055044976631
2.60911293914555342,3.0355393819041887,1.43029710033631896,-2.70845318624029785,0.22437388834453395
1.03833171358023435,1.71959412023546587,3.375924675924586,-0.31697395062302175,-0.398678634520697128
-4.81056725707570365,1.50125332888674734,4.72973766832705778,-0.598533429296290165,-1.097007242848685
-4.56129817826550976,-0.991693201837982818,2.49566031700755575,1.58521642111686289,-2.576564990638329
-3.01454689327705028,-2.38320517079323446,1.08249988234649108,4.69236712741323547,1.52394911109519637
-2.14211682889082633,-3.66076567027725241,3.19934401862809725,1.22857214418745353,-0.105342813681695874
-0.902867493601330229,-0.158113319402264724,0.171376875887638142,-3.39679066456867362,-1.37828087741118899
-1.15744084044996765,1.63272999600607749,-4.23741421788074657,0.207468739171999123,4.12787420906606606
0.363257043969761384,-1.35376752347348406,-5.66366543778205056,2.73948024599995588,1.78790640267468737
-1.25503643972395906,-2.27563284638040075,-3.98139291382245686,2.28110046439503522,-1.13341134626610462
2.23879227728897323,-0.986994725530496275,0.793192815408919616,4.0155622307794312,2.31120553649386684
3.56071053607767851,-2.13307923082751971,2.19630931798913087,1.32397470443288912,0.0118193340609398026
-2.7867950490958342,-0.714075750326790604,1.52022017847364821,-0.0176979467522472358,-3.51831560682809963
-0.618292002013669295,2.38969898828222904,-0.691135649973511734,-4.67507556912444766,-2.5557360036875747
-0.712168695359054138,2.19052422342572539,-1.8608082642549435,-1.22953750973743414,-2.66368900488050242
-1.51663265742805864,-0.0987605816887687227,-3.61784731687679573,1.9804763527903595,-0.586170772827746878
0.728878796332934953,0.443857800477733155,-5.82652941179478567,-3.00437896329823539,-2.56278340335667965
3.35279243927402293,-1.80955789084087115,-5.10831152239310349,-4.08959769547382557,-1.28308850183759771
2.59335613798676556,0.96327721684106371,-3.39180442585804665,-2.50503110525182038,2.49889974076759414
-2.01384713684712136,0.482585051699307876,-2.42189627478125713,-0.739932566192466612,-2.75477164429536847
-2.29875851701989431,-1.08989038990364362,-2.55062398328678741,2.58451523933946348,-1.54025316238564169
0.229805272708528213,1.38676578485807256,2.86567524129908557,3.72360317066632218,3.56177248306250238
0.802302182139484898,2.67702034021965085,1.27091015409906727,0.591841617213922477,2.76336120954879183
3.54176372270926221,2.99737615158721882,0.208566794610532485,-2.07883425267456534,1.15295458227007241
3.43558630938720544,-0.14283296464498299,-1.99335026990283359,-0.520618586982575571,1.77899171352954499
-1.12434140221945866,-1.59755896307340017,-0.587698306087137023,0.0333028342454697521,-1.34233196388788767
-3.63010483107881354,0.0180013221802000911,0.684287784352030526,1.38527607586663937,3.31171570213919608
-0.492598228598462973,-1.67301208391693246,0.583436852643010484,5.31558558392404201,4.60440411811862393
2.89169275463764519,-1.22372025653968075,0.0174349865791336434,3.93040211572750531,3.32190313536728121
1.90626205123221837,1.86724589486975523,-0.813525548946579802,-1.03423944357492825,0.448270927034225775
-2.43596651331924052,-2.31085727649527639,0.129578389026444557,-2.5473956115770009,-5.0208031052031199
-1.30880840592676084,-2.6266825575924746,1.84299122571347462,-2.01902246441655775,-4.87631691701975267
-0.678864911892907652,-2.8827283812753266,2.97393729917791116,-1.45874800947607808,-3.53592122864086678
-2.32972843982370126,-1.12349395177523137,1.24840987174454132,-2.37898468373550287,-1.52524015084091058
0.184935153498202914,-1.08611694613397192,3.70948390523281368,1.68636970999734537,3.12561355414895248
-0.238512191583874184,1.61845003222786232,2.95613366987433812,0.204012550158549355,4.91672511941390589
-0.258285915436964275,1.58789888472610952,2.01925971276265059,0.139753678599617737,2.83085584508851396
3.02017996719035775,0.430380660716374819,1.80934601765153169,-0.472325351096146817,0.974256803497284496
0.659554776195349968,0.377000437976751923,2.3173249137531462,0.875051497575540682,-0.597798195597392668
-0.17506968754712296,-1.016636305569381,1.10552718679485928,0.652528572590223122,-3.09215232240394577
-0.260238699628669801,0.939803292092070586,1.64542066455903746,-1.66617821448766179,-3.13787957074440804
1.17932491867422984,0.472424790267031713,0.288641094277475307,4.02063042970888773,-1.42997658758507074
-1.29207848324413765,-0.934800724573016661,-1.33257079244738086,0.331783183789698399,-1.74828499993917985
0.187894652014154978,0.446244019669323366,2.38214954920286015,-2.06681215587034073,-1.04089425581832273
-0.791169542097752698,0.977250336723607949,1.03885583240502899,0.36483094473922606,0.550658096771881933
0.0722263978648067517,0.766376074660892859,0.533930699201773384,-0.179930534699621503,-1.34636645869438043
1.20336987794378159,-1.36641631307178635,0.908266404857875687,3.10958118882889689,1.93044535223759439
4.29721705115279562,1.83484272646728996,1.49316595042144673,-0.0927985818666340334,0.359143963556267654
-1.69926799527032935,0.109892576533128533,2.32011243820275181,1.58458042557506706,3.69495427177535829
-0.623189027132081019,0.682293980865621097,0.632657415656280309,0.200731599863235854,6.80020489335830103
-0.938415049242796395,-0.248990163927025693,-0.643993164793059014,0.325915807250716782,2.16565191055995987
3.21084317882368131,0.0597658237970660478,0.155690653688075303,-0.769158796882242757,0.130512358164705938
3.26071472943347906,4.35357886929862747,0.418864951134885088,4.987472918702756,2.44680009555741895
3.60248138814451613,3.41320986207320987,3.15687136747840524,5.33596862996869969,2.86160736714737007
-0.960134571182833851,0.129541706920082739,1.6409911539681985,0.0273023205765990304,2.27039059509084717
-4.90826677570052894,0.778863732113581841,-2.08750436852783183,-3.29339379963617152,0.657845148291370752
-2.25726235837792144,2.65902049186119349,0.158066156236305433,-2.23936121454530568,-0.168569438755854978
-0.245746137968975736,0.731713146507636192,-0.625686472331323351,-0.878465264068580942,-2.72927916206962884
-1.74563172756135598,0.458170540775533319,-0.649323885346552276,-1.08404401497492309,-5.64511490948698036
-1.39427995328403265,-2.88539827476984945,3.57111540564262153,0.763033303655475725,-2.40711957315806124
-0.790813833448886561,-2.18935073057717444,-1.51166323903752664,-0.857985898845672001,-2.91942613667547546
-1.33577677563318575,0.191491054070084071,1.8064466333915139,2.61867561393602788,0.369622561498674007
0.997778233680544413,-2.2398153428292904,1.7863592199953604,1.46534259615114193,-0.0835989915426021135
-1.48140069001706109,0.314774487036268924,1.79115053545419101,-0.835286845929519184,-1.72389223599432873
-0.572307730316779728,0.67384022603223459,-0.922968822101095432,-2.87759643042643409,2.22522110233917347
1.72627810749902277,-0.505653032844483818,-6.08833889575531551,-1.88626416200743652,3.22437564314420033
-2.94533447504159307,-1.89812366366366203,-4.92524762513698544,-1.52480682808716717,-0.529890933774848749
0.338430818574817771,3.70640703027224605,-1.92785426296731566,-1.8017686259721768,-3.64426602062541427
2.4538494100939614,2.97730100105863604,-1.90107919552367499,-1.31897270841526471,-4.1629695475917643
-0.863992044775392487,1.70535099212155794,-5.03097900571878665,-0.477387754701516509,2.27954124626587529
-0.718664755815546674,-2.62961167029826282,-0.454107471342332092,1.23860257175782906,4.65660873083947902
0.223967694687331881,-4.11855865833489609,0.231097449885992318,-0.301891412128121983,-1.74809285593388997
0.933071620819202474,0.162442648201290923,-1.37198012820354687,-2.35895574481828785,1.92426957199913851
-1.11050777839346249,1.37208601415267228,-0.523585687895432805,-2.24974707903183102,-1.13011720152249184
0.677031664238266773,1.32707320891102087,-1.40168602278073373,0.341492306228199316,-3.77075017768586429
0.032516370305459473,-2.96706186610319911,-3.46967325544868421,-0.724159221561355926,-2.49982663264831606
0.839153215755797044,-4.39840120926316569,-1.15282099328348386,2.01289525809198455,-1.14633593425725877
-0.683506787125929383,-0.796674193389725782,-2.44516763025232331,-0.851794325836930044,-1.73949587112197546
-1.46719148076033279,-1.90410690524128734,-3.89492864019742946,3.48606815946778603,0.605380944823291856
-1.61009844974998284,3.18115785592221911,1.43613774204186262,0.164916497044918231,1.02692265493235824
0.891704222643814215,1.81123872177660261,0.21679045463469343,-2.85453299093479274,-2.53135249564835707
0.517685407635022687,-2.86141278112109898,-0.674549992044246594,-1.42158283548278064,-0.819120736177072262
0.115283489188793761,-0.032170683763052127,0.849856861445183021,-0.313224612746043352,-1.48834448788948914
0.636581709310594435,4.27498082441946359,2.55262815029023438,-0.996042767753102409,2.76893289486322614
-0.766042351427983159,1.9758031747527034,3.42589613330381226,0.368149762460352525,0.944180098686335012
1.68805707666014992,0.293703189237141227,-0.775830791066275394,-1.71928712790371474,-1.9204893538768768
4.97242961117119631,-0.425673794310011511,-1.6593408403574319,-1.5672219394521083,2.22971275786894241
0.155069302967692335,-3.5214617075284953,3.3692625533391114,0.495515798787240558,-0.39292536902194003
-1.85013465763506124,-3.97115850921691438,4.28640400244406106,3.19860278566226564,0.118645794079341088
0.0432796548250223914,-0.648931454347122072,1.69571866468488341,1.62907790035931144,1.04387113962172551
0.796181657135419107,-0.759302182808481274,0.534908498029031731,0.486153515628474975,-0.468797825521018285
-1.08881881568437233,-0.521761758414999055,-2.63778207364005723,4.24495223592129634,1.72495613474104315
-0.645569833819805372,-2.28825758447713401,-4.35595561901760409,0.889956969251065044,-0.547582473389072177
0.0343407836222923979,-0.237886073466433062,1.39245625792563832,-1.96350856437154153,-0.264675037099437682
-0.406608587793307774,3.54150169567353013,3.36517747863895522,1.53033719943068536,0.396526105696835274
0.837777321531983921,2.81604258247440464,-0.382722243766920933,-0.0112153662562523553,0.639424802082413701
-0.147836712915107416,1.02483578208379456,-4.88527837240773444,-1.45669122012929253,-1.21315192844980069
1.44834021332134899,-1.77268757892266171,-3.42429896959042201,-1.71625014151733524,4.54158778929832341
-1.45861212713466593,-0.791761473530275706,-4.50646538890852977,-1.69817080402759579,1.4034255852413271
3.32559131038671918,2.29417270312319843,0.735367406588604666,-0.359506203901774735,0.255201619091934728
1.96448238993670055,3.13719233569305356,2.98400912842316801,-0.969499977138223445,1.70948057060261438
-1.82452771868448904,3.95514173352692744,1.41963861792774981,3.74823386370392031,-0.458269660673168766
-4.56189302806636121,1.45930504135225592,2.38078589688321962,2.14905832595188251,-2.04121602607558028
-2.86647207470559051,1.23847552018331752,1.54153681843210899,2.65272406715684284,0.772867766070057804
1.50607785324685262,-1.01630708318379304,-2.2955236095267475,-0.140009735347073672,-0.339797248666361795
1.49195263995683369,-3.56852213456775713,-4.2840233612206875,-3.06996101865964954,-1.79824992935153682
-3.04928318169595469,-2.5918963774315773,-3.32303012384902674,2.56048117492224891,4.3884599463615146
1.52440135708828506,0.154927774880035701,-2.44245023543300244,-0.966714573486109896,2.68806324320718648
3.02058064100921264,1.96179251435248059,-0.633259285243885639,-4.34595471272636136,-4.41578576217843111
-4.20926197073556096,-1.66152588636614706,0.139409208974390519,-1.33672996316182102,-2.29387144475686
-2.18204864234308893,-0.293195736375877036,-0.941306222044705709,-1.98698880810420397,-2.21204598920208362
-1.40233174525685955,-0.626330152777273108,0.907879869387205218,0.587220707215033721,-3.43523590086867969
-0.643395811897266356,0.639565097667261218,0.215519236376189915,2.70547712416228681,-1.43934267743034972
-0.527057307946906417,-2.74847774558800095,0.452801508001185293,-0.833177738464849993,-2.04062981907939456
0.797955877286309678,-1.77723422293874811,-1.62785535080309018,-3.644531738887129,-4.34228766422363854
0.17052476945010836,1.27623563738188373,4.06547975021513164,1.56864065755965387,-0.797045977640746361
-0.076340093192947725,-1.31950631807627272,2.96046733855248823,5.27354536537175989,2.6524915193857419
0.462399327137222926,-1.03441503170545679,1.50226699451497092,0.770742645020123684,4.149479784398455
-0.366736115977444987,-1.08679739409128606,-0.278893936950941834,-6.40463335856847404,-3.47359837438414765
0.85550011640959589,-0.749689170090163004,-3.03707428309060479,-2.52846272766344171,-3.5847187938011924
1.09024963969536204,0.922943541473078888,0.924044340985628709,-1.47452876189128301,-0.767122229079468587
0.810401963186412222,3.29913417301239331,1.45772341536853167,-1.119676732383176,1.61687313763940033
0.861938370664847797,3.60264234492468205,0.776993157098374798,2.88657773045765742,1.41164402003674305
-0.798902465885941937,4.66097650810633723,2.10313947576562033,1.66543431423481825,0.953888082510954805
2.76729894348535721,1.7512986805034263,2.0744865312885068,0.324943067871515556,5.53976622836870725
4.3384329717452399,1.13425919078686954,1.27356753585356319,0.891771761773399896,3.68580919011588071
2.09228070102532104,-2.79305823061931369,-1.55744707461245113,-1.35462295427740798,-2.98025039848989781
-1.48594518965866773,-3.61595649038945455,-3.24069105957422154,-2.08359742850975005,-3.04264132552565503
2.03979843927972393,-2.16541732453679048,-1.13204296859062103,0.345155771357379126,5.23046635586401898
0.772996305411712048,-0.966817228813159901,3.01213533988385151,-0.432886734367975701,2.59700604903147125
1.90370542178582669,0.863520549548469796,5.61008246583240311,2.53221593161605929,3.99462453142682694
-2.7631971276673184,1.87341287880034235,1.74638560967339274,0.516908249546440213,-1.59731090933736297
-3.17461863043232873,-2.18899081739614276,1.11799347413895722,0.919871212772625402,-0.0173821755431708622
-0.662945725969886768,-0.187642231461054826,-1.09149867306826476,1.7933779859815604,-2.31729251655716251
-1.85358912017200894,-1.34561826617252889,-2.58709581414512924,-1.83615064733747579,-3.56621786674803998
-1.85015284013134629,-1.2697577330296248,-6.12285447242820613,-0.197119179281822599,-1.54790206043111156
-2.47198351092719193,-0.794590929766524234,1.80184897907383679,0.495178653545286451,2.64958720499823608
-0.171527707527089623,-0.838597915406248728,1.83530990128600457,1.26487799581894467,2.33171881980846818
0.912254296283722788,0.206931989268276745,-0.489392384571312455,-0.0573651542267825665,-3.47260798084319822
3.64987638789662849,0.155730347789167306,-0.567506143109528294,-2.32889909841039477,-3.78054701261224801
4.60475194660655873,1.35555288868694301,1.34409160632449209,1.05089642694864471,0.524634032109422277
4.26495270109075264,2.81916986537853465,-4.24300147747566214,1.27761819671024512,1.71782563226259244
3.38849914457343626,1.72895885396710769,-3.54388894397179133,0.358437162057404501,-0.399998300254987504
-0.874795878240074098,2.94003174188214134,-1.50406356788737461,3.18306565544316511,0.0128323841869169893
-5.20340413473098096,3.57995941482298186,-2.51182326492775809,1.26883037143722266,-1.30260061947064698
-3.16263988283683783,-1.25676439028319797,-2.21029561189945589,-1.2712301100674821,-1.17182339912517519
2.68760226387747547,-1.84090192868067026,-1.16809522475125505,-2.53322869564146824,1.86776868594608692
0.0191017125979024288,1.04721729895431803,-0.571094152699480939,0.00386292305596142201,0.665099960919800726
-3.56105702898365495,-2.6402646281709119,-4.25178616813199728,0.470005696356046221,-1.67300950999918019
-2.89935143044579702,-2.75429865194076973,1.98276132039572728,1.71809523134345898,-1.7491787779200838
-2.75754609106245496,0.221486361010941796,4.45386541339750419,-0.417348227713875419,-0.0192197635420560883
-1.09057100529853135,2.75711519065732125,2.79613114371143423,1.34744817083747126,0.46874517705272617
-0.291754113566909945,3.5825420723018917,2.42344829162428299,1.02055151817365819,2.28786630739218833
-1.74887771115856672,4.18737585990316408,-1.36642994650572058,2.75229580718143696,3.73489226397573404
-1.96726497863632166,-1.23224110404414633,-1.88298584370086841,4.24933659206351511,1.84617563138340923
0.808667811779103629,-1.03299725337287662,-1.61949027953135216,-4.44881570583738029,-0.451919495438484087
3.46103699836010525,-1.87866642138969686,-1.61588740099563144,-3.83386619392725381,-0.551841531998584989
-2.27168831197025289,-2.05419169446688921,-1.34205622661170132,-3.68249315151805146,-2.29663467580550584
-3.11760620430873914,-1.53067010179662133,0.497093336434956623,-0.656869459163185176,-1.93578397709582695
2.40011843139325087,2.06750195734123032,2.61396980728757633,-0.0994460377266134232,-0.838597578781788089
2.63664994412576448,0.8010547098107762,-0.593460344233291748,1.59706541163042126,1.41519534812816161
3.07425517664555414,-2.54213334910396904,3.00624876077236269,1.21340463089344497,-0.328458858118136632
1.78433379630008826,-0.564020663923066601,-1.01425257150810078,-0.562961869516752089,1.06074929685132369
-2.83218212710479822,-4.15448043640676445,-2.397099677129928,-1.26741317220956229,-2.34652629134857404
-0.335857715225682196,-0.940696373967187971,-0.555338195572477655,-2.52376963803207355,-2.12643376923504546
2.07923636551873914,3.17347805605549471,3.98621969653148156,-1.68625317524085028,4.03307819085997377
-0.0937290815875281708,2.43111235217777732,1.62209461327627902,0.287714065671569152,3.10536356859836449
-1.92867321108581669,-2.33846390849485397,-0.669738514599455659,-1.4199590013008101,1.75931183912748046
2.16780650223223859,-2.30328454995749388,-1.57098341407211839,-0.58641195616983588,-1.53791549390931293
0.988949769315606964,-1.19984897387919776,1.18454440293724783,0.0897934100645990108,-0.0800991482289816481
1.16966319606656177,-0.880176679719418265,4.84799259602030919,3.7595553287453165,3.30556208854331057
2.79521924750830975,3.20708310911907724,4.13597509443201883,3.37612579466633189,2.91431504428030808
-3.66134322043191363,-0.479239251110412767,-0.947209531679158778,-0.706599713118518546,-2.76136137026231721
-0.899189390701038205,-1.27309285501312841,-2.83980054508533097,-1.55918623894761965,-2.07858269448830413
-1.15394721033354619,-1.3608947194730745,3.41202612535482963,2.08680782117173402,-1.45991094518021147
-0.781855004832119005,-0.699717573862249531,-0.643254591836727618,-0.57821144501211641,-2.01125960701440976
0.873688365089595576,0.724074489594471071,-0.114269951485011442,-1.38247391015436505,-0.521949093559029631
