epoch,score,selection_eligible,agreement,agreement_score,agreement_weight,agreement_coverage,dir_margin,margin_score,density_factor,skeleton_overlap,actual_pair_density,target_pair_density,global_asymmetry,asymmetry_score,high_conf_edges,k,guardrail_pass,guardrail_reason,guardrail_density_ratio,guardrail_required_skeleton_overlap,guardrail_peak_skeleton_overlap,adj_offdiag_mean,adj_offdiag_std,adj_offdiag_cv,adj_offdiag_min,adj_offdiag_max,adj_in_degree_mean,adj_in_degree_std,adj_parent_entropy_mean,adj_eff_parents_mean,adj_eff_parents_p90,adj_ungated_asym_mean,adj_ungated_asym_median,adj_ungated_asym_p90,dir_active_pair_frac,dir_prior_q_threshold,dir_active_reliability_mean,dir_active_reliability_median,dir_active_reliability_p10,dir_active_abs_margin_mean,dir_active_abs_margin_median,dir_active_abs_margin_p90,dir_active_abs_margin_near0_frac,dir_active_signed_raw_mean,dir_active_signed_raw_median,dir_active_signed_raw_p10,dir_active_signed_raw_frac_pos,dir_active_signed_gate_mean,dir_active_signed_gate_median,dir_active_signed_gate_p10,dir_active_signed_gate_frac_pos,cross_source_mean_cos,cross_source_p90_cos,cross_source_gt_0p7_frac,cross_pred_mean_cos,cross_pred_p90_cos,cross_pred_gt_0p7_frac,cross_target_mean_cos,cross_target_p90_cos,cross_target_gt_0p7_frac,cross_num_lags,cross_pred_target_diag_mean,cross_pred_target_offdiag_mean,cross_pred_target_diag_gap,cross_agg_max_mean,cross_agg_max_p90,cross_agg_eff_parents_mean,noise_probe_available,noise_probe_timestep,noise_probe_patel_loss,noise_probe_blend50_loss,noise_probe_learned_loss,noise_probe_delta_blend50_minus_patel,noise_probe_delta_learned_minus_patel,noise_probe_ratio_blend50_over_patel,noise_probe_ratio_learned_over_patel,noise_probe_guide_l1_mean,msg_dir_mode_is_causal,msg_dir_raw_diag_mean,msg_dir_raw_offdiag_mean,msg_dir_raw_diag_gap,msg_dir_causal_diag_mean,msg_dir_causal_offdiag_mean,msg_dir_causal_diag_gap,msg_dir_active_diag_gap,msg_dir_gap_delta_causal_minus_raw,msg_dir_prefers_causal,directional_kappa_gate_enabled,directional_kappa_gate_quantile,directional_kappa_gate_threshold,directional_kappa_gate_pair_frac,main_loss_weight,directional_loss_active,directional_loss_end_epoch,directional_loss_deactivated_from_epoch,dir_loss_raw,dir_loss_weighted,dir_lambda_current,direction_lr_multiplier,direction_lr_current,direction_branch_frozen,freeze_direction_after_epoch,direction_branch_frozen_from_epoch,cross_loss_raw,cross_loss_weighted,cross_lambda_current,cross_fixed_weight_target,anti_collapse_raw,anti_collapse_weighted,anti_collapse_lambda_current,anti_collapse_margin,anti_collapse_mode,ortho_loss_raw,ortho_loss_weighted,parent_entropy_raw,parent_entropy_weighted,parent_entropy_lambda_current,parent_cap_raw,parent_cap_weighted,parent_cap_lambda_current,parent_cap_target,ungated_symmetry_raw,ungated_symmetry_weighted,ungated_symmetry_lambda_current,gradient_alignment_probe_enabled,gradient_alignment_probe_seed,grad_probe_available,grad_probe_lambda_dir,grad_probe_diff_norm,grad_probe_dir_norm_raw,grad_probe_dir_norm_weighted,grad_probe_dir_to_diff_norm_ratio,grad_probe_cosine,grad_probe_cosine_negative
1,0.401422,0,0.750000,0.666667,0.000000,0.666667,0.080730,0.312146,0.000000,1.000000,0.000000,0.171429,0.013839,0.092002,12,18,0,before_selection_start,0.000000,0.500000,0.000000,0.023520,0.056146,2.387114,0.000000,0.240664,0.329284,0.110758,0.293507,2.248347,3.486909,0.000000,0.000000,0.000000,0.106667,0.013223,0.109802,0.105755,0.073116,0.772419,0.548778,1.388048,0.000000,0.609329,0.297767,-0.053602,0.833333,0.250789,0.147427,-0.026795,0.833333,0.157186,0.361872,0.000000,0.357253,0.657446,0.068398,0.150137,0.382991,0.000000,3.000000,-0.032530,-0.007132,-0.025399,0.573810,0.718945,2.157509,1.000000,500.000000,1.352158,1.349624,1.348644,-0.002534,-0.003513,0.998126,0.997402,0.060051,0.000000,0.219299,0.124072,0.095227,0.206236,0.127114,0.079122,0.095227,-0.016105,0.000000,1,0.500000,0.063121,0.373333,1.000000,1,-1,-1,0.630558,0.000000,0.000000,1.000000,0.001000,0,-1,-1,0.739508,0.073561,0.100000,0.100000,0.026043,0.006886,0.100000,0.020000,signed_gate,0.061470,0.000000,0.293507,0.000000,0.000000,0.000000,0.000000,0.000000,0.000000,0.000000,0.000000,0.000000,0,0,0.000000,0.000000,0.000000,0.000000,0.000000,0.000000,0.000000,0.000000
2,0.398585,0,0.833333,0.722222,0.000000,0.666667,0.076013,0.295016,0.000000,1.000000,0.000000,0.171429,0.013031,0.086654,12,18,0,before_selection_start,0.000000,0.500000,0.000000,0.021806,0.052112,2.389827,0.000000,0.225093,0.305281,0.095551,0.293320,2.246550,3.489964,0.000000,0.000000,0.000000,0.106667,0.013223,0.109802,0.105755,0.073116,0.752289,0.322212,1.534042,0.000000,0.708701,0.322212,0.160704,0.916667,0.295129,0.159659,0.080179,0.916667,0.157186,0.361872,0.000000,0.362742,0.654125,0.076190,0.150137,0.382991,0.000000,3.000000,-0.032448,-0.007287,-0.025161,0.574920,0.695492,2.153755,1.000000,500.000000,1.324758,1.324757,1.324071,-0.000001,-0.000687,0.999999,0.999481,0.061772,0.000000,0.219268,0.123845,0.095423,0.205767,0.127613,0.078153,0.095423,-0.017270,0.000000,1,0.500000,0.063121,0.373333,1.000000,1,-1,-1,0.578877,0.000000,0.000000,1.000000,0.001000,0,-1,-1,0.739482,0.073564,0.100000,0.100000,0.006697,0.001462,0.100000,0.020000,signed_gate,0.060333,0.000000,0.293320,0.000000,0.000000,0.000000,0.000000,0.000000,0.000000,0.000000,0.000000,0.000000,0,0,0.000000,0.000000,0.000000,0.000000,0.000000,0.000000,0.000000,0.000000
3,0.397028,0,0.750000,0.666667,0.000000,0.666667,0.073445,0.285609,0.000000,1.000000,0.000000,0.171429,0.012591,0.083740,12,18,0,before_selection_start,0.000000,0.500000,0.000000,0.020964,0.050190,2.394073,0.000000,0.217384,0.293500,0.089412,0.293396,2.245862,3.501435,0.000000,0.000000,0.000000,0.106667,0.013223,0.109802,0.105755,0.073116,0.750960,0.364224,1.551792,0.000000,0.750960,0.364224,0.184155,1.000000,0.317735,0.180109,0.091818,1.000000,0.157186,0.361872,0.000000,0.366390,0.652863,0.076190,0.150137,0.382991,0.000000,3.000000,-0.032541,-0.007292,-0.025249,0.576381,0.693756,2.150666,1.000000,500.000000,1.324083,1.323375,1.324239,-0.000708,0.000156,0.999465,1.000117,0.062658,0.000000,0.219497,0.123607,0.095890,0.205061,0.127712,0.077349,0.095890,-0.018541,0.000000,1,0.500000,0.063121,0.373333,1.000000,1,-1,-1,0.548691,0.000000,0.000000,1.000000,0.001000,0,-1,-1,0.739675,0.073563,0.100000,0.100000,0.000000,0.000138,0.100000,0.020000,signed_gate,0.059583,0.000000,0.293396,0.000000,0.000000,0.000000,0.000000,0.000000,0.000000,0.000000,0.000000,0.000000,0,0,0.000000,0.000000,0.000000,0.000000,0.000000,0.000000,0.000000,0.000000
4,0.396613,0,0.750000,0.666667,0.000000,0.666667,0.072761,0.283097,0.000000,1.000000,0.000000,0.171429,0.012473,0.082965,12,18,0,before_selection_start,0.000000,0.500000,0.000000,0.020669,0.049652,2.402240,0.000000,0.214413,0.289366,0.086413,0.293322,2.245781,3.503696,0.000000,0.000000,0.000000,0.106667,0.013223,0.109802,0.105755,0.073116,0.740121,0.359787,1.471801,0.000000,0.740121,0.359787,0.180761,1.000000,0.315188,0.177976,0.090135,1.000000,0.157186,0.361872,0.000000,0.365825,0.658065,0.076190,0.150137,0.382991,0.000000,3.000000,-0.032666,-0.007412,-0.025254,0.578218,0.707155,2.149740,1.000000,500.000000,1.332731,1.330446,1.334086,-0.002285,0.001355,0.998286,1.001016,0.062966,0.000000,0.219938,0.123212,0.096726,0.204998,0.127474,0.077524,0.096726,-0.019201,0.000000,1,0.500000,0.063121,0.373333,1.000000,1,-1,-1,0.544320,0.000000,0.000000,1.000000,0.001000,0,-1,-1,0.739639,0.073562,0.100000,0.100000,0.000000,0.000000,0.100000,0.020000,signed_gate,0.059262,0.000000,0.293322,0.000000,0.000000,0.000000,0.000000,0.000000,0.000000,0.000000,0.000000,0.000000,0,0,0.000000,0.000000,0.000000,0.000000,0.000000,0.000000,0.000000,0.000000
5,0.391771,0,0.750000,0.666667,0.000000,0.666667,0.064869,0.253805,0.000000,1.000000,0.000000,0.171429,0.011120,0.074000,12,18,0,before_selection_start,0.000000,0.500000,0.000000,0.020218,0.048137,2.380852,0.000000,0.201725,0.283058,0.084191,0.295553,2.260905,3.561197,0.000000,0.000000,0.000000,0.106667,0.013223,0.109802,0.105755,0.073116,0.691676,0.387657,1.272324,0.000000,0.691676,0.387657,0.210073,1.000000,0.300990,0.191391,0.104652,1.000000,0.157186,0.361872,0.000000,0.366618,0.671750,0.066667,0.150137,0.382991,0.000000,3.000000,-0.032869,-0.008012,-0.024857,0.573938,0.688546,2.171498,1.000000,500.000000,1.326626,1.324117,1.323938,-0.002509,-0.002688,0.998109,0.997974,0.063455,0.000000,0.218780,0.123944,0.094835,0.206457,0.127894,0.078563,0.094835,-0.016273,0.000000,1,0.500000,0.063121,0.373333,1.000000,1,-1,-1,0.556423,0.000000,0.000000,1.000000,0.001000,0,-1,-1,0.740195,0.073561,0.100000,0.100000,0.000000,0.000000,0.100000,0.020000,signed_gate,0.059000,0.000000,0.295553,0.000000,0.000000,0.000000,0.000000,0.000000,0.000000,0.000000,0.000000,0.000000,0,0,0.000000,0.000000,0.000000,0.000000,0.000000,0.000000,0.000000,0.000000
6,0.390911,1,0.750000,0.666667,0.000000,0.666667,0.063481,0.248602,0.000000,1.000000,0.000000,0.171429,0.010882,0.072422,12,18,0,low_density_factor|density_ratio_out_of_range,0.000000,0.500000,0.000000,0.020026,0.047597,2.376777,0.000000,0.197705,0.280361,0.079607,0.296342,2.267506,3.598197,0.000000,0.000000,0.000000,0.106667,0.013223,0.109802,0.105755,0.073116,0.692470,0.506603,1.144580,0.000000,0.692470,0.506603,0.264163,1.000000,0.308058,0.247998,0.131319,1.000000,0.157186,0.361872,0.000000,0.364171,0.676271,0.066667,0.150137,0.382991,0.000000,3.000000,-0.032775,-0.007933,-0.024842,0.572313,0.686798,2.180672,1.000000,500.000000,1.307469,1.309427,1.308002,0.001958,0.000533,1.001497,1.000408,0.063634,0.000000,0.218304,0.123601,0.094703,0.207554,0.127786,0.079768,0.094703,-0.014935,0.000000,1,0.500000,0.063121,0.373333,1.000000,1,-1,-1,0.499052,0.000781,0.002269,1.000000,0.001000,0,-1,-1,0.740389,0.073552,0.100000,0.100000,0.000000,0.000000,0.100000,0.020000,signed_gate,0.058490,0.000396,0.296342,0.000000,0.000000,0.000000,0.000000,0.000000,0.000000,0.000000,0.000000,0.000000,0,0,0.000000,0.002269,0.000000,0.000000,0.000000,0.000000,0.000000,0.000000
7,0.399024,1,0.666667,0.611111,0.000000,0.666667,0.076740,0.297668,0.000000,1.000000,0.000000,0.171429,0.013155,0.087478,12,18,0,low_density_factor|density_ratio_out_of_range,0.000000,0.850000,1.000000,0.020321,0.049147,2.418603,0.000000,0.199269,0.284488,0.076519,0.291728,2.240504,3.533169,0.000000,0.000000,0.000000,0.106667,0.013223,0.109802,0.105755,0.073116,0.865723,0.816294,1.105778,0.000000,0.865723,0.816294,0.424738,1.000000,0.389184,0.384586,0.209233,1.000000,0.157186,0.361872,0.000000,0.357356,0.669434,0.070996,0.150137,0.382991,0.000000,3.000000,-0.032529,-0.007541,-0.024988,0.583659,0.727303,2.136838,1.000000,500.000000,1.291875,1.289593,1.290402,-0.002282,-0.001473,0.998234,0.998860,0.063278,0.000000,0.218323,0.121676,0.096647,0.206305,0.126726,0.079579,0.096647,-0.017068,0.000000,1,0.500000,0.063121,0.373333,1.000000,1,-1,-1,0.236132,0.001981,0.008602,1.000000,0.001000,0,-1,-1,0.740648,0.073547,0.100000,0.100000,0.000000,0.000000,0.100000,0.020000,signed_gate,0.057554,0.001097,0.291728,0.000000,0.000000,0.000000,0.000000,0.000000,0.000000,0.000000,0.000000,0.000000,0,0,0.000000,0.008602,0.000000,0.000000,0.000000,0.000000,0.000000,0.000000
8,0.408084,1,0.666667,0.611111,0.000000,0.666667,0.092018,0.352303,0.000000,1.000000,0.000000,0.171429,0.015774,0.104777,12,18,0,low_density_factor|density_ratio_out_of_range,0.000000,0.850000,1.000000,0.019909,0.049855,2.504077,0.000000,0.223944,0.278732,0.080145,0.282272,2.189993,3.506758,0.000000,0.000000,0.000000,0.106667,0.013223,0.109802,0.105755,0.073116,1.177669,1.130456,1.254736,0.000000,1.177669,1.130456,1.112374,1.000000,0.523826,0.511846,0.505143,1.000000,0.157186,0.361872,0.000000,0.345723,0.660824,0.066667,0.150137,0.382991,0.000000,3.000000,-0.031367,-0.007392,-0.023975,0.612285,0.745701,2.065662,1.000000,500.000000,1.293662,1.292398,1.296820,-0.001264,0.003158,0.999023,1.002441,0.063804,0.000000,0.214425,0.119927,0.094498,0.207424,0.123971,0.083453,0.094498,-0.011045,0.000000,1,0.500000,0.063121,0.373333,1.000000,1,-1,-1,0.012104,0.002321,0.189152,1.000000,0.001000,0,-1,-1,0.740327,0.073546,0.100000,0.100000,0.000000,0.000000,0.100000,0.020000,signed_gate,0.056244,0.001686,0.282272,0.000000,0.000000,0.000000,0.000000,0.000000,0.000000,0.000000,0.000000,0.000000,0,0,0.000000,0.189152,0.000000,0.000000,0.000000,0.000000,0.000000,0.000000
9,0.426820,1,0.666667,0.611111,0.000000,0.666667,0.125773,0.464546,0.000000,1.000000,0.000000,0.171429,0.021561,0.142759,12,18,0,low_density_factor|density_ratio_out_of_range,0.000000,0.850000,1.000000,0.019164,0.052891,2.759946,0.000000,0.264880,0.268291,0.100525,0.234882,1.942180,2.930799,0.000000,0.000000,0.000000,0.106667,0.013223,0.109802,0.105755,0.073116,2.191162,2.187072,2.212717,0.000000,2.191162,2.187072,2.174799,1.000000,0.798888,0.798165,0.795927,1.000000,0.157186,0.361872,0.000000,0.318729,0.636861,0.066667,0.150137,0.382991,0.000000,3.000000,-0.029448,-0.006526,-0.022922,0.691875,0.906366,1.791226,1.000000,500.000000,1.304829,1.297786,1.297472,-0.007043,-0.007357,0.994602,0.994362,0.064915,0.000000,0.208433,0.114780,0.093652,0.200221,0.118563,0.081658,0.093652,-0.011995,0.000000,1,0.500000,0.063121,0.373333,1.000000,1,-1,-1,0.002000,0.000967,0.498198,1.000000,0.001000,0,-1,-1,0.739715,0.073512,0.100000,0.100000,0.000000,0.000000,0.100000,0.020000,signed_gate,0.054508,0.002288,0.234882,0.000000,0.000000,0.000000,0.000000,0.000000,0.000000,0.000000,0.000000,0.000000,0,0,0.000000,0.498198,0.000000,0.000000,0.000000,0.000000,0.000000,0.000000
10,0.433733,1,0.750000,0.666667,0.000000,0.666667,0.139210,0.505628,0.000000,1.000000,0.000000,0.171429,0.023865,0.157768,12,18,0,low_density_factor|density_ratio_out_of_range,0.000000,0.850000,1.000000,0.019038,0.055473,2.913813,0.000000,0.317617,0.266530,0.117482,0.196370,1.767454,2.503541,0.000000,0.000000,0.000000,0.106667,0.013223,0.109802,0.105755,0.073116,3.141024,3.138948,3.158830,0.000000,3.141024,3.138948,3.132905,1.000000,0.917103,0.916942,0.916460,1.000000,0.157186,0.361872,0.000000,0.302755,0.618666,0.057143,0.150137,0.382991,0.000000,3.000000,-0.028803,-0.006174,-0.022629,0.731248,0.961520,1.653616,1.000000,500.000000,1.283388,1.286081,1.288392,0.002693,0.005003,1.002098,1.003898,0.065292,0.000000,0.205150,0.111992,0.093158,0.196899,0.115665,0.081234,0.093158,-0.011924,0.000000,1,0.500000,0.063121,0.373333,1.000000,1,-1,-1,0.000700,0.000399,0.499991,1.000000,0.001000,0,-1,-1,0.739428,0.073472,0.100000,0.100000,0.000000,0.000000,0.100000,0.020000,signed_gate,0.053340,0.002878,0.196370,0.000000,0.000000,0.000000,0.000000,0.000000,0.000000,0.000000,0.000000,0.000000,0,0,0.000000,0.499991,0.000000,0.000000,0.000000,0.000000,0.000000,0.000000
11,0.435143,1,0.750000,0.666667,0.000000,0.666667,0.142032,0.513984,0.000000,1.000000,0.000000,0.171429,0.024348,0.160912,12,18,0,low_density_factor|density_ratio_out_of_range,0.000000,0.850000,1.000000,0.018607,0.055236,2.968634,0.000000,0.312858,0.260491,0.119503,0.170343,1.663244,2.237567,0.000000,0.000000,0.000000,0.106667,0.013223,0.109802,0.105755,0.073116,4.104725,4.103673,4.112411,0.000000,4.104725,4.103673,4.096599,1.000000,0.967545,0.967513,0.967286,1.000000,0.157186,0.361872,0.000000,0.295638,0.614164,0.085714,0.150137,0.382991,0.000000,3.000000,-0.028541,-0.005939,-0.022602,0.750430,0.986635,1.591191,1.000000,500.000000,1.282852,1.285517,1.284699,0.002665,0.001847,1.002077,1.001440,0.065841,0.000000,0.203233,0.111296,0.091937,0.195585,0.114382,0.081204,0.091937,-0.010733,0.000000,1,0.500000,0.063121,0.373333,1.000000,1,-1,-1,0.000579,0.000330,0.500000,1.000000,0.001000,0,-1,-1,0.739184,0.073450,0.100000,0.100000,0.000000,0.000000,0.100000,0.020000,signed_gate,0.052174,0.003483,0.170343,0.000000,0.000000,0.000000,0.000000,0.000000,0.000000,0.000000,0.000000,0.000000,0,0,0.000000,0.500000,0.000000,0.000000,0.000000,0.000000,0.000000,0.000000
12,0.435067,1,0.750000,0.666667,0.000000,0.666667,0.141880,0.513535,0.000000,1.000000,0.000000,0.171429,0.024322,0.160742,12,18,0,low_density_factor|density_ratio_out_of_range,0.000000,0.850000,1.000000,0.018026,0.054197,3.006676,0.000000,0.300426,0.252359,0.118258,0.155644,1.608630,2.096145,0.000000,0.000000,0.000000,0.106667,0.013223,0.109802,0.105755,0.073116,5.155149,5.151737,5.172341,0.000000,5.155149,5.151737,5.149046,1.000000,0.988526,0.988488,0.988457,1.000000,0.157186,0.361872,0.000000,0.292336,0.606140,0.085714,0.150137,0.382991,0.000000,3.000000,-0.028122,-0.005881,-0.022241,0.760955,0.995696,1.562880,1.000000,500.000000,1.288817,1.285395,1.283604,-0.003422,-0.005213,0.997345,0.995955,0.066535,0.000000,0.202292,0.111121,0.091171,0.195032,0.113982,0.081051,0.091171,-0.010120,0.000000,1,0.500000,0.063121,0.373333,1.000000,1,-1,-1,0.000453,0.000297,0.500000,1.000000,0.001000,0,-1,-1,0.738956,0.073436,0.100000,0.100000,0.000000,0.000000,0.100000,0.020000,signed_gate,0.050958,0.004066,0.155644,0.000000,0.000000,0.000000,0.000000,0.000000,0.000000,0.000000,0.000000,0.000000,0,0,0.000000,0.500000,0.000000,0.000000,0.000000,0.000000,0.000000,0.000000
13,0.435779,1,0.750000,0.666667,0.000000,0.666667,0.143315,0.517749,0.000000,1.000000,0.000000,0.171429,0.024568,0.162339,12,18,0,low_density_factor|density_ratio_out_of_range,0.000000,0.850000,1.000000,0.018042,0.055028,3.049965,0.000000,0.335300,0.252589,0.118085,0.148006,1.580575,2.031758,0.000000,0.000000,0.000000,0.106667,0.013223,0.109802,0.105755,0.073116,6.296476,6.296632,6.304894,0.000000,6.296476,6.296632,6.285700,1.000000,0.996321,0.996322,0.996281,1.000000,0.157186,0.361872,0.000000,0.291428,0.624409,0.076190,0.150137,0.382991,0.000000,3.000000,-0.027965,-0.005758,-0.022207,0.768089,0.998741,1.546636,1.000000,500.000000,1.289585,1.284595,1.290054,-0.004990,0.000469,0.996130,1.000363,0.066512,0.000000,0.201403,0.110344,0.091060,0.194659,0.113739,0.080920,0.091060,-0.010140,0.000000,1,0.500000,0.063121,0.373333,1.000000,1,-1,-1,0.001534,0.000316,0.500000,1.000000,0.001000,0,-1,-1,0.738763,0.073429,0.100000,0.100000,0.000000,0.000000,0.100000,0.020000,signed_gate,0.049817,0.004628,0.148006,0.000000,0.000000,0.000000,0.000000,0.000000,0.000000,0.000000,0.000000,0.000000,0,0,0.000000,0.500000,0.000000,0.000000,0.000000,0.000000,0.000000,0.000000
14,0.434011,1,0.750000,0.666667,0.000000,0.666667,0.139764,0.507276,0.000000,1.000000,0.000000,0.171429,0.023959,0.158385,12,18,0,low_density_factor|density_ratio_out_of_range,0.000000,0.850000,1.000000,0.017712,0.054938,3.101689,0.000000,0.372145,0.247970,0.119340,0.145258,1.571358,2.006979,0.000000,0.000000,0.000000,0.106667,0.013223,0.109802,0.105755,0.073116,7.541352,7.539163,7.545439,0.000000,7.541352,7.539163,7.535819,1.000000,0.998939,0.998937,0.998933,1.000000,0.157186,0.361872,0.000000,0.291684,0.637037,0.076190,0.150137,0.382991,0.000000,3.000000,-0.028279,-0.005839,-0.022441,0.771368,0.999661,1.543774,1.000000,500.000000,1.285404,1.291779,1.290801,0.006375,0.005397,1.004960,1.004198,0.066928,0.000000,0.201355,0.109862,0.091492,0.194788,0.113776,0.081012,0.091492,-0.010481,0.000000,1,0.500000,0.063121,0.373333,1.000000,1,-1,-1,0.000158,0.000357,0.500000,1.000000,0.001000,0,-1,-1,0.738941,0.073428,0.100000,0.100000,0.000000,0.000000,0.100000,0.020000,signed_gate,0.048274,0.005163,0.145258,0.000000,0.000000,0.000000,0.000000,0.000000,0.000000,0.000000,0.000000,0.000000,0,0,0.000000,0.500000,0.000000,0.000000,0.000000,0.000000,0.000000,0.000000
15,0.433983,1,0.833333,0.722222,0.000000,0.666667,0.139709,0.507114,0.000000,1.000000,0.000000,0.171429,0.023950,0.158325,12,18,0,low_density_factor|density_ratio_out_of_range,0.000000,0.850000,1.000000,0.017390,0.054956,3.160234,0.000000,0.387217,0.243456,0.125655,0.144242,1.567956,1.997971,0.000000,0.000000,0.000000,0.106667,0.013223,0.109802,0.105755,0.073116,8.882081,8.879061,8.895423,0.000000,8.882081,8.879061,8.873688,1.000000,0.999722,0.999721,0.999720,1.000000,0.157186,0.361872,0.000000,0.290247,0.638210,0.076190,0.150137,0.382991,0.000000,3.000000,-0.028482,-0.005889,-0.022593,0.772829,0.999916,1.542805,1.000000,500.000000,1.288647,1.291443,1.290063,0.002795,0.001415,1.002169,1.001098,0.067417,0.000000,0.202171,0.109707,0.092464,0.194967,0.113764,0.081203,0.092464,-0.011261,0.000000,1,0.500000,0.063121,0.373333,1.000000,1,-1,-1,0.000055,0.000337,0.500000,1.000000,0.001000,0,-1,-1,0.739168,0.073424,0.100000,0.100000,0.000000,0.000000,0.100000,0.020000,signed_gate,0.046254,0.005756,0.144242,0.000000,0.000000,0.000000,0.000000,0.000000,0.000000,0.000000,0.000000,0.000000,0,0,0.000000,0.500000,0.000000,0.000000,0.000000,0.000000,0.000000,0.000000
16,0.433940,1,0.833333,0.722222,0.000000,0.666667,0.139622,0.506855,0.000000,1.000000,0.000000,0.171429,0.023935,0.158227,12,18,0,low_density_factor|density_ratio_out_of_range,0.000000,0.850000,1.000000,0.017040,0.055100,3.233464,0.000000,0.406164,0.238566,0.130541,0.143898,1.566216,1.994998,0.000000,0.000000,0.000000,0.106667,0.013223,0.109802,0.105755,0.073116,10.309063,10.307773,10.324529,0.000000,10.309063,10.307773,10.295736,1.000000,0.999933,0.999933,0.999932,1.000000,0.157186,0.361872,0.000000,0.290641,0.631244,0.076190,0.150137,0.382991,0.000000,3.000000,-0.028486,-0.005925,-0.022562,0.775443,0.999981,1.540490,1.000000,500.000000,1.292805,1.294032,1.294836,0.001227,0.002031,1.000949,1.001571,0.067932,0.000000,0.201973,0.109362,0.092611,0.195193,0.113842,0.081351,0.092611,-0.011259,0.000000,1,0.500000,0.063121,0.373333,1.000000,1,-1,-1,0.001092,0.000357,0.500000,1.000000,0.001000,0,-1,-1,0.739120,0.073423,0.100000,0.100000,0.000000,0.000000,0.100000,0.020000,signed_gate,0.044320,0.005800,0.143898,0.000000,0.000000,0.000000,0.000000,0.000000,0.000000,0.000000,0.000000,0.000000,0,0,0.000000,0.500000,0.000000,0.000000,0.000000,0.000000,0.000000,0.000000
17,0.434995,1,0.833333,0.722222,0.000000,0.666667,0.141734,0.513105,0.000000,1.000000,0.000000,0.171429,0.024297,0.160580,12,18,0,low_density_factor|density_ratio_out_of_range,0.000000,0.850000,1.000000,0.016783,0.055445,3.303698,0.000000,0.424246,0.234959,0.137142,0.143513,1.564222,1.991164,0.000000,0.000000,0.000000,0.106667,0.013223,0.109802,0.105755,0.073116,11.736997,11.746855,11.761332,0.000000,11.736997,11.746855,11.700524,1.000000,0.999984,0.999984,0.999983,1.000000,0.157186,0.361872,0.000000,0.289826,0.618764,0.070996,0.150137,0.382991,0.000000,3.000000,-0.028638,-0.005787,-0.022851,0.779666,0.999996,1.537226,1.000000,500.000000,1.278029,1.278513,1.275563,0.000484,-0.002467,1.000379,0.998070,0.068365,0.000000,0.202160,0.109320,0.092840,0.195338,0.113687,0.081650,0.092840,-0.011190,0.000000,1,0.500000,0.063121,0.373333,1.000000,1,-1,-1,0.005837,0.000863,0.500000,1.000000,0.001000,0,-1,-1,0.739114,0.073425,0.100000,0.100000,0.000000,0.000000,0.100000,0.020000,signed_gate,0.042121,0.005773,0.143513,0.000000,0.000000,0.000000,0.000000,0.000000,0.000000,0.000000,0.000000,0.000000,0,0,0.000000,0.500000,0.000000,0.000000,0.000000,0.000000,0.000000,0.000000
18,0.432548,1,0.833333,0.722222,0.000000,0.666667,0.136862,0.498604,0.000000,1.000000,0.000000,0.171429,0.023462,0.155150,12,18,0,low_density_factor|density_ratio_out_of_range,0.000000,0.850000,1.000000,0.016696,0.055195,3.305871,0.000000,0.429966,0.233746,0.135760,0.143227,1.563169,1.992716,0.000000,0.000000,0.000000,0.106667,0.013223,0.109802,0.105755,0.073116,12.000000,12.000000,12.000000,0.000000,12.000000,12.000000,12.000000,1.000000,0.999988,0.999988,0.999988,1.000000,0.157186,0.361872,0.000000,0.290417,0.621222,0.066667,0.150137,0.382991,0.000000,3.000000,-0.028799,-0.005949,-0.022849,0.778437,0.999997,1.536648,1.000000,500.000000,1.277618,1.277949,1.278288,0.000331,0.000669,1.000259,1.000524,0.068425,0.000000,0.202380,0.109130,0.093250,0.195225,0.113755,0.081471,0.093250,-0.011780,0.000000,1,0.500000,0.063121,0.373333,1.000000,1,-1,-1,0.000000,0.000637,0.500000,1.000000,0.001000,0,-1,-1,0.739243,0.073422,0.100000,0.100000,0.000000,0.000000,0.100000,0.020000,signed_gate,0.040496,0.005718,0.143227,0.000000,0.000000,0.000000,0.000000,0.000000,0.000000,0.000000,0.000000,0.000000,0,0,0.000000,0.500000,0.000000,0.000000,0.000000,0.000000,0.000000,0.000000
19,0.428724,1,0.833333,0.722222,0.000000,0.666667,0.129413,0.475885,0.000000,1.000000,0.000000,0.171429,0.022185,0.146831,12,18,0,low_density_factor|density_ratio_out_of_range,0.000000,0.850000,1.000000,0.016286,0.053522,3.286376,0.000000,0.414079,0.228002,0.129551,0.143250,1.563143,1.991907,0.000000,0.000000,0.000000,0.106667,0.013223,0.109802,0.105755,0.073116,12.000000,12.000000,12.000000,0.000000,12.000000,12.000000,12.000000,1.000000,0.999988,0.999988,0.999988,1.000000,0.157186,0.361872,0.000000,0.291608,0.613432,0.066667,0.150137,0.382991,0.000000,3.000000,-0.028971,-0.006003,-0.022969,0.780612,0.999997,1.535747,1.000000,500.000000,1.289749,1.293052,1.291289,0.003303,0.001540,1.002561,1.001194,0.068828,0.000000,0.202007,0.109152,0.092855,0.195327,0.113795,0.081532,0.092855,-0.011323,0.000000,1,0.500000,0.063121,0.373333,1.000000,1,-1,-1,0.000000,0.000000,0.500000,1.000000,0.001000,0,-1,-1,0.739253,0.073419,0.100000,0.100000,0.000000,0.000000,0.100000,0.020000,signed_gate,0.038652,0.005671,0.143250,0.000000,0.000000,0.000000,0.000000,0.000000,0.000000,0.000000,0.000000,0.000000,0,0,0.000000,0.500000,0.000000,0.000000,0.000000,0.000000,0.000000,0.000000
20,0.426174,1,0.833333,0.722222,0.000000,0.666667,0.124550,0.460699,0.000000,1.000000,0.000000,0.171429,0.021351,0.141389,12,18,0,low_density_factor|density_ratio_out_of_range,0.000000,0.850000,1.000000,0.015928,0.052288,3.282717,0.000000,0.408130,0.222997,0.127079,0.143383,1.563889,1.991099,0.000000,0.000000,0.000000,0.106667,0.013223,0.109802,0.105755,0.073116,12.000000,12.000000,12.000000,0.000000,12.000000,12.000000,12.000000,1.000000,0.999988,0.999988,0.999988,1.000000,0.157186,0.361872,0.000000,0.292007,0.622515,0.066667,0.150137,0.382991,0.000000,3.000000,-0.029251,-0.005871,-0.023381,0.781023,0.999997,1.536590,1.000000,500.000000,1.287069,1.288783,1.288478,0.001714,0.001409,1.001332,1.001095,0.069240,0.000000,0.201558,0.109263,0.092296,0.195216,0.113723,0.081493,0.092296,-0.010803,0.000000,1,0.500000,0.063121,0.373333,1.000000,1,-1,-1,0.000000,0.000000,0.500000,1.000000,0.001000,0,-1,-1,0.739347,0.073416,0.100000,0.100000,0.000000,0.000000,0.100000,0.020000,signed_gate,0.036706,0.005639,0.143383,0.000000,0.000000,0.000000,0.000000,0.000000,0.000000,0.000000,0.000000,0.000000,0,0,0.000000,0.500000,0.000000,0.000000,0.000000,0.000000,0.000000,0.000000
21,0.421857,1,0.833333,0.722222,0.000000,0.666667,0.116489,0.434927,0.000000,1.000000,0.000000,0.171429,0.019970,0.132350,12,18,0,low_density_factor|density_ratio_out_of_range,0.000000,0.850000,1.000000,0.015780,0.051495,3.263345,0.000000,0.396279,0.220919,0.123630,0.142565,1.560045,1.982722,0.000000,0.000000,0.000000,0.106667,0.013223,0.109802,0.105755,0.073116,12.000000,12.000000,12.000000,0.000000,12.000000,12.000000,12.000000,1.000000,0.999988,0.999988,0.999988,1.000000,0.157186,0.361872,0.000000,0.293273,0.611485,0.076190,0.150137,0.382991,0.000000,3.000000,-0.029483,-0.006028,-0.023455,0.785212,0.999997,1.530915,1.000000,500.000000,1.286354,1.289434,1.287002,0.003080,0.000648,1.002394,1.000503,0.069360,0.000000,0.200346,0.109115,0.091231,0.195053,0.113702,0.081351,0.091231,-0.009880,0.000000,1,0.500000,0.063121,0.373333,1.000000,1,-1,-1,0.000000,0.000000,0.500000,1.000000,0.001000,0,-1,-1,0.739402,0.073413,0.100000,0.100000,0.000000,0.000000,0.100000,0.020000,signed_gate,0.035441,0.005566,0.142565,0.000000,0.000000,0.000000,0.000000,0.000000,0.000000,0.000000,0.000000,0.000000,0,0,0.000000,0.500000,0.000000,0.000000,0.000000,0.000000,0.000000,0.000000
22,0.418881,1,0.833333,0.722222,0.000000,0.666667,0.111053,0.417129,0.000000,1.000000,0.000000,0.171429,0.019038,0.126240,12,18,0,low_density_factor|density_ratio_out_of_range,0.000000,0.850000,1.000000,0.015218,0.049767,3.270210,0.000000,0.399092,0.213056,0.121686,0.143100,1.562868,1.976175,0.000000,0.000000,0.000000,0.106667,0.013223,0.109802,0.105755,0.073116,12.000000,12.000000,12.000000,0.000000,12.000000,12.000000,12.000000,1.000000,0.999988,0.999988,0.999988,1.000000,0.157186,0.361872,0.000000,0.295331,0.616264,0.085714,0.150137,0.382991,0.000000,3.000000,-0.029824,-0.006134,-0.023690,0.784043,0.999997,1.534947,1.000000,500.000000,1.279464,1.284491,1.280327,0.005027,0.000864,1.003929,1.000675,0.070041,0.000000,0.200022,0.109379,0.090642,0.194758,0.113884,0.080875,0.090642,-0.009768,0.000000,1,0.500000,0.063121,0.373333,1.000000,1,-1,-1,0.000000,0.000000,0.500000,1.000000,0.001000,0,-1,-1,0.739693,0.073413,0.100000,0.100000,0.000000,0.000000,0.100000,0.020000,signed_gate,0.033554,0.005521,0.143100,0.000000,0.000000,0.000000,0.000000,0.000000,0.000000,0.000000,0.000000,0.000000,0,0,0.000000,0.500000,0.000000,0.000000,0.000000,0.000000,0.000000,0.000000
23,0.413732,1,0.833333,0.722222,0.000000,0.666667,0.101847,0.386254,0.000000,1.000000,0.000000,0.171429,0.017460,0.115874,12,18,0,low_density_factor|density_ratio_out_of_range,0.000000,0.850000,1.000000,0.014477,0.047116,3.254493,0.000000,0.376714,0.202680,0.113936,0.143011,1.562704,1.978023,0.000000,0.000000,0.000000,0.106667,0.013223,0.109802,0.105755,0.073116,12.000000,12.000000,12.000000,0.000000,12.000000,12.000000,12.000000,1.000000,0.999988,0.999988,0.999988,1.000000,0.157186,0.361872,0.000000,0.296313,0.616646,0.085714,0.150137,0.382991,0.000000,3.000000,-0.029900,-0.006292,-0.023608,0.783370,0.999998,1.535414,1.000000,500.000000,1.285309,1.288925,1.287794,0.003616,0.002485,1.002813,1.001933,0.070883,0.000000,0.199257,0.109047,0.090209,0.194763,0.113929,0.080834,0.090209,-0.009375,0.000000,1,0.500000,0.063121,0.373333,1.000000,1,-1,-1,0.000000,0.000000,0.500000,1.000000,0.001000,0,-1,-1,0.739730,0.073411,0.100000,0.100000,0.000000,0.000000,0.100000,0.020000,signed_gate,0.031830,0.005479,0.143011,0.000000,0.000000,0.000000,0.000000,0.000000,0.000000,0.000000,0.000000,0.000000,0,0,0.000000,0.500000,0.000000,0.000000,0.000000,0.000000,0.000000,0.000000
24,0.411323,1,0.833333,0.722222,0.000000,0.666667,0.097624,0.371786,0.000000,1.000000,0.000000,0.171429,0.016735,0.111109,12,18,0,low_density_factor|density_ratio_out_of_range,0.000000,0.850000,1.000000,0.014671,0.048034,3.274109,0.000000,0.392665,0.205392,0.110998,0.143079,1.562698,1.984618,0.000000,0.000000,0.000000,0.106667,0.013223,0.109802,0.105755,0.073116,12.000000,12.000000,12.000000,0.000000,12.000000,12.000000,12.000000,1.000000,0.999988,0.999988,0.999988,1.000000,0.157186,0.361872,0.000000,0.296697,0.605244,0.080519,0.150137,0.382991,0.000000,3.000000,-0.029929,-0.006282,-0.023648,0.783726,0.999998,1.534484,1.000000,500.000000,1.284453,1.282668,1.284993,-0.001785,0.000540,0.998610,1.000420,0.070586,0.000000,0.198232,0.108852,0.089380,0.194971,0.113939,0.081032,0.089380,-0.008348,0.000000,1,0.500000,0.063121,0.373333,1.000000,1,-1,-1,0.000000,0.000000,0.500000,1.000000,0.001000,0,-1,-1,0.739664,0.073410,0.100000,0.100000,0.000000,0.000000,0.100000,0.020000,signed_gate,0.030649,0.005404,0.143079,0.000000,0.000000,0.000000,0.000000,0.000000,0.000000,0.000000,0.000000,0.000000,0,0,0.000000,0.500000,0.000000,0.000000,0.000000,0.000000,0.000000,0.000000
25,0.408835,1,0.833333,0.722222,0.000000,0.666667,0.093310,0.356822,0.000000,1.000000,0.000000,0.171429,0.015996,0.106237,12,18,0,low_density_factor|density_ratio_out_of_range,0.000000,0.850000,1.000000,0.014345,0.046693,3.255086,0.000000,0.373733,0.200823,0.107101,0.143216,1.563191,1.985809,0.000000,0.000000,0.000000,0.106667,0.013223,0.109802,0.105755,0.073116,12.000000,12.000000,12.000000,0.000000,12.000000,12.000000,12.000000,1.000000,0.999988,0.999988,0.999988,1.000000,0.157186,0.361872,0.000000,0.297020,0.609447,0.077922,0.150137,0.382991,0.000000,3.000000,-0.030043,-0.006247,-0.023796,0.784042,0.999998,1.534504,1.000000,500.000000,1.256731,1.262677,1.264671,0.005945,0.007939,1.004731,1.006317,0.070958,0.000000,0.198264,0.108866,0.089398,0.195132,0.113933,0.081199,0.089398,-0.008199,0.000000,1,0.500000,0.063121,0.373333,1.000000,1,-1,-1,0.000000,0.000000,0.500000,1.000000,0.001000,0,-1,-1,0.739680,0.073410,0.100000,0.100000,0.000000,0.000000,0.100000,0.020000,signed_gate,0.028982,0.005335,0.143216,0.000000,0.000000,0.000000,0.000000,0.000000,0.000000,0.000000,0.000000,0.000000,0,0,0.000000,0.500000,0.000000,0.000000,0.000000,0.000000,0.000000,0.000000
26,0.406742,1,0.833333,0.722222,0.000000,0.666667,0.089719,0.344223,0.000000,1.000000,0.000000,0.171429,0.015380,0.102178,12,18,0,low_density_factor|density_ratio_out_of_range,0.000000,0.850000,1.000000,0.014247,0.046161,3.240112,0.000000,0.364155,0.199455,0.106530,0.142974,1.562080,1.989196,0.000000,0.000000,0.000000,0.106667,0.013223,0.109802,0.105755,0.073116,12.000000,12.000000,12.000000,0.000000,12.000000,12.000000,12.000000,1.000000,0.999988,0.999988,0.999988,1.000000,0.157186,0.361872,0.000000,0.297197,0.609526,0.076190,0.150137,0.382991,0.000000,3.000000,-0.030231,-0.006286,-0.023945,0.784627,0.999998,1.532583,1.000000,500.000000,1.257254,1.259377,1.262942,0.002123,0.005689,1.001689,1.004525,0.071078,0.000000,0.197844,0.108886,0.088959,0.195147,0.113883,0.081264,0.088959,-0.007695,0.000000,1,0.500000,0.063121,0.373333,1.000000,1,-1,-1,0.000000,0.000000,0.500000,1.000000,0.001000,0,-1,-1,0.739776,0.073407,0.100000,0.100000,0.000000,0.000000,0.100000,0.020000,signed_gate,0.027572,0.005254,0.142974,0.000000,0.000000,0.000000,0.000000,0.000000,0.000000,0.000000,0.000000,0.000000,0,0,0.000000,0.500000,0.000000,0.000000,0.000000,0.000000,0.000000,0.000000
27,0.404216,1,0.750000,0.666667,0.000000,0.666667,0.085427,0.329000,0.000000,1.000000,0.000000,0.171429,0.014645,0.097322,12,18,0,low_density_factor|density_ratio_out_of_range,0.000000,0.850000,1.000000,0.014106,0.045416,3.219489,0.000000,0.346200,0.197490,0.100462,0.141995,1.557041,1.991451,0.000000,0.000000,0.000000,0.106667,0.013223,0.109802,0.105755,0.073116,12.000000,12.000000,12.000000,0.000000,12.000000,12.000000,12.000000,1.000000,0.999988,0.999988,0.999988,1.000000,0.157186,0.361872,0.000000,0.296351,0.611540,0.076190,0.150137,0.382991,0.000000,3.000000,-0.030113,-0.006130,-0.023983,0.787801,0.999998,1.524415,1.000000,500.000000,1.219096,1.220574,1.227346,0.001479,0.008250,1.001213,1.006767,0.071182,0.000000,0.197184,0.108478,0.088706,0.195029,0.113637,0.081392,0.088706,-0.007313,0.000000,1,0.500000,0.063121,0.373333,1.000000,1,-1,-1,0.000000,0.000000,0.500000,1.000000,0.001000,0,-1,-1,0.739541,0.073404,0.100000,0.100000,0.000000,0.000000,0.100000,0.020000,signed_gate,0.026157,0.005215,0.141995,0.000000,0.000000,0.000000,0.000000,0.000000,0.000000,0.000000,0.000000,0.000000,0,0,0.000000,0.500000,0.000000,0.000000,0.000000,0.000000,0.000000,0.000000
28,0.401025,1,0.750000,0.666667,0.000000,0.666667,0.080067,0.309749,0.000000,1.000000,0.000000,0.171429,0.013726,0.091251,12,18,0,low_density_factor|density_ratio_out_of_range,0.000000,0.850000,1.000000,0.013704,0.043801,3.196132,0.000000,0.319376,0.191860,0.097548,0.141028,1.552463,1.993915,0.000000,0.000000,0.000000,0.106667,0.013223,0.109802,0.105755,0.073116,12.000000,12.000000,12.000000,0.000000,12.000000,12.000000,12.000000,1.000000,0.999988,0.999988,0.999988,1.000000,0.157186,0.361872,0.000000,0.295442,0.610426,0.066667,0.150137,0.382991,0.000000,3.000000,-0.030301,-0.006221,-0.024080,0.790320,0.999998,1.517100,1.000000,500.000000,1.210895,1.216371,1.217854,0.005476,0.006959,1.004522,1.005747,0.071674,0.000000,0.197099,0.108445,0.088654,0.195218,0.113436,0.081782,0.088654,-0.006872,0.000000,1,0.500000,0.063121,0.373333,1.000000,1,-1,-1,0.000000,0.000000,0.500000,1.000000,0.001000,0,-1,-1,0.739619,0.073402,0.100000,0.100000,0.000000,0.000000,0.100000,0.020000,signed_gate,0.024602,0.005128,0.141028,0.000000,0.000000,0.000000,0.000000,0.000000,0.000000,0.000000,0.000000,0.000000,0,0,0.000000,0.500000,0.000000,0.000000,0.000000,0.000000,0.000000,0.000000
29,0.398429,1,0.833333,0.722222,0.000000,0.666667,0.075755,0.294072,0.000000,1.000000,0.000000,0.171429,0.012986,0.086361,12,18,0,low_density_factor|density_ratio_out_of_range,0.000000,0.850000,1.000000,0.012994,0.041233,3.173309,0.000000,0.293669,0.181913,0.092295,0.141858,1.556963,1.993413,0.000000,0.000000,0.000000,0.106667,0.013223,0.109802,0.105755,0.073116,12.000000,12.000000,12.000000,0.000000,12.000000,12.000000,12.000000,1.000000,0.999988,0.999988,0.999988,1.000000,0.157186,0.361872,0.000000,0.295349,0.619012,0.066667,0.150137,0.382991,0.000000,3.000000,-0.030469,-0.006364,-0.024105,0.786377,0.999998,1.524967,1.000000,500.000000,1.229286,1.226371,1.230007,-0.002914,0.000721,0.997629,1.000587,0.072557,0.000000,0.197462,0.108714,0.088748,0.195426,0.113548,0.081877,0.088748,-0.006871,0.000000,1,0.500000,0.063121,0.373333,1.000000,1,-1,-1,0.000000,0.000000,0.500000,1.000000,0.001000,0,-1,-1,0.739861,0.073396,0.100000,0.100000,0.000000,0.000000,0.100000,0.020000,signed_gate,0.022566,0.005054,0.141858,0.000000,0.000000,0.000000,0.000000,0.000000,0.000000,0.000000,0.000000,0.000000,0,0,0.000000,0.500000,0.000000,0.000000,0.000000,0.000000,0.000000,0.000000
30,0.396854,1,0.833333,0.722222,0.000000,0.666667,0.073157,0.284553,0.000000,1.000000,0.000000,0.171429,0.012541,0.083414,12,18,0,low_density_factor|density_ratio_out_of_range,0.000000,0.850000,1.000000,0.013167,0.041763,3.171686,0.000000,0.293682,0.184344,0.091937,0.141833,1.556647,1.997449,0.000000,0.000000,0.000000,0.106667,0.013223,0.109802,0.105755,0.073116,12.000000,12.000000,12.000000,0.000000,12.000000,12.000000,12.000000,1.000000,0.999988,0.999988,0.999988,1.000000,0.157186,0.361872,0.000000,0.296771,0.623608,0.066667,0.150137,0.382991,0.000000,3.000000,-0.030595,-0.006291,-0.024304,0.785444,0.999998,1.524320,1.000000,500.000000,1.239105,1.238975,1.247384,-0.000130,0.008280,0.999895,1.006682,0.072318,0.000000,0.196634,0.108465,0.088168,0.195289,0.113557,0.081732,0.088168,-0.006436,0.000000,1,0.500000,0.063121,0.373333,1.000000,1,-1,-1,0.000000,0.000000,0.500000,1.000000,0.001000,0,-1,-1,0.739788,0.073399,0.100000,0.100000,0.000000,0.000000,0.100000,0.020000,signed_gate,0.021240,0.004992,0.141833,0.000000,0.000000,0.000000,0.000000,0.000000,0.000000,0.000000,0.000000,0.000000,0,0,0.000000,0.500000,0.000000,0.000000,0.000000,0.000000,0.000000,0.000000
31,0.396395,1,0.833333,0.722222,0.000000,0.666667,0.072404,0.281781,0.000000,1.000000,0.000000,0.171429,0.012412,0.082559,12,18,0,low_density_factor|density_ratio_out_of_range,0.000000,0.850000,1.000000,0.012742,0.040659,3.190878,0.000000,0.284785,0.178393,0.090475,0.141871,1.557072,1.998673,0.000000,0.000000,0.000000,0.106667,0.013223,0.109802,0.105755,0.073116,12.000000,12.000000,12.000000,0.000000,12.000000,12.000000,12.000000,1.000000,0.999988,0.999988,0.999988,1.000000,0.157186,0.361872,0.000000,0.296505,0.638203,0.066667,0.150137,0.382991,0.000000,3.000000,-0.030894,-0.006219,-0.024675,0.783854,0.999998,1.525390,1.000000,500.000000,1.205829,1.206053,1.219967,0.000224,0.014137,1.000185,1.011724,0.072878,0.000000,0.196722,0.108409,0.088313,0.195172,0.113456,0.081715,0.088313,-0.006598,0.000000,1,0.500000,0.063121,0.373333,1.000000,1,-1,-1,0.000000,0.000000,0.500000,1.000000,0.001000,0,-1,-1,0.739961,0.073399,0.100000,0.100000,0.000000,0.000000,0.100000,0.020000,signed_gate,0.019699,0.004896,0.141871,0.000000,0.000000,0.000000,0.000000,0.000000,0.000000,0.000000,0.000000,0.000000,0,0,0.000000,0.500000,0.000000,0.000000,0.000000,0.000000,0.000000,0.000000
32,0.394426,1,0.833333,0.722222,0.000000,0.666667,0.069182,0.269874,0.000000,1.000000,0.000000,0.171429,0.011860,0.078901,12,18,0,low_density_factor|density_ratio_out_of_range,0.000000,0.850000,1.000000,0.012732,0.040605,3.189078,0.000000,0.287279,0.178254,0.086111,0.142021,1.558074,1.998922,0.000000,0.000000,0.000000,0.106667,0.013223,0.109802,0.105755,0.073116,12.000000,12.000000,12.000000,0.000000,12.000000,12.000000,12.000000,1.000000,0.999988,0.999988,0.999988,1.000000,0.157186,0.361872,0.000000,0.296994,0.630060,0.066667,0.150137,0.382991,0.000000,3.000000,-0.030994,-0.006468,-0.024526,0.782184,0.999998,1.527617,1.000000,500.000000,1.214114,1.212319,1.224589,-0.001794,0.010476,0.998522,1.008628,0.072838,0.000000,0.196446,0.108131,0.088314,0.195363,0.113523,0.081840,0.088314,-0.006475,0.000000,1,0.500000,0.063121,0.373333,1.000000,1,-1,-1,0.000000,0.000000,0.500000,1.000000,0.001000,0,-1,-1,0.740059,0.073395,0.100000,0.100000,0.000000,0.000000,0.100000,0.020000,signed_gate,0.018437,0.004798,0.142021,0.000000,0.000000,0.000000,0.000000,0.000000,0.000000,0.000000,0.000000,0.000000,0,0,0.000000,0.500000,0.000000,0.000000,0.000000,0.000000,0.000000,0.000000
33,0.393671,1,0.833333,0.722222,0.000000,0.666667,0.067952,0.265305,0.000000,1.000000,0.000000,0.171429,0.011649,0.077503,12,18,0,low_density_factor|density_ratio_out_of_range,0.000000,0.850000,1.000000,0.012376,0.039225,3.169490,0.000000,0.266658,0.173259,0.084152,0.141036,1.552951,1.997970,0.000000,0.000000,0.000000,0.106667,0.013223,0.109802,0.105755,0.073116,12.000000,12.000000,12.000000,0.000000,12.000000,12.000000,12.000000,1.000000,0.999988,0.999988,0.999988,1.000000,0.157186,0.361872,0.000000,0.295622,0.623387,0.066667,0.150137,0.382991,0.000000,3.000000,-0.030864,-0.006313,-0.024550,0.787465,0.999998,1.518665,1.000000,500.000000,1.232415,1.231510,1.234988,-0.000905,0.002573,0.999266,1.002088,0.073302,0.000000,0.196948,0.108190,0.088758,0.195399,0.113331,0.082068,0.088758,-0.006690,0.000000,1,0.500000,0.063121,0.373333,1.000000,1,-1,-1,0.000000,0.000000,0.500000,1.000000,0.001000,0,-1,-1,0.739922,0.073394,0.100000,0.100000,0.000000,0.000000,0.100000,0.020000,signed_gate,0.017025,0.004725,0.141036,0.000000,0.000000,0.000000,0.000000,0.000000,0.000000,0.000000,0.000000,0.000000,0,0,0.000000,0.500000,0.000000,0.000000,0.000000,0.000000,0.000000,0.000000
34,0.392249,1,0.750000,0.666667,0.000000,0.666667,0.065643,0.256701,0.000000,1.000000,0.000000,0.171429,0.011253,0.074880,12,18,0,low_density_factor|density_ratio_out_of_range,0.000000,0.850000,1.000000,0.012575,0.039667,3.154473,0.000000,0.263699,0.176046,0.085982,0.140195,1.548798,1.998677,0.000000,0.000000,0.000000,0.106667,0.013223,0.109802,0.105755,0.073116,12.000000,12.000000,12.000000,0.000000,12.000000,12.000000,12.000000,1.000000,0.999988,0.999988,0.999988,1.000000,0.157186,0.361872,0.000000,0.296643,0.633448,0.066667,0.150137,0.382991,0.000000,3.000000,-0.031063,-0.006316,-0.024747,0.790161,0.999998,1.512234,1.000000,500.000000,1.215368,1.221327,1.224297,0.005959,0.008929,1.004903,1.007347,0.073050,0.000000,0.196488,0.107948,0.088540,0.195247,0.113201,0.082046,0.088540,-0.006495,0.000000,1,0.500000,0.063121,0.373333,1.000000,1,-1,-1,0.000000,0.000000,0.500000,1.000000,0.001000,0,-1,-1,0.739868,0.073391,0.100000,0.100000,0.000000,0.000000,0.100000,0.020000,signed_gate,0.015992,0.004647,0.140195,0.000000,0.000000,0.000000,0.000000,0.000000,0.000000,0.000000,0.000000,0.000000,0,0,0.000000,0.500000,0.000000,0.000000,0.000000,0.000000,0.000000,0.000000
35,0.389898,1,0.750000,0.666667,0.000000,0.666667,0.061848,0.242464,0.000000,1.000000,0.000000,0.171429,0.010602,0.070566,12,18,0,low_density_factor|density_ratio_out_of_range,0.000000,0.850000,1.000000,0.012373,0.039000,3.151929,0.000000,0.250267,0.173226,0.081454,0.140800,1.551767,1.997504,0.000000,0.000000,0.000000,0.106667,0.013223,0.109802,0.105755,0.073116,12.000000,12.000000,12.000000,0.000000,12.000000,12.000000,12.000000,1.000000,0.999988,0.999988,0.999988,1.000000,0.157186,0.361872,0.000000,0.297351,0.645319,0.066667,0.150137,0.382991,0.000000,3.000000,-0.031142,-0.006394,-0.024748,0.788482,0.999998,1.516901,1.000000,500.000000,1.218194,1.219687,1.229441,0.001493,0.011247,1.001226,1.009232,0.073273,0.000000,0.196561,0.107927,0.088634,0.195510,0.113285,0.082224,0.088634,-0.006410,0.000000,1,0.500000,0.063121,0.373333,1.000000,1,-1,-1,0.000000,0.000000,0.500000,1.000000,0.001000,0,-1,-1,0.739908,0.073392,0.100000,0.100000,0.000000,0.000000,0.100000,0.020000,signed_gate,0.014692,0.004581,0.140800,0.000000,0.000000,0.000000,0.000000,0.000000,0.000000,0.000000,0.000000,0.000000,0,0,0.000000,0.500000,0.000000,0.000000,0.000000,0.000000,0.000000,0.000000
36,0.387997,1,0.833333,0.722222,0.000000,0.666667,0.058797,0.230946,0.000000,1.000000,0.000000,0.171429,0.010080,0.067096,12,18,0,low_density_factor|density_ratio_out_of_range,0.000000,0.850000,1.000000,0.011798,0.037215,3.154290,0.000000,0.235823,0.165176,0.077144,0.140060,1.548463,1.995219,0.000000,0.000000,0.000000,0.106667,0.013223,0.109802,0.105755,0.073116,12.000000,12.000000,12.000000,0.000000,12.000000,12.000000,12.000000,1.000000,0.999988,0.999988,0.999988,1.000000,0.157186,0.361872,0.000000,0.295290,0.640389,0.066667,0.150137,0.382991,0.000000,3.000000,-0.031353,-0.006586,-0.024767,0.790574,0.999998,1.512487,1.000000,500.000000,1.244354,1.244220,1.252091,-0.000134,0.007737,0.999892,1.006217,0.074017,0.000000,0.197129,0.108085,0.089044,0.195863,0.113109,0.082754,0.089044,-0.006290,0.000000,1,0.500000,0.063121,0.373333,1.000000,1,-1,-1,0.000000,0.000000,0.500000,1.000000,0.001000,0,-1,-1,0.740143,0.073387,0.100000,0.100000,0.000000,0.000000,0.100000,0.020000,signed_gate,0.013371,0.004485,0.140060,0.000000,0.000000,0.000000,0.000000,0.000000,0.000000,0.000000,0.000000,0.000000,0,0,0.000000,0.500000,0.000000,0.000000,0.000000,0.000000,0.000000,0.000000
37,0.387508,1,0.833333,0.722222,0.000000,0.666667,0.058015,0.227983,0.000000,1.000000,0.000000,0.171429,0.009945,0.066206,12,18,0,low_density_factor|density_ratio_out_of_range,0.000000,0.850000,1.000000,0.011880,0.037208,3.131900,0.000000,0.233043,0.166326,0.077959,0.140087,1.548389,1.993917,0.000000,0.000000,0.000000,0.106667,0.013223,0.109802,0.105755,0.073116,12.000000,12.000000,12.000000,0.000000,12.000000,12.000000,12.000000,1.000000,0.999988,0.999988,0.999988,1.000000,0.157186,0.361872,0.000000,0.296456,0.646177,0.066667,0.150137,0.382991,0.000000,3.000000,-0.031441,-0.006583,-0.024859,0.791336,0.999998,1.511614,1.000000,500.000000,1.227733,1.223962,1.235158,-0.003771,0.007425,0.996928,1.006048,0.073910,0.000000,0.197211,0.108181,0.089030,0.195971,0.113124,0.082847,0.089030,-0.006182,0.000000,1,0.500000,0.063121,0.373333,1.000000,1,-1,-1,0.000000,0.000000,0.500000,1.000000,0.001000,0,-1,-1,0.740054,0.073385,0.100000,0.100000,0.000000,0.000000,0.100000,0.020000,signed_gate,0.012189,0.004383,0.140087,0.000000,0.000000,0.000000,0.000000,0.000000,0.000000,0.000000,0.000000,0.000000,0,0,0.000000,0.500000,0.000000,0.000000,0.000000,0.000000,0.000000,0.000000
38,0.386831,1,0.666667,0.611111,0.000000,0.666667,0.056935,0.223881,0.000000,1.000000,0.000000,0.171429,0.009760,0.064976,12,18,0,low_density_factor|density_ratio_out_of_range,0.000000,0.850000,1.000000,0.011874,0.037401,3.149848,0.000000,0.226649,0.166233,0.076104,0.139743,1.546430,1.990787,0.000000,0.000000,0.000000,0.106667,0.013223,0.109802,0.105755,0.073116,12.000000,12.000000,12.000000,0.000000,12.000000,12.000000,12.000000,1.000000,0.999988,0.999988,0.999988,1.000000,0.157186,0.361872,0.000000,0.295224,0.634125,0.066667,0.150137,0.382991,0.000000,3.000000,-0.031286,-0.006390,-0.024896,0.794178,0.999998,1.508150,1.000000,500.000000,1.211369,1.216699,1.209341,0.005331,-0.002028,1.004400,0.998326,0.073902,0.000000,0.197162,0.107703,0.089459,0.196102,0.112962,0.083140,0.089459,-0.006319,0.000000,1,0.500000,0.063121,0.373333,1.000000,1,-1,-1,0.000000,0.000000,0.500000,1.000000,0.001000,0,-1,-1,0.739826,0.073385,0.100000,0.100000,0.000000,0.000000,0.100000,0.020000,signed_gate,0.011201,0.004295,0.139743,0.000000,0.000000,0.000000,0.000000,0.000000,0.000000,0.000000,0.000000,0.000000,0,0,0.000000,0.500000,0.000000,0.000000,0.000000,0.000000,0.000000,0.000000
39,0.386098,1,0.750000,0.666667,0.000000,0.666667,0.055766,0.219437,0.000000,1.000000,0.000000,0.171429,0.009560,0.063647,12,18,0,low_density_factor|density_ratio_out_of_range,0.000000,0.850000,1.000000,0.011697,0.036784,3.144802,0.000000,0.220085,0.163753,0.076038,0.139637,1.546398,1.991867,0.000000,0.000000,0.000000,0.106667,0.013223,0.109802,0.105755,0.073116,12.000000,12.000000,12.000000,0.000000,12.000000,12.000000,12.000000,1.000000,0.999988,0.999988,0.999988,1.000000,0.157186,0.361872,0.000000,0.294483,0.639807,0.066667,0.150137,0.382991,0.000000,3.000000,-0.031532,-0.006474,-0.025058,0.792090,0.999998,1.509231,1.000000,500.000000,1.222929,1.221390,1.227374,-0.001539,0.004444,0.998742,1.003634,0.074145,0.000000,0.196914,0.107751,0.089163,0.195935,0.112852,0.083082,0.089163,-0.006081,0.000000,1,0.500000,0.063121,0.373333,1.000000,1,-1,-1,0.000000,0.000000,0.500000,1.000000,0.001000,0,-1,-1,0.740084,0.073383,0.100000,0.100000,0.000000,0.000000,0.100000,0.020000,signed_gate,0.010088,0.004203,0.139637,0.000000,0.000000,0.000000,0.000000,0.000000,0.000000,0.000000,0.000000,0.000000,0,0,0.000000,0.500000,0.000000,0.000000,0.000000,0.000000,0.000000,0.000000
40,0.385422,1,0.750000,0.666667,0.000000,0.666667,0.054692,0.215342,0.000000,1.000000,0.000000,0.171429,0.009376,0.062423,12,18,0,low_density_factor|density_ratio_out_of_range,0.000000,0.850000,1.000000,0.011601,0.036611,3.155722,0.000000,0.214154,0.162420,0.074078,0.139274,1.544487,1.991310,0.000000,0.000000,0.000000,0.106667,0.013223,0.109802,0.105755,0.073116,12.000000,12.000000,12.000000,0.000000,12.000000,12.000000,12.000000,1.000000,0.999988,0.999988,0.999988,1.000000,0.157186,0.361872,0.000000,0.294178,0.641359,0.066667,0.150137,0.382991,0.000000,3.000000,-0.031307,-0.006319,-0.024987,0.794324,0.999998,1.505939,1.000000,500.000000,1.189699,1.189394,1.192773,-0.000305,0.003074,0.999743,1.002584,0.074258,0.000000,0.196594,0.107736,0.088857,0.195786,0.112814,0.082971,0.088857,-0.005886,0.000000,1,0.500000,0.063121,0.373333,1.000000,1,-1,-1,0.000000,0.000000,0.500000,1.000000,0.001000,0,-1,-1,0.739850,0.073383,0.100000,0.100000,0.000000,0.000000,0.100000,0.020000,signed_gate,0.009085,0.004081,0.139274,0.000000,0.000000,0.000000,0.000000,0.000000,0.000000,0.000000,0.000000,0.000000,0,0,0.000000,0.500000,0.000000,0.000000,0.000000,0.000000,0.000000,0.000000
41,0.384855,1,0.666667,0.611111,0.000000,0.666667,0.053790,0.211902,0.000000,1.000000,0.000000,0.171429,0.009221,0.061397,12,18,0,low_density_factor|density_ratio_out_of_range,0.000000,0.850000,1.000000,0.011229,0.035168,3.131913,0.000000,0.201489,0.157207,0.071202,0.139338,1.544716,1.989917,0.000000,0.000000,0.000000,0.106667,0.013223,0.109802,0.105755,0.073116,12.000000,12.000000,12.000000,0.000000,12.000000,12.000000,12.000000,1.000000,0.999988,0.999988,0.999988,1.000000,0.157186,0.361872,0.000000,0.294295,0.637084,0.061472,0.150137,0.382991,0.000000,3.000000,-0.031256,-0.006331,-0.024924,0.794762,0.999998,1.505954,1.000000,500.000000,1.184911,1.188295,1.188072,0.003383,0.003161,1.002855,1.002668,0.074747,0.000000,0.197099,0.107931,0.089168,0.195946,0.112801,0.083146,0.089168,-0.006023,0.000000,1,0.500000,0.063121,0.373333,1.000000,1,-1,-1,0.000000,0.000000,0.500000,1.000000,0.001000,0,-1,-1,0.739744,0.073381,0.100000,0.100000,0.000000,0.000000,0.100000,0.020000,signed_gate,0.007962,0.004012,0.139338,0.000000,0.000000,0.000000,0.000000,0.000000,0.000000,0.000000,0.000000,0.000000,0,0,0.000000,0.500000,0.000000,0.000000,0.000000,0.000000,0.000000,0.000000
42,0.383034,1,0.750000,0.666667,0.000000,0.666667,0.050905,0.200853,0.000000,1.000000,0.000000,0.171429,0.008727,0.058112,12,18,0,low_density_factor|density_ratio_out_of_range,0.000000,0.850000,1.000000,0.011182,0.035009,3.130794,0.000000,0.203497,0.156548,0.070398,0.139577,1.545874,1.988809,0.000000,0.000000,0.000000,0.106667,0.013223,0.109802,0.105755,0.073116,12.000000,12.000000,12.000000,0.000000,12.000000,12.000000,12.000000,1.000000,0.999988,0.999988,0.999988,1.000000,0.157186,0.361872,0.000000,0.294749,0.639572,0.066667,0.150137,0.382991,0.000000,3.000000,-0.031310,-0.006499,-0.024812,0.794306,0.999998,1.507398,1.000000,500.000000,1.194286,1.199999,1.198907,0.005713,0.004621,1.004784,1.003869,0.074805,0.000000,0.196815,0.107962,0.088853,0.196187,0.112897,0.083290,0.088853,-0.005563,0.000000,1,0.500000,0.063121,0.373333,1.000000,1,-1,-1,0.000000,0.000000,0.500000,1.000000,0.001000,0,-1,-1,0.739843,0.073381,0.100000,0.100000,0.000000,0.000000,0.100000,0.020000,signed_gate,0.007130,0.003753,0.139577,0.000000,0.000000,0.000000,0.000000,0.000000,0.000000,0.000000,0.000000,0.000000,0,0,0.000000,0.500000,0.000000,0.000000,0.000000,0.000000,0.000000,0.000000
43,0.383162,1,0.666667,0.611111,0.000000,0.666667,0.051108,0.201632,0.000000,1.000000,0.000000,0.171429,0.008761,0.058343,12,18,0,low_density_factor|density_ratio_out_of_range,0.000000,0.850000,1.000000,0.010998,0.034653,3.150711,0.000000,0.202851,0.153978,0.068742,0.139046,1.543155,1.986980,0.000000,0.000000,0.000000,0.106667,0.013223,0.109802,0.105755,0.073116,12.000000,12.000000,12.000000,0.000000,12.000000,12.000000,12.000000,1.000000,0.999988,0.999988,0.999988,1.000000,0.157186,0.361872,0.000000,0.293243,0.630749,0.066667,0.150137,0.382991,0.000000,3.000000,-0.031246,-0.006407,-0.024839,0.797235,0.999998,1.502954,1.000000,500.000000,1.209087,1.212461,1.213701,0.003375,0.004614,1.002791,1.003816,0.075049,0.000000,0.197133,0.107845,0.089289,0.196385,0.112753,0.083632,0.089289,-0.005656,0.000000,1,0.500000,0.063121,0.373333,1.000000,1,-1,-1,0.000000,0.000000,0.500000,1.000000,0.001000,0,-1,-1,0.739764,0.073381,0.100000,0.100000,0.000000,0.000000,0.100000,0.020000,signed_gate,0.006361,0.003382,0.139046,0.000000,0.000000,0.000000,0.000000,0.000000,0.000000,0.000000,0.000000,0.000000,0,0,0.000000,0.500000,0.000000,0.000000,0.000000,0.000000,0.000000,0.000000
44,0.380928,1,0.750000,0.666667,0.000000,0.666667,0.047586,0.188078,0.000000,1.000000,0.000000,0.171429,0.008158,0.054331,12,18,0,low_density_factor|density_ratio_out_of_range,0.000000,0.850000,1.000000,0.010849,0.034278,3.159642,0.000000,0.191428,0.151883,0.067660,0.138576,1.541028,1.985596,0.000000,0.000000,0.000000,0.106667,0.013223,0.109802,0.105755,0.073116,12.000000,12.000000,12.000000,0.000000,12.000000,12.000000,12.000000,1.000000,0.999988,0.999988,0.999988,1.000000,0.157186,0.361872,0.000000,0.292214,0.626361,0.066667,0.150137,0.382991,0.000000,3.000000,-0.031357,-0.006565,-0.024792,0.798526,0.999998,1.500102,1.000000,500.000000,1.231732,1.228461,1.232369,-0.003271,0.000637,0.997344,1.000517,0.075250,0.000000,0.196959,0.107485,0.089474,0.196638,0.112652,0.083987,0.089474,-0.005487,0.000000,1,0.500000,0.063121,0.373333,1.000000,1,-1,-1,0.000000,0.000000,0.500000,1.000000,0.001000,0,-1,-1,0.739869,0.073378,0.100000,0.100000,0.000000,0.000000,0.100000,0.020000,signed_gate,0.005754,0.003019,0.138576,0.000000,0.000000,0.000000,0.000000,0.000000,0.000000,0.000000,0.000000,0.000000,0,0,0.000000,0.500000,0.000000,0.000000,0.000000,0.000000,0.000000,0.000000
45,0.381496,1,0.666667,0.611111,0.000000,0.666667,0.048479,0.191521,0.000000,1.000000,0.000000,0.171429,0.008311,0.055348,12,18,0,low_density_factor|density_ratio_out_of_range,0.000000,0.850000,1.000000,0.010841,0.034188,3.153593,0.000000,0.185994,0.151773,0.066596,0.138171,1.538952,1.986977,0.000000,0.000000,0.000000,0.106667,0.013223,0.109802,0.105755,0.073116,12.000000,12.000000,12.000000,0.000000,12.000000,12.000000,12.000000,1.000000,0.999988,0.999988,0.999988,1.000000,0.157186,0.361872,0.000000,0.292767,0.631638,0.057143,0.150137,0.382991,0.000000,3.000000,-0.031213,-0.006488,-0.024726,0.800203,0.999998,1.496957,1.000000,500.000000,1.216556,1.221701,1.218456,0.005145,0.001900,1.004229,1.001562,0.075250,0.000000,0.196842,0.107371,0.089471,0.196446,0.112640,0.083806,0.089471,-0.005665,0.000000,1,0.500000,0.063121,0.373333,1.000000,1,-1,-1,0.000000,0.000000,0.500000,1.000000,0.001000,0,-1,-1,0.739673,0.073375,0.100000,0.100000,0.000000,0.000000,0.100000,0.020000,signed_gate,0.005166,0.002737,0.138171,0.000000,0.000000,0.000000,0.000000,0.000000,0.000000,0.000000,0.000000,0.000000,0,0,0.000000,0.500000,0.000000,0.000000,0.000000,0.000000,0.000000,0.000000
46,0.382221,1,0.583333,0.555556,0.000000,0.666667,0.049623,0.195926,0.000000,1.000000,0.000000,0.171429,0.008507,0.056651,12,18,0,low_density_factor|density_ratio_out_of_range,0.000000,0.850000,1.000000,0.010936,0.034312,3.137430,0.000000,0.184459,0.153107,0.068373,0.137107,1.533868,1.985469,0.000000,0.000000,0.000000,0.106667,0.013223,0.109802,0.105755,0.073116,12.000000,12.000000,12.000000,0.000000,12.000000,12.000000,12.000000,1.000000,0.999988,0.999988,0.999988,1.000000,0.157186,0.361872,0.000000,0.292858,0.636325,0.057143,0.150137,0.382991,0.000000,3.000000,-0.031297,-0.006623,-0.024674,0.803267,0.999998,1.489065,1.000000,500.000000,1.218732,1.217502,1.217576,-0.001230,-0.001156,0.998990,0.999051,0.075133,0.000000,0.197109,0.107338,0.089770,0.196574,0.112476,0.084098,0.089770,-0.005672,0.000000,1,0.500000,0.063121,0.373333,1.000000,1,-1,-1,0.000000,0.000000,0.500000,1.000000,0.001000,0,-1,-1,0.739600,0.073374,0.100000,0.100000,0.000000,0.000000,0.100000,0.020000,signed_gate,0.004676,0.002443,0.137107,0.000000,0.000000,0.000000,0.000000,0.000000,0.000000,0.000000,0.000000,0.000000,0,0,0.000000,0.500000,0.000000,0.000000,0.000000,0.000000,0.000000,0.000000
47,0.383471,1,0.666667,0.611111,0.000000,0.666667,0.051597,0.203507,0.000000,1.000000,0.000000,0.171429,0.008845,0.058900,12,18,0,low_density_factor|density_ratio_out_of_range,0.000000,0.850000,1.000000,0.010533,0.033319,3.163275,0.000000,0.187905,0.147461,0.066775,0.136846,1.532729,1.986557,0.000000,0.000000,0.000000,0.106667,0.013223,0.109802,0.105755,0.073116,12.000000,12.000000,12.000000,0.000000,12.000000,12.000000,12.000000,1.000000,0.999988,0.999988,0.999988,1.000000,0.157186,0.361872,0.000000,0.291223,0.632295,0.057143,0.150137,0.382991,0.000000,3.000000,-0.031241,-0.006431,-0.024810,0.803790,0.999998,1.487710,1.000000,500.000000,1.224666,1.221910,1.227431,-0.002756,0.002765,0.997750,1.002258,0.075690,0.000000,0.196905,0.106923,0.089982,0.196406,0.112307,0.084099,0.089982,-0.005883,0.000000,1,0.500000,0.063121,0.373333,1.000000,1,-1,-1,0.000000,0.000000,0.500000,1.000000,0.001000,0,-1,-1,0.739564,0.073372,0.100000,0.100000,0.000000,0.000000,0.100000,0.020000,signed_gate,0.004113,0.002232,0.136846,0.000000,0.000000,0.000000,0.000000,0.000000,0.000000,0.000000,0.000000,0.000000,0,0,0.000000,0.500000,0.000000,0.000000,0.000000,0.000000,0.000000,0.000000
48,0.381950,1,0.750000,0.666667,0.000000,0.666667,0.049194,0.194276,0.000000,1.000000,0.000000,0.171429,0.008433,0.056163,12,18,0,low_density_factor|density_ratio_out_of_range,0.000000,0.850000,1.000000,0.010859,0.034485,3.175724,0.000000,0.191726,0.152024,0.068251,0.136191,1.529719,1.983682,0.000000,0.000000,0.000000,0.106667,0.013223,0.109802,0.105755,0.073116,12.000000,12.000000,12.000000,0.000000,12.000000,12.000000,12.000000,1.000000,0.999988,0.999988,0.999988,1.000000,0.157186,0.361872,0.000000,0.289947,0.623843,0.057143,0.150137,0.382991,0.000000,3.000000,-0.031396,-0.006706,-0.024690,0.805809,0.999999,1.483517,1.000000,500.000000,1.247580,1.235477,1.243950,-0.012103,-0.003630,0.990299,0.997090,0.075242,0.000000,0.196942,0.106673,0.090268,0.196902,0.112203,0.084698,0.090268,-0.005570,0.000000,1,0.500000,0.063121,0.373333,1.000000,1,-1,-1,0.000000,0.000000,0.500000,1.000000,0.001000,0,-1,-1,0.739750,0.073370,0.100000,0.100000,0.000000,0.000000,0.100000,0.020000,signed_gate,0.003874,0.001986,0.136191,0.000000,0.000000,0.000000,0.000000,0.000000,0.000000,0.000000,0.000000,0.000000,0,0,0.000000,0.500000,0.000000,0.000000,0.000000,0.000000,0.000000,0.000000
49,0.383196,1,0.666667,0.611111,0.000000,0.666667,0.051161,0.201836,0.000000,1.000000,0.000000,0.171429,0.008771,0.058404,12,18,0,low_density_factor|density_ratio_out_of_range,0.000000,0.850000,1.000000,0.010946,0.034675,3.167827,0.000000,0.191026,0.153243,0.068310,0.135904,1.528224,1.982828,0.000000,0.000000,0.000000,0.106667,0.013223,0.109802,0.105755,0.073116,12.000000,12.000000,12.000000,0.000000,12.000000,12.000000,12.000000,1.000000,0.999988,0.999988,0.999988,1.000000,0.157186,0.361872,0.000000,0.289573,0.622136,0.057143,0.150137,0.382991,0.000000,3.000000,-0.031246,-0.006688,-0.024558,0.807716,0.999998,1.480822,1.000000,500.000000,1.216009,1.216394,1.210933,0.000385,-0.005076,1.000317,0.995826,0.075120,0.000000,0.197205,0.106656,0.090549,0.197076,0.112147,0.084929,0.090549,-0.005620,0.000000,1,0.500000,0.063121,0.373333,1.000000,1,-1,-1,0.000000,0.000000,0.500000,1.000000,0.001000,0,-1,-1,0.739573,0.073366,0.100000,0.100000,0.000000,0.000000,0.100000,0.020000,signed_gate,0.003515,0.001842,0.135904,0.000000,0.000000,0.000000,0.000000,0.000000,0.000000,0.000000,0.000000,0.000000,0,0,0.000000,0.500000,0.000000,0.000000,0.000000,0.000000,0.000000,0.000000
50,0.383163,1,0.666667,0.611111,0.000000,0.666667,0.051110,0.201639,0.000000,1.000000,0.000000,0.171429,0.008762,0.058345,12,18,0,low_density_factor|density_ratio_out_of_range,0.000000,0.850000,1.000000,0.010658,0.033945,3.185052,0.000000,0.188518,0.149208,0.067712,0.135465,1.525949,1.983395,0.000000,0.000000,0.000000,0.106667,0.013223,0.109802,0.105755,0.073116,12.000000,12.000000,12.000000,0.000000,12.000000,12.000000,12.000000,1.000000,0.999988,0.999988,0.999988,1.000000,0.157186,0.361872,0.000000,0.288564,0.624959,0.057143,0.150137,0.382991,0.000000,3.000000,-0.031209,-0.006499,-0.024710,0.809684,0.999998,1.477221,1.000000,500.000000,1.221703,1.217612,1.220565,-0.004091,-0.001138,0.996651,0.999068,0.075522,0.000000,0.197032,0.106371,0.090661,0.197032,0.112023,0.085009,0.090661,-0.005652,0.000000,1,0.500000,0.063121,0.373333,1.000000,1,-1,-1,0.000000,0.000000,0.500000,1.000000,0.001000,0,-1,-1,0.739470,0.073367,0.100000,0.100000,0.000000,0.000000,0.100000,0.020000,signed_gate,0.003192,0.001664,0.135465,0.000000,0.000000,0.000000,0.000000,0.000000,0.000000,0.000000,0.000000,0.000000,0,0,0.000000,0.500000,0.000000,0.000000,0.000000,0.000000,0.000000,0.000000
51,0.381210,1,0.666667,0.611111,0.000000,0.666667,0.048030,0.189790,0.000000,1.000000,0.000000,0.171429,0.008234,0.054836,12,18,0,low_density_factor|density_ratio_out_of_range,0.000000,0.850000,1.000000,0.010545,0.033642,3.190489,0.000000,0.181586,0.147625,0.066983,0.135250,1.524806,1.979466,0.000000,0.000000,0.000000,0.106667,0.013223,0.109802,0.105755,0.073116,12.000000,12.000000,12.000000,0.000000,12.000000,12.000000,12.000000,1.000000,0.999988,0.999988,0.999988,1.000000,0.157186,0.361872,0.000000,0.288579,0.612853,0.057143,0.150137,0.382991,0.000000,3.000000,-0.031140,-0.006508,-0.024631,0.811089,0.999999,1.475247,1.000000,500.000000,1.212925,1.201595,1.203610,-0.011330,-0.009315,0.990659,0.992320,0.075677,0.000000,0.196864,0.106285,0.090579,0.197064,0.112042,0.085022,0.090579,-0.005557,0.000000,1,0.500000,0.063121,0.373333,1.000000,1,-1,-1,0.000000,0.000000,0.500000,1.000000,0.001000,0,-1,-1,0.739447,0.073365,0.100000,0.100000,0.000000,0.000000,0.100000,0.020000,signed_gate,0.002993,0.001539,0.135250,0.000000,0.000000,0.000000,0.000000,0.000000,0.000000,0.000000,0.000000,0.000000,0,0,0.000000,0.500000,0.000000,0.000000,0.000000,0.000000,0.000000,0.000000
52,0.379281,1,0.666667,0.611111,0.000000,0.666667,0.044999,0.178077,0.000000,1.000000,0.000000,0.171429,0.007714,0.051382,12,18,0,low_density_factor|density_ratio_out_of_range,0.000000,0.850000,1.000000,0.010468,0.033437,3.194226,0.000000,0.179881,0.146551,0.067909,0.134075,1.519634,1.979019,0.000000,0.000000,0.000000,0.106667,0.013223,0.109802,0.105755,0.073116,12.000000,12.000000,12.000000,0.000000,12.000000,12.000000,12.000000,1.000000,0.999988,0.999988,0.999988,1.000000,0.157186,0.361872,0.000000,0.287425,0.615714,0.057143,0.150137,0.382991,0.000000,3.000000,-0.031447,-0.006741,-0.024705,0.812055,0.999999,1.468895,1.000000,500.000000,1.197647,1.190560,1.189783,-0.007087,-0.007864,0.994083,0.993434,0.075795,0.000000,0.196251,0.106000,0.090251,0.197062,0.111798,0.085264,0.090251,-0.004987,0.000000,1,0.500000,0.063121,0.373333,1.000000,1,-1,-1,0.000000,0.000000,0.500000,1.000000,0.001000,0,-1,-1,0.739678,0.073362,0.100000,0.100000,0.000000,0.000000,0.100000,0.020000,signed_gate,0.002770,0.001431,0.134075,0.000000,0.000000,0.000000,0.000000,0.000000,0.000000,0.000000,0.000000,0.000000,0,0,0.000000,0.500000,0.000000,0.000000,0.000000,0.000000,0.000000,0.000000
53,0.380425,1,0.750000,0.666667,0.000000,0.666667,0.046795,0.185025,0.000000,1.000000,0.000000,0.171429,0.008022,0.053429,12,18,0,low_density_factor|density_ratio_out_of_range,0.000000,0.850000,1.000000,0.010343,0.033152,3.205297,0.000000,0.183867,0.144801,0.069382,0.134593,1.521606,1.974448,0.000000,0.000000,0.000000,0.106667,0.013223,0.109802,0.105755,0.073116,12.000000,12.000000,12.000000,0.000000,12.000000,12.000000,12.000000,1.000000,0.999988,0.999988,0.999988,1.000000,0.157186,0.361872,0.000000,0.287694,0.602373,0.057143,0.150137,0.382991,0.000000,3.000000,-0.031307,-0.006680,-0.024628,0.812991,0.999999,1.470427,1.000000,500.000000,1.206582,1.208416,1.218271,0.001834,0.011688,1.001520,1.009687,0.075989,0.000000,0.196278,0.105891,0.090387,0.197335,0.111961,0.085373,0.090387,-0.005014,0.000000,1,0.500000,0.063121,0.373333,1.000000,1,-1,-1,0.000000,0.000000,0.500000,1.000000,0.001000,0,-1,-1,0.739557,0.073360,0.100000,0.100000,0.000000,0.000000,0.100000,0.020000,signed_gate,0.002552,0.001335,0.134593,0.000000,0.000000,0.000000,0.000000,0.000000,0.000000,0.000000,0.000000,0.000000,0,0,0.000000,0.500000,0.000000,0.000000,0.000000,0.000000,0.000000,0.000000
54,0.380437,1,0.666667,0.611111,0.000000,0.666667,0.046813,0.185094,0.000000,1.000000,0.000000,0.171429,0.008025,0.053450,12,18,0,low_density_factor|density_ratio_out_of_range,0.000000,0.850000,1.000000,0.010333,0.033340,3.226650,0.000000,0.184167,0.144658,0.068355,0.132933,1.514233,1.975145,0.000000,0.000000,0.000000,0.106667,0.013223,0.109802,0.105755,0.073116,12.000000,12.000000,12.000000,0.000000,12.000000,12.000000,12.000000,1.000000,0.999988,0.999988,0.999988,1.000000,0.157186,0.361872,0.000000,0.286635,0.616480,0.057143,0.150137,0.382991,0.000000,3.000000,-0.031325,-0.006662,-0.024663,0.815765,0.999999,1.461087,1.000000,500.000000,1.193992,1.188304,1.192532,-0.005688,-0.001460,0.995236,0.998777,0.075996,0.000000,0.196068,0.105653,0.090415,0.196990,0.111663,0.085327,0.090415,-0.005089,0.000000,1,0.500000,0.063121,0.373333,1.000000,1,-1,-1,0.000000,0.000000,0.500000,1.000000,0.001000,0,-1,-1,0.739515,0.073359,0.100000,0.100000,0.000000,0.000000,0.100000,0.020000,signed_gate,0.002371,0.001236,0.132933,0.000000,0.000000,0.000000,0.000000,0.000000,0.000000,0.000000,0.000000,0.000000,0,0,0.000000,0.500000,0.000000,0.000000,0.000000,0.000000,0.000000,0.000000
55,0.378835,1,0.583333,0.555556,0.000000,0.666667,0.044301,0.175373,0.000000,1.000000,0.000000,0.171429,0.007595,0.050587,12,18,0,low_density_factor|density_ratio_out_of_range,0.000000,0.850000,1.000000,0.010312,0.033132,3.213021,0.000000,0.175254,0.144366,0.068132,0.132262,1.511400,1.974194,0.000000,0.000000,0.000000,0.106667,0.013223,0.109802,0.105755,0.073116,12.000000,12.000000,12.000000,0.000000,12.000000,12.000000,12.000000,1.000000,0.999988,0.999988,0.999988,1.000000,0.157186,0.361872,0.000000,0.286461,0.618041,0.057143,0.150137,0.382991,0.000000,3.000000,-0.031314,-0.006828,-0.024486,0.816404,0.999999,1.457964,1.000000,500.000000,1.188479,1.186674,1.189896,-0.001805,0.001417,0.998482,1.001193,0.076024,0.000000,0.195578,0.105538,0.090039,0.196881,0.111579,0.085302,0.090039,-0.004738,0.000000,1,0.500000,0.063121,0.373333,1.000000,1,-1,-1,0.000000,0.000000,0.500000,1.000000,0.001000,0,-1,-1,0.739530,0.073355,0.100000,0.100000,0.000000,0.000000,0.100000,0.020000,signed_gate,0.002219,0.001160,0.132262,0.000000,0.000000,0.000000,0.000000,0.000000,0.000000,0.000000,0.000000,0.000000,0,0,0.000000,0.500000,0.000000,0.000000,0.000000,0.000000,0.000000,0.000000
56,0.378613,1,0.666667,0.611111,0.000000,0.666667,0.043953,0.174023,0.000000,1.000000,0.000000,0.171429,0.007535,0.050190,12,18,0,low_density_factor|density_ratio_out_of_range,0.000000,0.850000,1.000000,0.010548,0.034085,3.231376,0.000000,0.179186,0.147675,0.070473,0.131916,1.509836,1.978724,0.000000,0.000000,0.000000,0.106667,0.013223,0.109802,0.105755,0.073116,12.000000,12.000000,12.000000,0.000000,12.000000,12.000000,12.000000,1.000000,0.999988,0.999988,0.999988,1.000000,0.157186,0.361872,0.000000,0.286790,0.627420,0.057143,0.150137,0.382991,0.000000,3.000000,-0.031345,-0.006683,-0.024661,0.817097,0.999999,1.456272,1.000000,500.000000,1.173194,1.180590,1.174271,0.007396,0.001077,1.006304,1.000918,0.075712,0.000000,0.195258,0.105355,0.089903,0.196617,0.111550,0.085067,0.089903,-0.004836,0.000000,1,0.500000,0.063121,0.373333,1.000000,1,-1,-1,0.000000,0.000000,0.500000,1.000000,0.001000,0,-1,-1,0.739509,0.073355,0.100000,0.100000,0.000000,0.000000,0.100000,0.020000,signed_gate,0.002129,0.001087,0.131916,0.000000,0.000000,0.000000,0.000000,0.000000,0.000000,0.000000,0.000000,0.000000,0,0,0.000000,0.500000,0.000000,0.000000,0.000000,0.000000,0.000000,0.000000
57,0.379190,1,0.666667,0.611111,0.000000,0.666667,0.044857,0.177527,0.000000,1.000000,0.000000,0.171429,0.007690,0.051220,12,18,0,low_density_factor|density_ratio_out_of_range,0.000000,0.850000,1.000000,0.010209,0.032960,3.228710,0.000000,0.175309,0.142919,0.070393,0.131926,1.509412,1.973392,0.000000,0.000000,0.000000,0.106667,0.013223,0.109802,0.105755,0.073116,12.000000,12.000000,12.000000,0.000000,12.000000,12.000000,12.000000,1.000000,0.999988,0.999988,0.999988,1.000000,0.157186,0.361872,0.000000,0.286665,0.629794,0.057143,0.150137,0.382991,0.000000,3.000000,-0.031374,-0.006746,-0.024628,0.818653,0.999999,1.454514,1.000000,500.000000,1.204023,1.197495,1.192660,-0.006528,-0.011363,0.994578,0.990563,0.076196,0.000000,0.195605,0.105375,0.090230,0.196922,0.111629,0.085293,0.090230,-0.004937,0.000000,1,0.500000,0.063121,0.373333,1.000000,1,-1,-1,0.000000,0.000000,0.500000,1.000000,0.001000,0,-1,-1,0.739535,0.073355,0.100000,0.100000,0.000000,0.000000,0.100000,0.020000,signed_gate,0.001951,0.001016,0.131926,0.000000,0.000000,0.000000,0.000000,0.000000,0.000000,0.000000,0.000000,0.000000,0,0,0.000000,0.500000,0.000000,0.000000,0.000000,0.000000,0.000000,0.000000
58,0.379003,1,0.750000,0.666667,0.000000,0.666667,0.044564,0.176393,0.000000,1.000000,0.000000,0.171429,0.007640,0.050887,12,18,0,low_density_factor|density_ratio_out_of_range,0.000000,0.850000,1.000000,0.010020,0.032617,3.255104,0.000000,0.181832,0.140285,0.071323,0.132072,1.510289,1.975057,0.000000,0.000000,0.000000,0.106667,0.013223,0.109802,0.105755,0.073116,12.000000,12.000000,12.000000,0.000000,12.000000,12.000000,12.000000,1.000000,0.999988,0.999988,0.999988,1.000000,0.157186,0.361872,0.000000,0.286572,0.634855,0.057143,0.150137,0.382991,0.000000,3.000000,-0.031719,-0.006870,-0.024849,0.816539,0.999999,1.456333,1.000000,500.000000,1.191555,1.195186,1.189624,0.003631,-0.001932,1.003047,0.998379,0.076478,0.000000,0.195363,0.105494,0.089869,0.196970,0.111592,0.085378,0.089869,-0.004490,0.000000,1,0.500000,0.063121,0.373333,1.000000,1,-1,-1,0.000000,0.000000,0.500000,1.000000,0.001000,0,-1,-1,0.739833,0.073353,0.100000,0.100000,0.000000,0.000000,0.100000,0.020000,signed_gate,0.001835,0.000957,0.132072,0.000000,0.000000,0.000000,0.000000,0.000000,0.000000,0.000000,0.000000,0.000000,0,0,0.000000,0.500000,0.000000,0.000000,0.000000,0.000000,0.000000,0.000000
59,0.377165,1,0.666667,0.611111,0.000000,0.666667,0.041690,0.165233,0.000000,1.000000,0.000000,0.171429,0.007147,0.047610,12,18,0,low_density_factor|density_ratio_out_of_range,0.000000,0.850000,1.000000,0.010155,0.032934,3.243178,0.000000,0.173237,0.142167,0.071132,0.132783,1.513380,1.972570,0.000000,0.000000,0.000000,0.106667,0.013223,0.109802,0.105755,0.073116,12.000000,12.000000,12.000000,0.000000,12.000000,12.000000,12.000000,1.000000,0.999988,0.999988,0.999988,1.000000,0.157186,0.361872,0.000000,0.287415,0.622609,0.057143,0.150137,0.382991,0.000000,3.000000,-0.031308,-0.006734,-0.024573,0.816720,0.999999,1.459590,1.000000,500.000000,1.173705,1.170250,1.173644,-0.003455,-0.000061,0.997056,0.999948,0.076282,0.000000,0.195024,0.105364,0.089660,0.196987,0.111758,0.085229,0.089660,-0.004431,0.000000,1,0.500000,0.063121,0.373333,1.000000,1,-1,-1,0.000000,0.000000,0.500000,1.000000,0.001000,0,-1,-1,0.739536,0.073355,0.100000,0.100000,0.000000,0.000000,0.100000,0.020000,signed_gate,0.001772,0.000904,0.132783,0.000000,0.000000,0.000000,0.000000,0.000000,0.000000,0.000000,0.000000,0.000000,0,0,0.000000,0.500000,0.000000,0.000000,0.000000,0.000000,0.000000,0.000000
60,0.377968,1,0.666667,0.611111,0.000000,0.666667,0.042944,0.170107,0.000000,1.000000,0.000000,0.171429,0.007362,0.049040,12,18,0,low_density_factor|density_ratio_out_of_range,0.000000,0.850000,1.000000,0.010275,0.033204,3.231521,0.000000,0.169798,0.143852,0.071757,0.132060,1.510235,1.973001,0.000000,0.000000,0.000000,0.106667,0.013223,0.109802,0.105755,0.073116,12.000000,12.000000,12.000000,0.000000,12.000000,12.000000,12.000000,1.000000,0.999988,0.999988,0.999988,1.000000,0.157186,0.361872,0.000000,0.287220,0.631810,0.057143,0.150137,0.382991,0.000000,3.000000,-0.031289,-0.006754,-0.024535,0.817700,0.999999,1.455922,1.000000,500.000000,1.187635,1.182969,1.189690,-0.004667,0.002055,0.996071,1.001730,0.076115,0.000000,0.194880,0.105361,0.089519,0.196764,0.111657,0.085107,0.089519,-0.004412,0.000000,1,0.500000,0.063121,0.373333,1.000000,1,-1,-1,0.000000,0.000000,0.500000,1.000000,0.001000,0,-1,-1,0.739504,0.073356,0.100000,0.100000,0.000000,0.000000,0.100000,0.020000,signed_gate,0.001631,0.000854,0.132060,0.000000,0.000000,0.000000,0.000000,0.000000,0.000000,0.000000,0.000000,0.000000,0,0,0.000000,0.500000,0.000000,0.000000,0.000000,0.000000,0.000000,0.000000
61,0.377186,1,0.666667,0.611111,0.000000,0.666667,0.041723,0.165360,0.000000,1.000000,0.000000,0.171429,0.007153,0.047647,12,18,0,low_density_factor|density_ratio_out_of_range,0.000000,0.850000,1.000000,0.009885,0.032070,3.244293,0.000000,0.168993,0.138389,0.069681,0.132363,1.511674,1.972515,0.000000,0.000000,0.000000,0.106667,0.013223,0.109802,0.105755,0.073116,12.000000,12.000000,12.000000,0.000000,12.000000,12.000000,12.000000,1.000000,0.999988,0.999988,0.999988,1.000000,0.157186,0.361872,0.000000,0.285976,0.605584,0.057143,0.150137,0.382991,0.000000,3.000000,-0.031139,-0.006717,-0.024422,0.817776,0.999999,1.457879,1.000000,500.000000,1.219702,1.225362,1.222163,0.005660,0.002461,1.004640,1.002018,0.076656,0.000000,0.194976,0.105223,0.089753,0.197040,0.111640,0.085400,0.089753,-0.004353,0.000000,1,0.500000,0.063121,0.373333,1.000000,1,-1,-1,0.000000,0.000000,0.500000,1.000000,0.001000,0,-1,-1,0.739485,0.073356,0.100000,0.100000,0.000000,0.000000,0.100000,0.020000,signed_gate,0.001546,0.000790,0.132363,0.000000,0.000000,0.000000,0.000000,0.000000,0.000000,0.000000,0.000000,0.000000,0,0,0.000000,0.500000,0.000000,0.000000,0.000000,0.000000,0.000000,0.000000
62,0.376938,1,0.666667,0.611111,0.000000,0.666667,0.041335,0.163849,0.000000,1.000000,0.000000,0.171429,0.007086,0.047205,12,18,0,low_density_factor|density_ratio_out_of_range,0.000000,0.850000,1.000000,0.009964,0.032458,3.257526,0.000000,0.172076,0.139494,0.071727,0.131885,1.509421,1.970684,0.000000,0.000000,0.000000,0.106667,0.013223,0.109802,0.105755,0.073116,12.000000,12.000000,12.000000,0.000000,12.000000,12.000000,12.000000,1.000000,0.999988,0.999988,0.999988,1.000000,0.157186,0.361872,0.000000,0.285771,0.608324,0.057143,0.150137,0.382991,0.000000,3.000000,-0.031165,-0.006703,-0.024462,0.819132,0.999999,1.454843,1.000000,500.000000,1.182077,1.179013,1.177929,-0.003063,-0.004148,0.997409,0.996491,0.076564,0.000000,0.194697,0.105216,0.089481,0.196977,0.111605,0.085372,0.089481,-0.004110,0.000000,1,0.500000,0.063121,0.373333,1.000000,1,-1,-1,0.000000,0.000000,0.500000,1.000000,0.001000,0,-1,-1,0.739504,0.073356,0.100000,0.100000,0.000000,0.000000,0.100000,0.020000,signed_gate,0.001481,0.000753,0.131885,0.000000,0.000000,0.000000,0.000000,0.000000,0.000000,0.000000,0.000000,0.000000,0,0,0.000000,0.500000,0.000000,0.000000,0.000000,0.000000,0.000000,0.000000
63,0.375950,1,0.750000,0.666667,0.000000,0.666667,0.039795,0.157849,0.000000,1.000000,0.000000,0.171429,0.006822,0.045449,12,18,0,low_density_factor|density_ratio_out_of_range,0.000000,0.850000,1.000000,0.009538,0.031309,3.282573,0.000000,0.169828,0.133530,0.068306,0.131815,1.509042,1.970598,0.000000,0.000000,0.000000,0.106667,0.013223,0.109802,0.105755,0.073116,12.000000,12.000000,12.000000,0.000000,12.000000,12.000000,12.000000,1.000000,0.999988,0.999988,0.999988,1.000000,0.157186,0.361872,0.000000,0.284513,0.596307,0.057143,0.150137,0.382991,0.000000,3.000000,-0.031223,-0.006724,-0.024500,0.819807,0.999999,1.454289,1.000000,500.000000,1.192616,1.189749,1.186806,-0.002867,-0.005810,0.997596,0.995128,0.077147,0.000000,0.195012,0.104841,0.090172,0.197311,0.111542,0.085769,0.090172,-0.004403,0.000000,1,0.500000,0.063121,0.373333,1.000000,1,-1,-1,0.000000,0.000000,0.500000,1.000000,0.001000,0,-1,-1,0.739561,0.073355,0.100000,0.100000,0.000000,0.000000,0.100000,0.020000,signed_gate,0.001387,0.000718,0.131815,0.000000,0.000000,0.000000,0.000000,0.000000,0.000000,0.000000,0.000000,0.000000,0,0,0.000000,0.500000,0.000000,0.000000,0.000000,0.000000,0.000000,0.000000
64,0.376183,1,0.666667,0.611111,0.000000,0.666667,0.040159,0.159268,0.000000,1.000000,0.000000,0.171429,0.006884,0.045864,12,18,0,low_density_factor|density_ratio_out_of_range,0.000000,0.850000,1.000000,0.009833,0.032081,3.262623,0.000000,0.165851,0.137659,0.068858,0.131383,1.506889,1.968615,0.000000,0.000000,0.000000,0.106667,0.013223,0.109802,0.105755,0.073116,12.000000,12.000000,12.000000,0.000000,12.000000,12.000000,12.000000,1.000000,0.999988,0.999988,0.999988,1.000000,0.157186,0.361872,0.000000,0.285646,0.616261,0.057143,0.150137,0.382991,0.000000,3.000000,-0.031114,-0.006719,-0.024396,0.821070,0.999999,1.450987,1.000000,500.000000,1.175788,1.163921,1.167732,-0.011867,-0.008057,0.989907,0.993148,0.076722,0.000000,0.194820,0.104952,0.089868,0.197005,0.111589,0.085416,0.089868,-0.004452,0.000000,1,0.500000,0.063121,0.373333,1.000000,1,-1,-1,0.000000,0.000000,0.500000,1.000000,0.001000,0,-1,-1,0.739440,0.073353,0.100000,0.100000,0.000000,0.000000,0.100000,0.020000,signed_gate,0.001306,0.000681,0.131383,0.000000,0.000000,0.000000,0.000000,0.000000,0.000000,0.000000,0.000000,0.000000,0,0,0.000000,0.500000,0.000000,0.000000,0.000000,0.000000,0.000000,0.000000
65,0.376896,1,0.666667,0.611111,0.000000,0.666667,0.041270,0.163598,0.000000,1.000000,0.000000,0.171429,0.007075,0.047131,12,18,0,low_density_factor|density_ratio_out_of_range,0.000000,0.850000,1.000000,0.009732,0.031595,3.246625,0.000000,0.167304,0.136245,0.069035,0.131552,1.507707,1.967097,0.000000,0.000000,0.000000,0.106667,0.013223,0.109802,0.105755,0.073116,12.000000,12.000000,12.000000,0.000000,12.000000,12.000000,12.000000,1.000000,0.999988,0.999988,0.999988,1.000000,0.157186,0.361872,0.000000,0.286349,0.623496,0.057143,0.150137,0.382991,0.000000,3.000000,-0.031148,-0.006828,-0.024320,0.820332,0.999999,1.452148,1.000000,500.000000,1.175706,1.174422,1.180504,-0.001284,0.004797,0.998907,1.004080,0.076869,0.000000,0.194774,0.105031,0.089743,0.196952,0.111657,0.085295,0.089743,-0.004448,0.000000,1,0.500000,0.063121,0.373333,1.000000,1,-1,-1,0.000000,0.000000,0.500000,1.000000,0.001000,0,-1,-1,0.739466,0.073353,0.100000,0.100000,0.000000,0.000000,0.100000,0.020000,signed_gate,0.001208,0.000632,0.131552,0.000000,0.000000,0.000000,0.000000,0.000000,0.000000,0.000000,0.000000,0.000000,0,0,0.000000,0.500000,0.000000,0.000000,0.000000,0.000000,0.000000,0.000000
66,0.376720,1,0.666667,0.611111,0.000000,0.666667,0.040995,0.162527,0.000000,1.000000,0.000000,0.171429,0.007028,0.046817,12,18,0,low_density_factor|density_ratio_out_of_range,0.000000,0.850000,1.000000,0.009488,0.030733,3.239033,0.000000,0.163618,0.132835,0.068340,0.132457,1.511688,1.966350,0.000000,0.000000,0.000000,0.106667,0.013223,0.109802,0.105755,0.073116,12.000000,12.000000,12.000000,0.000000,12.000000,12.000000,12.000000,1.000000,0.999988,0.999988,0.999988,1.000000,0.157186,0.361872,0.000000,0.286780,0.616628,0.057143,0.150137,0.382991,0.000000,3.000000,-0.031123,-0.006832,-0.024292,0.818797,0.999999,1.456919,1.000000,500.000000,1.190823,1.189583,1.194067,-0.001240,0.003244,0.998959,1.002724,0.077216,0.000000,0.195121,0.105032,0.090090,0.197125,0.111791,0.085334,0.090090,-0.004756,0.000000,1,0.500000,0.063121,0.373333,1.000000,1,-1,-1,0.000000,0.000000,0.500000,1.000000,0.001000,0,-1,-1,0.739466,0.073355,0.100000,0.100000,0.000000,0.000000,0.100000,0.020000,signed_gate,0.001120,0.000593,0.132457,0.000000,0.000000,0.000000,0.000000,0.000000,0.000000,0.000000,0.000000,0.000000,0,0,0.000000,0.500000,0.000000,0.000000,0.000000,0.000000,0.000000,0.000000
67,0.375624,1,0.666667,0.611111,0.000000,0.666667,0.039287,0.155868,0.000000,1.000000,0.000000,0.171429,0.006735,0.044869,12,18,0,low_density_factor|density_ratio_out_of_range,0.000000,0.850000,1.000000,0.009854,0.031986,3.245787,0.000000,0.166772,0.137963,0.068799,0.131860,1.509298,1.966387,0.000000,0.000000,0.000000,0.106667,0.013223,0.109802,0.105755,0.073116,12.000000,12.000000,12.000000,0.000000,12.000000,12.000000,12.000000,1.000000,0.999988,0.999988,0.999988,1.000000,0.157186,0.361872,0.000000,0.286131,0.606835,0.057143,0.150137,0.382991,0.000000,3.000000,-0.031091,-0.006902,-0.024189,0.819569,0.999999,1.454479,1.000000,500.000000,1.149149,1.146726,1.150737,-0.002423,0.001588,0.997891,1.001382,0.076690,0.000000,0.194870,0.104895,0.089975,0.197121,0.111649,0.085473,0.089975,-0.004503,0.000000,1,0.500000,0.063121,0.373333,1.000000,1,-1,-1,0.000000,0.000000,0.500000,1.000000,0.001000,0,-1,-1,0.739437,0.073355,0.100000,0.100000,0.000000,0.000000,0.100000,0.020000,signed_gate,0.001083,0.000557,0.131860,0.000000,0.000000,0.000000,0.000000,0.000000,0.000000,0.000000,0.000000,0.000000,0,0,0.000000,0.500000,0.000000,0.000000,0.000000,0.000000,0.000000,0.000000
68,0.374951,1,0.750000,0.666667,0.000000,0.666667,0.038241,0.151781,0.000000,1.000000,0.000000,0.171429,0.006556,0.043676,12,18,0,low_density_factor|density_ratio_out_of_range,0.000000,0.850000,1.000000,0.009621,0.031166,3.239499,0.000000,0.163303,0.134687,0.068224,0.131272,1.506709,1.962176,0.000000,0.000000,0.000000,0.106667,0.013223,0.109802,0.105755,0.073116,12.000000,12.000000,12.000000,0.000000,12.000000,12.000000,12.000000,1.000000,0.999988,0.999988,0.999988,1.000000,0.157186,0.361872,0.000000,0.285181,0.602030,0.057143,0.150137,0.382991,0.000000,3.000000,-0.031240,-0.007048,-0.024193,0.820264,0.999999,1.451396,1.000000,500.000000,1.150566,1.156367,1.150599,0.005801,0.000033,1.005042,1.000029,0.077022,0.000000,0.194864,0.104982,0.089882,0.197231,0.111559,0.085672,0.089882,-0.004210,0.000000,1,0.500000,0.063121,0.373333,1.000000,1,-1,-1,0.000000,0.000000,0.500000,1.000000,0.001000,0,-1,-1,0.739614,0.073350,0.100000,0.100000,0.000000,0.000000,0.100000,0.020000,signed_gate,0.001024,0.000531,0.131272,0.000000,0.000000,0.000000,0.000000,0.000000,0.000000,0.000000,0.000000,0.000000,0,0,0.000000,0.500000,0.000000,0.000000,0.000000,0.000000,0.000000,0.000000
69,0.376075,1,0.666667,0.611111,0.000000,0.666667,0.039990,0.158608,0.000000,1.000000,0.000000,0.171429,0.006855,0.045671,12,18,0,low_density_factor|density_ratio_out_of_range,0.000000,0.850000,1.000000,0.009859,0.031984,3.244312,0.000000,0.165487,0.138019,0.069960,0.131042,1.505527,1.963021,0.000000,0.000000,0.000000,0.106667,0.013223,0.109802,0.105755,0.073116,12.000000,12.000000,12.000000,0.000000,12.000000,12.000000,12.000000,1.000000,0.999988,0.999988,0.999988,1.000000,0.157186,0.361872,0.000000,0.285090,0.608890,0.057143,0.150137,0.382991,0.000000,3.000000,-0.031128,-0.006967,-0.024160,0.821777,0.999999,1.449592,1.000000,500.000000,1.133250,1.136259,1.131164,0.003009,-0.002086,1.002655,0.998159,0.076694,0.000000,0.194795,0.104772,0.090023,0.197196,0.111564,0.085632,0.090023,-0.004391,0.000000,1,0.500000,0.063121,0.373333,1.000000,1,-1,-1,0.000000,0.000000,0.500000,1.000000,0.001000,0,-1,-1,0.739494,0.073349,0.100000,0.100000,0.000000,0.000000,0.100000,0.020000,signed_gate,0.000977,0.000502,0.131042,0.000000,0.000000,0.000000,0.000000,0.000000,0.000000,0.000000,0.000000,0.000000,0,0,0.000000,0.500000,0.000000,0.000000,0.000000,0.000000,0.000000,0.000000
70,0.375926,1,0.666667,0.611111,0.000000,0.666667,0.039758,0.157707,0.000000,1.000000,0.000000,0.171429,0.006816,0.045407,12,18,0,low_density_factor|density_ratio_out_of_range,0.000000,0.850000,1.000000,0.009667,0.031354,3.243237,0.000000,0.164942,0.135343,0.067539,0.130253,1.502267,1.965611,0.000000,0.000000,0.000000,0.106667,0.013223,0.109802,0.105755,0.073116,12.000000,12.000000,12.000000,0.000000,12.000000,12.000000,12.000000,1.000000,0.999988,0.999988,0.999988,1.000000,0.157186,0.361872,0.000000,0.284964,0.623267,0.057143,0.150137,0.382991,0.000000,3.000000,-0.031249,-0.006966,-0.024282,0.821565,0.999999,1.446119,1.000000,500.000000,1.182521,1.182142,1.179662,-0.000380,-0.002860,0.999679,0.997582,0.076948,0.000000,0.194749,0.104967,0.089782,0.196904,0.111385,0.085519,0.089782,-0.004263,0.000000,1,0.500000,0.063121,0.373333,1.000000,1,-1,-1,0.000000,0.000000,0.500000,1.000000,0.001000,0,-1,-1,0.739531,0.073349,0.100000,0.100000,0.000000,0.000000,0.100000,0.020000,signed_gate,0.000922,0.000472,0.130253,0.000000,0.000000,0.000000,0.000000,0.000000,0.000000,0.000000,0.000000,0.000000,0,0,0.000000,0.500000,0.000000,0.000000,0.000000,0.000000,0.000000,0.000000
71,0.376063,1,0.750000,0.666667,0.000000,0.666667,0.039972,0.158538,0.000000,1.000000,0.000000,0.171429,0.006852,0.045650,12,18,0,low_density_factor|density_ratio_out_of_range,0.000000,0.850000,1.000000,0.009357,0.030374,3.246146,0.000000,0.166217,0.130995,0.064605,0.130829,1.504759,1.966075,0.000000,0.000000,0.000000,0.106667,0.013223,0.109802,0.105755,0.073116,12.000000,12.000000,12.000000,0.000000,12.000000,12.000000,12.000000,1.000000,0.999988,0.999988,0.999988,1.000000,0.157186,0.361872,0.000000,0.285440,0.624946,0.057143,0.150137,0.382991,0.000000,3.000000,-0.031116,-0.006767,-0.024349,0.820871,0.999999,1.449164,1.000000,500.000000,1.186333,1.190642,1.196470,0.004310,0.010138,1.003633,1.008545,0.077372,0.000000,0.195029,0.105140,0.089889,0.196666,0.111500,0.085165,0.089889,-0.004724,0.000000,1,0.500000,0.063121,0.373333,1.000000,1,-1,-1,0.000000,0.000000,0.500000,1.000000,0.001000,0,-1,-1,0.739463,0.073352,0.100000,0.100000,0.000000,0.000000,0.100000,0.020000,signed_gate,0.000886,0.000453,0.130829,0.000000,0.000000,0.000000,0.000000,0.000000,0.000000,0.000000,0.000000,0.000000,0,0,0.000000,0.500000,0.000000,0.000000,0.000000,0.000000,0.000000,0.000000
72,0.375022,1,0.666667,0.611111,0.000000,0.666667,0.038351,0.152212,0.000000,1.000000,0.000000,0.171429,0.006574,0.043802,12,18,0,low_density_factor|density_ratio_out_of_range,0.000000,0.850000,1.000000,0.009387,0.030440,3.242861,0.000000,0.157766,0.131417,0.065387,0.131311,1.506855,1.963175,0.000000,0.000000,0.000000,0.106667,0.013223,0.109802,0.105755,0.073116,12.000000,12.000000,12.000000,0.000000,12.000000,12.000000,12.000000,1.000000,0.999988,0.999988,0.999988,1.000000,0.157186,0.361872,0.000000,0.285757,0.616485,0.057143,0.150137,0.382991,0.000000,3.000000,-0.031112,-0.006877,-0.024234,0.820490,0.999999,1.451663,1.000000,500.000000,1.205137,1.202600,1.188572,-0.002537,-0.016565,0.997895,0.986255,0.077333,0.000000,0.194513,0.104948,0.089566,0.196863,0.111621,0.085242,0.089566,-0.004324,0.000000,1,0.500000,0.063121,0.373333,1.000000,1,-1,-1,0.000000,0.000000,0.500000,1.000000,0.001000,0,-1,-1,0.739497,0.073352,0.100000,0.100000,0.000000,0.000000,0.100000,0.020000,signed_gate,0.000845,0.000441,0.131311,0.000000,0.000000,0.000000,0.000000,0.000000,0.000000,0.000000,0.000000,0.000000,0,0,0.000000,0.500000,0.000000,0.000000,0.000000,0.000000,0.000000,0.000000
73,0.374764,1,0.750000,0.666667,0.000000,0.666667,0.037950,0.150644,0.000000,1.000000,0.000000,0.171429,0.006506,0.043344,12,18,0,low_density_factor|density_ratio_out_of_range,0.000000,0.850000,1.000000,0.009391,0.030669,3.265611,0.000000,0.158558,0.131479,0.066582,0.130728,1.504103,1.960213,0.000000,0.000000,0.000000,0.106667,0.013223,0.109802,0.105755,0.073116,12.000000,12.000000,12.000000,0.000000,12.000000,12.000000,12.000000,1.000000,0.999988,0.999988,0.999988,1.000000,0.157186,0.361872,0.000000,0.284258,0.599593,0.057143,0.150137,0.382991,0.000000,3.000000,-0.031050,-0.006879,-0.024170,0.822648,0.999999,1.447624,1.000000,500.000000,1.156921,1.160354,1.162992,0.003433,0.006071,1.002967,1.005247,0.077341,0.000000,0.194367,0.104669,0.089698,0.197124,0.111470,0.085653,0.089698,-0.004044,0.000000,1,0.500000,0.063121,0.373333,1.000000,1,-1,-1,0.000000,0.000000,0.500000,1.000000,0.001000,0,-1,-1,0.739460,0.073351,0.100000,0.100000,0.000000,0.000000,0.100000,0.020000,signed_gate,0.000824,0.000423,0.130728,0.000000,0.000000,0.000000,0.000000,0.000000,0.000000,0.000000,0.000000,0.000000,0,0,0.000000,0.500000,0.000000,0.000000,0.000000,0.000000,0.000000,0.000000
74,0.374955,1,0.750000,0.666667,0.000000,0.666667,0.038247,0.151804,0.000000,1.000000,0.000000,0.171429,0.006557,0.043683,12,18,0,low_density_factor|density_ratio_out_of_range,0.000000,0.850000,1.000000,0.009277,0.030276,3.263615,0.000000,0.163643,0.129877,0.064484,0.129566,1.499009,1.960445,0.000000,0.000000,0.000000,0.106667,0.013223,0.109802,0.105755,0.073116,12.000000,12.000000,12.000000,0.000000,12.000000,12.000000,12.000000,1.000000,0.999988,0.999988,0.999988,1.000000,0.157186,0.361872,0.000000,0.283395,0.599006,0.057143,0.150137,0.382991,0.000000,3.000000,-0.030994,-0.006928,-0.024065,0.825004,0.999999,1.441435,1.000000,500.000000,1.168187,1.171148,1.168414,0.002961,0.000227,1.002535,1.000194,0.077488,0.000000,0.194417,0.104564,0.089853,0.197100,0.111276,0.085824,0.089853,-0.004029,0.000000,1,0.500000,0.063121,0.373333,1.000000,1,-1,-1,0.000000,0.000000,0.500000,1.000000,0.001000,0,-1,-1,0.739371,0.073349,0.100000,0.100000,0.000000,0.000000,0.100000,0.020000,signed_gate,0.000773,0.000396,0.129566,0.000000,0.000000,0.000000,0.000000,0.000000,0.000000,0.000000,0.000000,0.000000,0,0,0.000000,0.500000,0.000000,0.000000,0.000000,0.000000,0.000000,0.000000
75,0.375171,1,0.750000,0.666667,0.000000,0.666667,0.038583,0.153118,0.000000,1.000000,0.000000,0.171429,0.006614,0.044066,12,18,0,low_density_factor|density_ratio_out_of_range,0.000000,0.850000,1.000000,0.009290,0.030491,3.282038,0.000000,0.162939,0.130065,0.064980,0.129667,1.499335,1.964432,0.000000,0.000000,0.000000,0.106667,0.013223,0.109802,0.105755,0.073116,12.000000,12.000000,12.000000,0.000000,12.000000,12.000000,12.000000,1.000000,0.999988,0.999988,0.999988,1.000000,0.157186,0.361872,0.000000,0.284021,0.610007,0.057143,0.150137,0.382991,0.000000,3.000000,-0.030937,-0.006739,-0.024198,0.825002,0.999999,1.441996,1.000000,500.000000,1.160633,1.156629,1.158031,-0.004003,-0.002602,0.996551,0.997758,0.077474,0.000000,0.194185,0.104465,0.089721,0.196763,0.111363,0.085400,0.089721,-0.004321,0.000000,1,0.500000,0.063121,0.373333,1.000000,1,-1,-1,0.000000,0.000000,0.500000,1.000000,0.001000,0,-1,-1,0.739339,0.073346,0.100000,0.100000,0.000000,0.000000,0.100000,0.020000,signed_gate,0.000758,0.000388,0.129667,0.000000,0.000000,0.000000,0.000000,0.000000,0.000000,0.000000,0.000000,0.000000,0,0,0.000000,0.500000,0.000000,0.000000,0.000000,0.000000,0.000000,0.000000
76,0.374353,1,0.666667,0.611111,0.000000,0.666667,0.037311,0.148145,0.000000,1.000000,0.000000,0.171429,0.006396,0.042615,12,18,0,low_density_factor|density_ratio_out_of_range,0.000000,0.850000,1.000000,0.009228,0.030178,3.270235,0.000000,0.167098,0.129193,0.063784,0.129787,1.500099,1.964080,0.000000,0.000000,0.000000,0.106667,0.013223,0.109802,0.105755,0.073116,12.000000,12.000000,12.000000,0.000000,12.000000,12.000000,12.000000,1.000000,0.999988,0.999988,0.999988,1.000000,0.157186,0.361872,0.000000,0.284669,0.624852,0.057143,0.150137,0.382991,0.000000,3.000000,-0.031070,-0.006900,-0.024170,0.823237,0.999999,1.443149,1.000000,500.000000,1.145606,1.155095,1.149127,0.009489,0.003522,1.008283,1.003074,0.077553,0.000000,0.193980,0.104615,0.089365,0.196804,0.111340,0.085464,0.089365,-0.003901,0.000000,1,0.500000,0.063121,0.373333,1.000000,1,-1,-1,0.000000,0.000000,0.500000,1.000000,0.001000,0,-1,-1,0.739390,0.073348,0.100000,0.100000,0.000000,0.000000,0.100000,0.020000,signed_gate,0.000715,0.000372,0.129787,0.000000,0.000000,0.000000,0.000000,0.000000,0.000000,0.000000,0.000000,0.000000,0,0,0.000000,0.500000,0.000000,0.000000,0.000000,0.000000,0.000000,0.000000
77,0.373748,1,0.666667,0.611111,0.000000,0.666667,0.036373,0.144474,0.000000,1.000000,0.000000,0.171429,0.006235,0.041545,12,18,0,low_density_factor|density_ratio_out_of_range,0.000000,0.850000,1.000000,0.009482,0.031263,3.297070,0.000000,0.164780,0.132750,0.065160,0.128909,1.496022,1.963098,0.000000,0.000000,0.000000,0.106667,0.013223,0.109802,0.105755,0.073116,12.000000,12.000000,12.000000,0.000000,12.000000,12.000000,12.000000,1.000000,0.999988,0.999988,0.999988,1.000000,0.157186,0.361872,0.000000,0.284220,0.627825,0.057143,0.150137,0.382991,0.000000,3.000000,-0.030950,-0.006834,-0.024117,0.825579,0.999999,1.437759,1.000000,500.000000,1.149411,1.136563,1.141921,-0.012848,-0.007490,0.988822,0.993483,0.077197,0.000000,0.193596,0.104296,0.089300,0.196666,0.111231,0.085435,0.089300,-0.003865,0.000000,1,0.500000,0.063121,0.373333,1.000000,1,-1,-1,0.000000,0.000000,0.500000,1.000000,0.001000,0,-1,-1,0.739264,0.073349,0.100000,0.100000,0.000000,0.000000,0.100000,0.020000,signed_gate,0.000725,0.000361,0.128909,0.000000,0.000000,0.000000,0.000000,0.000000,0.000000,0.000000,0.000000,0.000000,0,0,0.000000,0.500000,0.000000,0.000000,0.000000,0.000000,0.000000,0.000000
78,0.374802,1,0.583333,0.555556,0.000000,0.666667,0.038010,0.150878,0.000000,1.000000,0.000000,0.171429,0.006516,0.043412,12,18,0,low_density_factor|density_ratio_out_of_range,0.000000,0.850000,1.000000,0.009427,0.030956,3.283679,0.000000,0.168000,0.131983,0.065292,0.129809,1.499935,1.960090,0.000000,0.000000,0.000000,0.106667,0.013223,0.109802,0.105755,0.073116,12.000000,12.000000,12.000000,0.000000,12.000000,12.000000,12.000000,1.000000,0.999988,0.999988,0.999988,1.000000,0.157186,0.361872,0.000000,0.285557,0.632072,0.057143,0.150137,0.382991,0.000000,3.000000,-0.030926,-0.006867,-0.024059,0.823993,0.999999,1.442455,1.000000,500.000000,1.126910,1.126277,1.135145,-0.000633,0.008235,0.999438,1.007308,0.077276,0.000000,0.193439,0.104439,0.089000,0.196583,0.111456,0.085127,0.089000,-0.003873,0.000000,1,0.500000,0.063121,0.373333,1.000000,1,-1,-1,0.000000,0.000000,0.500000,1.000000,0.001000,0,-1,-1,0.739290,0.073349,0.100000,0.100000,0.000000,0.000000,0.100000,0.020000,signed_gate,0.000689,0.000350,0.129809,0.000000,0.000000,0.000000,0.000000,0.000000,0.000000,0.000000,0.000000,0.000000,0,0,0.000000,0.500000,0.000000,0.000000,0.000000,0.000000,0.000000,0.000000
79,0.373732,1,0.666667,0.611111,0.000000,0.666667,0.036347,0.144373,0.000000,1.000000,0.000000,0.171429,0.006231,0.041516,12,18,0,low_density_factor|density_ratio_out_of_range,0.000000,0.850000,1.000000,0.009072,0.029895,3.295491,0.000000,0.167880,0.127002,0.064136,0.130120,1.501331,1.958298,0.000000,0.000000,0.000000,0.106667,0.013223,0.109802,0.105755,0.073116,12.000000,12.000000,12.000000,0.000000,12.000000,12.000000,12.000000,1.000000,0.999988,0.999988,0.999988,1.000000,0.157186,0.361872,0.000000,0.285436,0.631548,0.057143,0.150137,0.382991,0.000000,3.000000,-0.031104,-0.007036,-0.024067,0.823172,0.999999,1.443920,1.000000,500.000000,1.226461,1.219701,1.228042,-0.006760,0.001581,0.994488,1.001289,0.077788,0.000000,0.193434,0.104358,0.089076,0.196890,0.111487,0.085403,0.089076,-0.003673,0.000000,1,0.500000,0.063121,0.373333,1.000000,1,-1,-1,0.000000,0.000000,0.500000,1.000000,0.001000,0,-1,-1,0.739452,0.073350,0.100000,0.100000,0.000000,0.000000,0.100000,0.020000,signed_gate,0.000663,0.000337,0.130120,0.000000,0.000000,0.000000,0.000000,0.000000,0.000000,0.000000,0.000000,0.000000,0,0,0.000000,0.500000,0.000000,0.000000,0.000000,0.000000,0.000000,0.000000
80,0.374059,1,0.750000,0.666667,0.000000,0.666667,0.036855,0.146362,0.000000,1.000000,0.000000,0.171429,0.006318,0.042095,12,18,0,low_density_factor|density_ratio_out_of_range,0.000000,0.850000,1.000000,0.009056,0.029832,3.294012,0.000000,0.165208,0.126790,0.065334,0.128490,1.493633,1.948280,0.000000,0.000000,0.000000,0.106667,0.013223,0.109802,0.105755,0.073116,12.000000,12.000000,12.000000,0.000000,12.000000,12.000000,12.000000,1.000000,0.999988,0.999988,0.999988,1.000000,0.157186,0.361872,0.000000,0.283897,0.633583,0.057143,0.150137,0.382991,0.000000,3.000000,-0.031099,-0.007125,-0.023974,0.827868,0.999999,1.433031,1.000000,500.000000,1.177655,1.163282,1.169488,-0.014373,-0.008167,0.987795,0.993065,0.077822,0.000000,0.193551,0.104261,0.089289,0.197152,0.111229,0.085924,0.089289,-0.003366,0.000000,1,0.500000,0.063121,0.373333,1.000000,1,-1,-1,0.000000,0.000000,0.500000,1.000000,0.001000,0,-1,-1,0.739349,0.073346,0.100000,0.100000,0.000000,0.000000,0.100000,0.020000,signed_gate,0.000645,0.000330,0.128490,0.000000,0.000000,0.000000,0.000000,0.000000,0.000000,0.000000,0.000000,0.000000,0,0,0.000000,0.500000,0.000000,0.000000,0.000000,0.000000,0.000000,0.000000
81,0.372617,1,0.750000,0.666667,0.000000,0.666667,0.034619,0.137596,0.000000,1.000000,0.000000,0.171429,0.005935,0.039544,12,18,0,low_density_factor|density_ratio_out_of_range,0.000000,0.850000,1.000000,0.008983,0.029704,3.306745,0.000000,0.156536,0.125760,0.064679,0.129411,1.497637,1.950207,0.000000,0.000000,0.000000,0.106667,0.013223,0.109802,0.105755,0.073116,12.000000,12.000000,12.000000,0.000000,12.000000,12.000000,12.000000,1.000000,0.999988,0.999988,0.999988,1.000000,0.157186,0.361872,0.000000,0.284591,0.633222,0.057143,0.150137,0.382991,0.000000,3.000000,-0.031130,-0.007126,-0.024004,0.826189,0.999999,1.437806,1.000000,500.000000,1.172907,1.168223,1.170531,-0.004684,-0.002376,0.996007,0.997974,0.077925,0.000000,0.193443,0.104065,0.089378,0.197277,0.111381,0.085896,0.089378,-0.003482,0.000000,1,0.500000,0.063121,0.373333,1.000000,1,-1,-1,0.000000,0.000000,0.500000,1.000000,0.001000,0,-1,-1,0.739388,0.073343,0.100000,0.100000,0.000000,0.000000,0.100000,0.020000,signed_gate,0.000638,0.000322,0.129411,0.000000,0.000000,0.000000,0.000000,0.000000,0.000000,0.000000,0.000000,0.000000,0,0,0.000000,0.500000,0.000000,0.000000,0.000000,0.000000,0.000000,0.000000
82,0.372142,1,0.750000,0.666667,0.000000,0.666667,0.033884,0.134713,0.000000,1.000000,0.000000,0.171429,0.005809,0.038705,12,18,0,low_density_factor|density_ratio_out_of_range,0.000000,0.850000,1.000000,0.009043,0.029907,3.307192,0.000000,0.157379,0.126604,0.065402,0.129357,1.497743,1.950414,0.000000,0.000000,0.000000,0.106667,0.013223,0.109802,0.105755,0.073116,12.000000,12.000000,12.000000,0.000000,12.000000,12.000000,12.000000,1.000000,0.999988,0.999988,0.999988,1.000000,0.157186,0.361872,0.000000,0.285072,0.637643,0.057143,0.150137,0.382991,0.000000,3.000000,-0.031307,-0.007331,-0.023976,0.824895,0.999999,1.438841,1.000000,500.000000,1.152862,1.148239,1.147316,-0.004623,-0.005546,0.995990,0.995189,0.077843,0.000000,0.193092,0.104146,0.088946,0.197369,0.111401,0.085969,0.088946,-0.002977,0.000000,1,0.500000,0.063121,0.373333,1.000000,1,-1,-1,0.000000,0.000000,0.500000,1.000000,0.001000,0,-1,-1,0.739554,0.073345,0.100000,0.100000,0.000000,0.000000,0.100000,0.020000,signed_gate,0.000627,0.000317,0.129357,0.000000,0.000000,0.000000,0.000000,0.000000,0.000000,0.000000,0.000000,0.000000,0,0,0.000000,0.500000,0.000000,0.000000,0.000000,0.000000,0.000000,0.000000
83,0.373588,1,0.750000,0.666667,0.000000,0.666667,0.036124,0.143500,0.000000,1.000000,0.000000,0.171429,0.006193,0.041262,12,18,0,low_density_factor|density_ratio_out_of_range,0.000000,0.850000,1.000000,0.008883,0.029377,3.307139,0.000000,0.156265,0.124362,0.064061,0.128502,1.493974,1.950650,0.000000,0.000000,0.000000,0.106667,0.013223,0.109802,0.105755,0.073116,12.000000,12.000000,12.000000,0.000000,12.000000,12.000000,12.000000,1.000000,0.999988,0.999988,0.999988,1.000000,0.157186,0.361872,0.000000,0.283584,0.633812,0.057143,0.150137,0.382991,0.000000,3.000000,-0.031095,-0.007216,-0.023879,0.827252,0.999999,1.434196,1.000000,500.000000,1.141671,1.143743,1.155018,0.002072,0.013347,1.001815,1.011691,0.078068,0.000000,0.193653,0.104046,0.089606,0.197299,0.111227,0.086072,0.089606,-0.003535,0.000000,1,0.500000,0.063121,0.373333,1.000000,1,-1,-1,0.000000,0.000000,0.500000,1.000000,0.001000,0,-1,-1,0.739382,0.073343,0.100000,0.100000,0.000000,0.000000,0.100000,0.020000,signed_gate,0.000590,0.000308,0.128502,0.000000,0.000000,0.000000,0.000000,0.000000,0.000000,0.000000,0.000000,0.000000,0,0,0.000000,0.500000,0.000000,0.000000,0.000000,0.000000,0.000000,0.000000
84,0.372106,1,0.666667,0.611111,0.000000,0.666667,0.033829,0.134495,0.000000,1.000000,0.000000,0.171429,0.005799,0.038642,12,18,0,low_density_factor|density_ratio_out_of_range,0.000000,0.850000,1.000000,0.008827,0.029313,3.320707,0.000000,0.154775,0.123584,0.061022,0.127489,1.489690,1.954679,0.000000,0.000000,0.000000,0.106667,0.013223,0.109802,0.105755,0.073116,12.000000,12.000000,12.000000,0.000000,12.000000,12.000000,12.000000,1.000000,0.999988,0.999988,0.999988,1.000000,0.157186,0.361872,0.000000,0.282625,0.633021,0.057143,0.150137,0.382991,0.000000,3.000000,-0.031102,-0.007149,-0.023952,0.828451,0.999999,1.429485,1.000000,500.000000,1.161805,1.160503,1.180612,-0.001302,0.018807,0.998880,1.016188,0.078120,0.000000,0.193276,0.103936,0.089340,0.197114,0.110997,0.086117,0.089340,-0.003223,0.000000,1,0.500000,0.063121,0.373333,1.000000,1,-1,-1,0.000000,0.000000,0.500000,1.000000,0.001000,0,-1,-1,0.739327,0.073340,0.100000,0.100000,0.000000,0.000000,0.100000,0.020000,signed_gate,0.000567,0.000287,0.127489,0.000000,0.000000,0.000000,0.000000,0.000000,0.000000,0.000000,0.000000,0.000000,0,0,0.000000,0.500000,0.000000,0.000000,0.000000,0.000000,0.000000,0.000000
85,0.372240,1,0.583333,0.555556,0.000000,0.666667,0.034036,0.135310,0.000000,1.000000,0.000000,0.171429,0.005835,0.038879,12,18,0,low_density_factor|density_ratio_out_of_range,0.000000,0.850000,1.000000,0.008748,0.028941,3.308310,0.000000,0.153882,0.122472,0.059559,0.127806,1.491100,1.951524,0.000000,0.000000,0.000000,0.106667,0.013223,0.109802,0.105755,0.073116,12.000000,12.000000,12.000000,0.000000,12.000000,12.000000,12.000000,1.000000,0.999988,0.999988,0.999988,1.000000,0.157186,0.361872,0.000000,0.282611,0.621392,0.057143,0.150137,0.382991,0.000000,3.000000,-0.031130,-0.007272,-0.023859,0.827584,0.999999,1.431084,1.000000,500.000000,1.150258,1.150893,1.147428,0.000635,-0.002830,1.000552,0.997539,0.078223,0.000000,0.193686,0.104162,0.089524,0.197318,0.111025,0.086292,0.089524,-0.003232,0.000000,1,0.500000,0.063121,0.373333,1.000000,1,-1,-1,0.000000,0.000000,0.500000,1.000000,0.001000,0,-1,-1,0.739389,0.073339,0.100000,0.100000,0.000000,0.000000,0.100000,0.020000,signed_gate,0.000546,0.000282,0.127806,0.000000,0.000000,0.000000,0.000000,0.000000,0.000000,0.000000,0.000000,0.000000,0,0,0.000000,0.500000,0.000000,0.000000,0.000000,0.000000,0.000000,0.000000
86,0.373691,1,0.666667,0.611111,0.000000,0.666667,0.036284,0.144127,0.000000,1.000000,0.000000,0.171429,0.006220,0.041444,12,18,0,low_density_factor|density_ratio_out_of_range,0.000000,0.850000,1.000000,0.008911,0.029566,3.317929,0.000000,0.166469,0.124756,0.063057,0.127830,1.490454,1.947966,0.000000,0.000000,0.000000,0.106667,0.013223,0.109802,0.105755,0.073116,12.000000,12.000000,12.000000,0.000000,12.000000,12.000000,12.000000,1.000000,0.999988,0.999988,0.999988,1.000000,0.157186,0.361872,0.000000,0.283344,0.631448,0.057143,0.150137,0.382991,0.000000,3.000000,-0.031011,-0.007138,-0.023873,0.830199,0.999999,1.428514,1.000000,500.000000,1.164237,1.163993,1.165905,-0.000244,0.001668,0.999790,1.001433,0.078016,0.000000,0.193258,0.103877,0.089381,0.197269,0.111139,0.086130,0.089381,-0.003251,0.000000,1,0.500000,0.063121,0.373333,1.000000,1,-1,-1,0.000000,0.000000,0.500000,1.000000,0.001000,0,-1,-1,0.739230,0.073340,0.100000,0.100000,0.000000,0.000000,0.100000,0.020000,signed_gate,0.000538,0.000273,0.127830,0.000000,0.000000,0.000000,0.000000,0.000000,0.000000,0.000000,0.000000,0.000000,0,0,0.000000,0.500000,0.000000,0.000000,0.000000,0.000000,0.000000,0.000000
87,0.372669,1,0.666667,0.611111,0.000000,0.666667,0.034700,0.137916,0.000000,1.000000,0.000000,0.171429,0.005949,0.039637,12,18,0,low_density_factor|density_ratio_out_of_range,0.000000,0.850000,1.000000,0.008839,0.029541,3.342156,0.000000,0.165379,0.123745,0.061850,0.127453,1.488856,1.944257,0.000000,0.000000,0.000000,0.106667,0.013223,0.109802,0.105755,0.073116,12.000000,12.000000,12.000000,0.000000,12.000000,12.000000,12.000000,1.000000,0.999988,0.999988,0.999988,1.000000,0.157186,0.361872,0.000000,0.282817,0.625196,0.057143,0.150137,0.382991,0.000000,3.000000,-0.030910,-0.007135,-0.023775,0.830935,0.999999,1.426557,1.000000,500.000000,1.174594,1.170161,1.171864,-0.004434,-0.002731,0.996225,0.997675,0.078113,0.000000,0.192878,0.103765,0.089113,0.197224,0.111052,0.086172,0.089113,-0.002941,0.000000,1,0.500000,0.063121,0.373333,1.000000,1,-1,-1,0.000000,0.000000,0.500000,1.000000,0.001000,0,-1,-1,0.739163,0.073343,0.100000,0.100000,0.000000,0.000000,0.100000,0.020000,signed_gate,0.000529,0.000258,0.127453,0.000000,0.000000,0.000000,0.000000,0.000000,0.000000,0.000000,0.000000,0.000000,0,0,0.000000,0.500000,0.000000,0.000000,0.000000,0.000000,0.000000,0.000000
88,0.373282,1,0.666667,0.611111,0.000000,0.666667,0.035649,0.141638,0.000000,1.000000,0.000000,0.171429,0.006111,0.040719,12,18,0,low_density_factor|density_ratio_out_of_range,0.000000,0.850000,1.000000,0.008985,0.029820,3.318906,0.000000,0.157922,0.125788,0.064420,0.126963,1.486396,1.941927,0.000000,0.000000,0.000000,0.106667,0.013223,0.109802,0.105755,0.073116,12.000000,12.000000,12.000000,0.000000,12.000000,12.000000,12.000000,1.000000,0.999988,0.999988,0.999988,1.000000,0.157186,0.361872,0.000000,0.282891,0.633177,0.057143,0.150137,0.382991,0.000000,3.000000,-0.031026,-0.007171,-0.023855,0.832036,0.999999,1.422847,1.000000,500.000000,1.123866,1.106151,1.120171,-0.017715,-0.003695,0.984237,0.996712,0.077921,0.000000,0.192917,0.103787,0.089130,0.197223,0.110994,0.086229,0.089130,-0.002901,0.000000,1,0.500000,0.063121,0.373333,1.000000,1,-1,-1,0.000000,0.000000,0.500000,1.000000,0.001000,0,-1,-1,0.739163,0.073339,0.100000,0.100000,0.000000,0.000000,0.100000,0.020000,signed_gate,0.000505,0.000231,0.126963,0.000000,0.000000,0.000000,0.000000,0.000000,0.000000,0.000000,0.000000,0.000000,0,0,0.000000,0.500000,0.000000,0.000000,0.000000,0.000000,0.000000,0.000000
89,0.373056,1,0.666667,0.611111,0.000000,0.666667,0.035299,0.140264,0.000000,1.000000,0.000000,0.171429,0.006051,0.040320,12,18,0,low_density_factor|density_ratio_out_of_range,0.000000,0.850000,1.000000,0.008695,0.028651,3.295163,0.000000,0.155705,0.121726,0.062996,0.127162,1.487505,1.938933,0.000000,0.000000,0.000000,0.106667,0.013223,0.109802,0.105755,0.073116,12.000000,12.000000,12.000000,0.000000,12.000000,12.000000,12.000000,1.000000,0.999988,0.999988,0.999988,1.000000,0.157186,0.361872,0.000000,0.283232,0.645591,0.057143,0.150137,0.382991,0.000000,3.000000,-0.031155,-0.007256,-0.023899,0.830511,0.999999,1.424704,1.000000,500.000000,1.141446,1.146955,1.145579,0.005509,0.004133,1.004826,1.003621,0.078334,0.000000,0.193199,0.104188,0.089012,0.197184,0.111034,0.086151,0.089012,-0.002861,0.000000,1,0.500000,0.063121,0.373333,1.000000,1,-1,-1,0.000000,0.000000,0.500000,1.000000,0.001000,0,-1,-1,0.739309,0.073336,0.100000,0.100000,0.000000,0.000000,0.100000,0.020000,signed_gate,0.000481,0.000195,0.127162,0.000000,0.000000,0.000000,0.000000,0.000000,0.000000,0.000000,0.000000,0.000000,0,0,0.000000,0.500000,0.000000,0.000000,0.000000,0.000000,0.000000,0.000000
90,0.371493,1,0.750000,0.666667,0.000000,0.666667,0.032880,0.130766,0.000000,1.000000,0.000000,0.171429,0.005637,0.037559,12,18,0,low_density_factor|density_ratio_out_of_range,0.000000,0.850000,1.000000,0.008611,0.028479,3.307368,0.000000,0.154733,0.120550,0.060958,0.126594,1.485069,1.938954,0.000000,0.000000,0.000000,0.106667,0.013223,0.109802,0.105755,0.073116,12.000000,12.000000,12.000000,0.000000,12.000000,12.000000,12.000000,1.000000,0.999988,0.999988,0.999988,1.000000,0.157186,0.361872,0.000000,0.283842,0.650673,0.057143,0.150137,0.382991,0.000000,3.000000,-0.031217,-0.007296,-0.023921,0.831163,0.999999,1.421843,1.000000,500.000000,1.173213,1.184121,1.175513,0.010908,0.002300,1.009297,1.001961,0.078440,0.000000,0.192671,0.103991,0.088680,0.196936,0.110960,0.085976,0.088680,-0.002704,0.000000,1,0.500000,0.063121,0.373333,1.000000,1,-1,-1,0.000000,0.000000,0.500000,1.000000,0.001000,0,-1,-1,0.739277,0.073337,0.100000,0.100000,0.000000,0.000000,0.100000,0.020000,signed_gate,0.000486,0.000164,0.126594,0.000000,0.000000,0.000000,0.000000,0.000000,0.000000,0.000000,0.000000,0.000000,0,0,0.000000,0.500000,0.000000,0.000000,0.000000,0.000000,0.000000,0.000000
91,0.372892,1,0.666667,0.611111,0.000000,0.666667,0.035046,0.139273,0.000000,1.000000,0.000000,0.171429,0.006008,0.040031,12,18,0,low_density_factor|density_ratio_out_of_range,0.000000,0.850000,1.000000,0.008640,0.028759,3.328484,0.000000,0.156490,0.120965,0.061374,0.126250,1.483365,1.937559,0.000000,0.000000,0.000000,0.106667,0.013223,0.109802,0.105755,0.073116,12.000000,12.000000,12.000000,0.000000,12.000000,12.000000,12.000000,1.000000,0.999988,0.999988,0.999988,1.000000,0.157186,0.361872,0.000000,0.283731,0.645110,0.057143,0.150137,0.382991,0.000000,3.000000,-0.031232,-0.007297,-0.023936,0.832469,0.999999,1.419359,1.000000,500.000000,1.164122,1.146931,1.144562,-0.017191,-0.019560,0.985232,0.983198,0.078401,0.000000,0.192606,0.103860,0.088746,0.196983,0.110932,0.086051,0.088746,-0.002695,0.000000,1,0.500000,0.063121,0.373333,1.000000,1,-1,-1,0.000000,0.000000,0.500000,1.000000,0.001000,0,-1,-1,0.739263,0.073336,0.100000,0.100000,0.000000,0.000000,0.100000,0.020000,signed_gate,0.000481,0.000132,0.126250,0.000000,0.000000,0.000000,0.000000,0.000000,0.000000,0.000000,0.000000,0.000000,0,0,0.000000,0.500000,0.000000,0.000000,0.000000,0.000000,0.000000,0.000000
92,0.372457,1,0.666667,0.611111,0.000000,0.666667,0.034372,0.136628,0.000000,1.000000,0.000000,0.171429,0.005892,0.039262,12,18,0,low_density_factor|density_ratio_out_of_range,0.000000,0.850000,1.000000,0.008571,0.028449,3.319057,0.000000,0.153223,0.119999,0.060518,0.125609,1.480470,1.934612,0.000000,0.000000,0.000000,0.106667,0.013223,0.109802,0.105755,0.073116,12.000000,12.000000,12.000000,0.000000,12.000000,12.000000,12.000000,1.000000,0.999988,0.999988,0.999988,1.000000,0.157186,0.361872,0.000000,0.283498,0.632361,0.057143,0.150137,0.382991,0.000000,3.000000,-0.031180,-0.007331,-0.023849,0.834037,0.999999,1.415787,1.000000,500.000000,1.167039,1.160739,1.168156,-0.006301,0.001116,0.994601,1.000956,0.078495,0.000000,0.192409,0.103845,0.088564,0.196894,0.110877,0.086016,0.088564,-0.002548,0.000000,1,0.500000,0.063121,0.373333,1.000000,1,-1,-1,0.000000,0.000000,0.500000,1.000000,0.001000,0,-1,-1,0.739213,0.073334,0.100000,0.100000,0.000000,0.000000,0.100000,0.020000,signed_gate,0.000479,0.000107,0.125609,0.000000,0.000000,0.000000,0.000000,0.000000,0.000000,0.000000,0.000000,0.000000,0,0,0.000000,0.500000,0.000000,0.000000,0.000000,0.000000,0.000000,0.000000
93,0.372431,1,0.666667,0.611111,0.000000,0.666667,0.034331,0.136469,0.000000,1.000000,0.000000,0.171429,0.005885,0.039216,12,18,0,low_density_factor|density_ratio_out_of_range,0.000000,0.850000,1.000000,0.008435,0.028199,3.342985,0.000000,0.158487,0.118095,0.059710,0.126108,1.482703,1.936401,0.000000,0.000000,0.000000,0.106667,0.013223,0.109802,0.105755,0.073116,12.000000,12.000000,12.000000,0.000000,12.000000,12.000000,12.000000,1.000000,0.999988,0.999988,0.999988,1.000000,0.157186,0.361872,0.000000,0.283772,0.645049,0.057143,0.150137,0.382991,0.000000,3.000000,-0.031258,-0.007326,-0.023933,0.832887,0.999999,1.418341,1.000000,500.000000,1.145709,1.140395,1.134413,-0.005314,-0.011296,0.995362,0.990140,0.078693,0.000000,0.192721,0.103916,0.088805,0.197036,0.110890,0.086146,0.088805,-0.002660,0.000000,1,0.500000,0.063121,0.373333,1.000000,1,-1,-1,0.000000,0.000000,0.500000,1.000000,0.001000,0,-1,-1,0.739244,0.073336,0.100000,0.100000,0.000000,0.000000,0.100000,0.020000,signed_gate,0.000488,0.000081,0.126108,0.000000,0.000000,0.000000,0.000000,0.000000,0.000000,0.000000,0.000000,0.000000,0,0,0.000000,0.500000,0.000000,0.000000,0.000000,0.000000,0.000000,0.000000
94,0.372501,1,0.666667,0.611111,0.000000,0.666667,0.034440,0.136896,0.000000,1.000000,0.000000,0.171429,0.005904,0.039340,12,18,0,low_density_factor|density_ratio_out_of_range,0.000000,0.850000,1.000000,0.008391,0.027955,3.331703,0.000000,0.158890,0.117468,0.059579,0.125812,1.481611,1.935602,0.000000,0.000000,0.000000,0.106667,0.013223,0.109802,0.105755,0.073116,12.000000,12.000000,12.000000,0.000000,12.000000,12.000000,12.000000,1.000000,0.999988,0.999988,0.999988,1.000000,0.157186,0.361872,0.000000,0.283341,0.653000,0.057143,0.150137,0.382991,0.000000,3.000000,-0.031282,-0.007366,-0.023916,0.833150,0.999999,1.417703,1.000000,500.000000,1.161110,1.161775,1.159331,0.000665,-0.001779,1.000572,0.998468,0.078758,0.000000,0.192782,0.103890,0.088892,0.196957,0.110874,0.086082,0.088892,-0.002810,0.000000,1,0.500000,0.063121,0.373333,1.000000,1,-1,-1,0.000000,0.000000,0.500000,1.000000,0.001000,0,-1,-1,0.739319,0.073334,0.100000,0.100000,0.000000,0.000000,0.100000,0.020000,signed_gate,0.000474,0.000060,0.125812,0.000000,0.000000,0.000000,0.000000,0.000000,0.000000,0.000000,0.000000,0.000000,0,0,0.000000,0.500000,0.000000,0.000000,0.000000,0.000000,0.000000,0.000000
95,0.371275,1,0.666667,0.611111,0.000000,0.666667,0.032542,0.129439,0.000000,1.000000,0.000000,0.171429,0.005579,0.037174,12,18,0,low_density_factor|density_ratio_out_of_range,0.000000,0.850000,1.000000,0.008404,0.027991,3.330589,0.000000,0.157240,0.117657,0.060439,0.126153,1.482722,1.931833,0.000000,0.000000,0.000000,0.106667,0.013223,0.109802,0.105755,0.073116,12.000000,12.000000,12.000000,0.000000,12.000000,12.000000,12.000000,1.000000,0.999988,0.999988,0.999988,1.000000,0.157186,0.361872,0.000000,0.284328,0.653933,0.057143,0.150137,0.382991,0.000000,3.000000,-0.031363,-0.007442,-0.023921,0.834029,0.999999,1.418055,1.000000,500.000000,1.169287,1.175062,1.165644,0.005775,-0.003643,1.004939,0.996884,0.078745,0.000000,0.192309,0.103630,0.088679,0.197034,0.110985,0.086049,0.088679,-0.002630,0.000000,1,0.500000,0.063121,0.373333,1.000000,1,-1,-1,0.000000,0.000000,0.500000,1.000000,0.001000,0,-1,-1,0.739346,0.073333,0.100000,0.100000,0.000000,0.000000,0.100000,0.020000,signed_gate,0.000486,0.000043,0.126153,0.000000,0.000000,0.000000,0.000000,0.000000,0.000000,0.000000,0.000000,0.000000,0,0,0.000000,0.500000,0.000000,0.000000,0.000000,0.000000,0.000000,0.000000
96,0.371084,1,0.666667,0.611111,0.000000,0.666667,0.032247,0.128279,0.000000,1.000000,0.000000,0.171429,0.005528,0.036837,12,18,0,low_density_factor|density_ratio_out_of_range,0.000000,0.850000,1.000000,0.008362,0.027957,3.343264,0.000000,0.153545,0.117072,0.060309,0.127480,1.488755,1.937012,0.000000,0.000000,0.000000,0.106667,0.013223,0.109802,0.105755,0.073116,12.000000,12.000000,12.000000,0.000000,12.000000,12.000000,12.000000,1.000000,0.999988,0.999988,0.999988,1.000000,0.157186,0.361872,0.000000,0.284885,0.653772,0.057143,0.150137,0.382991,0.000000,3.000000,-0.031262,-0.007521,-0.023741,0.829679,0.999999,1.425677,1.000000,500.000000,1.106938,1.111868,1.096242,0.004930,-0.010695,1.004454,0.990338,0.078806,0.000000,0.192077,0.103551,0.088525,0.197480,0.111164,0.086316,0.088525,-0.002209,0.000000,1,0.500000,0.063121,0.373333,1.000000,1,-1,-1,0.000000,0.000000,0.500000,1.000000,0.001000,0,-1,-1,0.739317,0.073336,0.100000,0.100000,0.000000,0.000000,0.100000,0.020000,signed_gate,0.000510,0.000028,0.127480,0.000000,0.000000,0.000000,0.000000,0.000000,0.000000,0.000000,0.000000,0.000000,0,0,0.000000,0.500000,0.000000,0.000000,0.000000,0.000000,0.000000,0.000000
97,0.370023,1,0.666667,0.611111,0.000000,0.666667,0.030610,0.121832,0.000000,1.000000,0.000000,0.171429,0.005247,0.034969,12,18,0,low_density_factor|density_ratio_out_of_range,0.000000,0.850000,1.000000,0.008416,0.028149,3.344929,0.000000,0.152133,0.117817,0.061161,0.126410,1.484103,1.936153,0.000000,0.000000,0.000000,0.106667,0.013223,0.109802,0.105755,0.073116,12.000000,12.000000,12.000000,0.000000,12.000000,12.000000,12.000000,1.000000,0.999988,0.999988,0.999988,1.000000,0.157186,0.361872,0.000000,0.283992,0.651359,0.057143,0.150137,0.382991,0.000000,3.000000,-0.031245,-0.007417,-0.023828,0.831962,0.999999,1.420245,1.000000,500.000000,1.114074,1.108640,1.131295,-0.005434,0.017221,0.995122,1.015458,0.078736,0.000000,0.191854,0.103505,0.088348,0.197205,0.110978,0.086227,0.088348,-0.002122,0.000000,1,0.500000,0.063121,0.373333,1.000000,1,-1,-1,0.000000,0.000000,0.500000,1.000000,0.001000,0,-1,-1,0.739284,0.073338,0.100000,0.100000,0.000000,0.000000,0.100000,0.020000,signed_gate,0.000521,0.000016,0.126410,0.000000,0.000000,0.000000,0.000000,0.000000,0.000000,0.000000,0.000000,0.000000,0,0,0.000000,0.500000,0.000000,0.000000,0.000000,0.000000,0.000000,0.000000
98,0.369928,1,0.666667,0.611111,0.000000,0.666667,0.030464,0.121256,0.000000,1.000000,0.000000,0.171429,0.005222,0.034802,12,18,0,low_density_factor|density_ratio_out_of_range,0.000000,0.850000,1.000000,0.008069,0.026998,3.345981,0.000000,0.149656,0.112961,0.058546,0.126235,1.483631,1.940499,0.000000,0.000000,0.000000,0.106667,0.013223,0.109802,0.105755,0.073116,12.000000,12.000000,12.000000,0.000000,12.000000,12.000000,12.000000,1.000000,0.999988,0.999988,0.999988,1.000000,0.157186,0.361872,0.000000,0.283184,0.652129,0.057143,0.150137,0.382991,0.000000,3.000000,-0.031204,-0.007383,-0.023822,0.830961,0.999999,1.420461,1.000000,500.000000,1.138769,1.146191,1.137313,0.007421,-0.001456,1.006517,0.998721,0.079233,0.000000,0.191983,0.103590,0.088393,0.197235,0.110896,0.086339,0.088393,-0.002054,0.000000,1,0.500000,0.063121,0.373333,1.000000,1,-1,-1,0.000000,0.000000,0.500000,1.000000,0.001000,0,-1,-1,0.739280,0.073336,0.100000,0.100000,0.000000,0.000000,0.100000,0.020000,signed_gate,0.000529,0.000008,0.126235,0.000000,0.000000,0.000000,0.000000,0.000000,0.000000,0.000000,0.000000,0.000000,0,0,0.000000,0.500000,0.000000,0.000000,0.000000,0.000000,0.000000,0.000000
99,0.370578,1,0.666667,0.611111,0.000000,0.666667,0.031467,0.125206,0.000000,1.000000,0.000000,0.171429,0.005394,0.035946,12,18,0,low_density_factor|density_ratio_out_of_range,0.000000,0.850000,1.000000,0.008357,0.028145,3.367879,0.000000,0.148634,0.116997,0.061068,0.126897,1.485816,1.938427,0.000000,0.000000,0.000000,0.106667,0.013223,0.109802,0.105755,0.073116,12.000000,12.000000,12.000000,0.000000,12.000000,12.000000,12.000000,1.000000,0.999988,0.999988,0.999988,1.000000,0.157186,0.361872,0.000000,0.283169,0.646055,0.057143,0.150137,0.382991,0.000000,3.000000,-0.030958,-0.007344,-0.023614,0.832510,0.999999,1.421358,1.000000,500.000000,1.155401,1.140127,1.146658,-0.015274,-0.008743,0.986780,0.992433,0.078825,0.000000,0.191862,0.102984,0.088878,0.197512,0.111038,0.086474,0.088878,-0.002404,0.000000,1,0.500000,0.063121,0.373333,1.000000,1,-1,-1,0.000000,0.000000,0.500000,1.000000,0.001000,0,-1,-1,0.739093,0.073339,0.100000,0.100000,0.000000,0.000000,0.100000,0.020000,signed_gate,0.000545,0.000002,0.126897,0.000000,0.000000,0.000000,0.000000,0.000000,0.000000,0.000000,0.000000,0.000000,0,0,0.000000,0.500000,0.000000,0.000000,0.000000,0.000000,0.000000,0.000000
100,0.369897,1,0.833333,0.722222,0.000000,0.666667,0.030416,0.121066,0.000000,1.000000,0.000000,0.171429,0.005214,0.034747,12,18,0,low_density_factor|density_ratio_out_of_range,0.000000,0.850000,1.000000,0.008013,0.026669,3.328248,0.000000,0.145572,0.112179,0.059468,0.125694,1.481071,1.935765,0.000000,0.000000,0.000000,0.106667,0.013223,0.109802,0.105755,0.073116,12.000000,12.000000,12.000000,0.000000,12.000000,12.000000,12.000000,1.000000,0.999988,0.999988,0.999988,1.000000,0.157186,0.361872,0.000000,0.282191,0.653597,0.057143,0.150137,0.382991,0.000000,3.000000,-0.031262,-0.007557,-0.023705,0.833202,0.999999,1.416999,1.000000,500.000000,1.174793,1.167615,1.162018,-0.007178,-0.012775,0.993890,0.989126,0.079324,0.000000,0.192322,0.103361,0.088961,0.197626,0.110836,0.086790,0.088961,-0.002171,0.000000,1,0.500000,0.063121,0.373333,1.000000,1,-1,-1,0.000000,0.000000,0.002577,1.000000,0.001000,0,-1,-1,0.739339,0.073335,0.100000,0.100000,0.000000,0.000000,0.100000,0.020000,signed_gate,0.000557,0.000000,0.125694,0.000000,0.000000,0.000000,0.000000,0.000000,0.000000,0.000000,0.000000,0.000000,0,0,0.000000,0.002577,0.000000,0.000000,0.000000,0.000000,0.000000,0.000000
