-1.2104497984823801,-1.98524561058662607,-2.15482046070622513,-2.01013835335515623,-1.86615039613816669
-0.890578459978535242,-0.820863506318237235,-1.3418914357276952,-1.28112010629494688,-1.45672579390645374
-0.636576454216016718,3.21932211897350395,0.615155527730941509,-0.435786208761087035,-0.874582973226626703
0.970072203643378983,3.69334520999389326,1.16344542162839093,1.21396399745139005,0.610109026294194612
3.08528665425670701,1.7061435630793067,-0.041317348120674717,0.787538275020202239,1.80942378844785856
-0.568034848746943211,-2.73766866440371892,-1.62613155415551214,-0.987614655730703506,3.84690691364973647
-2.32997196950887941,-3.52686979098911557,-1.00019242676850895,0.843623051015745862,0.896146500398927848
1.99413372902750452,-0.475317171492571966,0.35468640417162195,3.71702076824945404,0.283807500034331195
4.63472933980689472,1.0843854354026623,0.764963463712875269,2.79566141152086978,1.5375995436076082
0.452415324009437014,-0.791692712031246026,-0.210288596614473466,1.38544512756606664,0.239652721205776464
-4.02117090404832744,-1.93886473508496127,3.57476830238684329,3.34893869662253696,0.202940647745363745
-2.0633361222319424,0.525531089127017181,5.5342888301842148,2.91412577677845519,1.23073676748126881
3.03542557244599109,2.20211367263195879,4.05736019904476652,0.552001525651511171,0.485017001189376129
3.8439990421168071,0.613921278344036425,2.44117735087153553,-2.0330796391815471,-0.892451233291472468
-0.314843074394085598,1.49961214041927815,1.96240755365663344,-2.03006006899508895,1.75197816028283371
-3.6813000966402587,2.70104460356947707,0.456834582947675372,-2.25215486256501585,1.56449269798250401
2.47978600350107126,2.77064148800382792,-3.26016579760623948,-3.3517089184821276,-2.87968202013861241
0.521925145870601459,1.16343562620330321,-2.70871819996395979,-2.7335712531251275,-0.60323478709621281
-1.73386593947351342,0.318786497306808803,-1.76165279257820306,-1.64824230579442954,1.59901797802495627
-2.84208354867903257,-0.474629199827466819,-3.09632156792704905,1.36297786412569999,-1.25695380439148297
-0.476486118957777871,-3.86327554407127716,-4.17235129532227766,-2.02079194165992471,-6.13682350881919181
2.45256919152458064,-3.19546647916992033,-2.68308805239324677,-3.42905989362747832,-2.01344139769431107
-1.20402427385375366,-3.47813382449472819,-2.49501355697753757,-2.39872792165070603,-0.636706724437139826
-3.93567486840126879,-3.17653146720345259,-2.06258860626485152,-1.46239499317553179,1.68318981295127412
-1.7274002869344538,-2.09896735339402163,-1.2196786067506975,-0.177865525293650711,-2.31048410836370666
2.3836578468270968,-0.69752982446718137,-0.426613235515913625,-0.0117903537150078827,-3.14083400926629475
-0.213695336866593866,-0.956460037750985315,1.95115211703559388,0.776082375802161994,-1.49054315364917778
-1.50710900421013272,-1.08345804327681572,4.74125345580883373,2.24864677957857584,0.471054646800369958
2.19586907732132497,0.330629164146034105,2.80550601484411954,1.68299264478152577,4.62884760831841202
4.38595466427618685,1.94925777897580499,-0.569755675472222611,0.421660288751561196,1.95349457545999372
3.25611134151515191,2.12650991246052667,2.00619912123306587,1.42112566676059471,-1.5155212173100181
1.8119412769250467,3.75439221524942202,1.91254877335706186,1.16468974639101597,-0.529577031152926536
-2.45617799436081752,3.55953648415887391,-1.75529867734969347,3.76215836303473239,0.582581348203624283
-5.05330558636241811,2.20352518629681393,0.151193280688766973,2.82511417217051797,0.282596670375891368
-3.01868108373252308,2.29626778619919181,-0.396347608496332826,1.91707727261127414,-0.276909372361071437
-1.67974216459995485,0.122258142633667688,0.988101397582517693,0.707254932745704057,-0.576660341108082286
-1.30307597377784279,-3.35506634988452168,1.85936773573553382,2.90599433373613136,1.78923165501301695
-1.01595277106867043,-3.43230778022314498,0.353486970812474766,2.24634941358724749,1.73561895295700164
-0.520473601268781505,-2.32387743761174281,-4.1605293827089227,-0.789149367503460208,-0.52287387664930618
-0.190672663996092784,0.454969600354723336,-3.70383731657548498,-4.30450375960945397,-2.85969463996229178
1.03705422379842105,0.25684624309824039,1.66431220872494778,-2.55219672222839478,-0.342452194174652169
1.90923617204046869,-0.844194201180867632,2.18927033318763042,-1.52236917527284965,4.36776485588293983
-0.0389545782571066451,-1.374235484066614,-3.09478768646036695,-3.06303129648132799,1.54661402070783938
-0.33316611050090944,-0.802874838925311529,-4.1003592499878998,-3.09105284999832852,-4.40757634052916192
0.537080845659040684,0.111184556232169107,-1.30967056950648653,-1.72515599312467427,-2.21450102575899299
0.596396369398433213,4.23202381346097223,0.927238382653987725,-0.644557230676662485,0.492288666668638519
0.714889660614102973,4.28759245670080258,0.979436870663547565,2.41890061439536197,1.55669238696219048
1.00418663903394378,1.84824121619615034,0.0487892690336733728,4.11526554582555892,4.40096183210454761
3.9848803535006958,1.99080049005470539,0.638120358421401468,2.09848634225891084,4.90369432617849821
5.21570089837565387,-0.0973003701878796812,0.546559195085561611,-1.60942490288682727,-0.707806448952048917
1.46417118827721904,-1.89429666646001715,4.27936166357414294,-0.311331114871212955,-2.13160014268613951
2.28655393358503289,-0.707556007377087459,1.39374723740209272,-1.27984943995037015,0.736436815973256831
-0.551584734807610499,-1.70001268846103071,-2.651447848690486,-1.8053544097200025,-1.09024222224814826
-2.45231608869311968,-2.08254807674207143,-0.999445357979963367,-1.04739865525444609,-1.28560145442666651
-1.35426637679871154,-1.48400485718275466,4.48009612253076206,4.08003465593316061,2.13725320799697505
-1.16855109501400811,-0.490484736386555709,4.08059563010192861,1.57079171625384961,0.926135465792208734
-1.10866755342128354,-0.601941439243208976,-1.61533556224090624,-1.88936986135874285,-1.79893085338992997
-0.969785491430616653,-0.749649071051265548,-4.31600063160708736,-2.03778914142858891,-1.28934544464079814
-0.646039413773895066,-0.353547480100552536,-1.55609405436365145,-1.33269288924685481,1.18621382918196172
-0.343006382390788345,-0.150083772430413431,0.597581005653725073,-0.1830212802534181,1.31499716220090868
2.3259308953049449,0.889197057891468745,3.19245499392451659,3.2086389603195542,2.85143821559733546
0.298687991447450341,0.639019752919786743,-0.506023531665124704,1.74448428772143127,3.63204534075614083
-1.48357514606841123,0.106896040927616676,-2.26463438673532869,-1.23858318248732879,-2.07880969985565134
-0.193837830011326984,0.445899258427653489,-0.759143061289311527,-1.0132065230739602,-2.98663558018108333
0.687280065296941634,0.919450274407184187,0.433876492863239649,-0.341560735020774275,-0.708771092016871385
0.677672446253556382,3.05679766837633782,1.09138980069826252,0.301706477212735191,-0.177493862987042894
2.59424529569336837,5.34403902974509837,1.78525955524737068,0.786964154644377523,0.524716618093686527
-0.491088868709726178,4.14160401623982732,1.42747384557938051,1.58706664654533602,-0.264978129781633431
-2.44912083167240802,2.69995519637694059,1.2361275871286348,0.729675724769350165,-0.37309413425043042
-0.995701171342396107,0.719466732996772773,0.0352062454620917856,0.104274314782254046,-0.463374603126615547
-0.348082021125875773,-3.2052931478942468,-1.21690124328340299,-0.279123299202944153,2.52261257622203461
-0.348640940140893252,-3.89046920750934033,1.69276407327835243,2.09000829894343543,4.79360091284551526
-0.409467651272743149,-2.84120589384803512,4.00851280651216157,5.40697677177996017,3.36778668739516451
-0.185099303890894629,-2.24214817904502084,-1.11720962435871174,1.7062212677791635,-2.86698981927359986
0.0634366485913330641,0.0527131644390150325,-1.79738309410592301,-1.62095769881850194,-5.04791736089586962
2.67444071095730695,1.01294778450860612,3.59894811377689505,0.0955320579069824372,0.560911920043703605
4.95355934300564549,0.351536161359911559,2.92144810768057406,0.566150765049379112,1.61959145506869007
1.40213980704662355,-0.881573637489673989,2.33588710968189961,2.32989268836698038,3.70878842081265558
-3.78931662347161424,0.626594111100329365,0.40066806666489202,2.09439490191790822,1.86847330248083421
-2.94218645634362641,0.220607192121168361,-4.41650901295123077,-2.56718130186573212,-2.50332393314773283
3.12087406513123877,-0.862881280410584983,-4.74840002235716074,-3.88490154493614703,0.41461450096186353
1.01565385207955172,0.578122408408155097,-2.28947967447114653,-2.73689765037613375,-3.09075793723879855
-2.33911302272425115,-1.33857023702467481,-2.35280790736607148,-2.17780385355920014,-5.28029090856456218
-2.5271670991366797,-2.95021632250191557,-0.940294385075869599,0.105998513234082131,-2.28051482929623406
-1.40697083851080373,-2.42608002420496716,0.280492180297927829,1.72289920914735206,-0.347677154428073509
0.861774108414283369,-1.13460797771125188,-2.31873859876156807,2.96315915672171792,0.939134417235474972
3.66096108863533187,0.611921087228496474,-1.88178524480455533,-0.538081056179435469,-0.076510602279526177
-0.53370431290818432,-0.538154975913594624,1.63539418785023627,-2.0565266525087047,-3.16804997405127375
-3.91190021055633386,1.68101409641249089,4.49473960520131222,-0.099091758328087115,-0.975048587890155694
-2.02632118938938621,1.12728021780254162,1.73309222826272991,-1.00181378538018717,-0.641941928154674435
-0.785354543480902612,-1.50862258484858813,-2.10912097123487108,-1.93561971084223128,-1.63425609561303986
1.42255883169678721,-1.24711218620969477,-2.93205298968168471,-2.24243516919397035,-0.380468266760159601
4.48154056424326352,3.60904100713898801,-0.546949613160776948,-1.39536033305352047,1.50498360482199534
2.36031124889461807,2.29384306200546462,-1.3017480144777076,-1.59992530979359238,0.403812672796884153
-3.233221550627845,-1.92438578113149283,-2.3894201072868948,-1.48367362947805481,-1.77050602277772451
-4.09685484896190744,0.674035852445042383,-0.587832911971077454,-0.513654511717647422,-0.569810229217163289
-1.44434615982422976,2.43611315294461495,1.4883793288477416,0.527155096126726952,0.600591334024766277
1.07872798345781673,0.311615529663615332,4.2369595395385371,2.3999878812775739,1.90659811352230979
1.10773511527549817,-2.01918748985077112,2.65922986745357059,1.51571383520809655,1.59205267874413603
-1.53946536872687245,-2.81656347748907754,-3.24113096654620847,-1.09206957098491131,-0.770122589940474334
-0.575695470001940546,-1.31186540123109818,-2.1071673254617056,-1.53608771085614126,-1.80181801003549391
2.98104621303384265,0.487920433897438388,-0.546476651792579871,0.0298596566761918369,0.513910617098055966
0.748146848140812004,0.132776015713098328,2.85706443169465363,2.21052128448131668,0.556599951893020251
-2.97468649383144657,-0.981234221831017495,0.0542150506756965619,-0.741955275992040697,-1.7913638972588275
-1.59839952460405121,-1.02096933811446089,-3.57895969956600268,-2.32543516533581895,-1.90688884417218518
-0.245992039257802692,-0.623144801673068294,-2.30703119358735131,-1.66401675262098436,-0.0601467141957705703
-0.588611554658358238,-0.487442862103432739,-0.47186164177530987,-0.880521650215875695,2.73128620663205579
-0.482800869892656748,-0.230084174371073036,-0.280719368695028892,-0.550191512142683692,2.4225507177655472
-0.0919944262399029766,-0.0455723372552958167,-0.287866721927716673,-0.202191249313205645,-1.29209918607367635
-0.087264178747696014,0.632102347837947387,0.446535495421853224,3.3692930948284423,-0.129891352720073711
0.437803359540093584,4.4217587850667881,3.92306344635901549,3.85236538845653742,0.713051376212113119
4.71581567406005409,4.87864591548242021,4.1902633608380695,4.59185744556875619,2.91453790797051049
1.33110450422169846,0.897975741208426159,-0.148586196136853199,1.10137499167788189,-0.288634970077084274
-3.53021140419689328,-2.00952610918032981,-2.88075325019040562,-3.17869451792170254,-2.76252275172348138
0.053837494217115589,-0.0475653905495355273,0.595673746211785038,-2.30657182642708003,1.11572551901423456
1.20485681440975823,0.407022007735535374,1.63522807898535993,-0.876458600509869346,-0.624663700987248438
-1.1849677958571303,2.00384823230599052,5.71627210416084264,1.91403924587847318,-0.443500345715500122
-1.24715683346065243,0.729770778666419817,3.45176417636554334,1.17882768331374188,-0.783260731575908808
-0.286898597120777976,-2.47698591146683045,-3.99208778400066944,-1.79349629513965447,-1.63158101272434641
-0.240675447645175927,-3.52706098192792794,-6.35375804626414542,-2.23738513873911504,-1.18874337126468954
-0.205644022954662581,-2.79466191339728942,-1.38717931926324245,1.71286602777167785,0.772019302957392295
-0.101121097837240465,0.288732115252013088,1.48397307863826122,3.55357135608083397,1.9404378129631441
0.0294757028415751632,1.04955247366056303,1.48205285283044397,1.67942164340778088,2.13254209727760013
0.149578801953379886,-1.61066508457703716,3.27929811033227203,-0.841362532930315155,1.7856532457025811
0.137680563404209727,-2.37507883891027172,3.81724775351624324,-0.327064470727903123,-0.672748176401919751
0.386287068644739773,-2.01437782117117958,2.40564559996234628,-0.200509317795037556,-0.407920286604624094
0.20841881191403297,-1.47717689484015868,-2.58402325727148163,-2.01921548504376203,-1.19926519631203243
0.658365850598446656,-0.853490966173901411,-6.28904785074609674,-3.02824348600116622,-1.50610316383919574
4.95630738051144171,1.34733342545160295,-2.04331907785893385,1.9841762972722039,2.8273151419666136
4.14557680821361441,2.12313830177783514,0.175015077496782134,2.97783414690850901,2.27619931344909476
0.840999136775936407,1.22325909322047544,-1.11068887369915337,-0.837263808834463719,-0.111233728116955879
-1.51353893274281792,-0.0618363596452514569,-2.09078774531154377,-3.82001117345456098,-1.9424861802777873
-1.24920278956631203,-0.548556483358213276,-1.97557810536542688,-2.96702437565534138,0.58209091738831642
2.89975184341886738,1.27713517357437545,0.351488602793220584,0.84906604844414868,1.71737542131739995
-1.87729570620113995,-0.0306962885093815113,-0.632624895121064679,1.01580091700991515,-1.45683638388921
-3.7021720322338485,0.689094400411603969,-0.205810536864339255,-1.56969283444138319,-2.17723765462141028
-1.78070075720639909,-0.697320996842874186,-0.918626178702637963,-2.33755322341322369,-1.65038001059577155
-2.00179551727851557,-1.54550221950416078,-1.37898611593392473,-1.66793382617508623,0.385081032250822353
-2.17946018455339896,-1.17565012497543475,1.55466634642162504,0.169722738928976935,-0.861832123725866928
-1.51811475234610382,-0.971308807477250902,3.01419128353541765,1.15854392277931839,2.14879392244491552
-0.533048635779336144,-0.419662301192075426,-1.28037338103514386,1.63971167730352052,2.86313383837526469
2.78293707934336876,1.46201457024097592,-0.423423550982945818,0.913999065877049377,-0.101567435422916144
-0.983961453071132475,0.220828402388326184,1.01608669003085361,-0.302763392747699367,-3.8621813424541811
-0.765045414720339823,0.14221263392878164,-0.604434328919654762,-1.28446950366439561,-1.34698285397025619
1.78568873931858496,1.04488876519353791,-0.619036022415677456,-0.467643900785600808,1.15558770278612477
-1.78864483073180991,-0.128536371082241418,-0.867593063420747823,-0.521937480841667911,-2.40538962409157486
-2.51105051735678941,-0.0631236679410062812,-0.669367235112339865,0.0604211420659133136,-3.08143932041221591
-0.513335335615366373,-0.195398817669908131,-0.303885220446922011,1.71593751379670856,-0.18907720896686589
-0.46426836977685243,-0.198452529383862986,-0.458963748781302305,0.495562347848318652,-1.17740119249351571
-0.333204617092350108,0.7432214610515403,3.70597291522445094,3.92623163207110348,0.697632189360285704
-0.313388729167309477,4.36913394567844815,5.90410239269597348,3.70602890400743057,0.30784259438801731
0.256874078044188991,2.51583121215814032,3.51811655699569314,1.03707164904344662,-0.639004724156222559
4.59748227254890729,1.53306719915174394,2.34310501291686091,0.354656191671148868,2.38907007698349005
3.40238999858842428,0.620947549040627322,2.19503446693101534,0.656227732066891556,3.01267157957092246
-2.79326923625433166,-1.58479650911322989,-3.04345213199921805,-1.33905687256456463,-1.81800043529707489
-2.5732251304567666,-2.19054671478646501,-6.75977328286759072,-2.52813007160028835,-2.8746041114574501
0.466784710063242791,-1.30194956350216828,-3.26269702803331318,-1.63220012163700545,-1.47869181419664497
0.229373007787226607,2.01340049440038671,1.32076804540301573,-0.0124567456212998362,-0.416331015682529726
-0.194517581419140467,0.035950841152612753,2.20749770750124918,1.78929971401353893,0.842894218895249958
-0.0826237528746878447,-1.68797053096865102,-1.24040294263490591,3.15175885942369094,2.0106792014748911
0.354318632491037955,-1.07418538496556137,-0.430183961669127979,0.27853362580187413,0.0478261167476563415
0.400864546341327566,-1.47914031699440751,3.19087375293208542,-0.269704384011089537,3.27493043720398447
0.498121284535706421,-1.5374125894778452,1.20634384797805239,-0.0240177077888699131,1.46529217691280045
0.707539882368982909,-1.31603745171579933,-4.4898427513494843,1.99220313022730822,0.756631499836460941
5.08145271162006917,1.19738176508321392,-3.91773735158755843,2.60930267306049224,2.28878609877187822
2.97713751321736497,1.23724640589774526,-1.20306899283697244,-1.25946608572001439,2.3665338666131821
-0.24375394915408552,1.34209617769716827,-0.449361413193009429,-4.10542268624286066,-0.165261004942896889
-0.303168308413372278,2.98798796574161285,1.22586718228686942,-2.31135954263774179,-2.82678132143257788
-1.90677589103504586,-0.23262795070388681,-1.37813390514567247,-2.35753708367205794,-3.33931136225201408
-1.29480201423682373,-1.60778610388320642,-1.79074056826358374,-1.88293505938685679,-2.11938327780985114
3.26577694258269391,2.83678738818629173,5.15211568129469644,1.23550889490483562,1.88880385274858997
4.11321944714412879,2.4642231999789046,2.73327438434669512,0.499920690502217102,1.39594207230709011
1.44437095166250229,-0.306618164253797676,-3.05523675689763241,-1.64345279686128554,-0.0869876166247525312
-4.48548733818528245,-3.23887367566722473,-0.412435486488019643,-0.761387582301999988,-1.6801704112637148
-5.14678395981166226,-4.31907571412426528,-0.597701939359538081,-0.867985678961068818,-2.21377149986691402
-1.36327654226093298,-3.57748154183660638,-3.60331014380257697,-0.646333943434838742,-1.2486884596262835
-1.29355454541412751,-2.63971085393983307,-0.486805892423913922,3.12646708413262298,1.54376153116174897
-1.5406915638935339,-1.85419305131812218,4.10525409012547193,4.18111894892099656,4.6527973796469384
-1.05075593916132703,-1.50180560767215243,3.21462671735400107,2.91764492891842186,3.96371658364505475
-0.462030677363858111,-1.12724052523968599,1.88521425770869588,2.44224279932890065,2.99887489942776675
-0.486184817623032617,-0.578712098868917835,0.5973376968945312,0.776834810362268424,0.250346760081728847
-0.405200151210810267,-0.172590983343645366,-4.23191974404242099,-4.07651712206914496,-4.86695383503361345
-0.336646956910936768,-0.100444574212130669,-6.29518095270523759,-2.53032707699827109,-2.63584844659918005
0.0446316799331708258,0.147138862816448113,-3.26301763617718299,-2.15368994242314127,1.04483458256339534
0.220609500137756903,0.695399418280395754,-1.1990548498190674,-3.5661154561199484,-2.08731544464716423
0.307039377437500149,4.21617848341906143,2.22229980537487126,-1.96178819995861087,-3.22732728681170045
0.172821345501205842,3.10826044903958332,4.71204616142802468,0.346695077736367541,-2.03608085799879568
0.457380838166203729,0.0672846260048108186,2.76939405866820687,0.697164836236053187,0.284970182809679007
3.89599624663932786,0.698406915597273859,2.20574208626286161,2.88611598611755094,1.59138947362999716
2.3357035724712194,0.851135152498838754,2.0644111594423431,0.405796847245190495,-0.740703820593875406
-1.98816807641657278,-0.263298661908476894,-2.94383391335311995,-2.89120004436711708,-3.0820367808498319
-1.36581863736175735,-0.58428240669887721,-6.13818687408356123,-3.32955547791916873,-2.61373529881207078
0.747164735939977787,-0.52699888850678378,-2.88263577194272047,-2.05176743832745512,1.82089152413340538
1.13335621565360745,0.191929004999036257,-0.608856436629202857,-1.15470651637538735,2.29603266774400883
3.71901032879550186,1.77975247718224749,0.915768333974837034,0.685370755896681505,0.959325860297696398
1.59893343790677323,1.39842812067588085,4.63477101999447871,3.05644121364169097,0.417874027482808774
-3.22728046371643629,0.247594376584435116,4.66036149552614898,2.49913942424399016,0.443593125054141391
-2.12957820931026021,-0.74925095927734553,2.20777669259052178,1.29297867634780062,2.69187422408621924
-0.250558888719952799,-0.329074948588839067,0.8477171632624807,0.922636928710128479,1.36543352633658555
-0.487530989188674158,3.04626068259288862,-0.712950857429448637,0.194642493717001763,0.4270412212952579
-1.13009994034247052,1.36806578719733318,-0.736554579691638622,-1.37602004446050863,-2.3942134045957939
-0.771296784843565231,3.17698661888805711,3.67457078122021485,1.62292977006385142,-0.367733234054512526
1.67863397911434231,2.02000453566622529,3.40673064082990473,4.60358823627403257,2.84273396041806103
4.14522170585924332,-0.950802068379771437,2.2654735514999329,1.9033511773875611,2.33783123110863711
3.32091465806115549,-1.21365440426056725,-1.62279641280873355,-3.93545731711134517,-0.41259434115763044
-0.314130097047562062,-2.25012365457361208,-4.19909179951417499,-3.80917307965525431,-2.24820526264162757
-3.24224573814176731,-3.2755159046936857,-3.72319751381213493,-1.45726168709676762,-2.41204170869105639
-3.1762552976430336,-2.2322426734338312,-2.58731585894011085,-1.24799895048151477,-1.74343865858854796
-2.01696977077563222,-1.49261697693591633,-1.70065292826389225,1.16463299408435228,-0.10499310973046172
-1.41693885632929151,-0.811035395244706803,-1.06329316529204032,3.15502440205382628,2.22633608029294505
-1.38193325354262075,-0.205423698069622157,0.413476516184856036,-1.10984558745024309,0.0762340363086522199
-0.457052114697414413,0.310539270520096777,1.89556555522437176,-1.51339168596680795,-0.925836046922726696
-0.380151361954617795,0.147234761746211834,1.28476771970714809,-0.145880415910586092,-0.220045058936843896
1.78403444585457316,1.89134407810886396,-0.00751924904716594344,-0.535754343460587257,0.359108679161463273
3.07528632835840821,1.64622862232326761,-0.0513823112054524467,-0.515425444004895317,3.17889224692279893
-0.609045111131167882,-0.359472884454274388,1.59804911715453546,0.519544136713853577,0.559095808498295876
-1.70618540562152576,2.61343418634238711,1.41762493828250413,0.976394667468009958,-1.01015222253359238
-1.40903975714653829,3.91198439306945156,1.5811869360840145,0.640164450230265913,-0.256004818388076316
-0.704072252271278343,-0.781848664074204724,-0.779839327383225034,2.02611333198141974,2.58551296331385316
-0.563711946295554878,1.31073159586324994,-0.243670310617645325,2.0691432205215694,4.59707620338902778
-0.302917929449634304,2.65170179410623019,2.60302952696111589,4.42483368423714918,3.56781399958805467
-0.0131194413125961806,-1.74385562148962636,1.03634275639086204,-0.0181988266196345533,-1.76103093977266734
-0.0615965102385025998,-2.93660006209040336,-2.02494503476153831,1.3696609595217708,-1.22310763169048276
3.72212285001114251,1.44595941961922381,-0.505875566160671641,1.97702081935803142,2.92438391242417417
4.84577978410902421,1.54899842038969204,0.797656951246615287,-2.80689550283149014,1.70066087546632883
2.63171329776731078,-0.512899696299936814,0.748980375988300029,0.518962830395633956,-1.09597549527479288
-1.45323131982652543,-2.2922113471890242,-1.27223134959359951,2.6141568235404895,-1.07364719715399692
-2.89662451350491823,-1.7903770261124119,-0.611368946061453644,0.00363665502623412851,-1.37734710501181135
-1.8986876227026559,-0.932545250878546006,-0.663238349032148178,-2.45327552693789386,-2.59810618477370658
2.78114865714077464,1.3606441398563891,3.82104116555318241,0.291346360527125148,0.267286880382106906
1.6986266633987146,0.571506664815211174,3.33430276834169836,-2.12630877736772206,-1.00061551546696847
-2.04814689152390761,-1.19966600702748893,-1.56935023094066528,-4.9359779092118643,-3.35582077240987919
-2.85514336204251551,1.50998649735189927,-1.69324102181517055,-3.10082274248992151,-1.1852274736656252
-1.83984469948821516,4.06887607959961706,1.47393845790774947,-0.958256617419210643,-0.247233044180532824
-1.30851657355270512,1.28284788761926882,0.363578081333196912,-1.10103862276521491,1.52141730060171487
-0.912191616028232843,-1.07038483887074043,-1.21538661677500048,-1.64392729727379439,-1.875133390186005
-0.747041537346376572,-2.48989366121283018,-2.07482018783975297,-1.31376569325018511,-4.02943653635069587
-0.416795689823242832,-1.84774054911936525,-1.72530498924569864,-0.650947612085096106,-2.21573635344154063
-0.302696792228991207,-0.733581340780058322,-0.624813083702501104,-0.271635620644569142,-1.01807243265574909
1.22022578018263728,2.7717503208862353,1.36667929899983154,0.788929854933315688,-0.325109611711746904
2.42898455903205912,3.48740117701113617,2.38141536357123096,1.63604575111177497,2.63839218215603699
1.4401504757517829,-0.512002962705556564,0.512876923959827757,3.13789557700382593,4.85870888023938718
-0.727642659377625289,-3.3608559911362339,-1.65575847796077058,0.238876648390947244,1.23763466433482283
-1.05840805196720544,-2.11887224377340111,-0.23581770346729114,-0.708256828602056299,-3.10251025414582182
-0.602612021411264243,-1.11012049616516162,0.403557324707314535,0.577118411142309773,1.83082776227880517
-0.501952082272162814,-0.897335503033892423,-0.976442564061436147,0.0900131863603410715,-0.176995880499109082
-0.0946747341154288713,-0.655120453988381812,-1.08894519260946288,0.257907691792006011,-2.12613322595863563
0.0316134658238901856,-0.299737752742574082,-0.639946985028201021,0.654709898173657434,1.42368032375900322
0.269862965571784186,0.594197051010045496,-0.09029969427053397,4.33421078588109854,1.30596306781415183
1.08768758567511648,1.29089351170384092,1.27854490105354701,3.3314204877019411,3.05165551216113995
-0.0939159374550060932,-0.120066798830630456,1.10406038794550598,-0.242766003877651571,-0.314772994346715684
0.715530390338387168,2.47708072432398874,0.754906771714351277,-1.0865921677629744,-2.35882549199372304
0.687299084536123761,4.44160128090305228,2.63496129871478857,0.766236403332054339,1.58886808335371077
2.64653169597470583,2.3727787687652282,1.61534920945030835,0.866742209284494747,1.40559607640036033
1.7802709612470522,-1.29238049961417789,-0.412975917105328327,1.33129782877186886,1.88954457116599817
0.11972323185879008,-1.71208032867133575,1.67916517734086135,0.160668613838711671,1.67845309116436492
-1.41837398634249023,-1.41736424206343603,0.28156460627223534,-0.646807823536682092,-2.04680143423570948
0.768184588543729507,-0.200700584224938111,1.42732280389857902,0.700596017407120852,-1.59677885559928479
-0.46351334918720849,0.531316576306369526,3.45745197431098372,4.55060062712561919,1.54609106678875818
-0.779140228064808538,0.240670735855869983,2.60701187975709692,3.74117690776998968,1.81544018610749158
2.9041163850738636,0.7801725632529527,1.62745312986900892,1.40060541464660049,1.42542435817632729
0.849700952601537551,-0.583248474720300614,-1.15410198380084061,-2.87682587321008132,1.18095544243020512
-0.660375355238519646,-0.524435867802157119,-4.37960344132278223,-4.27299708798915745,0.31010371401268455
-2.54092601810393015,-1.24914861636609809,-4.54650547059110721,-2.74223428923948154,-3.95704536362659409
-2.76072994598425536,-0.963855283363982296,-3.54045210153739331,-2.18442893015198658,-1.96731771943032241
-1.1534576074866727,1.23065278612140849,0.660129152124455776,-0.226931104936039907,1.29724248936633635
0.0566083928183527818,0.712321032740358517,-0.505934351603648413,-0.660656446667436281,-1.5524304439510217
1.16079755283226449,2.03443918465260509,-1.69604896339587397,-1.38476277769552358,-2.03938259485987583
-0.940061432979482303,1.82935042538720172,-0.703997046844250463,2.47523526673124605,0.136422017198232381
-2.42014230042448508,-1.75800851553620441,1.37968443167738686,2.62406149357984342,0.445853409940150158
-2.1632844934368074,-2.05328937308608195,-0.189022499640059571,-0.4551097003636696,0.700246454625546133
0.660866409637256291,0.223415712288429463,-2.471761902901219,-2.78117303712092401,-0.358882366560748733
1.59496499314821394,3.25092531810999352,-0.284556731708153432,0.88498582232499956,2.38990476202395818
-1.44438414932805315,2.86031464984458417,0.629887805952188073,-0.371926840453215779,2.18200275639975727
-2.09667851781275738,-0.581364408375649733,-0.586476358643363449,-2.49173061659521133,1.10037170376979754
-0.293897319920723044,-2.5565381534449636,-2.12664750515723977,-0.23633385076972363,1.37751526645339872
1.32259098925869889,-1.26215192147535249,0.889510736012247949,4.33753733626437299,1.12838741564495271
-0.763371312700424465,1.99224924525474778,2.14859124761779929,2.7916552176761078,-1.46284640344712846
-1.40916032694939486,3.01188697648542236,1.53033342126901672,-1.89758209979564763,-3.68588336602679068
0.0470476457478157528,0.111131945717592412,3.08522761948094537,-0.0310782646287450642,-2.10939334191038697
0.300587375042296157,-3.59644384910359349,2.64939414013515062,0.125354047868232676,-1.31674649403718291
-0.646663816196762165,-3.2894153245536093,1.48887912763559704,-1.63712174847282199,-1.97545046662145518
-0.733805480910714625,-2.06860766658869766,-0.601043426366938749,-2.15818757923572901,-1.76072526871491375
-0.352475768930931077,-0.428781912736189375,-3.69747151318408962,-3.16202201482250134,1.55270196939476413
-0.0148004269992841331,3.50569765428734703,-1.09783990872162507,-1.16144592269722935,0.801077179804456807
0.24422283953261309,2.72150233156652854,0.176792368606871197,2.98197785170170038,1.08886247276185344
0.283899744105293006,-1.93611914014301822,-2.0956024567776983,1.96354474148222002,0.119627560397082111
0.439852042765180584,-2.55569459991691383,-2.74861671443537725,-3.64427490144570188,0.647484058316608602
0.476620404277088683,2.72047939899908631,0.380167758541719691,-2.42456114911092957,1.72399061353204086
0.368722378176895516,2.54571412579191225,1.72174333824348391,0.173889517791625564,-1.66464278247253539
1.1190114848520003,1.86551747373401211,4.07341628396386923,2.65358401706985836,1.10504683901122824
4.00336245990279149,1.66664252413238945,3.52452392999563591,3.62010241861123871,2.27522342617955475
1.06558613309319772,-1.08778125276518289,2.00273203932390054,3.53753387792324991,0.138479509557549951
0.302865599287887144,-3.98771439222522472,-2.69260087666053316,1.53231007426519406,0.596051359958766458
2.007807437606969,0.667622577160888686,-2.33397279539867064,-1.31636383219066389,-0.0726742956640318294
-0.179407767700509452,-1.45570208906121845,-2.01026154861437867,-4.549278885817718,-2.81543562609551934
-1.1840325286692599,-4.18536090851266351,-3.1325734861419301,-3.67485699265197052,-3.95960685146091995
1.17799224440400652,-2.10805896137942694,-2.05184069849038364,-1.92964177244616475,-2.22018275648392116
0.499970949744799664,-0.82186792205311654,-1.13604390060053939,-1.36528787024050935,-0.310447488319717912
0.0668282386994583644,-0.902082610025917386,0.389400757489595351,1.20116719968051466,2.69055489189373853
-1.00706769778159289,0.851871559540757994,-0.395050544971053186,-1.20011775265470466,0.547306501672854107
-0.815305027482874034,1.65217828959126245,0.891580123454744133,1.40749842264763636,2.04227161816313973
-0.390492549673750466,-0.66613119670709231,-0.610826182453500954,-1.4150980807097373,-3.76765874307301729
3.28216417918672621,0.676395458345296352,2.87796950308299948,0.904496069100603206,1.62393235541043013
2.6810690657989249,-0.386692342592286686,1.49076699648931066,-0.103743386885075478,-0.701069516976415619
-0.464895805314547106,-2.54344048899480457,-2.29891587176787304,-1.76095182228324609,-2.47793808691140871
-1.90105488820203683,-2.20487957696173353,-2.63829661350188971,-1.1147932938475511,-0.713521316951085449
-1.18191705961640392,-1.40117972430200943,-0.313859043651959935,-0.547011346042125202,-0.439523200563857575
-1.0235119153739769,-0.754665231968419281,-0.945759554277816217,-0.94841755486541246,-0.564804478373037711
-0.816181638411956789,0.391701523979495869,-0.658206483406143072,-0.447975277563589069,0.0614697804396838049
-0.698463376332261743,3.98684803393892029,2.02167854184118667,1.03960024024356357,0.624536599282258686
-0.370604775734623026,3.89508201433188805,2.27956905937050758,1.30499946948697865,1.59930611178035154
-0.146118864377486335,2.82671927451988569,1.88824474696123157,1.10097471968936467,5.07654790261237743
-0.144958552127440021,2.1488913887018346,1.47300658086216996,1.73542190625233239,0.811622286106657986
0.163081793142709763,-0.271487775618757698,0.00353957860364481625,2.64953578908765097,-1.44557160570231669
0.139440291593707633,-1.23786881381828739,-1.0053426503920746,0.815209553325709102,0.170328317159449516
0.358523214469686935,-1.16762010225762647,-0.846482766230690964,1.31094156160351183,0.530201408978434818
4.12529682837822165,-1.15231754742229731,-0.453938803001109781,0.110138437374962234,4.6441434652111635
4.85563796224147382,-0.290751107181087209,1.80361949306405966,3.31750171772040181,2.52328538489147203
3.77487673441190497,-0.374594894341224283,3.50849874606594936,2.97487191081458224,1.03354284924185769
2.62485105244359262,-0.302134548370051159,1.96537321923410646,-0.698902430149022535,-1.61203054084259523
0.454869366074587611,-0.979236147073919927,-1.83484156512386432,-3.84549311531428151,-3.64809134626547582
-3.0774390976798891,1.0702394932277508,-1.58009767193275641,-2.20759407128723373,-2.32702647796130258
-4.05401174136154463,2.21991191789233033,-0.0483121981973887171,1.61054985113129634,-0.127056826269194734
-3.62059951738977448,0.830276160924356077,-0.513409629854444716,-0.343678815812569483,-0.300484438777085805
-2.56609999903533659,1.05020432390522034,-0.0685978101168890075,-1.54009890227530821,2.04798707044296391
-2.17621919908328509,0.79811543027759857,0.219393150552746136,-1.86106416416293086,-0.531715731724359486
-1.6817059676460655,0.248400191459842407,-0.165737228528428732,-1.4196180710507218,-4.50596713002518889
-1.22196152919949053,-3.02802361517389995,-2.3787984113147882,-2.01057298909503102,-1.0274512313750741
-0.942016920695656346,-4.07877863704345422,-2.94993148097782587,-2.09770562566784546,0.0710524354641230288
-0.62420026400466011,-2.73624769120092237,-1.92410890488520891,-0.894913830237717645,-2.53671529153412445
-0.449049110840032184,-2.62248081791978072,-1.49938071590473609,2.86694344374998122,0.622902332374964285
0.0454778730320083424,-0.6625106650343493,-0.49906307558856422,-0.0884186797943682101,-1.46297610126966382
0.040984665118129926,3.18780843687541005,3.24384298814137306,0.475591972188195489,2.17727684813625233
0.227629500069773338,1.96228442235218226,3.85826259978339925,0.808476733294912431,1.31852257374718351
2.02004605515447144,0.318390907590722083,0.246225087003766635,-1.09837683120333285,-2.05811698319211045
2.86445128376389935,1.05273710004726762,0.0715295276309049211,-0.767440245543800859,1.78792078799290266
0.449163766547686194,-2.18643029395639665,-1.85283671544959727,-1.49306548905018888,1.3276101291368132
-0.446177685881535391,0.307335327899339594,-0.350420460505546316,-0.587231952164490312,-3.08479799314767966
-0.343171554664990608,2.97549856415339953,1.93320784970832027,0.654287961993465172,3.46742925856153361
0.0776519942412927655,2.48055616947334867,1.88659152816716591,1.39892624342095795,0.766185434978669533
0.130616536122075244,1.63513471659341159,1.23927477687805809,4.25883360678394318,-0.371691471107975346
0.0512943142545808639,-0.496848071152681259,-0.115109376834430427,0.746601769620161115,-1.40475597745938163
0.394604124118136279,-3.31448570277018062,-1.93532258286598857,0.80579425366299251,0.0763478542099291779
0.254409569743964892,-2.94918273437301215,-1.86709153821445106,0.44707427748833023,-0.666357200452710519
0.39177692862108493,-1.83445035907927423,-1.11738908853001906,-1.90744129352744207,-1.60525924469720138
0.412685908080703268,-1.00309683137898453,-0.533462386172467995,1.47152521878562292,1.24883659728982344
0.388631458441508149,-0.695522916373501499,0.732798634941262628,2.67835699962848262,1.67071227605144235
0.620726217702151417,-0.124977809642261101,0.814972575177282166,1.43089402706453095,0.578222796128039174
0.48593108156427367,0.304588436417444264,-0.113609780128749532,-1.20958659807978952,-1.14633737802251812
0.571453887153152262,0.67700985626166732,0.0837863966780058311,-3.38525994844950384,-1.04262431203621042
3.20145171567625964,2.16520360050738114,1.20472471469065412,-1.99889892897778187,2.6579210995561815
2.09014345425379977,1.70464706722766568,1.38702438053263033,-1.99640607372606604,1.65120576578408951
-0.454190548220837931,0.520421539855717263,3.54781807897886425,-0.691402790431389414,-2.32071613065805327
1.65463657727169333,2.4292935028335112,3.92528671450695743,1.66744739833309485,2.09801106286200456
0.550544169880453627,1.73230588898317484,0.432123643421852388,2.79718684114740013,1.50144863940814122
-1.3423802584264497,0.36844703229684761,-1.56065909894425636,1.88645280842060892,0.419160300778036954
-0.676204393026779038,0.812401497451281207,-0.67091415910413954,1.46904533411004046,1.22117593749719267
0.170021109121188951,4.47074260865260698,2.99311071755189406,1.14757622782258828,0.248013863775485011
-0.965449941026274128,1.38420009065165472,0.553066995241741521,-3.15138731428039165,-3.03443668947594469
-0.964479111279350931,-0.647293704664483105,-1.32130883827834311,-4.01859859602579306,-1.05073682760290721
-0.332461070398141545,1.26594088078271128,-0.170335982142990922,-0.467747137979016958,0.871740456091023797
-1.03765448781471115,2.40523106216424676,0.768640929762280489,2.37334113508635758,4.16818573653128155
-1.1268719794728459,0.633150796611636757,0.251877969040192107,-0.779134628419488329,-1.8816045552197711
-1.06548381730860964,0.6354968136854523,-0.0317844053934321635,-3.34818255025676415,-3.69426494107207448
-0.626085151124346706,2.49479987180240315,1.24139475389345488,-1.85047199172014043,-0.0877472683167120487
-0.810546633063372712,-1.29018555965511728,-0.787761724315167666,0.448846454522238592,0.623335087118750519
1.53298920339950517,-1.42052813526060384,-0.9206379578561944,1.78121583889324375,1.79983523598056827
4.02521486463089939,0.718504732385282563,2.38914335640287234,1.46014815943588139,1.81531735579042852
2.84455618120610065,2.4219641344252576,4.66742290881049637,1.68116372708683004,0.686747227837390062
-1.01501392369513432,0.989131270929123563,0.931885409684226285,-1.24359608702122904,-2.58169974689723292
-2.76319870124008826,-3.11406012942065535,-3.32692317062922882,-2.19470125151490203,-0.967062103646775473
-2.6289447164160471,-3.29041036000085141,-3.39238724816204495,1.23876380936890329,0.928979355077591995
-1.91331589153890125,-2.19950724676588827,-2.124917147202396,1.82294420952186131,0.540910375628998352
-1.50317555083797405,0.323488136972158169,-0.628093881536880838,-0.774744766698263088,-1.30634543004433401
-1.26653105501849739,1.04763839538595382,0.535346620392733397,0.392236184991295034,0.692634193464765291
0.264698696056241967,-1.45858877055341085,-1.13732750214372857,0.0121285933550250059,0.510775193760939938
3.24385137544507485,2.44888036410910903,1.25607298604024642,0.626523035991323085,3.25284148814556184
0.533119410886258582,2.25829024456283367,1.88201048429763396,-1.14690194130592893,0.0912676781385182573
-1.25852950732666136,-1.21319226047478668,1.60466951796408153,0.73532301564230762,-0.0204233662997812121
0.35430375746272158,-2.73591076831356217,2.6760382506141065,1.86370647650727195,1.38702772289287113
-1.07292146862862814,-2.4347776896520954,-0.866653749741302826,0.982675739382973368,-1.99543167239904906
-1.53199115045428402,0.601678852556530419,-2.01488330188515441,1.71955740971650428,0.00411041138926286631
-1.07165530089774341,1.99012834629947011,1.76444948289463799,2.10386187761441867,0.439755125519920187
-0.772514656266954369,1.23143979600173425,0.61199493717304676,-0.118415114649878278,-1.75016621731484423
1.41622672128696747,-1.12613160915091193,-1.68913655546414709,-3.58654038038465073,-1.7990220057899462
3.61917809528885082,0.553167788687616291,-0.782928862090096156,-2.7923476405468004,-0.127894465945135261
0.616304523608770638,-0.600565125411025136,-0.684611715064683879,-1.64397378428835217,-2.36259687030693399
-0.0776579080657968657,-3.56327004230943567,0.425886945360712921,-0.782662126912105016,0.067116412937815853
1.19661962968994984,-2.65255810065258002,0.525195216490973116,0.443212127342819506,0.180919523007204319
-1.09867281891519952,0.82393449917600492,-1.27523171167848481,-1.10907660427036325,-1.97059540523097732
-2.05385643183312139,1.02283471222324884,-1.93838313344459401,-0.0252505663887484764,3.35766013582587863
-0.982975037529087436,-2.82409017915710292,-1.02382218072406572,-0.0591664289434294943,0.597104496704160992
-0.597107366256603211,-3.68912980489338516,-2.21821377714288825,-1.39951219498599699,-4.33237423990345327
-0.967697632016592091,-2.57935453748248156,-3.76931936067183182,-1.02329431051661901,-0.540353394174376778
-0.688517619486047838,-1.69887427970210014,-3.05103558655021345,2.96919635998659759,1.55012805756888095
-0.519466142507805206,-1.00152549946999914,-2.02592465124748733,2.14664675395380655,-0.00646126910088830331
1.8173716200646115,0.434380995553372173,-0.856034112072743159,-1.21309084553089042,-0.180812209608573082
2.21077039212134263,1.15676094897105886,-0.115617310569220061,0.0947022583201971024,0.595010528048048992
0.119427859182977297,0.413304975653091544,-0.209870458602510496,0.221127690778256586,-0.827552008867010747
-1.35902562747874933,-1.67995704393878253,-1.88541216747258233,-1.90509184052787961,-2.05085475807926798
-1.02484539435631916,-1.24321334506115044,-1.36143503691736845,-1.3273386229140034,-1.27076132687530041
-0.6724532557578069,0.0673770035809802409,-0.778923806233647653,-0.731374730068329204,-1.04372510721164269
-0.373888536769890312,-0.391708310227873946,-0.566611992766060002,-0.622704806138733358,-0.621582518023354402
-0.28854488008451562,-0.528157836535252612,-0.464825726003225581,-0.436640676784477821,-0.394011453089535224
-0.256779115393040547,-0.321569694716515364,-0.361658352626496038,-0.1000523285243545,-0.131721860886389625
2.23504345865839982,0.680850013289740152,0.39634650848702857,0.756118753674875355,0.87529083598457047
0.682107311215452539,3.45488191191921334,1.23606440392899231,5.42464024882472984,2.87900759073926071
-0.580800283286493357,3.38946354769502145,1.82901167337189241,3.07973010869547847,1.94864619157586305
-0.11644957579875867,1.05411255718412056,0.854888181251110324,-1.93625675177703305,-0.460678812403995885
0.0176969549282653058,1.31434043608124229,1.67204442631610317,-1.22212803061952746,-0.0579624913928697139
1.31639963164844676,-0.670849618196162845,4.26338843089645714,2.13534827946910077,1.18679504618299481
5.14455219221251525,-0.108995606710700035,1.46374129416144427,-0.0738953501318724004,1.77899487702141168
2.83709469793612001,0.00515646165028620443,-1.46886355702569449,-0.0982794501292402478,1.72692986433876405
-2.64624259315135735,-2.21282892788111507,-1.96563626805505809,3.86277843383416597,1.79265524661241171
-2.53873614202998432,-2.17466292535206129,-1.18051103899173282,2.68144688835912648,1.93394608751900443
-0.777187667931972026,-1.52676274189351435,0.353054099144259337,-1.9945092003312388,-0.95477230802241364
-0.89102322365496156,-1.49255756625398162,0.283737030158580428,-3.47379130235946265,-0.219377037701913552
-0.613923903830742468,1.94976304814166457,1.75042203849437894,0.429014022887111213,-0.0797503263042235455
3.45297777310304221,1.70912665157796639,-0.0379645593834152043,0.940754553575851804,0.0458808646211038562
4.52177047707215518,1.11616725243912063,-0.287484775638888301,-2.17536153428161327,0.0560223226872894886
0.86622064799120313,0.0877947424472567545,3.28621777749349553,0.323567016008000974,0.0646456940011413683
-3.79926075765155069,-2.06280914100208479,2.97593042570107258,2.61044305636930307,-0.0661130291089632449
-2.79599350045367778,-1.79112069109719818,1.45056710249556753,1.63067626400227161,1.06150337085332636
-1.20593111502751293,-1.13648550327752762,-2.76519718204700915,-3.70940100757040536,-0.331510315485427198
-1.11499859080400254,-0.805901878460319132,-4.31822883363326682,-2.16796994432811996,-0.568537702194971462
3.31324772254364008,2.14461127222700521,-1.11978003441459517,3.1246083557648725,0.809939349947663145
3.01309792776716323,4.91018354429713799,2.24318760249666926,3.10803696244324001,1.09679527451402126
-2.37903069820499669,0.391302415955885385,-1.14113622365613576,1.00951740184058747,0.0352688843980736022
-3.79337604929935468,-2.9622788364612207,-2.78689229275427675,-0.307057945872077354,0.600191619892841088
0.0359265179056169268,-1.0673748757336663,-1.69761243674202822,-3.75026234101097877,-1.15797297617136619
1.30410969239218044,-0.273669250944529152,-0.583698495113907256,-4.30503278585680427,-0.85403381564818226
3.26974251767826596,1.21548136630666992,-0.68589907563735264,-1.33182445285027984,-1.66229572022434446
2.50655229820179271,1.22100913328408978,-0.289595435715061633,-0.0748297632381841049,-2.13648259011829733
0.772150743439542708,0.442379584789554137,-0.904405887768702899,-2.27642228454240536,-2.32452684462036352
-3.77385908563872707,1.61810887627053956,0.436180059207998627,-1.7419749067718453,-0.571934518749869114
-4.52313161481667603,2.45973053820307674,-0.194472096052648424,-1.32095188008595454,-3.02971929086305902
-2.71349377570029748,1.4699614994963468,-0.526878324802030784,-1.25043409718080567,-3.70050258212571936
-1.90569106674423105,0.822766039573039842,-0.511595410252392302,-0.791053417856912411,-2.40441575548327258
-1.66975407358884254,-1.42131099353128332,-0.896274330899295979,-0.853726670732119719,-2.03832507127026297
-1.0549381680707266,-3.41200349470693487,-1.55998015896266828,-0.860938893298533015,-0.752391509177984585
-0.373261724820403873,0.492459851459984332,-0.118494955306284469,0.344403696809057691,3.15400446563081793
1.78212738134478621,0.530345320645856377,0.415003350122145287,0.638253061372433206,0.91372399158008144
2.17265079352485158,-1.04469977715029372,0.30426897312680351,0.572795344271177176,-1.10857098973707924
-1.22762947444344372,-4.84269575032435817,0.482353945941366602,0.939589126111304296,0.395485229413382378
-1.47201033965666861,-4.47415232443539068,-1.18381375328132687,0.158001062224026351,2.90623568646448494
-0.0616672056780151814,-2.14373974675249945,-1.0136381193563293,0.0658204854027412412,-0.118310555417278668
0.0749927933923653367,-0.39528616086010715,3.41086148702835157,3.14650058098947882,-0.916319260832509253
2.82863248393326083,-0.111816390909428312,3.91191474777141712,4.14726782284042716,1.11752898439702841
1.39311239625350836,-1.0162135159741903,-0.156734446019262952,0.420735013753622433,-0.084713292766888354
-1.06605948424448749,-1.67065602768805377,1.42974026976431112,1.44792045999539565,-0.0261838332546736885
-0.49389476854691261,-1.01363827277598029,0.780770628305234471,1.3655791391607448,0.141582010690878141
3.14934710742176716,1.91094696558301558,-1.03258940635747853,0.00300554647394393748,0.626019427122035288
1.97642070215293675,4.67096714912818367,-0.596227866140845997,0.828254806318941217,1.22487650955478755
-1.60239647855287615,2.54663734019080268,2.33878401546535963,2.4089364996224143,2.28926097764364123
3.39177083403568558,-0.420615302439460104,0.575352307374922933,0.695635936010504885,1.94124983948865615
2.72239123857074405,-0.530630946607176579,-2.76503180802494963,-1.38323996385911863,0.572075401734775446
-2.29703721376357883,-1.35816074416239352,-2.96117013853318634,-1.18921552821434795,-0.595390138678169145
-2.19288869420757759,-0.775770908194610476,-1.90899675280140735,-0.471537631335220975,-0.352260373774405555
-0.655015279206613066,-0.713736139933709213,-1.32360329865745729,-0.515843036570296953,0.0700228410390529576
0.154475766033710188,-0.273746810822909914,0.143409435308090472,0.257477789192960826,0.664532934571959166
3.09412368656942105,1.0489494861289721,3.68139738479379419,2.83591461203155282,2.5393651757404414
3.76176757681611651,2.26189364419979499,1.83027313021876514,1.12729868753255436,2.12298554714492704
0.118570590830783834,1.03076086300907455,0.419767974409369971,0.478904088187374954,0.970394106012598123
-3.38389855554917318,1.26391927735830145,-1.24926556238649966,1.39986131137926217,1.02946161953486537
-1.92341996130288706,0.596230626381397677,-1.42957031782714017,-1.1423832536616263,0.291117404605826802
-0.93425311008527423,-0.902432414252606785,-1.19374924508462144,-1.84375252875366447,0.783784410303969392
1.7938717697036759,0.67642255268483753,-0.543160761858775487,0.330301476127104143,2.90614298330139942
-0.800771891927080648,0.313323453704167421,-0.518571674167975782,3.74549030787806725,0.94854058053826984
-1.7149969064442987,-0.188980214871571961,-0.372312989116651893,-0.315097161931998326,-1.49688783626249933
3.70662221245620094,1.73461380197663972,2.1098367752344207,-1.90198640017554088,-0.494272185057957114
1.53129454361293749,1.61926183499206422,2.2429072444462772,0.0397328046470680762,0.200823677457343169
-1.34510906273372033,0.338860993213098649,-0.498271375647008741,2.53103475435056735,0.522374936140845958
-2.11586070394456582,-0.298524904510654554,-0.71362276262471358,-1.21964508258810378,-1.21110045989273241
-1.12635057050336074,-0.130728904555024783,-0.292460207396601835,-3.51181609254960536,-1.19222742165937801
3.82528758867605356,2.13907289047668625,0.706309644789746338,-1.60404383865662958,-0.0571347017432214666
3.52583754267784633,4.82840501251854626,1.99692004914321841,-0.418537294430488593,2.5366603451094476
1.96180580609703581,2.31092262637084689,1.5010931966644756,-0.492171887465330249,2.98328261241554937
-1.05299308537926484,-1.12723598774908251,3.18942074035254919,0.866253800061813739,0.596227662513919232
-0.915862416221406184,-1.13009661907108216,0.937871113936982637,3.16400185166965864,1.48870569369994166
-3.11004163428581926,-1.63321300386833079,-1.39665948420834729,-0.867594799691700835,-1.85141614223268225
-4.01061493907048661,-2.03409139140480022,-1.46287264250644933,-3.37444247074209125,-5.24746460469840414
-2.41504926126565289,-1.78132076273101014,0.882875959450200143,-0.692055664632098,-3.35201122347901448
1.32672323280929438,-0.0580154727704602774,1.24379564982438962,-0.00360213015342433773,-1.41429291474438856
-1.23147077930346582,-0.62077135560377994,-1.17654117873521269,-1.59660602302790999,-2.03488266671984785
1.03776632469994556,-0.0579401232628744128,-0.229728205959798815,-0.932320207033239368,-1.32847943759620635
-1.26678014295391517,-0.327849924667685311,3.53684393142452214,3.73877284682997324,0.820881454801642874
-2.98846484799776446,-0.584577749120815837,3.48886626972739311,3.97039760681507703,0.905945043981395082
-1.59668382043542834,-0.658381066120393044,1.90778576604674166,-0.0759833374632971903,0.895049623388083027
-0.910739621358559903,1.23323020638888203,-2.01912203859752948,-1.6478134842577925,1.00943755751055297
-0.597920301572721913,1.63289598419285231,-3.19153129506374889,2.63876246937008174,0.0559367903926240861
2.5343939540266387,3.13696444820255227,1.51497400811636718,3.23040329082755484,1.12311097580427321
0.24385505788205411,-0.913169116426146177,0.653229384128722668,1.06570585497086268,-0.099539363709853973
-1.26615648767417932,-3.34864914464379559,-3.20190089645636178,-1.68878377827642923,-1.69500761509776199
-0.189607400258596542,-2.17359253970438937,-4.24417100818597248,-5.57861205391342274,-3.10336187171319589
2.03719925677368741,-0.874403785204926232,0.914638971669518241,-2.17046290226051486,-1.4203932657995455
5.22962229648179733,1.101681992080213,2.14038781675304834,1.77503683605831175,1.59129964360263254
2.71947411851792964,0.524969272157666089,1.14760279474926863,2.52706736040822033,2.13594316734918621
-2.75599532707321693,-1.523231484479592,-2.21072995666414407,-2.40534678007114788,-1.33095599939454234
-1.41856743400223517,-1.03132042342293184,-4.98852237316119673,-6.13959832794476768,-2.95144655607583539
-0.310344880276225921,-0.816331993779450427,-1.51610386284606125,-1.44895469278632016,-2.18599432887417855
-0.400457504911741369,-0.550940287511784588,-1.03436287442413466,-1.17005107239367701,-1.47211171655024886
3.1359456732633908,4.12848878448328183,2.50060618756568598,0.0952150387089101408,3.59775672520301848
3.25064859420739438,1.07414641998588078,3.40765628405792143,0.850492078762625225,2.91507874182329241
1.33336504399957656,3.13878589886834947,1.69564673682499767,0.537918028026333594,1.74707210386141387
-2.69236765220915908,-1.49211742545636206,-1.34826403483601687,-0.195559769820342844,-0.856793506928187121
-3.3955085547160464,-6.7686690450865159,-2.81657706837639354,-0.625189937658046313,1.48485268462157327
-1.50006224815648803,-1.05432349938471703,2.80117289694553895,0.889688508489131058,2.28925684252789052
-1.45767806014967238,3.02605365693305384,3.74867907489532026,1.77503502642295041,0.466209205199124899
2.26867304750133014,0.268424386594133868,1.82052556374590169,1.23007016709663852,-1.71873147143340144
1.15117604219622538,-1.53451483474142258,-0.631290250195547853,0.228575353172121798,-0.687719648966574004
-0.799968867199194467,-1.72442458415849509,-3.8814332468248729,-0.712247777974290397,-1.34952526629962577
2.51859671262299711,2.14962721536226242,-2.82033364196773473,-0.697777652892238587,1.43260774152280623
2.40832251987723289,1.9399409547643327,-1.2495126021528431,-0.344990387175416302,1.9585606548741703
0.325169251157604755,3.46351521182584676,1.29490962663326115,3.33463124335408168,0.651781846059384495
-3.6616091958764132,-1.99006429669947527,-1.35646089945666248,2.23545452211310058,-0.407461951395983846
-3.58433456491527558,-6.63257700225397606,-3.92609436910403797,-1.44643455694626955,-0.396976687827927055
1.01275228845263054,0.97135441520669441,-1.80963764197288368,-1.89580987842106152,-2.32626121921410256
2.9496343985694633,2.53444193883971147,0.221236126396764654,1.19765832733861322,-2.07424747497331596
1.26110848609843273,0.145198603827318057,0.053180904839186402,3.72629902714342665,-1.28271071133732661
-3.21246095529718279,-3.27754021316181632,-1.47660539876655639,1.93134679171363,-2.97515727062100899
-3.70843543657916586,-1.96356479525593763,-1.42786942919862025,-2.23022923650143667,-4.83009019480759694
-2.30855926976675185,-0.190603302029296345,-0.406518162738202016,-2.79264965466902915,-4.38038382649682934
-1.49709109683595099,-0.63738690407284615,4.37394566099119864,2.80192760645280359,-1.06252874459661184
2.10829862723251171,1.66256728974144496,4.9813841044263194,2.61312197753401909,1.27671566629182154
1.09846408994803113,1.68490102612679271,3.02772514616420096,1.64741774321072998,1.40781991861115152
2.11296349646542536,2.73530944583800961,-0.933871471535156483,-0.1837653002151447,1.25470439063013073
3.47233528149860149,5.89552777578385356,1.43702339494356779,-2.11676127177296269,1.56784939627955167
2.4877498016561499,2.13085509959362041,0.944051877997351352,-1.72756529095411637,1.79247679857044684
1.79684259040103322,-1.40499845708420268,2.42393776984612153,-2.4026596007472949,3.7855681492648996
-0.20463403099742461,-0.0520384745336346724,1.9500308347180566,-2.08484067061285749,2.243166230137418
-3.24875233892131554,0.515467223060864788,-1.75437009564796598,-2.91118826892387572,-1.76901600994493124
-3.41920850252051789,1.14275518297780554,-2.3591531532127874,-2.74203898388545086,-3.46896366076517237
1.98076479081288426,-1.59705305991440438,-2.31466824530535931,-2.29115873879967458,-0.297440534263071488
-0.150346618839970025,-2.90720678611652428,-2.41126597966090994,0.645248952625333549,1.34213196095514808
-2.83659212390384319,-3.12294519971489892,-3.01259403320828456,1.2940776685202271,0.873367133362741854
-2.48780233808046658,1.43358830529196624,-0.408907423393240488,0.416538467435611626,2.57770342212538228
-1.35646168305532289,-1.98897450606614679,-0.437254172728494039,-1.95686085226179807,3.39576003428601148
-0.887014010549888487,-3.59102367731358774,-1.11119435862266136,-2.03315055126420807,0.302576922071462806
-0.248512706578588594,-1.02004931979155344,-1.4836310746752075,-1.54724659336758164,0.010204932206326775
-0.0946039524228889928,-0.43749971026755069,-0.827335472324460031,-0.605253655545535452,0.975177444584635955
2.18468588800189645,0.693919055043680899,0.315521654744894187,-0.278954413139499424,-0.451323319342586404
0.819598794253671881,-0.330588489727214496,0.353511527464503483,0.291059332846319796,-2.53083075544125791
0.134687103661421448,-0.739077189691977221,0.18700921771881801,0.441993472123655584,1.33169484630323143
4.21818942229145311,2.95037513681954255,1.74790487884415091,4.730412533569468,3.14912419347097305
1.82134783104883802,1.01719500097456494,1.60648080901118884,4.03226180291347358,0.333201076513124472
-0.68236564247543452,-1.73251168674281231,1.76948469932057018,0.234526918979018839,-2.65745936109311298
-0.521091200741760963,0.613761024639199348,0.478023600970678364,-1.00960192611770139,-3.35232296635466787
0.0391679432162004293,4.15608618340348723,1.95877200271902097,0.0175151935340809445,-1.93370830223857215
0.3391263555949946,1.0239941953605185,1.47656763327525975,0.0635233247889268743,1.90971882161625484
0.455249839711361126,0.131281868731230017,0.810211374741548807,1.5070389002065101,3.1088070235434051
0.447222266118019851,4.54950814523061364,3.7771928161849937,2.0298828895749903,3.52573706131269615
0.567662695300760189,-1.66162045653048174,0.438919533572124043,0.573630232178719557,1.46063760623794936
4.25020172692305476,-0.137471728846025237,-0.187037283746199601,1.1224030024043572,1.10739118884641385
1.59266752421205315,2.17760420880927263,0.726845853428283784,1.22305769188437385,1.20838285335115003
-0.771153974569284362,-0.274868484886103603,-0.0232466472154460729,-0.14714635225103101,-2.17134497627291978
-0.308951943044148081,0.723568848656827912,0.589668841543806721,0.104124780159532873,-3.15557645240308515
1.55199962149665116,-1.29365295438406935,-0.256044142703482802,1.2478014712117147,0.296591242177573267
-0.297789353655282696,-2.41159748759532855,-0.86941047574922925,-0.0990049033234470105,1.5643705352727455
-0.352757370321965968,-0.944870400471097494,-0.748138882758718871,1.50190265399158362,-0.212630982502624688
0.075260504366271741,-0.539076605949789789,1.11092856941426343,1.01038212029755159,-1.32726060764250309
-0.424446062406510949,2.96623838784499982,1.66471073307249484,0.0185353629656580671,-1.42525086500562459
-0.414367435614211299,2.39581894418469155,1.29277060753108475,-0.38612465742963209,-1.3309025768373246
-0.262127528414659805,-4.31513238786109987,-1.34812577979259673,0.588390436448326115,-0.429592694398386765
-0.164850380193365398,-2.22892867517367588,-1.51363001873104008,0.556338689372354422,-0.0508102462835635788
-0.203942959035391391,1.35215478205429362,-0.118687278654364528,-0.886724096705336695,-0.231621709758306427
3.6870731067520377,2.33107467702820781,0.611125494896570198,-0.809821564221292034,1.93131106408855335
4.05976359029066014,1.60284029428676278,0.864968227848123328,-0.335023528447663921,3.27360861449751583
1.97149603219400227,1.47358326952204055,0.572522346186993047,-0.281061850282215309,2.33101277831214126
0.177701990049955239,1.80874315992517576,0.93814589658625458,1.78832979801674363,1.80378563856176122
-3.27754636192415605,-4.70935146315788344,-1.54763870240841483,1.19352680719770166,-0.4222763595325012
-3.20175069790936817,-2.94560273281823592,1.54794034428452632,1.46542884129531292,-0.620217961387476535
-2.33584827924411975,-0.601183482899600774,2.73545129462274295,2.52625312913128131,0.141021403375745313
-1.99973649667402764,-0.556552136214379267,-1.91351402285234262,1.05730686511846428,0.190884843783551528
-1.48072556438740977,4.2165061932035881,-0.879847083758846016,-1.22317229290411533,-0.773423814678165344
-1.3283518340171514,-0.639604743030998346,-1.34747899946759464,1.08878292475899463,0.0414203981950098526
-1.11505188907158548,-3.74466930164514133,-2.68047489401939565,0.0289354150746785749,0.180158588802511899
-0.980136251051709761,4.65413114714403342,0.503934118079467974,-1.86389285483076805,-0.496032676186729526
-0.579570490139842187,3.64631231894167174,1.08241685827279421,-2.86805700838943833,-0.929682735705684493
-0.42379170157824797,-4.0019093394561267,-1.78095705594495013,-3.37103802916402229,-1.25483607387932361
-0.347136662812264296,-3.45590980525703939,-2.59532534381540181,-2.98428739240225438,-0.960075049819981263
0.144863566255968301,1.04128205652071681,-0.58086409384123816,-2.06316872137853036,-0.392382884691377054
0.482284054969722931,0.391246218588858385,-0.416187284747077391,-1.58082118281336337,0.206302227673606176
-0.0472978020151368916,-3.23855050727383009,-2.30511000416402911,-1.60629659704536421,1.99370724435715996
0.0178992273972502502,-1.45673639645211028,-1.97555294073635301,-1.32219832332717435,4.23055564291121478
0.109496770024936296,-0.368717123950072889,-1.26377524673056407,3.10904114399794107,1.65244664314689405
1.66328465747033349,0.0994924510731214073,-0.490280733225126053,3.41344376865051613,3.08917478670217438
4.7909238208076701,5.30764158508039152,2.49703845144318848,-0.170880385393181511,3.68031222936643632
4.09846414386529645,5.4842915664588574,3.87416844439957986,-0.874741161284835478,0.779550156703443076
2.26160012861051429,3.3419210775386361,2.77755384578293718,-0.467928649990880574,-1.26191206239627784
-1.48383143537825668,-2.79908857238777387,1.45770375520781514,-0.386924545726253011,-3.30976377893777762
-0.183898426521870162,-3.62024318368229947,2.5926877800056829,1.83167548039724792,-1.81800484682245966
1.3174062088727343,0.380844185334283825,2.2044323327091373,2.10087543326123871,0.317411342863768375
1.39320127022883344,0.528169899141426979,-0.185054900775763198,-0.598820174547511908,-0.442213140257704529
0.66593190564779059,-0.330840476536291395,-3.27535774763979681,-2.01140259092868279,-1.15877082908652418
-0.105320935873737476,-0.587951636198311922,-2.69134187282845083,-1.67828159574207003,-1.37302827650277592
-3.89631796175946743,-3.46839535813312949,-3.03110991007513064,-1.29516165201731437,-3.52839226324021915
-5.37031594381220856,-3.60014091643546941,-1.63565947974044024,-0.803867610489587436,-4.49337177787012987
-4.17457753260474274,-1.63631103052271443,-2.15432616667876875,-0.615401577751754525,-3.87884581691153585
-1.81341201558845588,2.02546741165975552,-0.676839778899035349,-0.16690691083746545,-2.27073860827953045
-1.30521707075507587,-1.55744657145859455,-1.98327960494112721,-1.54091172474163662,-2.84328760580550766
-1.13295512706727131,-1.32098787889311309,-1.33020698343325106,-1.23666346259157134,-2.04860754756636076
-0.901251460589107656,-0.905308909615116786,-0.989250536574235118,-0.796207991024442063,-1.53019320873373332
-0.739402883553647583,-0.581663349282588893,0.579143010041327511,0.987395439505978523,-0.479880500047043967
-0.356195817238217471,0.0100717462065598728,1.48398240668426462,0.94553374767500975,2.82008167676925003
-0.159359778540904329,2.10454466535541362,0.70863517418540789,-0.663387589270128308,2.43877044057186287
-0.0593714958472023602,0.00874257186962218436,-0.400427214857354552,-0.657260720811932431,-0.886327996238008287
0.183391087024930122,-0.756203462327966314,-0.728178509995324075,1.14196027247833132,-1.14150749876764368
0.379459403095818826,0.0853424900253372809,-0.570894708303725795,2.78399755163786544,0.449916458641456907
0.29710302229390495,0.859756603816606457,0.234330345525598199,-1.97542764575803709,-0.000319146553139266348
0.745519343118717148,3.33473225895141034,1.91912685683345985,1.95962865352866444,0.477637832386223482
4.3911700829317093,4.46268466803838049,2.93949839963507342,3.20353293167917696,3.12004277281958897
2.9839186296818796,3.73136512715557256,2.78628618205650458,-0.431823022844725068,2.17778308066978443
-0.711892368725988489,2.22203964152807076,1.88573875342421649,-0.16139713852471485,-0.144642249861632571
-1.46738521619361872,-1.5832157220446279,-0.453004557257575824,0.00663052640657033066,1.71598626593416492
-1.16702060317258915,-2.9176244180632156,-1.19684425514542436,2.59782042994805318,2.71021240116554329
0.228562905298526631,-2.74108230855735346,1.982311471585261,0.50267046183133457,0.369395855827051811
1.71462208197760191,0.217496411904348375,3.70411225701458857,1.53849225577658633,0.350674931123116818
-0.52550499411423135,1.63785032342446879,2.33091880834574328,1.33242832396656441,-0.391900692880100876
-1.26403529035018547,-2.56338413164564871,-2.57627291447007467,-4.29673606617424131,-0.722398545221188515
-0.900411627921294255,-3.95337378244438309,-1.8084349436696705,4.08163465692640592,3.28812580983067981
-0.394839228483584326,0.325257580000965107,-0.647065660640029017,1.69526588209369056,2.50025225994596001
-0.178257241108584208,-0.794987503035695875,-3.14080273655452435,-9.7231668636576174,-0.457530033002842118
-0.691444280209061346,-2.7200413549626794,-3.92187732924361709,-3.67086576319865232,-0.313358478714013899
0.410399745297954699,-1.52329647135825241,-2.66855505480200783,1.55094805282756498,-2.70969241977800168
-0.545431470190502643,-1.09633929993973878,-1.95365463675792084,1.50607164222866308,-3.67254859323719129
-0.624599893090651448,-0.747162791863037912,-0.613495076150557761,4.68807769545595132,-1.09475443254953975
-0.412349443360898626,-0.364574958956344009,0.0459623796259728545,0.994864932863519402,-1.24371294049794812
3.29911446810886888,3.88076000625580697,1.10839857912193929,2.47104583372371422,1.13307191858438494
2.87817160889046253,2.7809322628989066,2.61547574580337239,2.60770455738329288,1.72035715755577967
-0.90241415825168525,0.240074223680913024,1.73667773830833938,1.53530459709600597,-0.252832172514375952
-1.12167642089513953,-1.62618166053291069,-1.9857701300700461,-0.645395755224224987,-1.27799396469402349
-0.716723418131408163,-1.19089009661188072,-0.500021474342655425,-3.59145346195179549,-1.65263023888287086
-1.01908177803698452,2.24947177886113314,0.738867211597967644,-5.42184706072067968,-2.73728527164055135
1.86161090390553152,1.29926777907820767,-0.407805228386012852,-2.62149788468793465,-1.46321879098762109
-0.806740230270140635,-1.78193028968390976,-1.77166606130439153,-2.72567757794888621,-2.60728460287128128
0.371125915850618493,-0.540601859164993481,-1.1103907223044196,-2.43620375076170648,-0.235461358577517516
2.11769720020085694,1.16229183168299222,2.50387604113078055,0.616824742491449807,0.816657347297799374
-1.2587512173438733,1.39406592848007671,4.24551460312973816,2.24932357080131196,-0.554257427269541303
-3.53951824177954366,1.73237377393099323,1.13848446839291251,-1.62554273957018336,-1.89805679296945429
-3.15788902346676448,-1.85397090871460279,-2.87719132006463152,-0.540599064715617472,-1.50314048377873566
-2.184559826224302,-2.40325966926704071,-2.87612504817082515,-0.125599253759449497,-1.52730973343250631
-1.79253535095455385,0.295723978400976417,-0.907802595758523956,-1.7576334617407523,-1.54314360382907556
-1.44104294259151233,3.41110713848636316,1.37515131627956166,3.21426090612086979,0.737983276194951521
-0.312391958101183698,0.68662000674927981,1.2878344188688684,0.0675728556104363276,2.14152941354801607
0.934426188670810176,0.097131995486104461,3.68501903704066791,1.68264851714702934,2.20395646997741812
-0.848055485826506028,-1.82217204143531042,2.02227791148089864,0.934743226754155554,1.78654251525789709
-0.837735636527202288,-2.18087856879143249,1.95305671530825564,1.4659172294779732,3.96760394635249192
1.70399877737421601,2.69707272307340373,0.0119455298232208629,-0.308051907583204554,1.46280636482925219
3.53792533345967852,4.08228232316509398,0.162749205426228644,0.731488730635732609,0.836056895575038483
0.411608486358693737,1.51912512291884649,-0.809094952162083492,0.0403311148620468518,-1.04642540278338125
2.46672017729359716,-0.396361299150878421,-1.84060754519674608,-1.0716218347234201,0.395517291543353355
2.41300683853683307,2.04272285068643766,0.179839076680433557,1.7448926341634623,1.16644114777845975
1.76232045712278262,1.4426151820700186,1.74000073504559549,2.8140964779395552,3.51796145745599809
-1.31662694128220448,-3.25221524456952826,-2.1417657507394976,2.8868577724351363,1.90134464284789906
-3.78082812566213455,-6.00945216536164839,-5.03109190913527371,2.0012729195357668,-1.19715045267504605
-3.17609824117171025,-3.84570238929457009,-3.89762880058448191,-5.705846323817231,-0.715163773703419547
0.51036553164758669,-1.36997453415675485,-1.97017473159796341,-3.21456363362716147,0.477049321839002505
1.6069515141772972,-0.67219205295291018,-0.691545855973850099,1.02284390021473159,-1.49364258242085368
-1.98522259027086623,-2.16947396722580788,-1.4658847837736706,-1.19872518717403276,-0.150458503846972708
-2.72423894978311143,-1.93548903543199402,-0.932727113522158979,-1.0770281664332173,1.06508272617755684
-1.94429050062959341,1.79558942465880977,1.20627790473994501,1.43220474560138755,0.418003598880127281
-1.17384537684125778,2.55810517147389982,2.03216052827110483,1.50328642804441248,-2.8803464215364607
-0.884787619998307684,-1.51476543807384889,-0.0544243792751962496,4.64207820941170368,-2.74938362580238982
0.323185461413316832,-1.66934670915696914,3.37823298050409671,3.06189874922970651,-1.28548065508185272
3.67000875506445201,1.16418963162137756,2.95014028118709293,-2.60016654972727013,-0.0872582783947567636
4.21466657530856548,1.73434425295531858,0.318694559087316587,-2.03524328686162415,1.57591283027180418
2.11580495768001642,0.751901181016083164,-0.0226415060319633266,1.96128404430207537,1.63453961704198503
-1.87315399124602333,-1.2766424510382206,2.30138045866238272,4.15631305761298098,-0.89031975159841259
-2.45224709722487022,-0.801399052428339642,-0.483600595720259485,-4.30280533320835268,-3.70605046986400088
-1.86594711610916075,-0.0881185644275052637,-1.82300345490195337,-2.5437376695332321,-3.239712052103914
1.55205663669932648,1.2576295403960438,-0.586644694567692748,1.92004457722619248,-0.756775292103347597
0.110897903750120375,0.613124919793092804,-0.128567583483005871,-0.914547810721620613,-1.00246630243253465
-1.35805218104066139,-0.0305936657147220514,-0.201064007551554708,-1.17382439704202568,-1.45953288539877835
-1.00649529916561731,0.279376226745598866,-0.117070294508717948,0.564805651721333457,-0.928371011288364412
-0.622253037986353452,0.649929420267272295,1.26177875973502185,1.3415189697746186,-0.0317737845468483299
0.857466735608523156,2.45908066219459354,4.48718834360139684,3.54761596367795606,1.80804446998835311
4.48345905147710422,6.32857193697315701,5.73029267695447508,6.29634950295298612,5.58761934338876287
2.64313219932190258,2.08946471771629483,1.93000943992842378,-0.560199718161185189,3.34989717476192039
-1.23915154833640662,-2.67738824997956737,-2.98991987310822083,-7.16021266884540886,-0.430446520053283765
-2.15313237456278062,-1.63980401270471265,-3.16883129319396906,5.77283592036014692,1.17911194764284222
-1.38160679578786061,-0.499382727999692466,-1.59293261149900367,1.00182123061078121,0.986568661711447858
0.262623169198601569,-0.0643217770100116826,-0.959411793428727289,-6.52738994419118423,0.0599347341589891863
3.42393886743221643,2.89541299716931544,0.964569650153513702,5.5426708101187554,3.33627639274379684
1.08589478563285935,0.417062869949074322,-0.105479177909665073,3.23637382476412405,3.09590439260285999
-1.78361301953423279,-1.90585214574807105,-1.09686306332914651,0.266997041457511464,3.10413983364524437
-1.19885273481254107,-0.851122812099414094,1.06899724390463313,-0.336621052535590048,0.196351568284596739
-0.670859672295036402,-0.0190388646491603253,4.1059079788765187,-1.56795749334561041,-1.98468288933885106
-0.222433625510298771,1.50104572451709783,1.32612808502057788,-3.05518645118427479,-0.967106438680739644
-0.379863409972340915,4.22108901951254811,0.487110452875693989,-0.214011376332676001,2.3658041448065128
-0.758041607196601519,3.07293427952696918,0.651184865569642501,-2.27769550108382246,1.38463511463593192
-0.228560194966588415,2.1455416458421892,0.497497464207761086,-2.20882896397464501,-1.84550497472612141
-0.143407179993033873,-1.15058144093250103,-1.30031826657751171,-2.21484189737559101,0.281488942023032096
2.8178901153035163,-3.17733149207983345,1.09023845352993098,0.698212029671258061,0.0362553568163458267
4.27862084536497456,-0.910855335590433191,0.529243362770514758,-0.392624129890575824,-1.02223190491382909
1.13089317301224268,-2.0104185155394827,-3.02533353638118463,-4.4320257494257671,-2.95532068605928799
-2.35735707688446938,-3.47078020452802294,-4.40270398469511814,-2.11850317091399232,-4.69895108980920906
-2.10459151009459733,-2.57093263929825877,-3.14236605279300463,-0.298102730832588869,-3.48454437273452511
2.08411441528158115,-0.340946766865229123,-1.20546913494269914,-0.123143840956167289,-0.146323348830172867
1.99775544740388389,-0.100855053852527299,-0.816063818193997426,-0.271589010580129187,-0.0606300002757303863
-1.02291849181043903,-1.73444368796681481,-1.72380766036176047,-1.6056276573683359,-1.81252681933876092
-0.145025427109672339,-0.107986667576382533,1.16600426989423367,-0.927551713807616585,-0.689420900526481084
3.47370343058317799,2.1705811456507611,3.12889265349729762,1.09663577910877374,1.6133197892757658
3.34936962692145812,1.17270799401025472,-1.26642401487196832,-0.0328745100373244586,1.22667280402249923
1.56520364330810491,0.807860731688177736,-1.4818844061591343,-0.999029579672324752,0.486247616274127326
0.922581166502269845,-0.162359300313628052,-0.7013203775845539,-0.3563180134993158,2.64889164190022175
-2.33663441907296354,-2.34308880693007993,-1.72887137670810187,-0.521259061069883733,-0.278388178714080892
-3.69413652589133346,-2.04946902828185484,-1.3367180417381479,-0.285834442019097024,-2.65859365207354736
-2.61533286597507342,-1.09924243138576627,-0.675873558774510719,-0.102992444281994291,-2.16780656821769924
-2.08331425663512881,-0.760411704237499708,4.01926984767440221,1.26096583148020747,-0.953679665348807104
-1.60979921368306789,0.657437091303914811,2.89918552349267467,1.75902302097940577,-0.631434315281903968
-0.662919673311017865,1.50838306104099185,-1.82668124433179702,0.336787537665266812,-0.429622244899253547
-0.749788950670293164,-0.501864163310526856,-2.59655306459749768,-0.738433043697038993,-0.711085801421343922
-0.890828968249713249,4.41393527181927059,1.79510771392767965,0.439050916954761727,-0.172902678782735519
-0.546802299245134904,2.33385661850051429,0.57178631522160217,0.881951868133857508,1.40498191204955591
-0.372617517629551864,0.733041217876713946,-0.419489144426398786,0.0994371973463166053,-0.0704868043388849203
-0.0379938177781444994,-0.297736575490170241,-0.208676328815775469,0.267860517457534364,-0.510865490065719241
0.224836974732716771,-2.85363643131749622,-1.42387362741610746,-0.0480127492655639948,-0.372642063850475991
0.402777019357282717,-2.06706597336248876,2.43089534236577132,0.531932424675150672,0.272268914759720759
1.52445132598489463,0.0170718793080820198,3.98035284093165664,1.98061201850647861,1.36695185372118932
3.08259591054642712,2.25984969225081933,3.00256362042200742,1.9090336593838193,2.45495215117728716
0.546065904394718582,0.676824968842791197,-2.17972471835703452,0.0506925370424013838,0.576349423186537591
1.69793092149913716,0.83374707303167217,-3.01267277488014518,-1.28723627565403342,0.57884335654429242
1.28656261262436344,3.35972209563718138,0.715192160672115329,0.672079115467159927,0.969497047545893276
2.46029742687017494,3.50003098084721476,1.44305836958924338,2.66166940770359384,4.47206773884160569
1.44763911290299463,-0.0385346911154217375,-1.529901906394044,-0.237784132185632796,0.697516453751388932
-1.98646487940230565,-6.07429851167795132,-4.38011204933982423,1.73087291398762866,0.35424705847696808
-2.26116506381480331,-4.43480882331045922,-0.244532787242179805,3.26933791631130388,0.209843906889475906
-1.50532499672470577,-2.03158017522325984,-1.21936824169683478,1.85352686222099661,-0.491533714411638567
-1.28345128600217695,-1.74240411940231787,-2.46975620715151489,0.679911895222970797,-0.985512386613236147
-0.834888460872965865,-1.4572676683977015,-1.63379760739208368,0.106640392544474091,-0.903370913883410176
1.39454013663740417,0.713479894374952295,-0.0975254562540183723,-0.303808492072097147,-0.0961032708404799124
0.847384119297721838,-0.591272016485448915,-0.831755216915154305,-4.18913206544220973,-2.32701655115457706
-0.371499757827177146,3.53100187494071216,1.9635108380504267,-6.40944418868473331,-2.6400679345868352
0.49996635849483051,2.17235418104511968,1.46244636640430659,-3.76526839858743934,-1.82688391070782585
-0.323471252228695882,-2.47405093336307491,-0.0987239049190971607,-3.12951389830719862,-2.0111392945221418
-1.46473466005647568,-2.0189039058969942,-0.716501047725136231,-3.03267942579271965,0.307011827876630894
-1.01495820027991956,-0.870618055771547383,-0.956896133099488844,-2.6447949107928701,0.725064968708383439
-0.500244776367237964,-0.27947272857405181,-0.448388293749781341,-1.76404567857609629,2.18532843893181328
2.01040462359323069,3.92493676750510678,2.143884972294539,-0.8623297934966625,0.81389285401999234
4.2859573482154687,5.86027706961758454,4.10260001699014687,0.915657516239378078,-0.485911709433598793
1.47624514776274962,3.7828201233512937,2.34411789986431796,0.639601115074971416,0.0997729520975986911
-0.149089531754678567,3.21263404613936654,1.84082677450154142,0.175573269707129692,1.53250984543646562
2.32831865596602139,2.51483481045983126,1.85485017369210325,0.532506536277657982,-0.835062298766344968
1.31131549368374634,0.128109032022018954,0.420884733585382975,0.551392601715373631,-1.14461255498701275
-2.43631328289321969,-6.02656493826674211,-3.63463126861601715,-0.390718014623431475,-1.16262371519826435
-4.24609403319114875,-6.39395822657335966,-3.25206119248902059,3.67223356663287914,-1.24561260714866728
-2.93856772344106876,-2.12626201604104237,-0.827333902461858672,2.56132804002116954,0.470927155085643256
-2.03314628446394918,2.30227370304269074,4.61667613043673963,-0.0755301621135183038,-1.57409423155199324
-1.8978645076683045,-1.60428278278549907,1.24522521829781363,-0.592879185167876965,-3.42578101755978937
-0.482569231509845153,-2.99001543490109611,-0.148565196161223489,0.581631478255807632,-2.17384540509774871
-0.0767006947172632347,-2.27746885765907958,-0.394693558226791585,1.07864199877057243,1.02783758645162604
-1.19658985720091948,-0.857506567473769188,1.90444343798767979,0.514605478887248169,-0.780751151883503969
-0.997662596874374974,2.83634023685981562,1.95374004969453896,0.749097037550077727,-1.26872312103487905
-0.571814688216763511,-0.920439748581286299,-0.734556773609719271,0.452468802554529703,-1.0492070161351561
-0.203735727581538933,-1.66803535211013743,-5.50959223315576541,-0.0837491181901011822,-1.07885727784602037
-0.116234437860669254,3.95370979988248461,-1.2865945757483761,-1.01174771471519054,-1.00402256346706964
0.0553024647565920416,0.936969197893957051,-1.93471341846536138,-0.857836680828642728,-0.66789766340247847
0.973202761025559138,-1.805125173507379,-3.59470279116557556,-1.16810301980436448,0.0546714696975024311
4.59932365881655958,1.37805384341120951,-0.800198126169345048,-0.293343299371202404,2.1833201838851144
3.84432557472030689,1.06629831837332123,0.33699549088427988,2.98501809428141707,2.52294421241415678
2.25480490187409721,3.44838401049341137,3.852134874876322,3.06665872858091326,2.47729609889517066
0.533427739206299822,-1.14038119877597444,1.28499295283990644,0.148746815339358046,0.544142552654450662
-2.54448792171123328,-4.4714433003952232,0.132835472158784162,-0.568769732524019411,-0.451917223211381447
-2.34532838415411637,-2.38541613096822047,-3.53169886398853183,-0.923671779312741803,-0.445444247386949155
-1.60412081159001385,-0.945042598221469965,-4.4053601241314535,-1.78131874894978703,1.76356462092177502
-0.232368265269398355,0.213818819354941292,-2.11226987710955161,-1.19112278672345195,0.405765052324687903
-0.482568132448275011,-0.178742689153792988,-1.73797008485921656,-0.66035747483352103,0.731545608844825002
-1.07940155120175429,-0.37280034471208634,-1.08125607331038154,-0.284004196659894736,0.620159816848774859
-0.676778484268770852,0.243725474738030301,-0.624448336501765566,-0.262086422911390393,-0.713022143424377974
-0.557776895426825847,0.235210071626366202,-0.220916263313015671,1.14724819676287226,0.641316876017914206
0.0531594087889334169,4.23687727896832111,1.80388306722575731,2.06247321953329932,2.93452316617691844
0.0295093789331460701,4.51213039070614741,4.14941643507875657,5.06583219349531966,1.8726086101141004
-0.202585022847720869,3.988123536968744,5.37250318964300355,3.15092202995945714,0.746640831526134918
-0.200909178984778586,-0.144163005856629139,2.04593536789729091,3.37550686686394785,1.36362921106853663
1.25753023168237177,-1.62234655395289806,-2.50868912986371839,2.38992727000773941,1.47990790089750113
1.66642147707906219,-0.897925246488742945,-1.79169776127864844,1.21526523743249659,0.85082982344836644
-0.0470403852538525888,1.09850227696217306,0.201266244029793817,-1.57682921859381353,-0.888721956677603897
-0.189146403199394048,0.301827592191884153,-0.0148037504625489411,-5.32988241552487541,-2.25247019775421498
0.157124777580576386,-2.01483494132001795,-1.1276977030191746,-4.39615590173918225,-1.75062782777297632
0.0739522408309720436,-1.59211435471264817,-0.389744924809386217,-2.90046063902554518,-1.53022656002000912
0.26160614895450196,-0.833563952388514218,0.0817729968326966206,-2.28649469623122892,-0.512484224112915276
0.129757990290020636,-0.339335065424524518,0.49954179705663676,-1.93622274537986461,-0.053912595062682131
0.156639165658712248,-0.217946265534106121,0.976722789671825464,-1.16453633499872478,-0.742726206808623002
0.303764580942174511,-0.236793817182370803,0.459567660997181326,-1.0897738140508435,-0.71513179137826155
0.277391059287444786,1.70933278284450552,1.25652436222461716,-0.572695064890896166,-0.320255009511979216
0.282058979412799005,5.26083190360057529,3.5830757739524044,0.371877840991833963,0.0320975535815283958
1.30549710306292077,4.65255080525306486,3.26062761740716045,1.01945763323654703,0.940161346252746388
1.05970412920619506,2.70376443035711178,1.624340487983994,0.607423625042129878,0.435833105400368959
-0.0225087430933582841,1.62046240520159079,1.25391369798246033,0.322164804902258628,0.121596206032487955
-0.334944381605897679,-3.28434095735002041,-1.62541955773191082,-0.0733970880584369351,0.0737862925214484849
-0.193740082991196411,-5.05969216708687686,-2.43111255189103526,0.626272632212212521,0.141000923346238094
-0.124074357417889775,-2.9744514726454252,-1.11558894427258148,3.78740572532252928,1.39206416108657116
-0.197367833604758541,-2.10231042347012975,-0.860311479045479666,1.40362526824966394,0.391950661819816137
-0.115333933220973656,-1.71183671288824057,2.42428967210125723,2.07453580458112041,1.01155346528820966
-0.168874392145453994,-1.39181009613194817,0.658584382551382963,-0.601649257318558672,-0.4826944931534905
-0.208166449691772587,-1.06961609053544349,-2.26594368248151268,1.1246488133320578,0.338838006405297321
-0.141310733462910926,-0.840754010914940175,-1.21896780456396225,-0.23896648790575617,-0.56161210045924248
-0.314028456902922803,-0.457275068396929441,-0.695404350358061252,-2.6695734932735351,-1.18884791171137616
2.23090842651687105,1.96042746180281569,0.822333887279344755,-1.73192408597548786,0.681434927043122141
-1.08220742658049218,-1.0626693556320399,-1.85743710914191906,-1.56660688042479168,-2.30269233274589835
2.48417734499383158,0.0859505200630556743,-0.572726022129630974,-1.13631581330050513,-0.019126883037163582
0.355643188044972081,-0.256149324694848857,3.21414122937837643,0.27548787893202642,3.68281206468834865
-2.04400304689374668,-0.813423470352728883,-1.10087220442580436,1.18188715495116825,1.55907700787026271
-1.21360770129596185,-0.51043838806019759,-3.33920027814938569,0.631668097826702191,-3.31343130461381818
-0.584101640212809192,-0.231987677752209104,-1.02650395943605832,-1.23489108812339476,-3.04085880005233422
2.22537889193310479,1.08721336349329345,0.677369410321126852,0.366784613360019607,0.754514141311937725
0.939077987339291265,4.59035053700788698,2.78260261660377006,0.625002586591748566,0.192092953007817258
-1.80584673767605919,2.12324327201742591,0.972839417745140378,1.55807730947098166,0.119918852055545866
-1.04794853994751991,-3.02074528821652466,-2.00103418783139508,-0.379671640353466011,-0.87367648589298097
0.941804312373235253,-1.89926406018894567,2.93820712980099552,-0.710736231721606271,-0.281920697704524215
0.864271764467012926,-0.180627798410808588,4.32278603947877382,0.613383033522615806,1.3160105133394604
-0.8933391747598175,-0.862480206684641093,0.873213766351357834,-0.214999936721733453,0.783492081229388848
-0.280633519690705491,-0.705802851736137549,0.528739834741480341,-0.238044544090032451,2.17835984084486967
3.93871133637270621,0.553050779007897897,-2.40544181523806255,-0.940166806715457826,2.00702903175803815
0.723071938815799564,-0.0323983678152785781,-1.43051865629253738,-1.03460895445447321,0.378330975185233898
-0.374490352645301394,-0.388278358079569341,-1.55654393727474072,-0.767860623725885261,-0.885399157334718301
-1.31263853287636434,0.360071802717748968,3.1288667995806585,0.492458109451261505,1.60531350127035877
-0.556852632396153457,3.69838531341415511,2.11774984106096476,1.41930575661882452,-0.440331820040821054
2.06474953246944448,0.0221151756449085857,-3.89682259022399569,3.45815922694669009,3.66298729971292314
2.47936997692908001,-0.607471672269520702,-2.6044559041053823,0.945032882768734539,-0.0489941244513448712
-1.40217594818815039,3.039874171805518,1.05491860532892701,-1.56725542194908884,-3.46313476335768478
-2.69912494151288795,-1.32213498962410836,-1.15480432291313084,-2.10164700205355404,-2.220090173455183
-1.52963008509417597,-3.30999736182518012,3.31101314943180025,-0.287302865167727572,0.774962748856400041
-0.880079425264065018,-1.40277896890059739,0.442425726503240691,-0.100677801169849035,3.80620248037736442
-0.892110353928701305,-0.877093886366136166,-4.81506591944002871,-1.21327336136840747,1.97741054076147837
0.736528695701794689,-0.614455441967265648,-0.255216582828738436,-0.997075003792745718,-3.03286392629002499
0.921788349475465174,-0.484979878492540761,4.44337924086610059,0.875336784892814856,-1.81830461940435573
-1.16603548763509202,-0.702411386559550155,2.65204034456678217,2.86893877149006249,0.503444705582901775
-0.684888721235484943,-0.395605972257050964,-4.23843756793466131,0.468428090097466721,-1.59373346554755546
-0.291681343659572989,-0.214737124157323406,-4.99883158172470132,-1.90701281410142554,-2.40653570253300586
-0.223173366346194418,-0.0250598582947294812,3.17026959956139764,0.508058224448919793,0.307279059482112871
0.0721659993117529652,-0.250597585304844217,0.455598750563814547,-0.629429942281162003,0.545731654798614185
0.163015238271098345,0.202723178218767813,-3.78579239811984225,-1.84723279259880035,3.4055197807431421
1.21792727017845426,1.63500402163845004,-0.814024872987831771,-1.31512152130656967,2.33713229795620592
0.999900813439283276,1.44071485462818849,0.0557989119137522402,-0.905685707625173086,1.56064416989204546
-0.124306199404520562,-0.774277239831167585,0.0841590681686321118,-0.649110231105327951,-3.55515470927719734
-0.0980950451014526992,3.433725475360208,5.91573373916609491,1.35632845468113561,-2.261769389305889
0.0253441837075298049,4.49172312123298489,4.44732717304284453,1.74631755057483784,-0.586103096998244366
0.19016816762032121,2.34010907963883197,2.12400362301953249,0.911231287955181934,-0.700358384922525889
0.248792760742021862,-2.02629762288620041,-3.42447256770472253,0.447188180337424745,-0.743125040418396776
1.22220217416643351,-3.45052989028974233,-4.91378904981100284,0.682576072491420049,1.0396218314215715
3.81118106162784898,-0.117331433406127422,-1.02931890028558581,1.66830376898871324,4.83366454321090977
-0.146612954744162499,-0.304839801719535619,-0.489231249411579749,2.18435928532228063,2.75039220154899855
-1.47793762952592456,-2.04622019387980059,-1.6104152306520243,1.28464588386343359,-2.4549364517217902
0.902248637797068764,-1.57903446015828997,1.9635964171065432,-2.55339638630951926,-4.2460490294190798
0.520756774459610106,-0.440216652358996985,4.80962253506419302,-1.73357076783292641,1.52846622288636058
-1.19506593526244553,0.966017223116470647,2.43651296991327104,-1.00190637987983888,1.54705254730893738
0.0521787654217973074,-1.35919391654764499,-4.99767002146975337,-2.59427793986329425,-2.03691996424104982
4.37792362261675994,0.00105504158094749112,-0.0695040212965202242,-2.09005698559698638,0.0172786146136044774
2.30198211229261229,0.839478861157005207,2.04439320620422826,-0.845655531087464607,1.92496236532740794
-2.92133320496435278,-1.50831859856765593,1.84229992953786792,-0.514894145695482752,0.163310730707424967
-2.88167554502908141,-1.27651312710568487,2.48463551003926941,0.332362062057416863,-3.19625802110639867
0.611775727776023293,0.0448505803930020208,-0.425223022476423573,-0.410682748576720491,-2.45550342576394609
-1.03465652643193984,-0.298991945520592495,-1.17849508433620875,-0.939201672384271546,-1.93266578145463597
-1.78338710883433293,0.0608000672312151436,-2.65962867925202451,1.48468911134404635,0.0284635711196661104
-1.31706459430976541,0.939400687946859381,-2.90484704996669985,3.15398833104082499,1.28021464290184461
0.325577728862608717,0.757440123630732098,-1.72453922638731405,-0.53062506679430832,1.77244041491062387
4.23063952123192255,3.48078464240489938,1.06427201022316176,-2.28158875527542326,3.40103272588229943
0.644253640201701505,-0.378588161824283009,1.02022518707125753,-1.13247931133181634,1.24267039757202347
-3.65541853928851967,-2.78916066437374077,-2.00350773013573491,-1.40031235892877626,-5.05331581162275256
-2.18837735985753667,0.0118663501259845747,-1.09995587282053031,-0.824731561192211582,-3.5418711664806497
-1.09405867130029089,-0.403116022116407402,-1.72081949993192351,-1.09512518585508367,3.0374104598181737
-0.979156252117646342,3.00135679780639197,1.31832553661137752,-0.309660018214926447,0.208918042739422327
-0.750794873617450009,3.72203322226636724,2.120316164990935,2.15222290614853184,-1.56421630757161645
0.0426320041842005726,1.45714229282661689,1.27168447377900784,4.53143919566789233,2.04863835608643274
4.39883070373683616,-2.0872066400500584,-1.72487683869783992,3.39235957398747567,2.4785922150241726
4.03275602855955384,-1.7132046724352501,-1.12169800710232925,2.03524330906951612,1.74432255193636232
1.66167986354950781,0.903565371111277771,1.2061877418648328,0.428879315359355584,1.41529124775176229
-3.08857581382036317,-1.46465483230230964,-0.543834929055315164,-1.79547961972140646,1.2559819126581242
1.2148238994380276,-2.63349254781189535,-1.08938969332216917,0.365899583061335243,-0.177560277429654412
1.13909848979316974,1.0157514017339242,1.21451520651314038,-2.17941413710022891,-2.59660425790663396
-3.7640536575046748,-0.467740559746720685,0.339667186965359857,-3.27111910783532744,-3.34695413241089312
-3.34695187065929645,-3.53896851585364081,-0.0481333852244705887,-2.26748645699989515,-1.78901033426485001
1.21712347040770164,-0.777768684410832356,3.68504903730889888,0.145257676496932164,0.767137057739231798
-1.48269338636180326,1.97404822620309295,0.674439955623580945,-1.00424760178806705,-1.39791727619971984
-2.61720851754952966,-1.86210054801915592,-2.84956650895906227,-1.4497474270196824,-1.51069562129064638
-1.47531589121964246,-2.27993256704607772,0.719441782534936403,0.206728814660357696,4.20707291415665718
0.551092689733323926,-0.536784933024933575,2.76898718555362811,-0.473663069721753371,4.24506850199284003
0.274058417493890261,-0.490082692989811219,-1.14233617974387025,-0.916961095147154404,0.492038990498243844
3.2361348661183249,0.346556250766160145,-1.23410519112756023,-0.617821718327356328,-2.27766595058995014
1.7244245727128158,0.303418670496950482,-0.0927334427434492459,0.0398381419170650911,2.97728962284798726
2.99209871211777845,1.11315252112618523,4.85298419429967343,1.18979216863368653,1.65638331643652736
1.09950379605694204,0.530411276823056332,4.55789224014588701,1.67555858150796944,1.72129871046158311
-1.035180082687988,-0.342518947607178936,-1.2405158591516765,0.352256492350095984,-1.26650929748936902
-1.27898773682727906,2.07818243352997767,2.03541473537937678,0.771891378391534433,1.47666744746279543
-3.10380158575186815,1.8295346586677852,1.16702924880353343,0.980851673718127981,0.229203575166311846
-2.1622424921876795,-0.73691339492093122,-4.44749841580803817,-0.438613530090126547,-4.97894237245798976
-1.2282653919884865,-1.38943398868593482,-4.45768325015498057,-0.884884734143054019,-3.53787167072375919
-1.07068249543034355,-0.187973872570600747,-0.534168288864662166,-0.305318434317345344,1.06701560739206935
-0.594712679430695057,1.64034146549361148,2.31500359337911776,1.04429762225856959,3.44007772912538101
0.146146703363955105,-0.562500738622449981,1.03420223265542122,0.667133840523263522,2.6896588162722872
0.329999168140255539,-0.554270307642550697,3.28129702137405266,1.82169546695198625,2.18259409652864322
0.12405936889441907,0.762729644528706063,0.563293408446866928,1.051084304384444,-1.98483030414957651
0.190991344550247494,0.251939096316688538,-4.61008561146366702,-0.403278941493730725,-5.35388131009279888
0.551186978778264947,-0.351543110908201117,1.00338540614146088,3.82038123486460179,0.606704162741746211
0.675530343342702788,0.0668030043228669823,-2.38643179601308253,3.85846281069059138,1.21066663102714056
0.974689976000677527,0.265753913628132166,-1.11718708634754926,0.296153635211468702,-1.9426910717392758
0.904510498714152122,0.264270912399943492,-2.02735353072762559,-3.09867408745414563,-3.25425344295066354
0.787201604720995207,3.16837115535300429,-0.735113004083199351,-1.25782447575204981,-0.661140319538655707
-0.950085930432831294,0.83088210746614366,-0.725250104219563818,-1.31098536130173926,-1.58400937130283936
-0.612656143152907728,3.08700926610547377,1.45534104594271918,-0.149200980217218004,-0.801508870418875419
-0.493549066443371875,0.439534439168153268,-0.0472924626282541852,-0.879225886839600457,-0.742881665073420794
-0.219895942171493608,-2.98175952767361174,-2.38029571250899341,-1.61052333029786698,-1.00512154274435828
-0.207044111189962077,-3.30753954558757712,-1.56017852154681358,2.48454341826057767,0.450590621157101467
-0.190582682203913445,0.281888593904363716,0.206349076537992476,4.29860271403514638,0.657496472071484206
0.164503727597230143,2.55512213762690665,1.62487669998335571,-1.57854257679171406,-0.498449902235140407
0.259921901147940948,0.404290140322766778,1.04149473768010892,-0.847534425750482767,0.827108773664189334
0.181964448574208737,1.11171111666237388,3.48859237130291033,5.64677026284562089,3.22936687768198638
1.08861149740015883,-0.174287931733830392,1.44495585530548154,3.53660924895482687,1.18335010581244404
1.95635321596542444,0.417085049826688259,-1.68221083214223199,-2.13220341140757785,-0.300154458557917114
-0.359614914852300627,-0.204787634561210519,-0.416748620210721898,-6.47061317845128769,2.6052718676339075
-0.337053725606350552,-2.99591452328180541,-0.947540787927307115,-2.22710399216353672,-0.232478954534213522
0.331251462477135161,0.740130359656693715,-0.589289117357408854,0.879623061118861904,1.38713011029997668
1.39202522727481348,0.0369579708184941541,-0.424223992347518508,1.19218676214559172,-0.199200951487644495
0.960961163852738776,-2.63937231571973907,-1.9154974397352309,-2.96954885939197188,-0.990949959582954398
-0.813519869774722348,-3.07939648487792361,-1.76519940430677869,-3.36315588555997902,-1.75578560592643962
-0.403792175279478582,2.13230024573833488,1.13624077046473015,0.391558144450180334,-1.2281345167343185
0.165044555805127724,3.00033637266766195,1.94198542689038822,0.78039978774944474,-0.607454667352775535
0.04341890368153771,-0.150186275753911413,-0.305880460734872683,-0.566791207866169544,-0.621216203373349374
-0.219959999565430164,-3.51509534172782789,0.737184607391556224,0.341511667000512997,3.0868719868786707
0.143342161421637637,-3.36823253810246781,3.00278758742066509,4.64790685285034488,2.27879092007603079
0.0725872095494079356,-2.06458634196326463,-1.60948191301371368,-0.54711450040417331,-2.66147734110317158
2.43825689446721583,-0.0563746252644017481,-2.97629923454668521,-4.26598377413527086,0.210883043901297418
4.93888456143336718,1.9643295861076473,0.925395300604975879,0.908863614260241426,2.19137585959792958
3.33767316614673604,1.83692261617244701,0.212433520920829039,4.45344857821973417,2.7178398199149929
1.9050017301284925,1.87519788142951493,-0.660594211990630287,2.56935983511634136,4.02871276023577973
1.56262224049369869,1.70733290025526885,0.111645955996296328,2.77539113884956645,1.83167748957393606
0.588393210176163306,0.880687058689533453,0.00184601916603033701,-2.20662848009955148,-2.67248593695051273
-0.0910170656621962088,0.499199513725039346,0.904410031806454962,-3.46077213903287451,0.0871753651978940253
-3.16603556171785527,-1.26683282002496789,1.67808395658109255,0.385772570846282248,0.920049323591094592
-6.60295600895543178,-2.36163451001697222,-2.06298855029285022,-0.974723717081887986,-4.76593846867676696
-4.20256054241944543,1.74992259884262569,0.604415957908620682,0.443888988461495715,0.326401600779830159
-2.74792490783592713,3.33374242473702864,1.52230271666229222,-0.0878262488243475303,1.47974809275660713
-1.32387069309582084,2.19285741589807115,0.636776141388509132,1.58310193361381302,-0.25944648471546683
-1.69692262706845987,-1.75469398674086485,-2.05132860306015852,0.8683854497922322,-5.55824827002142285
-2.60169491235927808,-4.25321643973370467,-2.75110106871363724,-3.12596354483331851,0.393474619201261366
-1.62589388045275451,-0.348126282348216853,-0.244895084355792686,-0.938580843554072453,-0.478346596270688651
2.66305714163550267,0.651679541081927383,0.250312676894263841,0.142005903806937839,-3.02496797399283235
3.31822944288073174,2.10930684895483544,0.961352760619863522,-0.0416630423643127926,-1.16251100254894912
1.00386279441309045,-0.304987894949155125,-0.0606816042142275455,-0.496427287805617679,-1.85183244750291864
-3.87482429572729448,-3.17028741363622224,-1.68303184216056101,-1.1152300555733119,-3.46342315527850086
-2.09246457476945746,-3.10450955561376407,-1.1223565646609559,-0.370314912435568078,-1.65290162621117753
3.71601280900282305,2.07077777125310281,1.53251611263601184,0.850601152484306233,2.70102749802552555
1.75323972828771812,0.487305129140809701,0.938736244159896871,0.860737019801695813,0.0312610164402518653
-4.20241778580804759,-2.04662299034609152,-1.31961521159262052,-0.671429127994789376,-3.06932583339098253
-2.51938731693978113,-2.62951705190292051,-0.96133866523466871,-0.232395460474359938,-1.03615260320431712
-0.120928309270128612,-1.83866254186164491,-0.12719148086527346,0.28524592432831114,0.0314595701639878017
-0.491409293788260981,-1.15250119797843964,0.206350775819947402,1.5311723021814494,0.395063032020208538
-0.34965654521531303,-0.320909107711761399,0.0311172118859792436,4.78748921744497924,4.56742358830285866
1.02485869341826286,0.366666650500503621,0.279864957266008796,1.41994743740629747,3.70845075465415874
0.408854807648858232,0.202766996841375446,0.340026074104659237,4.0813235266602117,3.84133586626817136
0.182543667628187134,0.289968619007886952,0.396587382733567084,3.36646161234950547,0.710356070774730508
0.74516095128237847,1.16461613463348601,1.64704090331438024,-2.45206599048849228,-0.909535969875957639
0.780015437986019355,4.72422266349341058,3.66052353765555072,-3.94177657503239987,3.38969797046581256
0.953459378911219568,4.90268485796244935,2.89996926886864692,0.356251996649687264,-1.10381397131146164
0.887226621772467805,1.30897959708241052,1.97596347872018274,-0.916413431714784066,-3.41171586344041078
1.1453108380744057,-1.37477521407865733,-2.03003308590124432,-3.71125420806323847,-0.863811886444049271
1.15617153027863462,-1.38566434424664053,-0.760482417467897243,-1.57682504752119224,3.94189155519563261
1.25998875525435694,-0.723949494506980651,3.92350409621789087,2.76567338147238351,1.49230434671369339
1.20927415580914377,-0.412261566034620275,2.33447281704617149,1.45280332614501262,-2.90357355621087976
1.10272657618283088,1.38013947053993302,-3.15343783004567513,-4.7084705497389816,-1.7829258927911904
2.01695672505486767,5.11955142626921411,-0.700516639256751228,-2.37387802425665573,0.287107958912738104
2.67602921385543358,4.55195615879839099,0.998401927450271343,3.67281595301796626,0.945579300203129525
0.209902545746017133,2.7866835507474681,-0.361478032819489981,2.32743367235456722,-0.0727510739229319109
0.0347229300074459041,-0.500545443106279464,-1.34391985379267043,-2.83948901171027135,-0.0366369718949003526
0.612718271042748786,-2.99205903643738313,-0.0495721765720722671,0.0673283790566258644,0.219343536467455968
0.379211692635010478,-3.54365166487640781,-2.5354228141550843,-2.1610201942874907,-0.132966962479995288
0.348821498644550865,-3.04481382000423695,-1.53974523083222992,-2.35860178402331,1.09671713206263011
2.1817139123321363,-1.48724869092204881,2.94316558232627612,3.67287455663238793,2.38432303983495375
3.64142203043888513,0.302015418587448625,2.17721989776946945,2.58609838748949894,2.18899755496306936
4.14359892061744972,1.29998170404852353,-1.32313974233275045,-3.70953713598313595,1.76490566772879554
2.87815379689212936,1.05620253363238481,-4.22008399937424006,-4.36051961097338925,1.46436573439437123
1.32184063765295501,0.500353724583459947,-2.4602933254170809,-0.283848649411630072,0.922889093718719411
0.963018668253050825,-0.0313305877174687858,-1.25780531493689374,-0.266286614896498797,0.679883626943692754
0.389236843569397639,-0.126641498766927985,0.271343557509987177,0.0014723352562567224,0.405162203779288133
-0.980512692554514453,-0.672353410212360725,-0.972152070533154444,-0.194129375851050445,-0.429385659209262527
-5.13000261819138625,-3.03985222424013513,-3.32895652957967725,-1.03779558949404183,0.955489047380767231
-6.3950817141546441,-3.70503234073125265,-2.69973136802798708,1.45524790287557648,0.371934378253997777
-3.91393573493284563,-2.99436351387621924,-1.25633226057881786,4.74776016766683462,-2.63439765586098273
-3.23395066861622293,-2.36768627473791016,2.28954661148691008,3.81410751692096239,1.66727785535156414
-3.00053291724906623,-1.73183202378609802,0.261666775910104787,-2.28211203136482199,-1.57086664266840348
-2.06118476665703643,-1.32066952095664969,-0.0312165362655956978,-4.15032364050447722,0.994328607606957848
-1.64644634424951941,-0.475813885090213828,2.20053610375052777,2.21193506173426924,1.67138110993082067
-0.881429407447570368,0.922972617119404815,0.847951440536466761,1.31606853941445245,-3.75980720276267721
-1.2331023259687488,3.49694891803664509,1.71996204848862377,-0.997878653641428248,-2.39401322178467968
-1.08247504086055257,0.406065519126450558,2.04311703409280554,-0.119473338694976172,0.0560402685295463415
-0.25893461237921428,-1.68602886418030473,-1.74797006032234936,0.834092544659449597,-0.213247543047993537
1.8908476225804296,-0.0761928072435782561,-2.98388536170425445,4.43393541201439145,-1.11554341552129288
0.369499660086021919,-0.52630747783463705,0.535312599858694727,3.84613517877100453,-0.946296767144080175
-1.34965371767270814,-0.603963654260438743,-0.0400130447205473347,1.28091676175455316,2.53693424691123992
0.0671038584101524699,-0.317141897083927926,-1.92665848736148981,-4.5915897477117813,-1.87911256671363014
0.370855617770246837,-0.129889054605377696,-0.866523566081480512,-2.73655513960943564,-1.01512238109786712
0.129573455091030409,0.20094026827498479,0.84238995499115954,3.64861889248585669,1.2231506303237345
0.455345219308684268,2.5809255314111228,4.49395034590168674,0.958627178197616003,-3.00239517272019363
0.67009747584971624,0.894319424421809783,3.57815814005464317,-4.91157294116663401,-3.00690971463321643
0.580964485417873933,-0.287193129777317369,-2.26002695546670163,-4.27619577620718783,-0.551095651081157212
0.831990568113021634,3.66518310530327529,-1.41963524270248853,-1.19334577474014192,-1.2150078265662827
0.738952112606220846,4.6491097247157338,2.301143535916645,0.0629742463073391656,-1.08446707575562273
0.941573072657111543,1.47753261703669292,0.100221802673796739,3.7653615518288488,1.72040708178214796
-1.16407175914249783,-1.60531084266615731,-1.63504460756623349,-2.14100635919502524,-2.04378237087568859
-0.789575717752895923,-1.19761300140465132,-1.2721397491947537,-1.72958618615477233,2.29339087562411859
-0.57548821152946017,-0.859805926626740158,-0.824410459254890204,-1.25875730770704308,2.48366374580538318
-0.42314846267626316,-0.400899586949201747,-0.406907247227557223,0.202756829448566794,-1.81592533455116789
-0.267579784181750435,3.81713095656638135,2.32181600549732847,4.67459760778426769,-0.226484870857958265
-0.00651447699195581431,2.74654311031442244,1.31017356596597812,2.24634115647109356,-0.823436915674386594
0.408476091774349626,-1.80347065487063762,0.854277990227526818,0.645921760342312412,1.78993944497334723
4.31954639118929418,-0.414028847312963577,1.58603643861008292,3.95307630646601238,3.12365510967003779
1.96972160504591942,-0.712903340463189927,-1.99447953103641384,2.26787256262209702,-0.316308718309461667
-1.50826579638706004,-1.42490000361711844,-0.749618752488231177,-0.242561088334170089,-2.52875555293616827
-1.27394644289132519,-0.0160411026088110378,2.77904319185838355,-1.39090906441174544,-1.22382469208248823
-0.493220036385448202,-0.436164690467277738,-1.62422170314022574,-3.28961291815486812,-2.69768106216290082
-0.255623639814403614,2.3927264113410307,0.218304685416850358,-3.34040855277811399,-2.59825614738246014
-0.321030131917979578,0.42448963287636049,-0.45773699488990971,-1.89529522975918097,-1.57574489577111265
0.0537138484277553119,-1.93935201299669102,0.182972453729133705,-1.50755217820936882,-0.52214340130810577
-0.00949249604872190456,-0.619545539264767298,1.42346070848760653,-0.232259428351517777,0.732792211442049868
0.235557601561130953,0.102370066933270817,4.03602024984959495,3.68960878437985818,2.27170972087717749
1.11207166416648762,3.167625064784934,2.2592306988957338,1.63490312862613552,1.21128961629854492
3.86513120623971096,1.19384906585528294,-3.29427952101769517,-1.35903649469604959,1.30230296359466391
3.83744288955246171,0.706851976381969838,-1.37985547767153371,2.23023598909619647,4.56373229199844843
-0.87425792615032405,3.53669334972487404,1.17212307263044213,0.031757360931844808,3.25403220215156086
-2.34425222196662553,0.872774439502088439,-0.996571298202038047,-2.23011924722559085,0.896222863722008101
-1.2593337078388549,-4.31238556664583328,-3.10662695993172555,-2.59089315458246139,-3.53589910230568272
-1.04348951190010841,-2.62406412680078249,-1.75530003045332195,-1.63360274531547178,-2.06555455963375234
-1.11109106139648328,-1.01379407750225425,-1.15803635017576489,-1.03016048884152367,0.938055149141955535
-0.818583678353707933,-1.310177869934541,-0.869519953088062625,-0.195697382393309333,-2.00567924835505895
-0.545763359328759634,-0.957945701241868841,-0.708530251313829629,4.40011140056000105,1.49906204140773203
0.335210636208446378,0.0496560456501662847,-0.128559040419132603,4.5821525614323777,1.69767216459697101
2.86274680426526862,2.75176478012803072,1.86539818355132425,3.26137840102211163,1.44142055604260722
-0.0137037898045932055,4.40128767450662739,5.31742883271478917,0.164289272199490993,-1.04465358190074231
2.8836019445713208,3.17525106890173658,3.44449993558998901,0.0900243374076285241,0.494495429596817526
3.37799570931750504,-1.17795383598485515,-3.03184792662165492,-2.02685879116208723,0.0638302648547809937
1.0798144865875976,-3.05347078985918552,-2.55690258260556202,-3.25923178636414379,-1.68679674507484822
-3.17759346685532051,-2.91800035299611737,-1.36745264781187936,-1.71975042463373584,-0.566713817764764372
-3.53361525806022803,-1.31872944711423079,3.77940400725645409,3.44370582903804845,1.63980826715010974
-2.31548754354968223,0.828172667652416816,1.71147623885535061,0.986315318656269757,-1.83855941005044943
-1.88207965849731562,3.16053652971627486,-0.153550828436534142,-2.36398398145525146,-2.63157567219101063
-0.022211160161164728,2.17841398218477078,1.77163164687563701,-1.26358147303757873,0.459828230109085079
3.32424927856992714,-1.10304189376380823,2.3220578683801798,1.24820810330727805,4.05494974077371051
0.537845875831678866,-4.1193441163175839,-3.94864871729385358,0.0597751076003276427,1.88118908109831384
-3.14157930057674184,-3.28671611569133137,-4.83466579645467309,1.15633309315310484,-1.79100779063532345
-2.44032020237151936,-1.94838416371020706,-2.04948672564362466,-1.87239808032521848,-2.40006456562324288
-1.23562362461260467,-1.63834995284834517,-1.65945875862993653,-3.25240226372153485,-0.448935015479791866
-1.1000975613805799,-1.27891818694785164,-1.23455841771424857,-1.82725767670186423,-3.29340092601173096
-0.26260127824849,3.96089091279921712,2.18135675677299679,-0.167740723432086097,-2.48329426992222402
3.86786782019574327,2.61184108531351589,0.608619096037532614,0.762173490337289095,1.06272372652833358
2.89362631484066224,-2.17263668376682384,-1.65547713719002876,-0.253884670233440191,0.48187540290478531
-0.7429165688751036,-0.18955916484254387,-0.0364399044988524962,1.45217615659590016,-0.642481590059571839
-2.21684805345359681,0.849075411367640753,-0.054198908639475088,5.12268013950845624,1.80465785284616675
-1.70345953233007852,-1.24564890245606774,-0.170226872560464232,3.34705905632934364,2.04982513171577274
-0.858416984759871937,3.13710209146610275,2.20784565197833471,-1.24441059005764254,-0.243945840652637413
-0.0555888637217306358,-1.3138660849342414,-0.9191096078713763,-2.76080362882261943,1.0856312644907784
-0.547433173696538988,-0.170518762590378514,0.472324233716756858,-1.25461470102866923,-1.46789164418775231
-0.463326646544856224,-1.28728588881754336,-0.632722753838871776,-0.880838439793530381,-2.65593617202699361
-0.0766493405163574948,-1.99927726899892155,-0.597178168549664656,-1.11232159119398499,-1.55242980514486684
3.8306559100038915,0.990185837462201013,1.01715223910955177,-0.407805067733764681,3.80202002731732147
2.90501106759484173,0.375990090924224751,0.28088449588062514,0.327806296148679066,3.69967146777789502
-0.935320103023921323,-1.61113759127242706,-0.428482197312999968,-0.0316256847784535944,2.68769133014146577
-1.22958763876826183,2.43305737344571682,4.87532861187878019,1.19485232009129549,-0.00346970159387625238
-0.259298622013756086,3.44377364565761512,2.71225751415282845,3.04411227396392015,-1.90451198041929581
1.4686508481006344,-1.69205023138959931,-1.62097725440947094,0.622994468134977386,-1.64091947344934463
-0.0925417442095105292,-2.61734038885640752,2.52885224069880721,1.66259469821017181,1.23053149538782813
-0.447061309528955175,2.81333139714098435,0.982342738210523203,0.936908712570065361,-1.02454203006529077
1.22315272944037945,4.11443088902179621,0.845176226296634692,0.645978432222889198,-0.952813333062759615
1.04488790381307406,1.83501833423304372,1.3149555931459298,0.882193621250747961,-0.511700306977180719
-0.574929165361663053,-2.26275594816594561,-0.74167697963845669,0.584446408730075473,-0.624062410210794671
-0.351800690807538619,-3.09238295907244565,-3.72326093568076422,0.516624753883857535,-0.155013941020024248
2.76526949861626603,3.31286522576635223,1.33584220668153075,4.32482702632057592,3.34649690466839855
3.12005662369887116,3.56163492576935248,3.96693439043259977,4.39912683343454258,5.03114818423007826
3.84418159273572169,1.63457008274401838,1.83834536624775713,1.42773543135949765,3.31932691932308499
2.98362885369138242,1.6576623859264763,-1.6470613179492446,-3.1724122881180743,2.30472171632208855
1.7765385772196125,1.06070825456070938,-1.25340716315920142,-0.728170761524769561,2.33047594490067489
-2.10419226129542158,-1.17603505136989783,-2.24518026023493711,-0.3698980665422541,-0.263756641794148428
-4.42946915447076162,-6.16113039659190864,-4.82986721994466084,-2.64734257313539967,-5.2557046618912624
-2.97179674290891294,-4.76359952070386417,0.340941658387877045,1.25196285923726069,-1.89224523479565887
-2.20203496285806777,0.812330857804929973,0.341813644806524985,0.609640811703339724,-1.16840089412915038
-2.01913038848951709,1.33866464831185006,-1.58434703933961951,-3.89266910105718544,-3.81896771659665735
0.383554103504721189,-1.80792683662543485,-2.60501484654111604,-2.08623642185238234,-1.22067108973590033
3.4244403891280295,-2.09995777981713339,-1.79575978176722306,-2.67704728344859655,-0.189679961651898099
1.03668262953621815,-2.29656769592681798,-0.27526092764672272,-4.12298082852062819,-2.01957646051895434
-3.0265428949672617,-2.811837286411631,-2.08701067202673007,-3.10157251117657884,-3.4907618236173179
-2.86791448454453279,-1.82143469541062908,-2.16886646355343871,-3.09478585589080302,-2.84102306541042049
-1.63935816360439279,-1.107053951797351,-0.294675945539483397,-2.00573131845812913,-1.72593627316705023
1.36429611088316705,2.44216880194616914,4.39802584757850479,0.404108285708476234,3.53995568477529243
1.41756525733312366,0.196807604942077996,2.62286622564925587,1.99319667932184919,3.79221365828031187
1.80523949220061919,0.397580611544435913,-2.42813313997441726,-0.330787825492454668,-0.0703184745403743761
1.97317250742139061,0.456841055392315842,-1.71137906660149741,0.394070974209721592,0.696313620717467163
-2.11236639915315783,-0.932160291260433427,-0.78485964803199515,4.34985228492407572,1.61963894661309205
-2.96012085528094815,-0.446888824521951278,1.54478295689455813,3.4111114617400351,0.623009840032405449
-1.67654392374062566,0.326201625423020947,0.123698391214309686,0.572715872404965354,-1.18656776409857057
-1.07286247107175003,0.286627628057865513,-1.16890194906915679,-0.716400163987564231,-1.25117097201540473
1.04228365133299894,1.53833750550451276,1.40929987456401484,-0.917535241357922082,-0.248204724875009386
0.863735438928919352,0.862834283120883283,4.87965945928953371,1.01472330350634676,1.08545753479905027
-1.09848066553953427,0.560090379358669788,2.31991656146694281,4.03498951845399834,3.41768219415248087
-0.400490462897887922,2.19598829617205382,-0.618756900418121258,2.40176745360963473,1.50652960164375216
1.40571942168880115,3.54184881917528127,4.11514147019896903,-0.454715213891520587,-0.386743529464106117
-0.321121137160271686,0.513314515163438956,1.2348956516853129,-1.55401060385326173,-1.68212233454717541
-0.957800507801795264,-0.645525004492297105,-4.88726242494582852,-3.35524844805776512,-2.20585943792739592
-0.238188187899800424,0.0823626281681715672,-2.33182007397475743,-3.46801093991581233,-2.24209796248118787
0.219890592851320205,0.36561492999441475,-0.358888988177515134,-2.19927168759009017,0.0933654984906091001
-0.980563721012319367,-1.6246479422696305,1.03490599948207818,-0.251521846456900788,-1.41844392219762216
1.59994342992793825,-0.830096795678298527,3.27053573184784652,0.918781021543396803,0.587021644813276233
0.560672342137945812,1.05071186741199596,1.0518492279156717,-0.00555762288389965997,-0.252118985689772757
-1.7520148793470427,0.591834330508210105,0.197997962898135288,0.0728932330970405717,-0.956891428486872919
-0.899192903837718771,-1.38726218833782444,-0.773929563137243703,-0.408011284500327587,-0.997697878949892591
3.28285871521482431,-0.230563808569464818,-1.8923913468210094,-0.669778246550146061,1.3149086775694816
-0.0168366803704405772,-0.0727317147395461217,-3.98824992810195322,-1.11105469968121096,-0.576242964400128899
-1.91647095501351994,-0.988779172526129679,-3.28660272766349548,-1.01194093203750213,-1.22878141427065146
3.73147361301504787,0.875010594184943313,-1.04321263110887852,-0.0849563144188124619,2.12526122669957385
1.62431309782617928,3.36520645681886776,3.00463489321447064,1.47237044403444139,1.65257288798791513
-3.48469703695839117,2.05413225845284586,0.452395827130497641,3.71982428820294375,1.03463531809529496
-2.65057659806315904,2.61508390766886478,0.362302271364000839,0.48325102843574097,-0.119976386405419536
-0.398483903402817974,2.39602602435216561,1.77273792644977535,1.57097103014813411,1.29271548270278247
-0.677392038324516776,-1.05101611392919492,-1.99357893513350981,1.76015657482928933,0.640183075566302717
-0.904037180110225491,-4.44178205892561273,-3.93984993974528086,-1.85103909392017929,-1.71351946879152672
-0.611148041099294992,-2.90414333001241198,-2.2949132455449992,-1.95117074681292024,-1.36934611988078503
-0.362191483358827837,-1.68707598601011988,-1.24948882843415898,2.92705508366446931,1.93832442305445496
3.93729645995344857,0.931710612056751319,0.673154887722562156,1.16013260298517773,2.23455279401098128
3.07346370819156389,1.62121539937636672,3.1505260975864342,-2.27668188827714468,0.0291298974493852496
-2.25432673900024572,-1.51231766150402724,4.24872037068692521,-1.0997984396127185,-1.76081782135652354
-2.24378326823649665,-0.806853380327626324,1.10386785683985367,-1.2476788817477491,-0.497045502670659722
-0.425193770399963145,3.13433589342565933,-0.206333441384256883,-1.65040166002273847,3.73407151821887862
0.714478829126283133,1.42491668082385581,-0.956482516810727379,-1.55837347387204117,0.487970452960788559
4.72035339997954573,-1.69123403352611779,-1.56012853861187217,-0.149138751201235487,3.64914561615959787
1.01207535314518093,-2.02233329670612871,-1.7588183700589104,-0.494759883049558535,-0.262995294268147162
-3.79096028295572562,-2.23412963616849058,-1.73845216289262705,-1.7243992163620121,-7.10897538085819569
-1.8091152931100607,-1.58982321885637767,-1.11336944643833036,-1.16473307442305463,-3.58504455296078905
-0.573570389398597724,-1.61146337515129057,3.11330933695381207,0.598336822310669536,-0.619968764132583172
-0.677813044243620655,-1.30977041749848944,3.93859988361017921,1.15821028668231518,0.15608030980998816
-0.66660608185572956,0.822218540969733125,0.0737041825637066161,-0.288501763816990386,3.08130727859527331
-0.172289542285685465,2.89510692460001184,0.856019809399501286,0.187418050439171063,-0.598518953630112094
2.83051502178641101,-0.317697483786161916,-1.77132590163844106,-0.370472656576413928,2.83469839288464831
2.31404213945609261,-0.96299508471938855,-0.84350247813791468,-0.193429307846169296,0.615135322920350114
-1.79072529123158874,0.0505939827370288919,-1.28164116184883148,-0.142048516121704771,-5.36172667433326566
-1.74535194966065954,-0.233189230206072046,-1.78125014680731208,-0.206214730855974082,-3.20654505934462408
-0.630769076113889882,-1.09527822119466856,-1.56925157365745904,-0.137656940339583755,-0.140228052633961847
-0.510309022943366775,-0.788577158506012399,-0.686481587171981711,0.423091686633452868,-0.371348803374963232
0.03219313223771951,-0.234906446199468349,4.50602365720307141,2.19120428742555839,-0.446757452444029091
2.58508263535202065,0.609952345702588827,4.33884036202550938,2.30262932552843447,4.47421766405205013
-0.432736288695405646,0.378566983970972659,0.785660961690765824,0.931939795811568161,3.62729216799098397
-0.907751655009514491,-0.278868122890976844,-4.05558179521424211,-0.00200179602067696027,-2.91174043399168392
-0.287226247514404787,0.273356084073344219,-1.74289329411023775,3.722491950017635,-0.754840623691463541
-0.00397339006789961327,0.658857381060809377,-0.337628704288286507,-0.0525206501074798882,2.38189161335037403
0.340358155407051444,1.33225191098098272,-1.20555693460183222,0.804414332354746686,1.46968579366382035
0.319183121625186972,2.84935438764920335,0.0287543773835937377,0.555537634118954071,-2.09794885011628462
0.155156043336981325,3.4318793404034329,0.898705127799435233,-1.05460780958785083,-1.85256078991151774
0.17513955689214214,0.453672872540440641,-0.855150163074018699,-1.34028885428359401,-2.00435452025515115
0.331155464919207498,-2.13757653356043509,-1.7169403365037994,-1.12206836415206213,-1.64813861853321519
0.117066162217256339,-1.26074418983142644,-1.12161863261174299,-0.940117761926890116,-0.892986841287422783
0.267295345583277555,-0.543751651073753006,-0.510213083833715442,-0.644293957396371075,-0.497099743298792141
0.338463099316565541,-0.510132033972868326,3.71903587597476015,0.836020895549494103,0.342208790371879901
0.334386082766996606,-0.246795584084258196,0.554468391889047729,-0.0426970003594748793,0.516789380849785984
0.283706113974545537,-0.189749698554224216,-0.417440808311346667,-0.33058689886244641,4.05135511816901506
2.08589725333885401,0.0656637614013410864,2.93460415085875104,0.996241052552325645,0.67725406577572056
2.21689047563400088,3.4071635809127887,0.758077003153584394,0.276513481643144765,-0.492301400907121045
2.15721630268573694,1.34628315697598966,-1.5296982377800854,-0.468076298076379294,1.77495701863095112
-1.09827627411895823,-0.279592025096582542,-0.0801407701685374618,-0.0624274770493041808,0.431438134059078326
-0.514536643780224456,-0.134284221871299375,3.86745632132779393,1.44552998792291953,4.6972614921856195
-0.718508303467821463,-1.32479268730930655,2.4921771615498467,1.18571130757064847,4.00272925257729106
0.46381381846203501,-0.0448242509646163689,-1.78690135203621669,-0.644931994358137972,-0.00821949123861033873
-0.746001217204028677,1.53544150820281544,-2.19381209970507651,-0.424648448698348946,-4.92611579602936978
-1.69920450748883844,3.11278348782335446,0.191572686657553198,-0.0193965809076153683,2.14792137097098568
-1.27682749179624899,1.56815403554543242,-0.434163273688739193,0.0857891140203275171,2.0472974123728247
-0.74453366397685028,-3.1895204547090823,0.576001602530407886,0.564426565389083534,-3.73921496934645736
1.4178659020892912,-3.68851127778718402,-2.34579601261189596,-0.633512101468698963,-3.44176786458495965
2.43426848518773342,-0.751945810102111589,-3.22057212528517711,-1.01028946261510777,-0.0213176781324264826
-1.89843204553408729,-0.184814304056811679,0.00137549791035349034,0.159058857250838181,-1.54238573801750301
-1.19797176767143321,-1.20800819944425974,1.97486080215044191,0.993107537508077898,0.536519627189192438
-0.847865382540540224,-2.56027210452808651,-2.55327345911250925,-0.64394657627724472,-0.217124169686957191
-1.09513530084924904,-1.99504471407314954,-4.25226252997335941,-1.1700070181304445,-2.43785846854494803
-0.939111330803122479,-1.35472212913034795,-2.28480902407999631,-0.596558594616485971,-1.32231916271423589
-0.955716041819263507,-1.14875717950224132,-1.46829408604124878,-0.228860000085012727,-0.473759750663989121
-0.544840868421104241,-0.332990523213227085,-0.662139204233408996,1.01329276729766349,0.201032696235087099
-0.422186537965396014,1.29079919448020042,0.0448012352989893559,-0.158922248962326429,-0.252262841289459527
-0.336237462144923394,-0.555573623595073451,-0.608167156235724149,-0.0200743185531397916,-0.152891059410400404
-0.106957789489916813,-1.19772667041844794,2.5937133088113562,4.55591987904769447,3.18458994465706935
-0.0492575368686326148,-0.384699347652734724,0.330204495449356927,1.59081093591568901,1.02710228312458884
-0.0248323464244558263,-0.14379616891103833,-1.20197050119465199,-2.68053989205603704,2.74073213628104906
0.405709394039563687,-0.115935057189506835,-0.43684479618860117,-2.01110064844790815,2.81765799273213835
1.64916118817554613,2.62214086654430023,4.33594481952016508,0.589514804588344932,-1.38343687709699958
5.37563394796120075,5.54558371108275416,3.67089308739878772,0.359467136183703684,1.72131935651237056
4.06133392844450025,4.37277890421231241,2.32321754284269621,0.547280857404318977,2.01721949904118114
-1.30344111839683685,2.19411134021108589,1.09837627216452027,3.74026854774123407,1.45680452909658276
-4.21727549034546723,0.58701731281672731,-0.0682564673714860792,0.935702465353219548,1.32246577896215745
-1.78255218636886581,-3.2997325875021617,-2.44430659599446054,-3.64416884307338895,-3.63130381498676424
-1.17886949414323072,-4.81573553993830483,-2.67032525735287596,0.660973989275822182,-0.664256169123535467
0.867710386682533197,-1.69532627941867164,-1.02776519323342863,1.27837077845538793,-0.164416496404813955
0.784821324434646805,-1.37787606064216517,-1.1064853182827894,-3.25163092104084361,-2.79030915480097885
1.63990129794738349,-1.22607068578436729,-0.781896838402625138,-3.07886926826148821,-1.30211229899540926
-1.07109953043846784,-1.83139559865821733,-1.01773544747843636,-1.95822501293012063,-1.96520045219032324
3.234164054432763,-0.0403185646503064904,0.394110525334201323,0.60245187167236991,1.50202247415553103
3.09845402108341794,0.976319683576226227,1.0846996197477492,-0.108246198867545607,1.26259197079741936
-1.48699763439790145,-0.552896648446217442,4.1678972399258889,-0.285565093542099746,-1.11142176285392447
-5.34863081019044007,-0.705627820706936304,1.13701573628450725,-1.07229504411991305,-3.04635581555547308
-2.94853098179663053,3.45694592664941025,0.340087987345441434,-0.778278149870881397,0.209705956082724104
-1.87917160216159318,2.9759335716228561,0.931613103834020184,-0.225406333290493033,2.13003399409557881
-1.33453516081151169,1.58427292489263238,2.53926732375989328,0.454241855654657911,-2.08179787257060944
-0.19403724807310066,-0.550652780969761446,0.825617771869336603,0.154045428660138178,-1.98109137591020024
4.17278096927237829,1.88819428567469605,0.914505142126269877,0.629138998495343715,2.1003547310954187
0.791386749849268489,1.14214685319470921,-0.796947487333800386,0.139890995967215215,0.121735218644085111
0.72672518589220525,-1.16038097572944054,1.47680369607825535,0.24205374570399063,-0.518402981029917109
1.23772257566380439,0.796588243312371325,1.16681919579769522,0.562725056511411581,-0.70504574875867132
-1.60962468586743768,-0.163007221242266048,-2.65100816138831208,-2.63678854977445676,-2.69578230247218498
-1.7023809267405341,-0.337859308220894106,-2.18985260988512831,-1.82385304238786072,-0.746214152643622675
-0.977160149929552579,-1.10605703667427657,-1.72417957406794975,-0.907970617450259643,4.12189438671634356
-0.809310383303380343,-1.21561942923331889,-1.15167909918161948,1.24254991051853003,3.90885259245479944
0.424258996055731696,-0.442689319669093362,-0.577193205803031351,1.02299667682501028,2.59769864520056615
1.53486646514757807,1.73889388898459885,0.734340015546438907,-0.715820790104934379,1.29374671377251382
-0.72910060651646047,4.42081505288709398,1.88346485152152288,0.650814304294896284,-3.33653482607642582
2.50628984017656053,4.4040632045439958,1.9789369414345479,1.64267292943281262,2.40242214263018905
3.89307494826928746,3.64582386786577439,2.03468706080143136,1.30099060808374367,-0.108015611523640961
0.0727373874061330306,2.02147546561930147,3.33564225838640915,2.43294123508517535,-4.30369103154371579
-0.969354200873410177,0.738014473599090226,0.164708773407060249,0.150225282790954595,-2.87025111191607474
-2.14413593399351354,-2.75323627183192299,-1.09860502561604201,-1.39333551401235556,-2.16200841202868865
-1.94197902699712133,-5.40584235089573806,2.21228536770339401,2.06411024701674473,-0.888310475068757599
-1.18035921294130608,-4.51395624097482173,-0.35581152134061822,0.0197244444419453074,-1.61697436001919437
0.706657046955976642,-2.49616183083565302,-1.9556840191889111,1.46397815686852062,0.171476039887537179
-0.889571194802926568,-2.01791645405289488,-3.02574898621042632,2.98348436258515681,-0.0637679035630280139
-1.20806675769352267,-2.44745898170584653,-2.54944902706841514,-2.840700360895549,-1.58346196248531945
-0.722813014528110198,-1.95118718664247481,-1.84262102880483059,-4.73279011972939401,-0.93705029254119554
-0.291795342702788618,-1.13047889053415407,-1.41640054053002307,-1.70019837234454596,-0.110604404473046689
-0.383842932941616866,-0.626484742625391777,-1.1324685921133304,-0.756108945525085674,0.151302432227165273
-0.181059591761379285,-0.0824047767022411809,-0.470264479710938099,2.64945603389838213,2.13101382316552135
1.28463578412957569,0.148844775326662543,2.98910657858638817,3.15774074931984794,3.59237084580507693
3.15878281944087869,1.70466325197238788,0.649997642225219163,-1.66893825265336559,1.74770979611772548
1.76127386775417571,1.22532718890980763,-0.944305939260337013,-0.681305258759600352,2.44625057836269733
3.45332151523465569,2.32571149376110897,1.61125758695283428,4.51330703783400189,4.35036988468021946
-0.0397981692658622987,1.19745730282465712,0.769241707614480519,1.88859865114349934,3.65015833822272651
-1.16276296871428264,0.082600859543889113,-0.625419297291322618,-5.33288855730518918,2.03176368359871429
0.883268903239749159,1.84408591122634391,0.590385414693535893,-1.72512935987179183,1.70183248370766216
0.17299851355274834,1.34860158374699024,-0.433232003871930393,0.374399490217625475,0.926680115634740065
-2.40580415788815616,-0.356088342919287204,1.95008530977132866,0.598451657256036218,0.0523772034545422829
-2.20174844885610677,-0.659703926918492001,1.58913353377017863,-0.30512336739094098,-0.393321816231056498
-0.750714019485709705,0.0247137499581870229,-1.58239798086533967,0.310521829780646963,-4.20117669936581617
-1.66071230310868323,-0.143044980211648104,-1.34651699706453276,-0.611836922271360995,-6.83547999679667839
-1.41804884720643409,-0.269736961203335401,-0.724560775429054837,-2.08072371126938238,-1.35964684862074514
-0.54470495955040954,-0.100302758988592824,-0.355262447124988334,-1.73722674239741282,-2.18251115295593623
3.94370001460926156,2.16373854316465275,0.623301584345780979,3.52113854126687542,2.36201289356865018
2.18006575808534553,2.27619847877948756,1.20199574566918166,3.92472488314408086,2.24101359948853451
-1.63506558171191374,0.571631290818890858,3.73608039506228762,-0.214894336653227658,0.253906169073833621
-2.54860275592847652,2.55145558512873327,4.13246865851201139,0.770999425848436504,0.0823552763674875871
-1.73227729574052169,0.991099225791471361,2.20188999364616889,0.488614456683295117,-4.24434892343897729
-1.20465640709416899,-0.810048637369406688,-1.12162324591707496,-1.98056948238574404,-5.81113121233911833
-0.813156775387388953,1.21531301049453866,-3.04536893456813518,-3.09799045677959484,-1.32959516608293415
-0.566298776727157005,1.33536238247109851,-1.52777677260349232,-1.68288690668561158,1.59042660782845791
-0.393015749717122054,-0.291038956746088706,-2.53075542617737526,-1.39317403219859592,-3.29742624611977009
-0.20383863227185503,-2.51564457062760338,-2.43211070873723756,0.766931911875713412,-3.12458867212764035
0.101381541395286129,0.404833553390145984,3.20579944615405621,3.61458977790775471,0.319883758470853208
0.205185383333952115,0.566743941897214998,2.20685139290895016,0.972862036094963245,-0.336676954663595207
0.455650078226121025,1.51822846307412762,-1.27923228464679806,1.5579610842727829,4.2753850631446797
0.445886172938265712,0.732458763100039767,-2.05053088414334361,0.923151055343120697,1.53967771383545338
4.64195134157168532,2.30031350784983246,-0.173451646451914909,-2.22410081936289883,1.79125447149665851
2.60618527947202638,1.20830734084061264,-1.39093753359394334,-2.62926140132730746,-0.51139293419361942
0.411097550575052706,-3.59403519425795182,-2.9621239631107148,-2.36720634247518635,1.03137029148601012
3.70820798628334058,-3.13670446089154042,-1.20777707295022774,-1.1333408487171468,3.86480913395534031
3.03125005379306334,-1.30489340202664761,2.12909427783410665,1.96663936414678053,0.245524500261038614
-0.86229950682234191,-2.2210995420152595,2.02142770496054291,5.11010947023136985,-0.65091906340445127
-2.36576777866213384,-2.93607018130908815,-0.629693894473150939,1.37215942014712744,3.06113389121650581
-2.04549841631047169,-3.16450548748218674,-2.84322341997194972,-6.13071414208143572,0.733498581451255238
-1.67639737636413733,-2.35163799965408638,0.480329008870829854,1.01396188211173666,-4.00324673219529359
-2.01886144889694652,-2.2257542423956056,2.11683877060278913,1.61922647896058902,-2.57710986550015964
-1.88761933955520322,-1.62572111251718576,1.70871685907644566,0.756149931753491322,-0.896034124889088068
-1.2341758868069912,-1.32083483052641815,1.0332813338532254,0.480492389678546961,-0.697846747477167129
0.0713423366107202028,-0.589214895579124875,0.803582729169732835,0.790701263598333148,0.189436060551848529
3.37275617918718629,1.59785875814637524,0.0543509797341192799,0.336693427352397656,1.71278181616347713
2.46651105879552635,1.85347957621446691,-3.96159909864304804,-2.72494025266834994,0.948314882001229043
2.74698348464694808,2.3029785218028187,-3.8001841236229712,0.220669303944390938,2.10197819904657379
-0.271927851475395554,1.60456757496029967,-2.73827396109896437,-1.02533087963046987,-0.507209332886255138
-3.82392294606557792,-0.415927205661199173,-2.98458160347638968,-3.05341214990052157,-1.57229848084018209
-3.19728259082783728,-1.16726601831767329,-2.19241585064671041,-1.88326782458841913,0.338964841104456849
-1.90481492194318758,-0.629302556661530565,2.6461130698046289,3.12462930257905258,0.224436224983875887
2.21029386067460232,1.37266138981480168,3.59795881172186593,2.93402219412435494,2.41342553750391398
0.414785074757584082,1.45992942449982022,2.22867694716808451,1.2318625025074077,0.590702134163415993
0.441030054718198228,3.96248425673712878,1.87403811965033973,2.56001829735963193,1.47224819251538719
0.110329147196217142,2.86923321989727231,-2.5417950107572187,-1.8436794580974265,2.51523820674106746
-2.68142790126779706,-0.438229043141666386,-3.5003184000912011,-4.06473053238623638,3.29451908017110506
-2.68550348228576885,-2.12101283777924232,-2.37601795248041814,-1.49362885724462058,1.35621876035938826
-0.525001215663433607,-1.24981948116886077,-1.3457344517110017,1.09973187367100778,-3.12747922651819099
-0.352167558717368601,-0.504462546351433505,-0.766989782142329046,-1.11625573234618636,-3.43111737227231384
-1.27056927617045812,2.30900201778744174,1.9009971470749345,1.73159945742759191,-1.36065069948377571
-1.08689832958182353,1.63695993096598436,4.33802820003724143,5.52271485460175615,0.381229865099449006
-0.647256972792760177,-1.1618491865807079,3.57464433940708926,4.61128304263018496,0.456222126139285533
-0.157256685046360339,-1.90140444841384193,1.36710744681768559,-0.95162442395105884,-1.49773088924694031
-0.250894078167283041,-0.871060649090524941,-2.02940299278857061,-4.98735205398206105,-0.392960792835777173
0.213921524030036531,-0.709150546217233946,0.993091050802107578,0.0233112000542276127,-1.20871857742344013
0.740279146079753869,2.54483637507138782,3.37116272592630351,3.82290290852588877,0.523351724148485298
0.48985994259358101,2.348276879742909,-1.01821282881255382,3.17643933593017858,3.42890990080821156
0.827629242059994219,-1.0045003686325118,-3.74976633453598929,1.45545153131500959,0.781825650767234426
0.925800835285545132,-1.6621337303518966,-1.9417709492683739,-2.28643362252165927,-2.58958127744855204
0.721666206155290313,0.22813040667512155,-0.232048384521497897,-3.84486844260818561,-1.84120877007874006
0.794091304398568232,2.29156368446141734,-0.0322320333852081989,0.676304364723203544,-0.0132543760972222893
3.1856176113796395,0.166328878956247067,-0.572177329057823814,2.25958242705397438,2.01117997452951203
4.75819288587775979,0.627483850298849344,0.393664910483355168,-1.05167875524702681,1.2683958613641626
0.578885991911120001,1.83856277927232981,1.12847847773299015,-5.07202688453913098,0.732454953181976731
-1.01675217055699041,2.90553807209755899,2.16838097317747591,-1.32517595726223836,3.41523418051489802
0.405322901956029713,0.877647805861535235,2.89604085759727869,0.612945110237737345,2.53518744102458538
-0.555759090678439094,-2.60504149597713885,-1.01232590557253888,-2.36943898056998714,-3.28280278630823519
-0.759017115662823372,-3.28603804311203396,1.42462305007364476,-0.888022894683629604,-4.39434821649550678
-0.328257205988849554,-1.88994219206790781,2.97505668675714396,1.74188743358914322,-1.28789630150377032
-0.395384840959075223,-1.21692595341148291,-1.52785353714788008,-1.57745939526362955,-1.75660143818260273
-1.12239158343358114,-1.37622030856604782,-1.85044531517322075,-1.51003023041031148,-2.61744180682096106
-0.84452205256915136,1.26060354381861162,3.35258695850048349,1.05373600283135138,-0.44139732579131874
0.123393104755299646,0.536171358681895027,0.679872248311542804,-0.0740359408813892617,-0.654288303626113454
2.78563265363165202,-0.417824531371788765,-2.38648853109195747,-1.22964869124790965,0.869348185502025195
0.238428138915498578,-0.150449040448725979,0.49200613736619897,2.68142540237174076,1.23768569409285112
-1.63821311522522328,-1.01605364045392976,3.71355410076784986,2.2199039602386561,0.523224041791970684
-1.14692621779018578,-0.824902909333305123,2.93619702212600719,0.611576107202477015,0.285699172664847123
1.3699424102439457,0.526670193906853656,2.03192986123669117,0.654372236241212102,1.46420194014545846
4.41365979754391713,4.65388009707501826,2.23302987262383423,1.59075416210490661,4.37992261656887027
3.20301331218800289,2.30183249529068146,-0.329927018826808471,0.101327501569589529,3.00889577572673961
-1.61786926646564733,-1.75576703466131967,-6.08381456613518079,0.81896705378616419,0.787998930100594852
-3.61474004575845065,-2.36186917527393048,-6.28807028892389752,-1.78683964798593919,-2.76745842010686127
-1.69456853536811081,-1.30900537830125563,-3.17675542905161068,-4.25674016433285107,-2.65914384115613833
-1.12866911453558338,-0.793613002934099976,-0.145918590313419888,-1.96676308230148833,2.14094402136327666
1.05541132169953245,-0.14259326968681596,-1.21509974584548019,-1.58403885683356926,0.800251374391313441
0.409403258046111551,1.79151349016504557,3.68648959559714262,1.75710893703230053,-0.630560880812180535
-1.71123386433330893,3.00197595230195891,2.26130862934834154,1.58708573796815533,-1.66278698358950372
0.320624110067763035,-0.458636166218301167,-3.43070946170888247,1.65790828445574179,-0.323015349657415185
3.7726374761564383,0.305623884453813388,-2.95441389277977873,-0.326120840022914804,1.33103640203546192
-0.27796241296023716,-0.277721304631051491,-1.76478846214359941,-1.49960327264832549,-0.701331412159202916
-2.98948991111362172,-1.97148530395586841,-1.93312113004735209,-3.28490314501521885,-0.728626393538961192
-0.903209477594682508,-1.37905670188335594,-1.23616964077179925,-2.57593533181540524,-2.35739338110651708
0.559934521508740901,-0.0772540219748102941,-0.187956609223147803,-1.53939433366973533,-2.72538277002663154
-1.17456282725413952,-0.760461860045261284,-0.343835691119134534,-1.29484459812206643,0.342537607235694042
-0.981761478086826345,-0.55858132841125574,0.190645225323564343,-0.933775454521435622,2.75091610489358729
-0.360919066181241477,2.87975974101187404,2.87910893651380384,0.854412523892605913,0.3170483849307143
-0.231194306612881095,2.69410118243077656,4.45687370493987078,2.07504637538961001,-2.127671662699536
0.700511791484452639,0.161188206255396371,0.927597718796482673,0.408902617778461541,-2.33236386393235939
1.49950313260116674,-1.25808447756109953,-1.3418053198503872,-0.395430137718261909,-1.59680398146228475
-0.433794420617636178,-1.18705268718127388,-0.911721409234473756,-0.404254365436574503,-1.85370724642504703
-0.311612945202469294,-1.03562463865014154,-0.0629129700764391175,0.14775633302407315,-1.45564747406357675
0.564431055117791125,-0.822257705540078376,0.216774489753604499,3.2529209318220409,1.08101623898810528
0.0654002015198133085,1.29524202101561547,1.61108556531199731,4.81224421929348534,1.78245003140703062
0.161686003882152263,0.719937700519686308,1.25416560559262602,2.54176907146365449,1.0680459763702006
0.179601499170564671,2.8577993703875797,3.19760522797057378,-0.00805065395938677972,0.0245625962371894824
0.267792118088070574,0.886842686546438941,1.48643244090832138,-1.14429699610014723,-0.382968803312719763
2.52748686625041286,-1.7716725703933538,-0.682415947982849658,-1.23811185382535904,1.10644127851514362
4.2567508730475252,0.782444106082794022,0.666502014925004604,-0.519912632371711703,2.38548880938539565
-0.579376962447313182,-0.610052966853190659,-0.214955375018242995,-0.774775408174856128,0.0350116222226414253
-0.487297049786620362,-1.4846541790119705,0.623006037080342301,-0.422648085960935671,0.222224280373030658
-0.746334318221754556,-1.00763016922555737,1.52548588022836329,0.316729518842254698,3.64304420632164305
-0.896316545733586767,-0.205984107975414998,-0.164925666784423081,-0.352136036506579153,4.36598129901819565
1.32707814012687164,3.68134554924351587,3.18170269546226026,1.404961344610552,1.8022202919141268
2.8390628723833804,3.77163622856227487,2.47853418289319771,2.27896975264568891,1.74764996885653057
3.30748599529081133,0.248680855427157121,0.380911308115382041,3.43788712093227211,3.88257687605962953
-0.854751653703050285,-1.97194038214620671,2.73740321749459836,1.35242473636847405,-0.020766619358805305
-1.34045405532417239,-2.12471485476159572,2.91995707971903284,0.968474046432363789,0.424134944806764502
2.37637015115121342,0.413116895709519039,-0.460506021666840237,1.94644227515460311,0.135804919387255141
-1.49410595565540461,-0.983032786436039752,-5.06317044043297493,-2.22380059142275854,-2.99298293601544163
-1.94667678009549383,-1.67851499235321011,-4.46516013191041772,-3.86291981825919484,-3.38082398504245862
-2.39548568682681129,-1.29988698437252403,-2.93406079801674879,-1.79057124269785506,-3.35058778611650965
-2.68956181179777731,-1.55507538073505303,-0.0747940444171805996,-0.413402976536916267,-2.10311564316501265
-0.598606270095557225,-0.571677084328424234,2.85893840944707289,0.982308558885245153,-0.339488125805332608
-0.900197734211525935,-0.0789629315622503158,-1.41936513652670082,-1.30342181834041315,2.13009662917486375
-2.08692104996730343,-0.408674122027851361,-5.09623558164736412,-2.66866140863454815,2.48350028089438224
-1.54823974678619813,-0.609002673999527122,1.05063886290384811,0.149155526335212729,-0.727494135987368784
-0.901075659162355325,-0.123966823732249987,1.12807888104051179,0.561076274959677601,-2.12589821584795713
-0.669143119889006877,0.189185794246840677,-1.88089043829705105,-0.931983520191815962,-2.90764380454834948
-0.555752072990229329,0.258799510652335529,-1.08568676197496328,-0.663662713194129728,-2.31101935292595861
1.38189151182277192,0.687014247525323807,-2.50531082062708421,-1.00024739977025257,-0.981755279575171058
1.20354721273233101,1.41852094874181844,-2.52395907407530595,-0.90583616334057937,-0.824131863141179921
-0.581771470592692519,0.410279554622807296,-2.06339286481088013,-0.742841151889800821,-1.25927821353549785
-0.413719674409816274,1.9452420630420677,-0.151279381069683055,0.0299655647302352092,-0.559415391183645361
0.0517558556245537732,4.55628188683062962,2.39371946544139025,1.27330570605849136,0.303184225174833233
0.226690247001268941,0.949085333914248208,2.24865309865957252,1.54449353946944767,0.768324556465261099
1.63699269994575802,-1.65268942837521204,2.41879524717405658,1.64989814760212727,1.91798256330868933
4.98187390296410637,1.78482833831426091,2.02737744677374332,1.4147666565499919,3.72936335112061457
3.97425699129860277,4.27215473382683886,0.64432649313918644,3.00630648958543834,3.65759573748473832
-0.186533371804769699,0.52633306536976443,-2.99282658259306844,3.23401213413388477,4.22890081094142278
0.77165935619127346,-1.65218004776187799,-3.05062600133211426,2.1561165337073156,3.26352147352157473
-2.04149822333701181,-1.8910847079295301,-2.52228855712601296,-1.2696836326040013,-1.38323628283269073
-2.38426012133863363,-1.84072174025429725,-2.03613389445009973,-4.83719879363795346,-3.69904213234199419
2.38763108465110552,0.0228929082573335607,-0.336867405232594674,-3.0438707813464263,-0.581794517781757503
0.438362576668687498,0.2752696108997017,-0.389243946780683026,-1.89289291794547565,1.201697969683448
-2.92520259751104073,-1.61583278230240102,-1.16897312454385194,-1.88662180253563005,-1.66675904297883459
-2.03762730402960468,-1.73547516268487168,-0.800484118368630315,-1.67929497396250516,-2.69299108507903906
-1.07989065442571031,-0.357580989658028203,0.275775062835808382,-1.06941421743281095,-2.2349006986310811
2.20891073850748665,1.44846048244389802,2.08991457692262683,0.0563346132707815417,0.79815413186130113
3.89465259398987129,4.63990948717178409,4.3655811292501161,3.60881791756152825,2.93319987785380309
2.66261181334589869,3.8283284424313262,4.06756808784532087,1.69226306923015968,2.74049585935464135
1.54022549396618813,0.521945543545079271,1.34747592082362222,-0.568277014205675557,3.55248779165931872
-1.30439288634511641,-3.2015680047531534,-1.83328773169666492,-1.56446103819196636,2.06189673852171929
-2.26476391781248276,-2.53282223536231088,-1.23463615405152183,-1.26797903681079549,-2.11790106179797499
-3.49125600625208321,0.355708260450122049,1.24763272139947134,0.536393708760100174,-3.60362901796936619
-2.68125810151691679,0.192256019443002968,0.587269647693869579,1.39764664846688214,-2.7068737011687114
-1.9751726549554085,-2.58936510425383171,-0.865719888080039968,-0.856759523613662033,-2.59882090981572356
-1.55256307007216399,0.966793426159910041,1.32519279785614708,0.01580841826240326,1.0381006518112903
-1.08017291693694095,-1.27167495188204382,-0.575999243896941571,-0.306027419235159581,2.15467092148682493
-0.677615077772054097,-3.53934324219776908,-1.75798399677172035,3.46306431483060218,0.306701807009884142
-0.346099383932621962,-2.37656793542386957,1.84534410580407648,2.5693176062535974,-1.51252603010134212
0.650783562295312756,0.263741769860298791,1.62074461940275083,-1.40428006144921258,-1.24469011594008805
4.12327643581086711,3.39029879520900623,1.59188030601749375,-0.727348565892378174,1.35476904834594247
1.60690496694734408,-0.0335800022439920465,-0.665962064386896868,-0.751811499469861588,-0.773621853966095618
-1.66066166599851361,-3.02813546502831432,-2.25612135104121769,-1.53777237590471483,1.32225475558438221
-1.04889318656911912,-1.5913031222590035,-0.250414791620831301,-0.673635748037036963,1.12453454939711639
-0.160527626561111414,-0.766125556074581882,0.416167487340044551,-0.240751856836347422,-2.08655091989785646
0.0647071818763810397,1.89542332929451884,3.14824885363639995,1.40817036646189964,-1.88931896825513856
0.0803125735816662273,0.539389178425308646,1.99920275739936559,1.24996821469764807,-1.61312876307748354
0.189559951246300318,-1.42113683082994768,-2.20126313290027875,-0.821563501755975922,-1.71198019788807354
0.365969470632047433,-0.591363483291559078,-1.45039719326516336,-0.503012938256880204,-0.997640769903071489
-0.942162700509802775,-1.54077807947971634,-1.5682127175592413,-1.90286310556860294,-2.23771683348007144
0.479126152886215739,-0.795749968012908759,-1.06334819901692068,-1.39259909107091784,-1.2654663616681201
3.71228488244795507,1.06504653350339451,-0.0351793870752493826,-0.778732431623819443,0.214106788144703741
-2.1788840994118428,0.035112545092461693,-0.459805328493113952,-0.804822126046105368,-0.480214583413603124
-3.65530719863904441,-0.869089344591384871,-0.78667681440245274,-0.423536201580009597,-1.05096148767363551
0.0062620448252743155,-0.828166645535993506,-0.470451740826483666,-0.184589544481196383,-0.703356327051830488
3.06545090944474685,0.557360389567185699,0.473458727727177786,0.806881216632154952,1.32512472974959383
3.77679563219899572,1.80617642337446149,2.0851752169190263,2.56877160615690148,2.43060338224318562
-3.1688785849322687,0.307981531660487251,3.58021938824207409,1.51958293957384827,1.51898959672368683
-4.11627562514881884,-0.683756317676408654,-0.428486288398486903,2.88572057977198515,4.7624063030904189
-0.0525910287664554943,-0.665860111902488505,-1.55817118074144423,3.37548973454787582,3.83038750451595567
-0.536579773761759138,-0.523389442501018598,-0.831232440485020208,-0.793987224184701579,1.30216907240057234
-0.446584504158631379,-0.352444870820286305,-0.320894393267215694,-2.86023551128835996,-1.82751139559550646
3.91325659769037104,1.2206779159817458,0.503659761309350307,-1.26265385343496361,-2.98317092590411015
-0.331043598667077721,0.650849882236819388,0.123610848026778339,-1.01418633191245933,-2.52979920909184486
-0.144932318755401301,0.239611114014629978,-0.0407923060556358991,-1.32511545366056316,2.05587512192330601
2.77841239338244606,1.24884462778205463,1.61948353269322198,-0.536811646659670738,2.76603244274745785
-3.17288496463988023,-0.512099311913386313,0.55099739673163195,-0.372304667195481165,0.81483521862425945
-3.20886017420239744,-0.8257036199767398,3.73357397688627168,0.851308637692238857,0.662281604343285202
-0.0695567723888170231,-0.514549168540372248,1.8418229166793183,0.890713702552307418,0.481411461490661163
-0.599144788180955401,3.01272270132293851,0.77271338709375792,0.290147930062174098,-1.47065844404451163
-0.638727280199538172,4.21778259411904699,2.86563219098252464,0.878386380097860298,-4.24047376442767732
4.3663162386105201,3.45204986981131912,0.920718234440797589,0.44358863840859275,-0.1628228589546864
2.48279646705439827,0.604356303533474248,-2.85797885036856592,-0.900574758713943324,-2.51751012421081821
-4.53138191352945174,-3.15725611566144027,-4.12157065250204724,-1.66877659934970635,-2.75062352560328449
-1.81835822672890313,-3.29291453222335839,-2.74608677329609474,-1.17245772037112617,1.59364504766208004
4.85773939354218243,0.801736703652990768,-0.436202514916861517,-0.179973001354500367,0.978543714331391423
3.39527494490699189,0.582327006006299053,0.0593528181711659858,0.046627056911388326,0.466249285647903799
-4.18440784610980199,-2.29876826126155231,-0.843617352217922667,-0.179385694017053648,-3.71920050434506155
-1.63631357384235177,-2.89094270117627383,-2.14157318391760221,-0.691418995303409223,-6.28417875835048889
4.77876257061479048,1.89521559802463213,0.430856725690904274,2.04884861723498046,0.377320171773031343
-0.2342248919482951,1.38297366852824744,0.0631082408155635294,1.88371341186628682,-0.732288291771652888
-6.59577392464895595,-3.06042293814748323,-2.34175486400878352,-1.01333562001218347,-2.69815363602820169
-1.60295166896059804,-3.84602226360192923,-1.87931378654557646,-1.60388788883310474,-0.915867339338095277
-0.0681425115310460294,-2.66336393207950817,-1.23060605412059232,-1.00297832789082642,-1.35164138418566759
-1.19408949069743775,-1.7595836302146084,-0.627500284314470358,-0.714497536755550944,-0.969689557057224261
-0.736766314712374748,-0.921068655565927541,2.47085799277296703,0.469878867614778817,0.353088436495514135
2.60260952165970005,3.16909898848093352,1.99470778548377159,2.34428194648555754,2.5419436325926279
4.95111831388824797,3.30248286483140996,0.670062708253289618,0.983742555772419869,3.26175616983206407
3.10027660955402373,0.808960555188606545,-0.570007183016241203,-1.16122111733028865,3.5348745376348587
1.85431513399453296,-0.377091016383076738,-0.452835698991825797,2.15194171679767088,1.88853387500623882
-2.24726463732868931,-1.12830403160284609,2.12942795321827294,1.55686369951013148,-0.302910897310979643
-5.46483699356308161,-2.08452211584162894,1.63226314706038056,-0.837953388528098086,-1.28050368066007403
-2.03160913797851128,0.985475551060318367,-0.0184430731233186235,-1.52359052590348631,-0.301213750186893114
1.34407024054315904,-0.137499813810812221,0.647136806378347473,-0.934195843125270042,1.05515165443129666
3.0692636695240556,-0.255092571049923,2.74444346838132347,2.8302853596611639,5.06794292778848998
-3.13796612152762622,-1.23564049437020373,1.88932517484594276,3.30364093447912177,5.23872688011982035
-1.99363051639708422,-1.54983819032133341,0.530730457009945367,2.06941534057306553,1.44701176311058188
3.65983018170111718,0.61045567977610693,-1.83626915558461667,0.621893943761304802,-0.453446997787669726
-2.61223175080768177,-0.429533796557888148,0.298952635960413327,0.629033269156528463,2.08904545323769231
-5.54431434803077039,-1.58514529925308989,-3.05203980131862584,-2.8074780774355923,1.80592865994727303
-0.307120659816694952,-1.18695117583082332,-2.11140603296458185,-4.99581118641970079,-4.45924077020220722
2.49132550099928052,0.120308527811497368,-2.57190432279078829,-1.20246978132854054,-1.68522823332223037
0.785471265124369711,0.740251292829555485,-2.98232461108478031,0.304413716933708334,0.656918971330985868
-3.06122315187558636,-0.14350623644928695,-2.74786637757022234,-1.05616179120933307,-1.23164140139019174
-1.12299128985623442,-0.206044376361834258,-1.88072197402593333,-2.10112299299990823,-2.19093196064232476
0.0925196609570346773,0.104249882297128504,-1.3505114498776094,-4.66365732906559938,-1.47332575858700476
-0.27669862201809925,0.258276335943852686,-0.935424865648778914,-4.94916677921491477,-0.507982883753059888
-0.0828766293048758262,0.613421823367177099,-0.651275725784222992,-3.54799769768806739,-0.147083604620052766
0.418722404348646493,0.773445945517790223,0.0346958307184470488,-2.49194814442743739,-2.47629155332945627
0.365503245710646518,1.30769793239533505,0.483494687514390842,-1.85551819252605221,-0.21189225969999359
4.96634305191809755,5.2866486010020779,3.2747188167321708,-0.327775589382570898,1.41288286604534963
3.13582055600656995,5.66499286679829606,3.35703493822059773,0.33770559149927637,-0.688644170735214112
-3.74554332444989324,3.54771727056607356,2.44722153590289349,0.522055648993896004,-1.54153992632446402
-1.2314870909047948,1.78240885198352061,4.11371567541413086,2.91018204633806521,2.53996523754986336
0.72428818335742251,-1.73033674019771477,-0.4368387575739065,3.30664141290977964,0.669607138798932633
-0.00117657406156956856,-3.41820626923379711,-2.54768739060641591,-0.376609595781970508,-1.86627820624889029
-0.100040897696993647,-2.17696196051764934,-0.529491650025104565,-0.00648360276061013541,-0.768796989288184629
0.278352430079849666,1.44808619256862658,4.22209879960528411,4.58295230411290166,2.44927696117314131
0.412223069486421956,2.63135898899986742,4.2488668576940638,2.30905998276322721,0.0956601422861524942
0.221430971837392909,-0.241450692994259919,0.424889847213414162,-0.8139560766331565,0.0131474731049492418
0.287219632784817214,-3.46674754573703536,0.108663104750922765,-0.880170270376349873,3.51912043133909069
0.655969406588402748,-3.21602038729422635,-0.768723006224477645,-0.63272979778473204,-1.55773800794405881
2.18548953930576806,-1.77963090297928583,-0.913706831177765855,-0.42801309323639336,-2.83941304062940736
-0.385980079604387627,-1.63552857048358558,-2.74829048822935196,-0.916003367250756484,-1.09173029636826913
-0.507826732441641115,-1.47690441024063235,-2.25156769097382536,1.32993047896482675,0.334150607309622649
0.342003636472759998,-1.20843464054460537,-0.453748028810423143,0.269479313372952167,0.867445042193427884
1.13996991437704542,-0.699351019373016358,3.29853582815048796,1.31127757055458982,0.975524996110797127
5.16713450595797053,2.63188726566784048,3.12760708490680406,1.6968691706126684,1.19506716317894957
1.51059640742777557,1.76785682669685706,-1.90608452801724115,-0.128912276044184232,-0.633446966833126734
-5.23184224007076715,-1.27036265245063063,-0.539069967008014461,0.51251001194048873,-1.06289360237094321
-1.58803728904538088,-1.63488578499099368,-0.247460585413116108,3.93022484886036194,2.10855183819436842
-0.0180314484835036593,0.565528210676043419,-2.24532050300020813,0.918559840278848516,1.83556118611182595
-1.14819068716592998,0.714077869784479846,-1.98246635413521077,-1.86999210475787647,-2.03225727222408636
0.974860924693078723,-0.254282875489317606,-1.53727390721670942,-1.64942492727460932,1.05954674351691125
2.08112107027047122,0.379135804233979024,-0.740140423232552358,-0.826467776953805466,2.76652152683302344
-3.03529415813309056,-0.373949588991760895,-1.15839310672516205,1.30019494484521148,0.353601050315042631
-2.13620460717677929,-0.631525265277082193,-0.737121892054731553,1.00777712856164259,-3.45954973044645087
-0.347057161994249408,-0.644867103549288112,-0.532240868870262673,-0.408972365271963567,-2.24363783833373764
-0.781245941315124259,-0.31564467620047143,0.639059506261944743,2.64964792454124387,0.857565444380011699
-0.788177527133324785,1.81647944590856603,2.41618327461266391,3.16445059034792031,0.548868140034240559
-0.531465805047010575,1.25789930140668482,1.89101920850492644,0.259945604140455866,-1.40706709645928152
-0.481632834300902091,-0.243510030422935619,0.190263691628562492,-2.47807248153303705,0.766899670708178771
-0.238452268381291965,-0.274031059582740433,-0.934939951932931557,0.176772879770395547,2.86103234076661961
-0.256401364842934631,-0.591550897195136649,-0.763472554009780202,0.846639860307897507,-1.87911625274518723
-0.203436975083723603,-0.676516331945019145,-0.401360162482110816,-1.15921130095406921,-3.3636620222251632
-0.226076869291555904,-0.132065112819205854,-0.222510441106296364,1.71662595377302063,1.34272441442052703
3.28562653749761768,0.584441190246790199,0.513536789584039255,1.98224225152594258,1.99930452861775443
4.89826378735728607,2.61148582341845836,2.17140566086195719,0.384337257904226015,0.767227314894297741
2.11697190917324463,1.84890824955585575,0.953091843085003609,-3.3704436146672605,-1.81138618195731249
-0.815317827142299056,-1.65764727231510611,-1.91288960600835001,-1.51251988141356186,-2.1846500252440566
-0.664222761278392415,-0.525622317571842079,-1.10326990500015398,-0.948553217574359508,-1.70736266951057636
-0.609380654809423161,-0.857819173447809225,0.826192604513928175,-0.069765461297881276,-0.536569277844087922
-0.392671668723382439,-0.292082889596869844,1.84358308637720403,0.615181764146598864,1.25156364623565475
-0.132179421064757302,3.3899015808745907,0.68274933434191154,-0.0292513060589632834,4.18761015951281124
-0.138321898597052434,2.69658289470907553,-0.367834077112678959,0.0435014621773067989,-0.85528137033582452
0.121185379303501067,-1.56596843618153003,-1.89725451684057189,1.21531417809831543,-1.81963727698950106
0.126482307432786129,-2.57618433487341258,-1.62165759233599638,0.271105820458566793,0.335330933964085975
0.748856935203334739,-0.0678511501296838182,-0.361662663078644531,-0.600595107781911941,0.187059010730611708
3.10167995831398446,2.79458729884517698,1.10112690936764279,-0.201726962577190777,2.48270671537647214
3.49330482230038308,0.660234881781307403,-0.051437566892036643,-0.506868758597064484,1.41254832256129581
2.80302609518265511,-0.5006292306519734,-0.228605348154885257,-0.226278925446438212,2.23846947761781889
0.033350634362642427,-1.16568074302256086,0.788653636667689728,0.489874938891980638,2.17828609052253741
-1.64755117276403951,-1.46461048746497702,3.01509921501027467,1.35930641305836741,-2.55699822564632218
-2.05819650972883172,-1.29404497096145055,-0.986043326496383932,-0.378417879711101635,-4.30220553027269936
-1.71010549021818159,-0.564893826185729364,0.710406555056408706,0.684417770216780408,-0.442176072488292937
-1.09213419516011268,3.64705048406931853,2.49194135555947494,1.23621980821507549,0.425677251374151799
1.24605567208700108,3.30133019818760109,0.000353633286025514804,0.0870509400627902108,2.95955495944551261
3.41594305881771243,0.0244821136004773308,-1.49465164788355453,-0.190244713755104405,1.19250215981759689
3.07638784302143753,-0.184045898981292672,-1.35993630748077043,0.716560050924703096,2.14343191491838247
0.466915386624954465,-0.992640620611997981,-1.7305029306833426,-0.590334743700417275,2.21258468737654423
-3.17938018831716418,-2.33351808646556114,-1.8916348363227462,-1.15144183718511517,1.46629041279866823
-3.43971745894823888,-2.3635434418898762,-1.72864078135323274,-0.678065168908762117,-3.28822365821013518
-2.67875337539902114,-1.36191080361180461,-1.15757473265712751,2.50506275237646081,-2.2570601375204391
-1.9888412827033366,-1.2585939701191593,-0.936937137998986258,0.0994127457554205562,-2.60945285053335274
-1.40645363393122991,-0.827850089067669104,-0.35248842274234321,-1.31219820706511237,-3.18781816625518033
-1.11092281990260089,-0.375779309964212993,-0.340412463738060722,-0.908181679989383039,-2.14361086389299382
0.296445306452554846,3.07129750595836404,4.18457613687041796,1.2136826982958353,0.947843300267121491
2.75928769195882939,4.15531783190680759,3.48381602261898582,0.966201543925650719,4.21823448747431318
0.191234153667113632,-0.494881937071173783,-1.27590065309126377,-0.971438323084906519,2.29699887821794313
-1.56965603598843773,-1.27951476317208979,-1.757464254908504,-1.12382861598791606,-4.40062064264516017
-1.19027455268545368,-1.18743502986076166,-0.656486193620188341,-0.674126817432788017,-3.63619472655945497
-0.574057630974640354,-1.03940406320630752,0.270414776007586788,-0.081016667201062792,-0.235826238520664977
-0.526723362903979142,-0.580326944166884018,3.21877773677085832,1.33340374826688834,0.927697965959534243
-0.187114220088939714,-0.628242589655361061,1.46762886224528111,0.316949668479547086,0.278736150286739925
1.46876387092957827,-0.169514851763415658,-1.37785034181346067,-0.573706170035670926,3.98045062043224851
4.37334514488376769,1.91334210076538769,2.53342066935159371,2.21039805241111287,2.77569120449817275
4.01022447793761483,1.76295300023542101,-0.225296115985848144,0.0095467069643825897,-0.594079563176823644
0.547171762720427113,-0.511746081896015892,-3.33172891274773919,-1.6263984309257653,-3.4767911768330424
-2.34186331376727219,-0.741886106650263222,-2.7793149756412654,-1.52332389271182889,-2.03680612158477059
-1.04587419526106906,3.54676971066604363,0.569023701130713322,-0.0696306046150123314,0.692626186805469946
-0.829472292985589998,2.93622382804412352,1.07238264207224154,0.190038672152414684,0.0556751628955039907
1.81330066037556348,-0.835168575506134658,-1.36231773447605087,-0.846463461533638828,1.71296322415301194
2.91998054535044727,1.00648525784751741,-0.501172289239653068,-0.335875502637585144,3.30237969245465024
-0.283905438266584875,2.6930005374428414,0.378417278334575669,0.337429590301130511,2.88232184198175512
-2.70933890106104647,0.205218042343090795,0.0981887259638512672,1.71205585297888718,1.25936890674869617
-2.44134862567084676,-0.741727764196914108,1.8103535629831895,3.00372725066424007,0.22761160772908795
0.125901824200335383,-2.60186393492334833,-2.00179032428580506,-1.03698728239650584,-2.19231008836818342
0.648539094132185467,-3.28289478065670925,-3.55996654397737622,-2.54345637975460992,-2.65476709432183799
-1.091478273949122,-3.26262543031160268,-2.40549194585671744,-1.92750034015784455,-2.06728743300781037
-1.44099676463591009,1.29710058741018086,0.284200430861473174,-0.464849514003159436,-0.57622329610250167
-0.827506196560343743,2.43906928745743734,0.975810911008446857,-0.0419650145385295492,-0.26590772372833793
-0.772937729778065297,1.46818756085245239,0.646258837211636572,0.356028250566402638,2.27822966293129836
0.9153491442357784,0.70088147266508527,0.514590313175165126,1.71663672144591639,2.61497243056566608
1.52679102047657711,-1.62010669217122993,0.710961083954954387,0.215593495358429893,-0.849154052053523345
1.78634148789957115,-4.443175589473217,2.3132055798545883,0.467005447793640505,0.425734677404783046
0.243929189369400057,-2.04249543227253794,1.82223342621044271,0.467374791059087413,-0.149508862702205758
-0.908001742065756345,0.610486363099000173,-0.106173500780674709,-0.466882804119114314,0.528698321615411415
-0.728341044960422179,-2.88866805773003543,-4.20375607777861404,-1.90856001274565856,1.36198382901720372
-0.40914000608087564,-3.19010024754435806,-3.60644373961989784,0.427154055002495592,-0.879481095182926942
-0.201657069007753681,1.3473886509802715,-0.834607376237258003,-1.20935456958977783,-0.525007411002146096
0.0470237941527644962,-1.09136006444428779,-2.07655984584371911,-1.9672636378105659,-1.89399848435469154
0.243269750852830341,-3.07547492841345216,-2.38350212540663042,-1.57531795768198202,-1.84294404121825361
0.317005517940086357,-1.68310802103696755,-1.43627887946439037,-0.979011919033285216,-1.02849488407429335
0.318559379324546255,-0.286238378344400635,-0.43116084122401771,-0.797589893930158778,-0.662788419409319762
0.380129289256580849,3.89901269879164136,2.02099975285152844,0.398779839891982957,0.422800736990080694
0.592634397843278982,4.04377781997239705,2.73327637483411001,1.23493851515725295,0.920311110365639062
0.565214684096950526,0.0311420134870708763,0.491701351478586901,0.415079537302448065,2.11554470096551439
0.594919910288986498,-1.18290323351799254,2.93230135716150686,1.454394019486142,2.63060459064740604
1.54280541454863673,0.339140778164214229,0.186766778343473105,0.203824386349347214,1.25469353890439184
0.863455891105735507,-1.08331721431261774,-2.47755963490202769,-0.821484619377886305,-2.97344439073481759
0.262118528292318853,-0.260827327696196709,1.91599471847131531,2.5190683619219123,1.51155768777318622
0.0468242275738819588,3.85102041052195521,4.61049140304146121,4.02715594548861677,3.47621038117802206
0.122026642392950163,3.1192349091337479,2.30068708339158068,3.67888133277700868,2.74468278599006821
0.246026337839857084,-1.56697973892584685,-0.876376531784741175,0.860265624080912006,-0.470058733980462495
0.272259971991216099,-2.68268587481558551,-3.91731201757394087,-1.06949327867378052,-1.85284128957526528
0.24854420346689679,-1.264658001629692,-3.13457012445806704,-2.83327336858782619,-2.38660386111009792
0.182078832314547717,-0.161023879267964493,-1.9818618854801755,0.632285986180984083,1.41173571907474038
0.133860233337387752,-0.324000240262130645,-1.02963055955204075,-1.2514439941254365,-1.02632920698019237
0.296234752661047374,0.0893155289118582052,-0.588620428891917125,-3.03295071931335247,0.343334030930915468
3.09966469341987283,1.66087702453190089,0.207342975237377269,-2.0288356013902864,0.777309482546178598
3.62997630589785203,2.23211916712682079,0.0527422579739411229,1.96998578189517537,2.78488964675420636
0.323815362880760627,0.368399255746276355,-0.0823511754598133389,2.32302941559048737,4.0432485309312689
1.10581760774294025,1.29067103825265272,3.66186146125987344,1.39163598014049783,2.02759221909396503
-0.565262779039704122,0.60525953605649141,0.589263131187985345,-0.137776454967468792,-4.58269956523434097
-2.64644142019611772,-0.579805521328070284,-1.79646587816879943,-2.61664650882035321,-6.56216783623064526
-2.49532875191017789,0.0745789822032588423,-1.00129492838538647,-0.984284938482732907,-1.10754390638240729
-1.89655094592579099,0.063366832695252423,-0.443969213851790501,-1.40766771477459973,-0.400092739393401009
-1.76567647112715065,0.783097682563504427,0.40194822394707802,-2.19641321470884021,1.52065317954162715
-1.58249979096110915,4.41711762505874983,2.06573618032161566,-1.43888158518527542,2.75667803169476233
1.25069902532590826,2.38160830617123098,1.06672670828025096,-1.37220724482374679,1.83410014234450469
0.61660584018147202,-1.11131239709784868,-0.420084351212999862,-1.157222100640805,0.378390002142808046
-1.5271346121573246,1.27928901674244666,1.09114808578826028,-0.152379969852948188,0.190094614607010715
-1.86658723770032253,2.48419268474579136,3.99990231393204043,1.31646060210999338,0.563331991091552964
1.5877108039997927,-0.295388011378230342,0.692859009362538969,2.653159405670793,-0.178110059942707122
1.75843552249252433,-1.3546874286881172,-1.82718277389143946,1.0307712863340126,-4.82624707643377704
-1.20394224422609031,-2.12449697545474026,-1.57717415981276954,-1.57013005880344592,-1.52087902479306392
-1.74241471594505848,-1.93636835840663735,2.81482035620176507,0.310314271088771076,-2.38798350653647651
-1.0767437057579996,-1.29438167953232353,3.17268536299060999,1.61924472572240874,-3.37284072833727855
-1.39508995813473868,-1.54939930072285637,2.16752828534138597,3.81457282828134492,0.357482387995741724
-0.750169225335300172,-2.06597800783049212,-1.96236798880964036,-1.49871117113837227,-1.85117849169299298
-0.597591695961435687,-1.62710390192467047,2.11948916966169865,-0.0383293215158431802,-0.581386536760017392
3.34708277173025959,0.413338911556227095,-0.141311412277913828,2.90061510867670957,1.85568602347403
1.60776131736413053,1.04430544294659189,-1.95772549883999014,0.703387078162486024,1.11050559685335748
-2.83801313280899592,3.48333780619181077,1.40350576593270282,-0.00556562409111638779,-1.27918076372268508
-1.62267458613784443,1.77144571965803799,0.389681333312506928,-0.422207649044661071,-0.650614437386759614
-0.628591951723479703,0.975303161450632339,1.46542309321778053,-1.02164312489148457,2.96341317767801904
-0.551705617755367861,0.170474990292293127,0.325036730460427192,-0.987814620999642234,3.27858929131012244
-0.531584874106225791,1.81147260176268832,4.30430383841539399,1.16538380049737356,-0.279204676050983147
-0.125710922566470706,0.341354220126289187,2.20583100689609335,1.39957540690010585,1.30148072985653007
2.06733155348661457,-0.735008541904301538,-2.75104207831948111,-1.48328213480025251,2.84612175009953816
1.94546161053097633,1.36283149619305366,2.0762198635390039,1.16989934658349548,0.42883875582226888
-1.69250242958384356,1.25272859518343127,0.556888945782557321,2.90917479202106266,-1.03314039481036235
-1.18235460133093051,-2.49341392730268119,-5.87723828330459774,-0.666508663744993513,0.481786459665940747
0.117310861626386542,-4.46900165832146357,-1.89864209539613005,1.65192879426301653,-0.170614647121740376
4.25864542812761915,1.82345438422476924,0.50050753276518678,-0.586190459119348639,-2.82873661401134413
0.161055685191155262,1.6060646859624037,0.625762499255709037,-3.10229311882357006,-3.78288638679436851
-2.87243307834230466,0.81681777966088831,1.14772629898493284,-0.454320962290183206,0.710385948098094633
-1.1514779156827033,-2.11330347259476437,-4.20137266212052296,-2.2958564249584259,0.286484586440203082
-0.695843843474303614,-5.01974549286943628,-6.06447966420551055,-3.39792923424859206,-5.7577976661279795
-0.610651889430398498,-4.53125196866034408,-2.82065355954450725,-2.29540610752641649,-4.03351223962233352
0.869238116678056394,-2.52086416105403277,-0.916881892219121641,-1.43431836384617628,1.90316370152597325
1.51240837862408783,2.54104530128781114,4.12096198180880791,1.07690953177052995,-0.887699260959537884
-1.28246334546629148,3.06734321085528761,3.81801499000263656,3.52039562663388628,-1.67095598410577861
-1.08793661261560048,1.42222739940996767,-0.890389558450053076,0.219101330162070063,-1.56931684902029867
0.518667964368965007,-2.23014639443514406,-4.53974264459947108,-0.622031032347496127,-0.333075199156954382
0.929278188848509434,-3.10843036067084366,-1.84999529557692011,-1.45811244223185787,3.31217419094759702
-0.902807490954279923,0.804053759675566249,1.7749859773012151,1.03986524669189984,-0.433026330253177716
-0.761774881706947515,3.10286650682908993,2.39928593586627681,1.94191262108589813,-1.71397435634984618
0.484968251120098393,0.23698177092794076,-0.58584399266886289,-1.07657242654701646,-0.966876492853989133
0.0261777092514098343,-3.11616576874755236,-1.91714125412836456,-1.35119947823517439,-0.259441164614468034
-0.387751697776827442,-2.96384666200153157,-0.138610792608883149,-0.546306387826608453,-0.37049120237413774
-0.233932483777991307,-0.635470322632533224,3.6044105461403273,0.210452790662741418,0.195791031930765497
0.231834753920234282,-0.921049975946443111,4.7437210254350699,1.86194416584041345,1.38412074187208245
0.446654742705507313,-0.691060990851162349,0.756987192003692688,1.02543759699685433,1.13162830944981874
-0.12578292030024002,-0.507138757055798695,-4.3950261255725156,0.186312235655812064,0.729299282833343665
0.0199831097584402574,-0.216661513217173585,-2.06708292512929548,3.20206440288910654,5.12649826706423095
0.215544539562068038,0.352317361416076003,-0.186309243937260949,2.4858012464091872,5.14166574440420288
-0.0530367204118875057,3.64484953244036847,1.91756254370479295,1.4807374039635226,-0.108978687851345776
0.170352992341915976,2.75319107074677838,0.308750655301404497,-2.01549441305041732,-3.50629357941408015
0.358188924323136593,0.179740397788767103,-0.346648642892218695,-2.97988309787948324,-0.828860789174473145
0.236243940595093183,2.00751955761172285,5.5336030435190029,0.399559750272469927,0.857069126224356048
0.108959285951279183,1.80351468289343697,4.77417535467743726,1.62620175282436485,1.01427485950917684
0.176769965744829338,0.0697227034143733104,-0.777974804024879396,-0.675688256275764121,-0.076645902939948149
0.163167475051577415,-0.217580568131085339,-4.81061449080444881,-2.31700558097207709,-0.591949827328810074
1.81567117638928122,0.856006000257665156,-1.11773446782209707,-0.92844556015577917,0.69205705235899484
5.03856290087129466,3.10922086403846221,1.39077231213146191,1.60537681890057127,3.58581660468662289
2.59491116079833617,2.5617014229328432,0.363612120325357002,-0.643422399379228405,1.63797376650846438
-1.97566727033429412,0.236450788592565575,2.25787474436545921,-0.918914517087545124,1.64068508721387873
2.31727859725342755,1.5356502543337176,1.49889252373723281,0.946915376065980752,4.67540646237790547
-2.01947614355980365,0.0945026948189256477,-2.64979092634806479,-0.908737670219319171,-1.43987954711301969
-3.76096767445087199,-0.697533657661215112,-1.50837413619493832,0.261399470456144811,-5.08033448748513017
-1.86313601726946265,0.78831240356589094,0.428138130839863573,0.552114724337965268,-0.814071468170366019
3.15386717255585314,1.60954031745813664,2.20828225863037275,0.52532525764578708,1.60710709668176932
2.48498570356741677,1.68843194625824733,0.0595184734711472069,2.98084186692139896,2.13364339390311164
-2.96815250790562235,1.8742110691259497,0.270422056741362382,2.32957364276036616,-0.152863817469202551
-4.88289533069695292,2.465394350132041,1.8655255081925064,-0.0298207858561113127,-1.99093984112441347
-2.51063532239614906,-0.440791240130054385,-0.931725230824705375,-0.486632990306837321,-1.76624550480935527
-0.854938288061328211,0.824345123923329814,0.150814160743307835,-1.62284429485992865,-1.34916214927709865
1.27758578375827048,-0.849402564968940843,-1.31177990693454172,-0.938049004599595837,0.0923956463771014036
-2.48917066167237477,-4.17631079202695599,1.22964789563486265,-0.901599605572110718,-1.13278138432868469
-2.28916933230298225,-3.27903231495371017,3.17208964469447796,1.21315315440064753,-0.595757575489255009
-0.925290640671051379,-1.85974539635288005,1.80271391869555409,0.998917633212185296,1.12918619815048116
3.3560785336598622,-1.30096113695592486,-0.613484115169589228,-0.226529316584167251,1.62726478485422299
1.62514607989786475,-1.31286707718905005,-4.47412586921688415,-1.42233872284621565,-0.840057140425945925
1.175777960040294,-1.30179819991525991,-4.15795171476132186,-0.485126618712046598,-0.695018998035112245
0.55735691529277942,-1.07697539782108831,-3.19757990172962225,-1.16167317861801278,-0.205426216371681097
-3.24295128002912847,-2.61369779574718475,-3.51469249442321985,-1.88174124962214773,-2.48730665026632014
-2.3227235975479239,-2.55697056501955133,-2.49858295078680293,-0.70193898978703384,-1.75895157505093547
-1.32346392998900964,-1.98843488988378292,-1.23190615701414763,1.17467166911981225,-0.104182516254534549
-0.838537736360580266,-1.3354230093526116,-0.312871313001692075,-1.09582024112779064,-0.991760883508862601
-0.774916538446648984,-0.506532328802666965,-0.575131914839861369,-1.12204903471019368,-1.11632904478128703
-0.232229874658351598,3.80284269868094071,1.62575363241251014,0.141939073852941078,-0.361145483443771675
0.110431589140289776,1.67491215099567903,-0.426921769970214637,1.68451669036859242,0.616312883831042213
0.176316284443327087,-1.4167615593652727,-2.05477256574099743,2.10537376176814517,1.09417108171938082
0.230902059077918331,-1.5833233867975709,0.174321883076374584,-1.18337658311506089,-0.64892217461052415
0.520826385681897319,-0.877141536028701707,0.105456160618627878,-0.82770578205157086,-0.35324082737412027
5.08652374674730368,1.7363011766425589,1.164084505950854,3.47282110678513511,3.55450805205231735
2.36879752135685795,1.41519428794223878,0.355085809291898424,1.18157089567688156,1.60944178134514848
-2.24084879888503608,-0.555296623543335977,-0.619225899188792561,-2.99716862249480576,-2.54224029726655765
-0.907563732816186186,-0.924604800021468498,-0.0775040704810493059,-1.30091496169280685,-1.18381788233195828
0.232630667273257485,-0.338964945820017849,0.344686365791998683,-1.13878753044143166,-0.116258270550951545
0.56862888198004502,0.0381077968915533583,0.691540969785381709,2.30828788136402041,2.01499838794314945
0.0559932104128914587,0.142204472072734067,2.97283446624670322,2.75990786884175598,4.15259924864884411
0.163645032484940056,0.0878619866332686628,0.690694175397774113,-1.81238149911180702,-1.65156674077525389
3.50195179190419115,2.69879843115893481,2.06159224571154454,-2.47648295660205653,-2.03834093873465028
3.42331566970059376,6.01436863391099941,4.10631531095352287,0.549829165753247362,1.88431323158147368
-1.56040163739649085,4.42962236311007818,2.40434272943110017,0.128737673592324076,-0.401459705068711925
-1.85652348811268442,-0.0155192843287038622,2.7133720263874852,-0.0273256740729228044,-1.39541607938610168
-0.436486423430052339,-2.80786368214898108,1.28767523251083227,0.812889340558954343,-0.0214701691844870063
-0.316208508740016547,-2.53145018657799614,-2.42314138790952871,-1.34867458404998786,-0.680777748244748904
-0.29597499166393787,-1.67662273931123229,-3.07338579707913295,-1.38394015616993871,3.3232608460653319
-0.111939831808923695,-1.05965407836437486,0.603640397140759011,-0.611842331623874025,3.74002779540333385
0.429632690431564379,-0.293269855928388334,0.633162770338191239,0.386495753777148676,-1.21982367282017168
0.0306991438398311368,3.82276561662946879,0.769717121986823849,0.256506702184349178,-4.2595978501194427
-0.207890413873534852,3.9573652553127614,0.775900144830407146,0.937541890483925555,-1.04664040664266578
1.31901750793429406,0.603365526736559299,2.01670727033058439,1.10158642898477055,0.979903448718339676
-0.344198843235373364,-2.29097340881966982,1.85384658129362689,1.61035646694063783,3.07144639348832404
-0.518260075027002443,-2.93045200909890102,-1.0403976098614891,0.7748170468581288,-0.965454177238856404
1.16778907519521091,-2.14418377357490675,-6.01369376694533564,-1.66117243269952097,-3.94841711471629919
1.1661355884624669,-1.30000950733611176,-1.73519093344294917,-1.95332633280209667,-1.27060907692900549
3.37390338170401538,0.9810243897443085,2.73200479846199595,0.998465001417805698,2.17052640797762963
-2.32552134724414072,-0.449578688154711359,3.7346332467177179,2.76705559340022145,0.170628236202907679
-4.06288007666271866,-1.89940296232474726,2.15207978471296268,0.367346463518036292,-1.10778761899677525
-0.933594198328958513,-1.10609747399339042,-1.60071550291433962,-1.9701227576531477,-1.64623060248541053
-0.631927566978513822,3.48026638854807224,-2.97004112479487814,-2.07600929108213128,-1.43613668227736779
-0.747326889914616821,2.22073723998362649,-1.90888386963647827,-0.950784431574547617,-1.06173824176358589
0.994731076520073199,-1.67139705423158857,-2.28477428351956879,-1.12732323321119665,-0.229745833171215774
-0.398478389873763328,-2.06255626770594169,1.0109457896833427,0.304330711674899057,0.237842856589079887
-0.656671173894629367,-0.716591946723812212,3.37913882461150061,2.26702113352955514,0.800314394403780716
-0.119356226675121982,-0.312669984068038476,2.2610126857938817,1.81617386741575659,0.74215872873249189
0.0370580159656765246,0.793884663991301531,1.1285096556472709,2.39041732934080597,1.46673107895085697
0.626611649339176791,3.37315825319764029,-1.30484990704867165,0.0233850337927603465,0.200266969185035282
5.46711799351721695,2.23422638649833738,1.60260338643074585,0.0141929232738149842,2.5912501320818917
1.83374935791730187,4.13493607838092458,1.86248636846487203,1.17906799682984809,1.44465707833169743
-4.57792446050166557,1.88726585169668692,-1.9483426602159013,-0.699569755747682209,2.86990453085315123
-0.716274651849390986,-3.44633605215437067,-6.18752795845713699,-2.95064735186836025,-0.761799986283433372
0.690498639591512142,-3.79215218514678165,-3.27205411322556872,-2.11791873828525334,-2.6027973460318452
-0.905612816932883424,-2.19964805958924581,-2.98459347552470566,-1.30505830118439858,1.80475338662816043
1.84414519522803722,-1.37013339794952671,1.44596938142461129,0.716434944453700706,3.73157077345927002
3.45662715740925774,0.65469533430283755,3.21490336714231306,2.08201657790604422,0.427027018681471193
2.74865536276540512,1.18625112373976527,-0.426255762933547389,0.0817996530683943596,-1.75962330593923633
-2.96080836740618469,-0.680611798872886364,-5.05816200156663598,-2.18307514722671137,-3.31240603709044423
-3.93395471823252674,-2.27341164596488143,-2.86574420915382566,-1.44262705407383018,-2.96425964267289865
-1.28173535941032291,-1.47945606246089345,-1.00510123933206996,-0.701001810797390879,-1.05308593555439067
2.19997932545271357,-0.216720170394820028,-0.632618128003281543,-0.323980611370187355,1.52636132166116267
0.601301800457147539,0.648808766950007554,3.43720821354635042,1.51438944824766875,-0.519620756538335726
-3.32707997052305871,-0.435633643920969815,0.545988955902655393,1.14268198106364238,-1.61696019640650213
-1.76213934361284252,0.664133208323414936,-1.36935240188216123,-0.685189530344449182,1.91505023196527668
-0.239846171810422282,3.35078189706874641,1.13366795858781844,-0.00238692830740678836,-0.899599498879609216
4.60224261337358875,4.21512076628259713,4.22580590793523037,5.25594855461005928,2.63105561936264376
3.40902778566358222,2.01339298912087683,2.94427821964732006,5.21564134340533236,3.51119516710240376
-1.06367638875368908,-1.67697337066001628,-2.15712141993727524,-1.15833910627979719,0.788084395254078474
-4.73908580327210949,-3.24590070898808225,-1.87330761365474618,-6.09242900327360903,-4.03202381673684229
-2.24264901557442231,-2.40486703498718857,0.214331879908284201,-1.37606080065903047,-4.15626713593054653
-1.21187506584794846,-1.33504293291229104,0.0145687537280378074,-0.0789915888715931463,-2.43539605517208591
-1.0874212232238778,-1.17972228427965153,0.337170946746940037,-0.610725875999828971,-1.68111612901792395
-1.03076755088526673,2.14960341730608251,1.82191204132176754,-0.0551709199416319934,-1.35274108103256885
-0.783253200292971741,4.39110643120855215,2.72213937574610121,0.687804904514552451,-0.695414723153860437
-0.299781300715848797,1.40855060660802578,1.60752821998947493,0.351646191043547052,-0.336666685522188147
4.81893316392725346,-1.81269448403942612,4.88962968603112635,2.23739733882202074,2.67512645946539029
3.11197541562211777,-0.247064351490234618,2.1601129141418256,0.893210048140731128,1.4794895145911735
-4.36708708164566595,-1.91051127182145186,-3.32257465477845937,-1.62025056212641383,-1.58586785756413606
-2.68942912955138924,-2.65035038173027093,-0.0365675714123998366,-0.331617360264546746,-0.654007971478902994
0.0235596165330217849,-1.57204863082076063,4.5010818784582991,2.1212234603115947,1.23051697703562213
0.255146410119911571,-0.962515271190354182,3.2007644619030069,1.92288641921338699,1.24306654592814514
0.343210050516640774,-0.477053070140931679,0.778306596235373571,0.379684804121332986,0.661534371088192019
-0.441703350203798084,2.96664155219646153,-3.21930391281413053,-0.301391480562542335,2.12780173531736105
0.475119272314523611,1.22298267488603996,-3.36125292021188082,-0.822792528887799413,2.86616245142367276
5.3023397037109552,0.373361028800071937,-1.61525243357543258,2.96817543824656482,4.43876693495869468
4.68822184273537435,1.45311481522776953,-1.24961218972150045,2.73366878175107964,3.9932886590606147
-0.660958376449512719,0.258880204763365707,-1.14561911742773415,-0.714668878046035738,0.751823828001208505
-2.18140789880941588,1.86379189736054784,-0.226252565227639341,-0.760833258259281719,-2.82240706815170483
0.324080239410468984,2.20877698053921057,0.240398614730704313,-2.93295082253355366,-2.76590683123602243
-2.72178583362889803,0.347817103786415949,1.55450557234752074,0.947871807491244556,-0.971954547690637605
-2.62870824350233612,-0.974757295384344746,2.60234355710051091,2.54381379422334541,0.570679879826188619
0.44300514015967013,-3.16104736436616696,-2.84350196254167242,-0.753777241059744196,-0.950002588593752084
0.92491561371836184,-1.90089704642538559,-3.56965146551802981,-2.87343312713149235,-1.74473340796252208
-0.460356471292772962,-1.82481619624543989,-1.52024477369396815,-5.43774563856806292,-2.67139370322989933
3.8971140215103568,1.79911271266858308,0.239240430850997249,0.458547898522897401,1.70025955623140224
1.99505095388235643,4.00401765305903634,1.29506294452994686,2.73298751637985848,1.85503116680602131
-3.07751845548884528,-0.500594083806723766,-0.823644328022227756,-1.53083016787463078,-1.98248327594681939
1.11373557772637466,-3.11350851431199427,-1.15900294244203783,-6.82507994675510155,-1.69232897662556914
1.94945979929891045,-0.177145559266692815,-0.232032992382847886,-3.499187333309977,-0.334890626216111542
0.34828744903928871,2.18393257112977413,0.833337717555271529,-0.875737053344851524,-0.32882371448073644
-4.95939771607318747,-0.536434233129876148,-0.410788934814452555,-1.33003086784471369,-2.17862681789139812
-5.11348374276679074,-4.17054909585216826,-1.61695802900301389,-1.57237749820924089,-2.22814826848990011
-2.0890132281274898,-2.8427135180113714,3.7505276338379927,1.09754822953250897,-0.396986450266307522
-0.0176748068073475234,-1.17071310004281859,1.56446762687971375,2.04340353904501093,0.592206509079812315
-1.62397701252573134,-0.56653100113772914,-2.86558785349439216,1.53596629021505082,2.24483848764307403
-2.10368321881165166,-0.671451903872142486,-1.82734519251240757,1.45761574687381135,1.32490658413454554
-0.986458934396545972,-0.562629541150156065,-0.279782320370209781,3.35898391707543142,0.187336717937321262
-0.619236745242568443,-0.192644643499505025,2.3422432126936954,-0.38247805736361401,-1.40354514968795607
-0.293745907941831363,0.1334055445577014,4.35253224383941983,-0.189598210869355549,-0.412972163828161376
0.0477255775342991101,0.386326447309597532,2.74598698512865758,0.896179687880949372,0.172651654883342109
0.253155648080641005,0.539543620525651413,-2.81037219992265852,3.08992700436730816,1.65067258478522305
0.434682589953263421,0.681629506560886611,-3.73353151944100059,0.0412332607246979482,-0.471754218875831133
0.596608586807776398,0.914884099709264875,-1.29710313771113106,-4.48784464947330353,-1.82470976114376349
0.669247833749686993,1.19861160205776951,-0.750693490612060477,1.73611467142084042,2.69315597901406667
0.620545223998454132,2.79248112548250038,0.909895458884944941,1.80550807061493179,1.39614065637372864
0.907960140112310299,0.972564330143829148,4.25861545611146752,-0.103366004129660918,-0.555797130474740775
1.12816103995099359,0.114084540308981644,0.853354397135862475,-1.47987703650658564,-1.162964221121779
0.874921847109494166,3.79043165925902548,-2.59657329683687887,-1.81718989100677453,-0.736882537495367917
1.07470946157564584,5.5822550455929294,0.125839539012815138,-0.493056235360120276,-0.17453707976803623
3.72320183397370918,1.69978254428857167,-0.0854922011806658333,-0.365414242128940636,2.73632595807988999
0.773692600060509994,-2.56538978493861425,1.52453820962597186,0.94943271169155885,1.12484344784273826
-0.878454691394869203,-2.34017578861504116,-2.10257341218085969,-0.581726916807313699,0.758698879337703858
0.427666338725410988,1.3197178956689708,-1.96860586413989891,3.3617869161840126,2.3424939571979877
0.573016550989774109,3.39118643954960453,0.255084086958697998,3.69381736111926795,0.975932537497890773
0.171306229060360471,-1.27923078707457605,-0.564486391088416473,2.79791382155772217,0.760562143572208416
0.280211332693367565,-0.22622065853847878,2.12682635375302898,2.7629847698702763,1.37174828931361104
0.324030287789655869,2.64893322643700113,-0.0860405129088765985,0.583245011203647468,1.57101587449738656
1.47731760400522405,-1.73955618340330886,-2.3303266045870159,0.887838846064107901,1.73249803564116522
5.46436484248505394,1.52343057780215152,0.274220833328225222,-0.539137949578562092,2.06516693289288433
1.23113134552982562,1.65408581363329588,0.931032056669679142,-1.10138302042779057,-2.61048081878287963
-5.07998039766125675,-3.86758850452064884,-1.72514553429734918,-4.91998429989982267,-5.67975051261014219
-1.55488130936261681,-3.43817082752074654,-0.202706056571615306,-3.57486669554537739,-3.38804290680217246
-0.382059616324879558,-1.34700721200710283,-0.0525904403303077764,-1.8128718744211112,-2.40519500749197679
-0.19078817718090868,-2.91194583194659762,-1.02479038052682192,1.77864493709565674,0.217770224938597379
3.04183549582999468,-0.84485763713580031,2.4018075776477894,0.898805666583316509,0.525328139673440386
-1.59484665391301328,1.26787324695632364,-0.753984790646417657,-1.59048622992588573,-0.904139544832929909
3.03562011566817702,2.49091368632638188,0.32204908442071617,-0.770779522686830587,0.436222783165621186
1.81446028158845851,1.11636667105226661,2.43311032595603072,0.22169512637439745,2.25567684993694151
-2.90124396559484143,-1.97721659023075369,3.33588566331200553,2.18044251268561862,-0.52654375915539775
-2.42812566768420313,-2.5870304176314165,2.18502684551418236,2.39514223679365168,-2.24503054240220301
-1.15387528892102975,-2.10850941218280274,-1.65787375740138265,-1.236325775284284,-1.9509576417006369
-0.687341943100853725,-1.38944561266126221,-5.61631144403649785,-0.134167686746654469,-0.235412159263855947
-0.71924352664223401,-0.280983503591784256,-2.6434636007730572,0.39134228203864474,-0.811477863077085693
0.989714927593492777,-0.295757451884963385,-0.954596144537129376,-1.6435041722819117,-0.4434701554319459
1.44261291956102156,0.222981866491589659,3.31661041840075743,3.23815818730044791,2.30841274136067254
1.66261188620633038,0.41822960996709535,2.2355738110806409,0.551948837663809755,0.246626535412409531
4.14108819407502171,2.2371070393525625,-2.07359290576656052,-3.61669216930702309,1.09593427008660971
3.05074415231081453,2.04675900294668089,-2.34019138380151359,-2.48440086565136387,1.43583103841813431
-2.04166188753291777,-1.0264283942215997,-1.69703931311384415,-1.23220827330123739,-1.5984414326562626
-3.52187561050080378,-1.87191485687971837,-1.64799573960936319,-1.28001369989159741,-1.89085181835804939
-0.347180376847854133,-0.225298792562399181,-0.826633727977331478,1.25466196927630635,0.812147641961430522
0.877085928192722464,2.75624313318779945,0.827135154661501781,-0.00865547463807056494,1.0799718741946891
2.80315625339491481,1.7371153331205349,3.77729507627948724,-0.248631974573416986,1.49201932007052429
2.46751968353229101,1.17176759160526478,2.11297194127760912,0.705781747820924288,1.44897810442994235
-1.03469021748329437,0.560058003478993927,-1.27373756152635775,-0.654413321984258722,-0.380161941237878831
-3.28983223006340886,-1.17446171388671883,0.55149938096115847,-0.410205471699594648,-0.102535382279253406
-3.07630570930069158,-1.96992489446505536,3.74267166820629482,1.57677144520872403,2.6038772271192494
-2.3929008969992509,-1.26802841092549134,-0.977111545565691797,1.08149738454353406,-2.22406859847997573
-1.74658977175113961,-0.616024297531303389,-1.18052400073779484,-0.841700653984692293,-2.59129031976724722
0.859932653995405749,0.937657819332625375,1.85124963996541969,0.290385420831966057,0.468617557400754392
3.65670800338566471,2.18395520925972919,-0.859358852325201705,-0.254041005486463467,1.74033141116170587
1.44780959660210695,1.09111687777297672,-1.52185900393991269,-0.33698952712303365,0.487260757807315759
-3.42564615396331495,-1.87553277884954639,-1.82274379358206295,-0.475385124955619132,0.898169380883302892
-3.00027771531239029,-1.64519416716253608,-1.46195262225717904,-0.295067048543998123,2.03869763886375299
-1.35201504067337419,-0.606135459583693748,1.6210594465164827,0.580591722997659598,-2.86402508528963962
-1.08105593817595724,2.31449588926632588,3.74405869696793392,1.73558915489677479,1.97519787393312063
-0.662814874638113616,4.08852712517697103,1.31528935298374861,0.802049337115731342,-0.484907393250481933
-0.329905546657389137,-1.17776080114970827,-2.38017179967689785,-0.715476203096839791,-3.40917813162019723
0.0094618820400663925,-3.43547879296450498,-2.18571290671919716,1.87814579701455253,1.84133852723036506
0.363890654540366287,-0.796378446191944422,2.11772034970434309,4.94930914478583794,0.736396342851978303
0.172164417153725685,1.10090248144083835,3.32206041965707843,3.64300657593021748,2.31831782729140379
0.420230117199040687,3.65684822460248871,3.45159413565779172,-0.643389552955831556,0.78026376466787728
0.620762829273628358,-1.23572578716078163,0.887943090882564734,-2.46492615381731639,0.287213435002700579
1.43050295307814745,-2.80884840445738959,-4.5210208898036246,-2.86864757170353402,1.0698370297615627
5.545195203892475,1.73134483522447447,-0.783638158596628109,-1.97798218607329068,0.0450079085003164403
3.91456276277798443,1.67728916180893628,2.47783674215932459,0.0448435227953266347,-2.38478860880332233
-1.44979579678269332,-1.94567897173997828,1.80010936599126281,-0.239881756991861012,-2.66046355666764889
-0.0790485769172360742,-1.36981668619693764,2.10976825341209873,-0.167280275178877252,-2.63706170267069906
3.77603982873451294,1.62159578124620474,-1.42420898457075196,-1.21830538691919843,-0.827690702382462229
2.69809918469384025,3.39369767314973592,-2.52232390930206618,-1.79289938875915977,-0.297097799435434018
-2.54237233998680523,-1.10237679881662709,0.176290637747509082,0.158983947585330104,-2.50116765420918297
-3.63373932978583625,-3.48763436922477821,-3.05408565166116741,2.43697165555878437,-0.224232513895211483
-1.71103199878104628,-1.14143114210906971,-4.65086288874299925,2.62986437409190099,-0.353306478467895979
0.601280599688020945,-0.0584980834138603412,-0.872690630229068454,1.72498684280763293,-0.0608667658330805383
3.59997641105739463,1.98855599760132673,3.40377108807718987,-0.922231334264226765,3.09884741503555095
2.61622735804701323,2.04356270463142131,3.33695345443261759,-2.14841863387956211,3.11042531111247644
-2.27740983271968966,0.956660083847291509,0.248348579040844397,-2.21961277541654001,0.681455542548853876
-4.18472034202757648,-1.42468850678593006,-4.7636702336720349,-3.5526382000174177,-1.89331292521960348
-2.32233972741690575,-0.772188711126158167,-3.29253026446506913,-3.09590639540952539,-5.1530114669287288
-1.57748235910553425,-1.52174298898851101,-1.86554661992462822,-2.35716715412176869,-3.58574840696188257
-1.43008865392625761,-1.55839540369430374,-1.62554073179471748,-1.92397652444496403,0.0352410263819116082
-0.650649906463209082,-0.848202046809484744,-1.24495442228529174,-1.30678921042148244,-0.656903564530583961
3.7282944927172994,1.62321516793102893,0.457931702293796317,-0.587410747933560851,0.351117885499944493
3.09452833332040367,2.24496198741385689,1.48038389257754122,0.202485236430413523,1.21095443420046411
-2.18269311676731492,-1.28216270569821322,3.77077234382169779,1.86669874441829808,-0.868600184618093629
0.446612305052775826,-0.402443825992578441,0.420073278295590713,1.56278159850007659,3.34867444385379587
2.29552124732316631,1.95201008314123459,-0.0428871097517429176,-0.277797908363793367,3.75444676128549704
-2.38700095045071281,-0.242573706552437346,3.07173888460497579,1.00636055539361213,-3.15040729492978011
-3.74147865750359543,-2.29381741634335867,1.21995574564734133,1.11387109614050761,-3.19689453104711996
2.2321347479496767,0.791707294226686398,1.65437186474749698,3.27379615053641393,5.05668867839530822
0.674769680308266229,0.971522912119050064,0.288501104139229747,3.74415713119132931,4.043762090832133
-3.60969909991702353,-1.82172392459398247,-0.446231225769597339,1.22540195257229523,0.765406126694206157
-2.32282471625005149,-1.1879593552231793,1.71286689725135521,1.3755137318517372,1.93484019943817254
-1.21500831816768851,-0.242213313764921084,-2.08603390691244028,-0.377229958909139129,-1.90928746035013353
-0.989688218462669966,-0.0935759368863319507,0.675373894511501205,-2.53059131696526629,-4.95851659477064288
-0.864997121182072948,-0.152142122064841262,0.165697362055675923,-1.88389059650581014,-1.89090493074634258
-0.277443161507244018,0.324705677628522316,-2.84270770874675449,-2.24963269209176708,-1.51806231078340037
-0.128077935024253214,0.164301066085998787,0.288271147401060079,-0.735939972290468591,-0.836193474538104442
0.0485692080059031625,0.205714663965946704,-1.1688113912046556,1.57116137254920418,3.43572740059940163
0.261634933628124622,0.363982888334765886,-0.746554397046405915,-0.0367320819627531617,4.09801833318747821
0.633443851534040925,3.62281989179127262,0.784503006289362537,2.50416357748496443,1.27948172262707205
4.01043519591273867,3.79840043658780546,0.971563174918309902,-0.625035142244619979,-2.17808584335333189
2.87646016472715971,3.5508365298959772,1.33653740774220098,-2.10130384541435067,-0.610491208871027369
-0.0176508745808119163,3.09133808100971796,1.59542887092134555,1.73523509457542158,1.79634453936271266
2.74381760575674249,-0.988200729108143938,-0.69069084888470722,3.2583153657621291,1.22316908268734004
2.33423112865781812,0.832897970892218065,1.12434450158731214,-0.174557828587675407,-0.507970201737177662
-2.17823969175059418,-2.90977619385239539,2.69973352361538499,-2.4705666627664935,-2.06296962455348121
-2.38704606192156632,0.379081390225890602,0.199177741875623648,-2.25727209319734623,2.65352115055188342
-0.553263985086260512,2.2232403492367756,0.687541465639031624,2.08449906855063327,0.363422970983588445
2.74285759672187845,-1.78062304225467005,1.03311409924612874,0.839209580043296155,-0.585686010259038325
-0.755346094771346066,-5.22850805771667382,-0.48663172607277283,-2.65164340417688349,1.113410222409835
0.698300230435585645,-2.35802277174328978,-3.23854020636006679,-2.97886414568522095,-1.92902109288978263
2.26978454215968606,-0.0800847333165572162,-1.98442721515289633,-1.52060891689326683,2.1707848821252882
1.07067033388130484,-1.43736290140174705,-1.41798397767072659,-1.11967433579894804,0.246637592145410034
2.64237909234818868,0.296771484289295118,-0.371782879511720954,-0.633410196242003343,-0.482109097807214559
-0.642343253485696875,-0.86643126470936016,1.81489553162612194,0.346735975611797365,-1.0128725778245955
-4.15787374102011054,-1.21623120410425289,0.105049441480089462,0.227186173538242803,-2.83252912933108858
-3.30515763014532249,0.960027801194722419,2.98857987048989626,1.21133194678655931,-1.3245344949920046
-2.03794516747408849,2.81961652521824169,1.3054110107922865,4.24776254196626368,0.891035116573518082
-1.679097082185947,1.8480198649225581,-1.03058615663810671,2.32294580247933613,3.18535336285874582
-1.18444857903667344,-1.96771786628210932,-2.63480419164029156,-2.61490779699495857,-0.142503778764417777
-0.885971108994101253,-4.87199523247103272,-2.96582952239059106,-2.44054094060638072,-4.73028254876487431
3.76264069837121617,-0.217919033696491488,-1.24306449362833482,1.76736296602646403,1.33640072560905443
3.89320836466959852,1.41565379984190121,-0.00773012230627567049,4.43554636092869892,2.9747491724511832
-0.328350106410206011,-1.04823288194272313,-0.654475028107423418,1.00211603571256513,-1.43619772522277511
-1.58506148324868845,-1.12719224953135244,-1.64525637252912649,-2.53483637017924845,-2.21959246993079429
-1.15509322513312407,-1.07705426285740402,-1.2157934628558178,-1.75408304555264682,-1.87744679575766615
-0.899170759654977725,-0.688768958045561153,0.890347197925468015,-0.177664149226757773,-0.984091643938005189
1.97607055507504059,0.656278750336302008,2.00295306706811704,0.820739629404206306,0.812539466113428421
1.92697982157902481,0.434142837261311754,0.0910040629706245496,0.0462249228667413956,0.398872146011688189
2.05463475150519503,0.370707586517379117,-1.6858877377251682,-0.695400297992453287,0.48349503241340841
2.72496743788664819,1.2798719253007369,-0.494016874159408204,-0.225540571305583915,1.2681571520307855
2.28685184078319192,0.708905540893720376,0.0505203868246833776,0.179155117295935029,3.52289760813913144
-1.58117432843173122,-1.03605175908583846,-0.881233315953613094,-0.0328715029668448303,1.74881122088842367
-1.03194371632135273,-0.0140559931175303111,-0.565669290389004487,3.90438978908058498,0.0346329399208695141
-2.44782944580943784,3.32437221841222774,1.52965561105944703,3.41531902878830085,-0.183381511483930282
-0.200157442240310401,0.561245393685868454,0.543180820864433422,-0.247030808589237094,-0.549928893557247722
3.21475480682795345,-0.647152491679448438,0.0293841076549380131,-0.769580610133162035,3.74045046513686863
1.11403481653606184,0.106963085127419533,-0.0792642731645872012,-0.563138465944740152,2.28777380904901628
-2.7941157911475405,-1.50380157815358939,-0.298381494666841718,-0.458061866414530727,-0.340374517262707843
-1.89974545498932224,0.691627142764471015,0.331932227774021205,-0.0796980145725268985,-2.36300090774646954
-2.6595784839846166,3.87600601782192156,2.25747343173745429,3.89513290351549202,-1.98078820911540343
-2.21825771196754129,0.202879473061526927,3.29307398222694792,5.06503616919707156,0.922013723232112836
-1.52712384890037844,-4.27817144209810696,0.229316439021530843,1.28998467770758785,-0.684472447077932977
-0.053541935327867482,3.5042909152263011,-0.181028832017922886,-2.11471327132476139,-1.12190310596393572
0.384394445888780745,2.12470968222289391,0.625005927711402731,-1.38816807900422057,1.90525052042084853
1.41128423339832976,-2.2299715564848559,-1.0294666954955094,-1.56501265975024362,1.54596901119535413
4.14064663397112476,2.71013902383942185,0.672144423927202417,-0.279148500854422221,0.524648354290609076
0.54192615301556113,-0.918730921363133168,-0.875712836991233479,-1.24259662528956705,-3.2845290534531224
-3.21778942311518357,-7.75410729492096706,-3.69941820144013533,-2.19240762970793135,-4.42293916263757669
-1.12825904960304757,-2.3923479031290058,-2.58309092897536807,-1.70029105430503846,-2.74420026811023465
-0.934011080001151961,-1.18039352560928279,-1.53378514624015638,1.83351544952502565,-0.815288104348750764
0.246683238638716718,-1.7566649216607173,-1.08268518215474896,3.30650999904815146,2.91258848071347032
0.0539075646760400345,-0.154200125016624612,-0.610384602804322829,-0.827831434013653333,-0.436756784165086176
-0.578784808877717105,-0.583384662543115828,-0.572171771657650763,0.272095882009741441,-1.99629587493915905
-0.09889908874605495,-1.23066905590911313,-0.887331236058001793,0.680904664277645955,-0.426017491845123164
2.07304817952452636,0.516380752528570408,0.0450502660714056924,-2.83233611208573066,-0.507520756025133579
0.279787873388831099,-0.439031657136926545,0.605397030063908659,-2.57829160375311206,-1.00131838686731345
-0.513791277491181586,-0.224724581054221051,-0.28486098145932981,-1.98918244269764899,-1.04587634682772257
-0.0325313084744164732,1.21596208204382661,0.223062456175971174,-1.14416332453752667,-0.357598630208146639
0.3398396179713295,0.228812003483664095,0.204415648193850691,-1.02664463714323051,0.0139515247637766945
3.70620915926937444,1.33947280569763749,0.691469447178896357,3.32392716363818419,2.7728069307670018
5.23342063386227974,2.4556504327117068,1.20685247396383577,3.76772360546228713,4.30463518426529834
3.93152736803209768,1.55711871440206995,1.20497261257181743,0.958358812702102991,2.51847814374447276
0.193845337792800276,0.399895471308589379,0.409171164775002261,-1.10338499140169755,0.19317283449489564
-1.7076903729858548,4.55657841205482406,4.8151781067950914,0.713212588745239406,0.065828823689022764
2.75187518433860667,3.11121044590790019,4.45914606477176978,1.35330902145948451,2.19175645949488596
0.521818209057181348,-3.50156921783320518,2.13190412720927291,1.19207596631700463,1.27530725599974426
-0.0907238177187236622,0.275976240473767176,-1.29856830537458801,0.262543669917031708,0.575101953806075095
-3.152259479349377,-1.11568129831887264,-4.23444641010749478,-2.49018332407454324,-1.13481361789567559
-4.05812968457177536,-1.8216263936670809,-1.15398383266249294,-1.3538378565297029,3.10439563211077107
0.0864010117214667056,0.274278258275973408,0.00262141969830273491,-1.62910814141675342,2.44676100907146576
0.637846887752000824,0.121200936093485742,-0.899923085502539188,-1.71502733476035818,-1.47856595204874819
-1.57759535926909233,-0.911408228097047468,-2.84764537964556297,-2.16954783965984088,-3.93659888508130607
1.87321767825073571,1.33707021361957645,-0.431837675605665217,-0.90198287490770801,-0.410101619357699565
-1.15095905029722112,2.13891622064246167,0.235056456898691229,1.96142536091386677,-0.688450752363462426
-3.99799707441699237,3.27634623707304984,0.327679464518194075,0.46459924477997272,-1.66851407952518471
-2.73218001328488835,-2.01467836097647268,-1.75462441586300577,-1.68017431119883454,2.37916659683699194
-0.689874725614061934,-3.72436355928649165,0.516704183986678056,0.154121553350906049,2.9516904800564423
-1.34413568513706072,-0.726423229081394117,1.20009412335571941,0.988066416597772723,1.10049404169679721
-1.32407763222624597,-0.912673889743546018,-2.91174565033889499,0.563841664113154284,-3.18578586667505936
-0.766238959943918441,-0.992528675071062905,-1.50006578399208501,3.93946298010887608,-2.07740208205911703
0.120506711321563723,3.68666054719359559,1.55766921678940751,2.3807048182816537,1.16511827310577121
0.430624650798031638,1.36203759275057257,-0.770636175987067795,1.77686591923288328,-0.485911848362283516
0.123355498135010969,-4.26167647182256548,-2.89150808701563866,-2.71508620990771199,-3.70982179089549113
0.510642396783204666,-0.570296275693039201,-1.14570395725196694,-3.16067645953217635,-2.69470963930042728
1.24133018300380349,0.175527177687443359,3.62885308501706882,3.14485263290678629,3.68342477383539979
0.288104951114164953,-0.84804910698378777,0.429761006082568287,2.32837282062868178,3.53734231934436361
0.219422944902911088,-0.0299391317261498736,-3.07715848869106523,-3.12085747198464336,0.887210328162889583
0.590637600787855432,3.30969012553538278,0.0650055154322024265,-0.373043794903481662,-2.68870583461095514
0.974263398385993518,-0.877435784833392241,1.63219842794487402,0.501618014672416179,-3.12218795282239592
0.853331460440540535,-1.30595124399773743,0.511180529513447723,-1.57138598945854624,-2.42161438038405707
1.29657056547886484,1.30908948864087016,0.553365083448937978,-1.16204799196733966,-1.56418205759371975
3.35144317951196102,0.0565528640109475567,0.298049424906607019,1.83710034625698149,0.483665183107913177
3.18355542470970487,0.0386413128808474338,-1.64925156068620504,2.45361989235168965,1.22732744230776825
-0.0563550054651517501,3.01270465145662625,-0.0780580876361916531,0.493681869908882631,1.79382860568180003
2.56182662549205409,0.446429964340045116,2.50253034263322416,2.56592550889785542,3.41802190453910804
4.52355187511822976,-0.13390865414464545,1.66989933936057255,1.32419431529399723,1.20086958113444453
1.44455713611538239,-0.329831028715593444,-2.7146851707571833,-1.74918080524621611,-1.35158932354728178
-1.31744595672258891,-1.11609396850106313,-1.93707170146799545,1.19591665809481573,-0.468778153478149662
-3.22561658731047363,-1.59535637151644138,1.32679250785557001,1.13534451716947316,-0.279067983892023419
-0.359648863848224032,0.062326647981397143,-0.82160406465055591,-2.82890557124447328,-1.07228459865287884
1.37340824285388252,0.406779094677526987,0.653674418690801562,-2.67621033718835966,-0.598600912314407374
-2.16468391544247929,-1.60923345056435241,3.01515755647867145,2.21994347125974567,0.631581701659085892
-3.25675451366212654,0.914224751843964345,-0.398220640130386494,0.865457423590380581,2.96111210809627456
0.598113479876230314,0.62855120947990506,-2.65522958933628672,-3.42245600646215076,2.81372280425901566
-1.13642560658952996,-1.50803484048501435,-1.94572970774640241,-4.84903660831318462,1.15995091666817074
-1.40339480063109567,1.41412400505774549,1.94573401386235112,-1.65372676126646101,-2.14004505045536764
3.43763070196006382,1.91454918157700194,0.688064025024484827,-0.907162223313830007,-1.59566482791271147
2.73065730059387279,2.34667751167568239,1.32001481084158145,3.20249963041768027,0.838497678441619376
1.75519611638335493,2.35063356279442592,3.42259692767685531,3.5776050519113296,0.898318317012680057
-2.21454078180503888,-4.09127861869169607,-2.03512055666070335,0.916297131068740334,-1.43900803048952675
-1.67857979235301591,-1.3335175250351996,-3.36250042221748258,-1.70412887501061139,-2.19915785837842215
-0.845373547260557801,2.00295548391928024,0.00057115115455011467,1.37663478869539202,-0.524677665828892192
-0.520953820252085475,-2.2491199871537777,-1.15990829636168935,-2.09766999921546349,-0.89954498963689089
-3.44697337328851372,-3.12002203525864275,-1.77223223015485187,-0.669107157816164921,-2.16157536715514276
-3.75103613873932584,-0.986364763401363476,-1.35551272341156492,0.830671278964005277,-1.03708757922730421
-2.53017310264409812,-1.01249220453094213,-0.695991768672736932,0.087606308326371507,-0.169119416290224589
-1.88502281748805922,-0.81641920206903329,-0.0910981099252480553,-3.80180473604314351,0.756919931158308801
-1.16615389868926789,3.83473061420698658,3.24063207074014326,-1.22460707851759265,-1.16200255509951211
-0.801601138846635863,3.38795749410721037,3.38077946682892438,1.51383372182317166,-0.626369852521334147
-0.702285674991224407,-3.35604662721954616,-0.68614954172632181,0.142700825939075598,-0.174839631941984708
0.301893883862838719,-2.98826208385726666,3.01253631419025947,0.148753469616188905,0.231160203676800347
4.60727956935726102,2.44045483478915903,2.47775649976489154,0.732377218806073427,2.41136862176783051
1.38786351658067231,0.63845023227799258,0.324062189085141727,0.0447799137491678642,0.409014022746190919
-1.36488409638994956,-1.62186892391485205,-1.41555684713268848,-1.97654267473236134,-2.13990513579909081
-1.03845987184385269,-1.14463108984726536,-1.03596330474653597,2.95045455969626502,1.37465628222989111
-0.683569973795207342,-0.674135334034417388,-0.80646824293039332,0.825160788723583227,2.51412455280811864
-0.459347434657726761,-0.502446190050875208,-0.433135145039308611,-4.12860509925821173,2.37292257185075828
-0.425641282371348573,1.18487715006615368,0.454548157818497001,-1.17042351978143988,-0.670991692083453439
-0.108021816274447596,0.0610494100111767315,1.16511912235554926,-0.0718943649093464476,-4.25647416736540762
1.7942889605202581,3.46410317416851488,0.210733914366882047,-0.16907907840672623,-0.895069135426503126
1.39316805467946803,4.15379120839421567,1.534078497949942,0.143313866990161215,3.06766676457559573
0.00183938628756510902,2.86666891806212654,1.01107934341514927,0.395364586510140059,2.23868938083690949
-0.0205426302244300085,0.103429183377832051,2.91551551796520503,1.76485883937422128,-1.13485783213865066
3.13789117894623448,-2.27707705862749243,1.06936697806863257,0.902357308300187011,-1.10639349301433421
0.303285030166506098,-2.68929153569405921,1.190151887351099,1.0114461763009579,-2.44579229875176862
-0.928410726491944671,-2.15074968042689596,-1.90445340599201374,-0.846154154410934778,-2.48279191711807989
2.30184248811130177,-0.434358968247299193,-0.331047608882627686,2.01167276188312139,1.06931939817777422
2.94638201201317917,0.280066375080721519,2.06111763590827968,0.841237690358033641,0.899554153041713156
-0.7360067525788897,-1.30234116179881032,-3.15504558991399131,-1.98288336854930147,-2.38224725341559829
-2.64692792575242919,-1.4106266048247853,-3.28179229356926161,-1.08690405711072557,-2.25105301334834751
-2.17133083794699377,3.23375817380986819,3.28731634755227597,4.41643265886132674,1.00439340904421504
-0.00508094174117226793,3.7864969220628315,2.14263256378066025,4.85049423089566645,4.16617474988457381
0.714552012316117091,2.4180654086044604,-1.95522593125020316,2.7633068077425631,4.42653112680507643
-0.809029447876445929,-2.20626672904592525,2.5791159977541378,2.73410184607375495,0.323644144107106346
-1.21060347200301499,-3.69607370733344176,3.10789298662623947,0.281523316172546334,-1.9539393706761925
-1.8537453433846971,-2.42201139923696518,-3.62276089097021625,-3.07521957644360944,-2.12811213376432917
-1.53673963751322873,-1.61138852547541811,-6.14408594265874886,-5.21100048739638932,-2.41510989580107394
-1.14700207914476038,-0.42743546634061963,-0.96254651956066839,-3.25783455434344127,-1.63133496774892994
-0.993564150111335809,3.38444223374502018,4.59898648193324266,0.900551102027766781,-0.0317883223901257866
-0.684356787805780464,-0.0707784916427142419,2.03814557825187403,-0.654963837104337254,-0.174941544590791531
1.28820907610671909,-1.7294635912151719,-2.34935026502546407,-2.0370080849090515,0.460655419586309567
0.436441098763500124,-0.192833135755459933,2.79850315970364649,0.98441031350892616,0.729232322947062639
0.551902312879019363,0.374865336304776808,-1.26822451648095158,-0.406068135321322909,4.01710559706190296
3.83058998158113972,0.480365886201859438,-5.79868345140247232,2.02876434023001639,4.50432549618958245
3.71274983014769377,2.54217092389020616,-1.11912448953530785,0.948926088483922126,3.44172247558164779
0.79897820290606536,-0.657300559578746224,-0.966338030886032096,-3.92725307159147308,-1.51870691280332637
-2.56508728502236671,-2.27453618706356675,0.617579291822578758,1.52740726208549971,-3.20262850277252786
-2.62027064249468822,-1.27061451175773832,-1.21512792520291457,1.05245740380999653,-1.07176890103357869
-1.89229458299585951,-0.779549967019697254,-1.982763650217785,-5.38030549725649632,-2.93914200333261411
-1.56251795450266262,-0.319130793519741329,-0.758401849899865477,-3.40976562493910285,-2.41872948480338401
-1.06517888611980327,3.63433077100046331,1.03220096079519652,0.887051692538762593,-0.586042284195367524
-0.887433378137215789,1.63479567443357454,0.617209750985221572,-1.96069016657777606,-1.41944190514548807
-0.620826925923484985,-1.94999791236455322,-0.508482225491700079,-2.39084706207535813,-1.05048090016503637
-0.524358275744584934,-1.0679989899479132,-0.139663139240075118,0.146908246417914307,0.213114018055871546
-0.187783209839460591,-0.347718593493437422,0.498434241791262833,4.87405625348079763,5.06804948719176096
0.701714795165471528,0.27964763655802477,0.602404399491115239,3.89484826409858087,2.76132629656773521
2.50488197216715314,0.73659915302529666,3.67048209883721777,1.36926712475145784,-0.702987639150236876
4.11734953590809738,1.78171251789367369,2.94122824358847268,-2.94566049614581749,0.484072360504185673
2.76319522866897627,0.858923769065667253,1.11422645463832337,0.0554389509300983185,0.0382462850461864207
-0.346258194366436678,-0.111251603002228333,3.6038693400207058,1.46722220766285649,1.82229390960571047
-1.41631384334366017,1.21465612720953309,4.23652073843476451,1.06130780509529177,2.77966406181784365
-0.861177489358751935,3.35157512463587803,-1.24960147257191845,-1.64363720470168317,1.23945483344233653
-1.28302544086255987,-0.0363095990214215222,-4.54414460602785031,-2.25637880219376408,-1.89391738884399397
-1.56325956882385619,3.06281235883350655,0.182674526602956411,-0.23827868429888624,-3.12348864504165169
-1.27943185325046205,-0.0517551506756772292,-0.376250471784960738,-0.516743805809972256,-0.490348252571441601
-0.17916649760833922,-2.91167270219447305,-1.85728682523484334,3.64378273981031953,-1.72896155372242188
-0.28636751931964266,-1.77808696186654647,-1.11640253491129582,3.14961745540364602,-1.59299464340319763
-0.598513993272343781,-1.29354115106698209,0.0389960442562547888,0.327217306778242012,0.591347991735035827
-0.324437149261193603,-1.00047323764455687,-0.669961718486362101,-3.16546542632350381,-1.29967651176844057
2.52353917193226707,1.80123593249381497,0.182796263929363434,-0.886103202712472449,-1.60195285760441264
0.263470731147282367,3.28670246152427259,1.35369410611670471,0.488268380134025404,-2.16787758693311217
-1.18440987798606678,-1.12420006732808342,-0.291700527605899707,-0.708929946458727089,-1.88568218049462621
-0.253051838663594375,-2.73214721151031759,-0.85581216019101447,-0.496193250630259541,-1.0412092484470179
0.362792339571461064,-1.21802680641514605,0.194800097790417626,0.184110359738446555,-0.515533199752504889
-0.359486821820207081,-0.839553385745979375,-0.0411505775385983125,0.291077191535621393,-0.667641040371015682
-0.652436095136818772,0.0439287306184941509,0.327477308139488388,3.98773054261783955,1.06790084314437395
-0.148247294843116689,-0.427835445984029172,2.89295227766371488,2.25433098132522192,0.796248926187454686
-0.215440992813413862,2.3472652700631671,3.19309528548795685,0.369304248392241186,0.977918769605485294
-0.0366858871839080558,2.92172645176398627,2.12500267616611405,0.948737472368676338,0.669283689167757267
0.572668446115214391,0.928901252435505143,-1.81119547188780872,2.35020524981916701,1.32115141435026695
4.30039884890639357,-1.21722590050517288,-2.04092721825363421,4.06856562550462098,3.96210376222152805
4.26368466211929498,-0.430833523986723699,3.32049668656518238,0.658813342115640577,2.6191279214214771
1.51211350984451598,-1.09275080598619367,4.19007475760921366,-0.0290504493603949351,2.39711240875619769
-1.27304084778113902,-1.50290401443256827,1.95151164589228343,1.92340167561490771,3.44322468360817657
-0.472350635583740019,-0.61736910528725264,0.980505249387650268,-0.00473494040124024934,1.73359858111885656
-0.170795670963548835,1.1762644737257657,-3.53582548494619431,-4.28993264561803844,-0.787140356241995076
-2.3457449071108174,3.02522094193085156,-4.22095375914400694,-3.03509361202853478,0.533800788119866421
-2.70163874458303344,1.36821703169505038,-2.02709305082750779,-1.85001793406993587,1.01302387976444908
-2.30603418959726048,-1.86439940931437986,-2.82440447062755107,-2.18353203736402124,-1.91134758621912915
1.07015360964948658,-1.92198594842396275,-2.91230590267127232,-1.83732235913212905,-3.53721341172130765
2.70525293365043318,1.4104455321608953,-0.547594413225280352,2.50750524411328879,0.426391301892792118
-0.794087937071901173,2.07706734028397966,-0.123718073109574958,3.90912107662909047,-1.62978569818467323
-2.71402684917404446,-1.90331248213639248,-0.258028597701823903,2.55663113775129913,-2.17268548145886964
-2.54123447004463188,-1.03571671622093109,3.23728002352284294,2.33086092473189943,-0.340956933704747056
-1.78314853849014865,1.72039789352205719,-1.05744906361799718,-3.13571127961433271,-2.90441194256278878
-1.29220058116830683,-1.49462970819379382,-4.14595699142326346,-6.2036443939124597,-3.78913019635142811
-1.11128083493953844,-4.64590895150374372,-2.16462525351189372,-3.03682414977071558,-2.52469140590568841
-0.525608202414581283,-3.12057205987187203,-1.11064096373290044,-1.92281113213141319,-1.71634861131318694
-0.308787122169776107,-1.93150775105884831,-0.912338110088669607,-1.77842943295974076,-0.26631638420595366
1.35278506735078863,0.736367172904064504,0.959002745768284814,-0.280184808124747775,4.18927534998676432
4.31656378749365466,2.63931838928387874,5.18911351514344243,2.19504413311273039,2.20143189210754509
3.26385872180414571,0.238928274890510745,-0.763401611198398333,-1.28988216887630447,-0.764168778390086123
0.298642277479182483,-0.956126348156330685,-4.03677212480633774,-1.65403122523011881,-0.670563800405599042
2.13808109510707212,3.83664693372350163,1.67327638215275765,4.05499165010944118,4.4314259268741214
-0.160704751882516955,0.435411608083754065,0.774555710937695596,2.55057686766605229,0.119156798653335685
-2.91119072615253316,-3.6629472314252931,-1.77300316119758894,-3.89139130327566418,-4.77750200278845494
-2.68637099141298874,-2.33117273735578934,4.1664238169158434,1.11930081331153319,-0.95751657395072709
-2.1987034652881845,1.5616297426733079,5.46457354655196337,2.69649525411580404,0.453932861726427717
-1.63916647059552001,1.50477654791107174,3.33236975285003423,4.03610620359314076,2.18223294298209458
0.700502888060246742,-1.37548121636157128,-2.82364613669754538,0.664617485853517431,2.59391102163778653
2.90445117932763441,0.138114357198774879,-4.49870850452901738,-5.31232442224559609,-0.206130573327091893
3.31658594895727177,0.89766056888111212,-0.600099216865300766,-2.02229156983132841,0.59953809162317595
2.50803626717555028,0.874891996730924326,-0.48389237021080278,-0.598712756811619506,0.635844608874964856
-1.24987418284494067,-1.18203542729682298,-1.59174174441503435,-1.529448792819736,-1.93222432469254879
-0.288066057789958252,-0.542743524365382091,-1.20065371386905229,-0.578529918647984642,-1.1529750079403791
0.299832294203220773,-0.612701344571837225,0.485571737112712287,3.93125103010427823,0.594160343824836845
0.337038512373514343,-0.33520391191632648,-0.639743664114133526,1.24791849502579821,0.555562551723353559
-0.129423602784377645,-0.438775551991608115,-0.984236956540759267,-4.6749253420029504,-0.767751061117645017
-0.854226383119061849,-0.331572692236771438,-0.564442463836032915,-1.73027104571156731,-1.03058090043066675
2.74268684625765324,1.83581200570998648,1.9673747100604615,0.925881363296980453,0.554073058040724931
1.91265349519668493,1.70086160879162551,1.89609948938229378,0.407875729741424442,0.919302573149801461
-1.71491714597259381,-0.624037907146828275,-0.992943707793443209,-1.15804491392305042,-0.462817467325284559
-1.91991630679282421,0.28079094419092826,-0.962074786994683184,-0.110741567521155784,-0.422122816379386034
1.34179693031990421,1.34204882911803525,3.62112716015271907,3.39638679336221339,1.32229744812874661
-0.0539029523158739629,-0.833667096596534929,3.60289504230538649,2.37689437266975068,1.05389187469777101
-1.24395472152520359,-0.893683015846757911,-1.31860249594363133,-2.50488491545946745,-0.22680455219396306
-1.11460040205286171,-0.517171852834134249,-3.06600513846797496,-1.57764614794592517,-0.644099219003119616
-0.660321333536978528,-0.285340896936215449,-0.509759513693232469,4.4888982724360309,1.00673657845830689
-0.541826791049049628,-0.205620934573624847,1.35583274951852317,4.24992499795741363,2.0383432831202084
-0.177651830769204822,-0.0447007966054717709,-0.76176478239898171,2.4428377835005306,1.88336737896654816
-0.219919260951591256,3.52518709448872336,-0.320591255641850426,1.93077340348718285,0.81445068651161745
-0.00311681301411364381,2.10986345614386472,-0.0389675940213802252,-0.278904472240819323,0.0682857533293088209
0.141822649985287319,-0.183208664843484831,-0.782897841033470931,-6.276612196526691,-0.931426512266452344
0.404191774138531856,-1.43486054147877362,-1.3580010320792959,-2.09812375648905958,-1.07814818666339507
0.300445233110691545,-0.906252988778177171,0.269239875441485421,1.88612005660610582,0.14624278309890143
0.0892826453472111425,-0.91426911519768872,3.99385454797809469,-1.34292877535007249,-0.27898208344266423
0.450721475098423696,-0.798694027073205692,1.83965026361607897,0.0114631104004912394,1.41980917595456191
0.33930230502172859,-0.335917580971545782,-3.06067292962066384,1.60909368619601145,2.20261284447818717
0.385330525333191398,1.25338824407242733,-2.32953023919424673,1.62229995194769194,0.1765434373037163
4.52779890846217103,5.39199216514869839,1.69455605709111179,-2.29382599517437402,1.28526596901910994
5.01009703339609747,4.32792004768067518,2.06038690981561734,-4.49380508033560044,1.70080337220950151
3.42795265494031209,1.32116085583973075,1.33257173133427997,-1.05942982058724056,-0.262396463941104774
-0.521127495050461076,0.224043013541039171,-1.16278863557146472,-2.067386528221975,-2.5485409756551487
-4.35806721172863742,-2.42115476393452234,-1.92323626984892826,-2.72381237155310929,-3.53332641441663631
-3.27480563068403008,-4.94829254036574007,-3.03370754472670123,-2.02136037477245933,-2.87296770198742069
-0.778925749452855976,-2.91905406980300519,-2.07346988048125258,-1.15729701653567774,-2.02896468150603715
-1.71649325202785819,-2.65320753071003512,-1.4504528181360854,-0.873264493775880446,-0.926681486019923839
-2.03952178762221426,-2.47499800750702814,0.682050515672322777,0.36821435956091525,0.0191544831390084193
-1.69002501307713549,-1.79712961584563535,2.33625821064435613,1.21771762735901934,2.98244632680725763
-1.2193910368251839,-1.39026198508290855,2.84433614776945598,2.00822797883504034,2.45073503078212651
-0.834560996282569634,0.234244292635685747,-1.64546083308245228,0.843954367552600559,-1.53837107523478034
-0.725680354706695119,3.16087902691380496,-1.05174733119408259,4.58132233801665834,-0.930924177772649131
0.450050314294675013,-0.878832532351803586,1.8172336104270479,0.413455071442379585,-0.980061489986705281
-0.141842495147113612,-2.3152109066930846,-0.727625277092985412,-2.75803917329639559,0.698746544120620205
-0.534400097105652061,-1.13227246230191558,-3.61390957957877612,-1.07151140254447319,1.93313745432048556
-0.310592237126289417,-0.163347253567699968,-2.00598143401115525,0.145930353495241472,1.37899179253693438
0.182385431153742561,3.07451693459288222,0.13893594365944234,0.488564965504113935,0.851892031263146166
4.64126405377045792,1.54562477781248142,-0.0685427692109982223,0.323206531930048835,0.988118397024618123
3.84369496518264686,0.239231174081935838,-0.624520982820084947,0.343331253799018354,0.69252161324820305
-1.25463594851840399,-1.72483161492431392,-1.22274272648513449,0.0669849911052571717,-0.911651351308317981
-2.18205398459361266,-0.572979155807832652,-0.180782791593237957,0.716449497509695554,-4.09013535943089579
1.54844080920924143,0.225061794178492591,4.27423810112686464,2.75764125855214859,-4.10612647783510809
-1.16592081306597306,-0.545460584132001158,3.28628082303224023,2.28016723202896943,-3.42400210696279705
-2.20736167847329323,1.73356554250655814,-0.228623184256866507,1.54818580904970626,-3.02229383451645139
-1.40235201987613145,-0.674227684272505678,1.91192977601278891,1.7064350836723523,-2.12976677020527694
-0.627037480350728371,-0.805370675702969496,1.29703793450552984,0.740029975431158671,-1.47915341392952415
-0.730477262656498927,-0.219963447937342016,-3.40232861240163498,-1.62012571067061084,-1.63396815921257743
-0.461741972177098503,0.0257018711822727397,-3.5334961584156579,-1.06507660057853126,-1.2165525352016322
-0.369798419203066275,0.331330085357420367,-1.62758271533573229,-0.0676023422264497437,-0.396083237437385993
2.47651313006235085,1.93052757821993359,-0.24378190416371659,-0.0300051005485128634,2.15904435827145091
4.92091329323267423,4.77200189206510217,2.66895840965814468,1.54308676583692872,3.93590783378955722
3.85697458089068324,4.43951494617660547,1.8298602502632626,0.853164351572207269,2.06090982705229075
2.42945838269225778,3.91014664500689779,0.786804346749975569,0.652836659745248293,1.69827419769380983
-1.51621068910028534,1.83127285745896073,-0.0869975327163999834,3.60475850262002284,3.95335442506975054
-4.27889736473779614,-2.23792962712167665,-1.51574793516859785,-1.38293474980412046,3.34217475443103362
-3.53382842195367974,-4.7408955265637136,-2.38653026621007847,-2.74787060922233328,0.145647221489843381
-2.20429908536191466,-3.17372623041860802,0.173004580852266443,-0.152768317457286862,-2.85630542400892695
-1.68346588582278556,-0.946667017531933497,-1.29642167632181771,-0.908181200684045731,-2.48527275965038852
-1.52921476073130913,-2.12191652165292854,-1.70312514610714327,1.10669700741448773,-0.701934694229196188
2.54486940268531514,0.168555574988339285,1.84506404342052566,4.78307253707011792,1.88527243999365779
3.27362037879992052,0.34015502428834099,3.65213786656947681,1.88840893535367793,2.81001302322051716
0.147483401773209011,-1.03826821049787754,2.22301911439374678,-4.29935059667825836,0.572372085506371753
-2.04470903198748344,-1.75630712075847129,0.00607700716584169687,-2.00506279523273445,-1.14045608062288228
-2.03231326878633656,-0.958170483991806377,-2.92536567376997958,-0.613399147158858238,-1.24673477575613156
2.78658950087598578,1.61636104109498291,2.75209030585115944,0.245859432223857255,1.4581331817270784
-0.512001623963089458,-0.453538825849021443,0.502387249394807944,3.18963605687542362,2.32919885646899738
-2.93685126923265738,-1.46714016740819275,-4.09994112874432304,-2.48807211116978211,-0.660771379305570727
-1.86733762030383188,-0.320039485143659097,-2.89713246191036466,-2.05720489552660357,-0.666852854681548757
-1.12291971781934574,-0.151722409365623756,-1.59922779634911993,-2.0110514895248115,2.61520774357780539
-0.68555329237272622,3.22175905975331389,2.59346023585850416,2.73188613568349803,3.91753369825457609
-0.520167734310156171,-0.363582790123962218,0.264170611270240219,1.22190249613250024,1.86830210185551815
-0.339063852897100337,2.6160885046381166,-0.970292785669213509,-2.60863620548638098,-2.10479390520976573
0.0837277619752543889,-0.657141447998119688,-1.2658751468761853,-5.20192154659507988,-3.36561270821240388
0.355687516869097664,-2.24827481307086163,-1.56526964034858107,-2.76377736091113535,-2.47051324921881443
1.35222015102856319,-0.269076761246708707,0.277626796995857184,0.963474178803860326,-1.00907611122427276
3.65005502527364145,0.391015298663392963,-0.0455092482579834146,2.16427795617081831,0.863219294404400261
0.281422849377668205,-1.0121413321814321,-0.908684611124589758,-4.08035869041886556,-1.03046855963016681
-0.915726835303061537,-0.780354791718922858,-0.498920480907259267,-3.69886552338581343,-1.85025646905430285
-0.169544705407874863,-0.250321251857273941,-0.0208739067378652665,-0.403505109743259427,-1.13924468243852672
0.347535783746015736,3.87565434223892691,4.12137924599138472,0.987814907348611548,0.173427312018695712
0.243379743444055718,2.22775659972527329,3.09446757546527262,0.70798559872117417,0.3570027006804814
0.263786145569352037,-1.53878510311498706,-1.75920489527739887,-1.30389742797460406,-0.281217850217774068
0.344372532400946618,-1.68751435518003556,-1.34955769247641744,-0.646577065359572822,-0.212757175217765326
0.663694032660465338,-0.473990174228972161,-0.358309867057388653,3.88985813085226351,0.769673959096970339
3.01225610031556545,0.652455021292644655,0.224761501733794389,4.90379547654104986,2.52131656588779762
3.76413293171378616,1.78959766555953403,0.577617206662221716,-1.69023740320355742,1.34600653776514489
4.47189253319897251,2.68822203891106426,1.67253486758926684,-2.46725784932064141,1.47111036914490256
0.615123049481169137,1.70236736788364795,0.847459422292396902,0.802201322362955271,0.273737293838564377
-3.48288568494581341,-0.68380563589077803,0.370326048743974012,0.426359617218248943,-0.976765862438098598
-2.76304172355379762,-2.92994209171639586,0.666933048820528729,-0.0867492859337810202,-1.08242535348452162
0.893398182384944062,-0.521188349256750172,3.71599866130409806,2.0388402575561515,0.421793732627593843
-0.0203319228074306177,-1.08532564689404887,1.91314986548289223,1.62225334724805248,0.27787650906887823
-2.27900005557866603,0.868143651031943797,-1.93035039909292605,-0.624324178676090025,-0.722643069576348163
-0.987343801561986423,-1.32401020086382637,-1.48589523361908116,-1.71594843001490038,-2.15035589024680807
2.19653170286795429,1.97997468325030801,0.581584553590591358,-0.637721237455253553,-0.148405297640436418
2.68206466921658082,1.38987074836836233,1.42783886351793443,-0.172021748717448519,0.116521445018469838
0.951277918150904789,-0.8029578130281807,1.42697928720353806,0.19953455650829155,0.176580950442975892
-2.06032693294171221,-1.61619792645403426,0.298977606115449213,0.952008600332029387,3.81610754701212951
0.668102547830613958,-0.713532475844097958,-0.120311011709567386,1.39705334602437969,3.50571615062020925
1.86636101484962391,2.36728698635624291,0.966986494019720477,0.119573211476569116,-2.29812461260417944
-1.33006519911525323,1.53698942317552834,-1.66298145923887342,-1.2000452001916837,-5.95032590130557271
-3.11206894006383283,-1.59224294657830701,-2.99281140135592816,-1.18293839604379003,-1.50429795496815477
-2.32001113829619765,-2.0121327468161514,-1.67471965662682121,-1.1818735771204969,0.167371095593069508
-1.68430391929438095,-1.19184541406428623,-0.974021663610294408,0.642301160788134151,4.13395043831665454
-1.24029468765186457,-0.957198946900712055,-0.674402246259842131,3.18564251540671428,0.702365650542317255
-0.756848291088014324,-0.525520212582505586,-0.362402957018412519,-0.0535717238556581016,-4.93338897612839489
-0.423879930468272825,2.83407640360644475,4.16876911555004348,2.53911883492958035,1.9685538390226458
0.000596651181419008414,2.31838514253405936,3.06880564316449567,1.58476312066096958,0.76274461641774427
0.621525139623071987,-0.216038211995840002,-1.92950174654469908,-2.27141667055490615,1.3750726510124176
2.30238571743498976,-0.927325267755855887,1.37222745616004427,-1.68901140707974928,3.85404089530020855
0.713543333978778005,-0.0133857249663299552,2.00577376818280184,-0.257736624268003534,0.0824948348715903723
0.812876107895236011,3.46717091130096078,-0.272631000882712415,-0.828331477404182115,-4.77613490050407474
4.5537135612835673,2.86736791324114071,-0.615258781461020865,-1.09856388423876283,0.527604335280361769
2.57972917547766123,0.174047576365644385,-1.03067847473009633,-1.14201096069728125,-0.271793181671514505
-1.18716565209551428,-0.851382684005471568,-1.22498944434057933,1.7509842654357175,-0.346469717591202153
-1.9096940923255088,-1.8687408151930871,-1.55466574290044601,2.30698458228208869,0.0754707663418422159
1.26824806751144448,-0.149420153299810621,1.34211848870802175,-0.835830270928838326,-0.64972092432297146
1.8403998844559657,0.00603860815964207126,0.57645278291533586,-1.73645035317782925,-0.970012408718529451
-0.204016935327128224,-1.80692559522059804,-2.23208200915073451,-1.94582970002314481,-1.6253743708188273
2.07820086533338433,-1.19036968360238959,-0.788726114353124674,-1.77551024045928285,0.674265681763178804
3.148214887344297,-0.155720928873007258,0.0740821419940134035,-0.945509133471432062,0.968762887886234547
1.41597404927312343,-0.410383153250274968,-0.0525351899374091463,-0.567676772798885176,-0.125891496783542611
-1.80091122084940913,-1.16672214298939592,3.7548113885113712,0.824886799408280802,-0.274805749002411948
-3.52488452102970307,-1.4323571389750569,4.36309502179441377,2.06633713167382105,1.14757857038333277
0.736916109523950036,0.0456886664840035414,1.35465655841689481,1.15700787389414272,1.30308485155266296
2.17235837450587832,0.846856966158427538,-3.62707656431402325,-0.957057149887612368,0.41703945763556538
1.69232304662538735,0.863176930091947292,-2.5702148531078044,-1.23106386400064238,3.31925232328748532
0.166655467617499553,0.451267753369037738,0.70303847575355205,-0.28286489951085797,3.43645060438745498
-2.60935728269491385,-0.45399350804543237,2.41371462916714519,3.32148894686344587,-0.29494165473669065
-0.115059856190069351,0.897419799088693626,-0.921523060546361683,2.15041125649283504,-1.4084963237873569
-1.86047625888946055,1.66566291830094015,2.81477758280510537,2.26871045657933035,-0.957472118326023525
-4.50601112651314484,-0.854518701115718371,0.761863129152769436,0.751228901952912809,1.12526035081962061
-4.20318011543652315,-1.46741147104167502,-0.758291242774404295,0.294027474265195432,-0.770113219484857559
-3.13875313811809065,-0.299344287384709307,-0.390791855419816314,0.751991996294213205,-2.37916753630878697
-2.33423685891603672,2.14775922035763589,-3.01868827712152754,-1.42999391502484308,-3.30582409448784453
-0.399003305751606863,2.21122080285692313,-2.84272024281316726,-3.5631315853062544,-3.02164314416373703
3.4866056182933951,0.202191185216430314,-2.48173106203208116,-3.4137022188132331,2.40318225507516603
3.10097829481620391,-0.370391473593905396,-2.09673780012583855,-2.52676321188650865,2.00188736681411994
-0.852708961198829218,-1.17084670432962423,-1.98811937981089515,-1.45391624226032579,0.597556582870261033
-2.56834980557572434,0.540568237914851757,-0.218808019528086067,-0.306622804228769474,-1.84938273902079398
-1.77227765022650607,3.2748065968315041,1.21982885079170522,-0.0853243175334033599,-4.15338569275153802
-0.945435224558154763,1.23640161279692706,-0.345981536929571343,0.632064665297067285,-1.67243578458763653
-0.45137160606826382,-2.00205345385961397,-1.86509383286537123,-1.57028250102186728,-2.57078853996231027
-0.0572903856121627503,-0.819470797063554079,1.17678224330880266,-1.23860602377642515,2.60596266361377271
0.366160984492999553,1.35422637483227892,5.41524153239473449,1.66709014715425763,0.800828910728038301
0.691820622475479263,-1.40568656543034387,2.61884489838974277,1.25115222668127135,1.01968168760481026
0.8288505649568636,-2.77469912609627034,-4.00233324251950329,-1.2313747140076865,-2.74953246482727831
1.28144747098695388,-1.77486023774312329,-3.08402336227663998,-1.54038424163797183,-3.22500187905971591
1.2869279502271489,-1.22371185648258884,-0.438995659501747792,0.583011268194584709,4.01044745619683418
1.22657860376955741,-0.877845056983295846,0.0592543017393512977,3.75724179839332706,4.48514554920738373
4.34986609580338968,0.246711006603082428,1.83697956201250889,3.55093036772614834,0.648966128995114411
5.00523817172559493,1.46691659117530837,0.689308333739565793,1.58030777213074747,-1.64811882655546271
1.35044556305784158,1.69987200145318695,0.125336245668519725,-1.77952581212217442,1.56883523742322217
-0.616127268430815223,-0.58505402508739679,2.31675596918697524,-2.25053061354373085,1.40194597887761074
-0.379278663034957886,-1.00211040692561326,4.38663988474368338,0.321811187796268106,-3.31024607579670427
0.189656109384205462,-0.186416734715989518,-0.90294135902886874,-1.32553131646524514,-4.86438762413608483
0.261399844183105967,0.866288759002625142,1.30975403408889424,-0.341458379982763016,1.84518977093623593
0.139710640128553665,2.86636257415539664,2.58923555651119486,1.75092083375304708,1.23560486174704698
0.25237651374546205,2.8599200360520074,2.74886434021078063,0.392000508886088339,-1.73746523742173542
0.509482764049672188,-0.291765267717692955,0.534355346847688151,0.306411302204767921,0.0140563223556171638
0.392490597659700347,-0.980114657443956538,0.284588202362136555,-0.284809019671843411,2.69587851181800264
1.22488775799506233,-0.888490759676729525,-3.89474375013534901,-2.15942466394168964,2.19820031119414772
3.9625272505428093,0.192744593395676567,-3.45664208004495999,-2.42266794858457413,-1.43924699817167645
3.68421304390521342,0.997673607209880409,0.560375611694589604,-0.806226876365300882,-0.720428896296797627
-0.062486785909114842,2.8149483903755792,0.841770941220378766,0.0474582310578626626,3.09350121439411474
-1.87380178943587294,1.03405144333476584,-2.46252891418768227,-0.833529864624788619,1.95518324087610185
-1.74943869109177852,-0.613932166159808723,-2.64426824739518418,-0.857073356117045826,0.823646587936283425
-1.18248677878582131,-1.83925597037322008,-1.65914091636430672,-0.807880845220218413,-3.50435878789439981
-1.02119171559620114,-1.81026356854779014,-1.23232952980815824,-0.517680409243794326,-4.07152990183843855
-0.488998929546876904,-0.492843770465090092,-0.556917129266383149,-0.183898104556010578,-1.56879223212746366
2.15622458567498132,-0.0897152771636849922,-0.1880349919539758,0.187737705285093315,1.63686157852173064
1.4223567074985668,0.495110899685122008,0.421229351356080528,0.29890208721313255,0.608249242799472234
3.1318063217303993,2.07445148417918723,1.18987232472811644,0.870078600191550144,3.13330359065664688
1.02347419938118356,-0.086049947412846578,2.18153979997381997,1.97903465924646693,1.13499613766909135
-2.62079175848074142,-1.45658571070652099,4.03311301027119562,3.42520068991383742,-0.454314638771343926
-0.311196450251575885,0.662413882468983028,1.97513250568508303,1.5108680237850296,-2.12453479974704385
2.23894681102843318,0.822277687203717966,-2.38542081990592392,-0.565457251343870704,-0.746788819226538281
0.230966029332821676,-0.222531387603967346,-2.17192699246416998,-0.728385783414837285,-1.63830611466409048
-3.43349921723136742,-0.153165166224665777,0.0689782078625491429,-0.396412066128561003,-2.57333783632716884
-4.64620967927865891,1.89471400829928904,0.743543047016246628,2.4101206278215761,0.934511620784170938
-3.67031591721293182,-0.787411913698304544,-1.32743035611139626,0.592566202026470146,0.346217690528074717
-2.69893286332443738,-2.34579390909965735,-1.2430955665017438,-1.0985060914663145,-1.87309591515774487
-2.13308154003297901,-1.62833918287047275,-0.384671412313846051,2.95671125050327932,1.73089302507412413
-1.84800882813991763,1.5306480838615828,1.15525104926776301,2.56651926173408018,1.1030513351553346
-1.39370390807912115,0.495346477034926624,0.0271665593841873138,-1.4740731905688067,-2.32086959167825668
-0.928637541778720488,0.491145195215301311,0.633041976049203758,-2.49261807910687061,-0.742440103577553745
-0.548028043436733725,0.419661787569340694,0.245869232320545444,-1.8464690976677407,0.260962031392032112
0.790277718781925653,-1.43569236761050734,-0.558590449859773686,-1.49890746494790528,0.328496131334555241
0.363238522720485013,-1.82332822589242727,-0.224591760623982145,-1.32096328128901463,0.0297461833729567651
-0.184069792633137441,-1.26836680856816963,0.0811266754924985095,0.36608127054749412,1.44394816502344292
0.02246847556769134,-1.14994672064201553,1.01248366332514506,3.43564349971753114,3.35416743704264153
0.304797558954419123,-0.634803584976606938,-0.196827941180722693,1.9138520532309713,1.69554190561346063
0.401393314718569927,-0.41849301692068841,-0.168969901794021299,1.44334374201043025,2.9186123160599049
-1.1910561399316375,-1.81795693607228093,-1.85305576138077366,-1.05264665521806955,-2.29765671440854646
-0.626116160870635374,-1.55373306722961591,-1.64564020777117159,3.37214213497952731,0.363928129612953621
2.88985829645443326,0.201054667646910545,-0.561093699158202175,2.01067219736864899,0.987215435773101668
3.89964808216170633,1.46563593151848814,0.976808599695611068,-0.0585028831788966183,1.74804348530822629
2.00076226088246978,3.77295617051470167,2.08792861329486135,-0.0863866531255987891,0.928240873979977232
-3.32298527799119015,1.49434958920565486,3.31540052941955699,-0.224168365732813513,1.34043439094985084
1.3070039050923048,1.90227224301601727,3.85515612610131431,-0.590768399696056656,0.335799722386320276
-1.33650416899401203,-0.490709534382397894,-2.02487885071915485,-2.39432841182065737,-2.8678134589637656
-3.56636313918585479,-2.87904279241221595,-0.707124896376597256,-1.82800199668340357,-1.44986314407775252
-2.13349783764187118,-0.180862346371294891,0.373594060475051282,-1.09891747514646543,-1.81554514435081749
-1.3000709025789976,2.2091849432988484,1.21107790237600077,-0.110505045596460516,-1.63897145906835684
0.990416186426884781,0.739388275262876093,-1.79549689843328397,-1.00055393160790063,-0.542564083381740558
-0.147513340865965903,-3.08514134077422586,-3.77819764654315104,-1.13124666175444943,0.548416326456176106
-1.44848940621496003,-3.82480459703714182,-2.52029589805769705,0.0419478841811207273,-0.418018444924208477
-0.943476829200427303,-2.58396094986900859,-1.49896291916409652,1.04520684682191223,3.53710327608833008
-0.31634177759555715,-1.72890660259745754,-1.05341585830749151,-1.09712174231651582,2.08161953279986367
-0.175448699236682298,-1.51243443392442511,2.01504841082384978,0.0394544211579148721,2.59042859267758185
0.716531503542260917,-0.556290653665974966,4.4643184855668725,1.56709180332127351,2.69175713953202678
2.59244176592425424,0.421399412473368817,3.67154347501700418,1.40960025881961482,2.5512792867400913
-0.501582943143425442,-0.0588597732477096972,2.16231904868948943,4.03896835163358325,0.62486659909091824
-0.44927900124400455,-0.59170950671595246,1.58665321559120853,3.89513660990066857,-2.64763669942511903
1.86245370862771198,0.395786303112296511,1.33827167536118541,1.08291424289642446,-0.915822578323752245
0.22961235593031612,3.22358595023651651,0.895538195726693798,-0.940646599120744886,1.5970694722064902
1.40006666216318476,0.665212998124356081,-0.180692434467243035,-1.63422834300940556,-1.28882908123257667
3.75432919033584778,0.807581430847695292,-1.77793039231146555,-1.47112029035527292,-2.6261342408007744
-1.10359737321773022,0.141568518326288195,-6.45478644085683406,-2.63816442074344248,-4.04266281074997025
2.96366415593849686,3.60726137028530891,-3.24485342754297879,-1.77641972225061862,-1.22247805790036512
2.32947922631110638,3.85413873202621238,-1.39497301334442381,-0.953111851690646716,-0.08435492414770486
-0.717818222808083939,1.29315994547022672,-1.00524055243218324,-0.629509171445003513,-1.93660218801465089
-0.335901741697919642,-1.24015321802001366,-0.308534228780655506,-0.359506596675937373,-0.775206484497892534
-2.79833878079162135,-2.60199131242675818,-3.74202325131920155,0.606547870415669044,0.938937767704797754
-2.17863375045683405,-2.11266471319257665,-3.29455601673072396,0.266779354942318858,-0.559383447315477955
-1.32689274710868443,-1.56034125747874164,-0.351385495367614764,-1.15013327779591545,-2.74602798430145967
-1.0492982225425147,2.71194377173965773,0.643050774665366087,-0.352758695259245192,-1.36035049000962793
-0.772853411968505655,3.41359705755829479,1.07237765713174071,2.8163988399959301,1.83810570910521465
-0.487107554015828836,2.11374636001232563,0.840260514466985353,0.588764469255905754,0.910180663137157731
-0.542241027803996967,-0.181220757529816867,-0.304001353272518871,-1.29046637486866533,1.19534172033478736
-0.338912899578049154,-1.8841932374004422,1.39749960166686704,-0.247295889984986084,1.49913530612913104
0.00278132470885758543,-2.06279981389089961,2.9079825231723202,0.819951036565540581,1.22662169897621531
-0.0056045637636480683,-2.29648049364750406,-0.697418192485201982,-0.389260888296453889,3.09974700112837587
4.34741064824997103,-2.06246117817202723,2.98444070171642739,0.778945292017347524,2.72063496462837406
3.56713863816615762,-0.0326971635732917279,0.348317657069307896,0.222147798590087708,-0.692015309771096931
-2.1380526534537041,-1.55584421995285482,-2.67811053850838121,-0.831756887848289939,-3.36354419260155924
-2.1406694913373614,-2.46067698000032475,-1.56903193587106227,-0.256544277112726649,-2.12747446313637267
2.88321226463753844,-1.14338816624488193,1.38771335052943834,0.158672593888896651,0.305350507004608196
2.85052817689555082,0.479208311964221811,2.65877278435133046,0.926603843256392223,2.75868223463215312
2.64920730847253783,2.75800278596730575,1.96801736630850921,0.95683944983902669,1.18958772349982667
-2.74937462684000566,1.37180571789879058,-0.942171977612261569,0.0772960679113370297,-1.87533610987130706
-3.50947851421579804,-0.670894993620103741,-0.606438708437417984,0.0908822797701054341,2.63542763035139282
-1.76507171019884912,0.554453724767167921,0.484523096272583276,0.400432172066824243,3.08104124133606172
-1.24715054987621032,2.51128754813673716,1.79909248555880996,0.712704473222890655,1.89269697527830649
2.4752475794335842,2.59821745275634441,1.81058847119013411,0.954283400788871417,1.01301567494380906
2.57743890166061629,2.20851701274889312,1.77386211640748037,4.34261139723365552,2.42470939328937662
-2.16633988672790423,0.788844090398114983,0.843293037202365259,4.44127079713081407,1.21964578217372477
2.66765840616507344,-0.591685930029302809,0.455056440034889043,-0.490803421150885377,0.652062458604110717
1.47572031958207339,-0.592373602734496241,3.894436320668615,-1.4687432692473712,-0.453109779908806742
-4.44119555456850446,-4.00709916711749248,2.58273211706285011,-0.22814190391288558,-6.17528221917792308
-3.62471108842489054,-5.22317459205346069,-3.45993030190817752,-1.89283919266901357,-4.76883266254710581
-1.49941945535474752,-3.6668101065050962,-4.6137268988405582,-2.37404778798218707,-0.582491375328105243
-1.46534007917766984,-2.49224494421113762,-2.11746612315398375,-1.61698678746840652,-3.1248987183886543
-0.977877417136335025,-1.90552938807833816,0.522060196625693473,-0.85964203779684456,-4.27970023515061015
-0.66197311123858571,-1.42744905146187362,3.90735751032131695,0.696054422770329362,-2.01413986875922912
-0.467828636605322257,-0.796800784300510379,2.55486684632633754,0.62232107062153208,-1.34362101482261642
-0.0152218061294674689,1.85315891855169013,-2.3895835643060801,-1.05434948963555319,-1.10839950941346466
0.0867864369313887385,0.364388365634628231,-2.00855697297389169,-0.912668146358504351,1.71561048382464576
0.199449250603155409,-0.801569156566453223,-2.30103895778452827,-0.798828630029203346,2.88942987736398438
0.52763630002577433,-0.0337424598806369061,-2.55249010100143181,-0.912569465955537673,-0.449775010946515397
4.319286028388305,2.82748635517833069,2.79665853938867626,0.875471175856718409,0.0692106926801364514
4.01650473263817265,4.56836694239757612,1.22506997024543418,0.399372599554214558,1.90671236522323229
-1.67752897171163595,0.539038793549322048,-3.35415148182870571,-1.1128941717382157,-1.44974957865903153
-1.75507572784005306,2.70473524709379287,1.97274554958777526,0.430805068628918875,-0.060294070977738104
0.72288519232184667,3.34820972241633719,2.60136918532253247,1.15832861299356793,1.737585722774452
1.95368364526893745,0.0669106133945840953,-1.71286429985455335,-0.454957521257724484,0.306993301183844491
-1.060178690620875,-2.58884439497494734,-3.96811131192086419,-1.06396905930304686,-1.21838325116675117
-0.971130952632100253,-0.92903048197999194,-1.87986478402044899,-0.573965596198958483,-0.4529542377937682
-0.260261032277033011,-0.00113292016046368654,-1.18936001854190843,-0.503698140936289063,-0.0689395311391062388
0.108938622370302468,-1.4523217534129631,-1.00712100462251541,-0.0238705452239107371,3.53613842578640192
0.0540768463668344912,-1.52092128230650148,3.8215233971655258,1.13397471502355196,5.16383765886266488
4.19573029197298641,0.213312334569160156,2.36195245172585322,0.939433640349339183,2.53424650475427704
4.71936790331708167,1.72210541622994628,-2.34567231799525455,2.80670998900464586,4.65281848539843423
2.85559662036753714,1.3470511301173691,-1.98708013127644811,1.01701134943443661,2.69516355349184966
0.328465976974292473,0.756719591115527335,-0.631021026534723251,-2.12145711226623312,-2.31843929566455698
-4.17224824676254791,-1.01777988148038645,-0.960999525281831635,-1.315986354634884,-0.155228032624188078
-2.90020282035647758,-1.18881859029874137,-0.920953696658623477,-0.567748707799131447,-2.64310869148618011
2.55395300992796237,0.12398544742058587,-0.0230912113651072885,-0.447936089429286977,-2.00519904250637726
2.96459314369223348,1.73664229306981688,0.855623763079502608,-0.111799015055746187,0.113029561978442036
-2.80347597487752109,0.224853819296983171,3.28359348599038103,3.18165211970530226,-0.351074122279027179
-4.22942509664014032,-1.25514148650054924,1.81928644476177159,4.40489631134380666,-0.771455000576680816
-2.18601144502170541,-0.751980254992038133,-2.09995673099457791,2.43766502317449385,-0.998306459145753666
2.45800396440473889,3.27104194175484908,1.21151901308994137,-1.70305391026320052,-0.500773743277704408
-1.22147978377200972,3.69795552054720522,1.68879825006733464,-3.21560400071220753,-1.71059022646491066
-3.0456312632191449,-0.630077411493775608,-1.1696213780149225,-2.22636838419320249,-2.96198953029563672
1.09251036023419212,-2.79538521491619285,1.24542891665673783,0.458481493685688024,-0.0224893345739066892
-0.700430230495915906,-1.29313591444634346,4.39030250337462746,3.83703548948884432,1.57640827970593245
-1.92066661141238759,-1.26368686980152356,-0.503128814543256864,2.26833115309113342,0.190431324321851891
-1.12755676550273454,1.34088149555317293,-2.93993485358132922,-2.19216238632072136,-1.90305071595365671
-0.500648096315418623,0.737813682004433646,-1.08582749976213377,-4.58618301791850058,-2.23109800585516194
3.19322365191386792,1.21725368821312108,0.261763404358776819,0.261103198334736275,2.79930450649682072
2.15696552950223674,1.2850149855111479,-0.0832791564073490781,-0.785911846951617976,1.44969916825014344
-2.42268616379309076,-0.694130939780050471,-1.03045202327795105,-3.38165582028964629,-0.446081851798383666
-1.38525864754905204,-1.03533304196481835,-1.12531162323654454,-1.370295632523022,-2.15564813753996321
-1.00456608476868214,-0.712925666879657083,-1.03545428961545904,-1.03352479482312765,0.526124857112559186
-0.00427752353263157609,-0.472038264395177376,-0.68597576212725575,-0.665246838330126211,0.133111764560363
1.04262829612933339,0.044298188791543118,-0.0849793967960753432,-0.374315474455990838,-0.139265989321758599
-0.741264397926083562,-0.511482871079160906,0.0424871565717797189,1.63982609112485367,-0.45925709297457451
-0.824889229572054017,0.784791259094057891,2.0970919457989865,0.447488422689148291,2.33410137828417152
-0.366806238780134963,3.0031972343509703,1.45792996993596513,-0.281128935352498333,-1.55896612436716042
0.0324537917894851327,1.26741800158694917,0.221155953384031156,-0.117020172449708804,2.96107546681517864
0.00596198017254587903,3.02799142568529644,2.00996620773669044,0.619727309223916722,2.57754299814315679
0.403194691673674388,2.47914985792463893,1.55266650949130458,0.526268320242560206,-3.14247266534109926
5.38188800140581414,0.873033328622451865,0.230944048687752979,0.248960620862956727,-0.000259806642085465972
4.48836712697919005,1.61678795610983483,2.90161924263741433,1.24982351967802963,2.7304929068170698
-1.26486632858404691,-2.0243400096470916,2.4998882953678141,1.47766847266192447,0.484770157109767674
-4.06194233738720634,-4.98725661538836817,-1.31133621717101834,-0.0800562397017254568,-3.161465756486459
-1.79457346698818432,-3.09030571004144194,-6.18270120166195536,-1.317958887865462,2.18965708006044846
1.85526792472467061,-1.70082151927897995,-0.589750798956718114,3.7665289284702741,2.81472616284608668
-0.1925466690559271,-1.74497162562922092,-1.67056660068684493,2.00810433015943213,-2.23074338891376778
-2.07221799486270353,-1.43341089077277561,-3.30938902504274113,-3.13353050335687211,1.14542301979011318
-1.10824812044358811,-1.38650672377567474,-2.51828126100796812,-1.60440259569568022,-1.6828399549095745
-0.683212792238284683,-1.16940241197148853,-1.67043435236409588,-1.10794790197069171,-5.32645204374106473
-0.58724316504078411,-0.743850152031483303,-1.1152428680382418,-1.40739646443266553,1.18544651839067505
0.711545507322115744,2.87910519806573317,1.58671226175092772,-0.47347952233778462,-0.721245446572333582
2.34113625137346038,1.84892270693212901,0.409969930354900369,-0.709691393511596047,-0.821701701550544117
3.99723670436800393,0.839552930025696753,0.241015344373304963,-0.603959327328504325,1.55694065458844788
-0.798760622140103238,-0.94712918670423063,-1.4847058796740169,1.32825163156975279,-2.65871893351294419
-3.5628784457758198,-1.67491725115931644,-1.26476794864041819,3.25988290397667502,-1.02265977651130058
-1.65838120902069597,-0.753529591612836502,-0.535708502177432377,3.17288878819576459,0.487119580875565394
2.2434851827909732,0.229031642528034207,0.556604591811475258,-0.793226109007884483,-0.294801090030829049
4.50844285158436708,1.83694991782269978,1.56971283094921921,-1.06913078585777122,1.12162169528552491
2.88866969671183771,1.34892869257875603,1.17061203985201434,-0.634804809839472739,0.141336198304527594
-0.0107521737214870891,0.207466819484166398,0.219684998365870077,-2.61296603907047942,-1.15776021390051742
-2.17802084673312191,-0.405982311199385715,-0.157854914769172017,-2.43105525284567214,-1.82094361831307339
-3.86882309627429599,-0.996680509594709108,-0.484211321809960626,1.34818573153108834,-0.129429028787248823
1.71593014828259083,2.65895962740907699,2.90299759602583141,0.661662027327806213,1.56062016882843024
-1.00231189129269049,0.559304243000091295,2.71196032426031497,-1.84998645472462941,-1.36608076493488673
-4.50740099614081302,-1.98212539801984033,-1.51174236751183755,1.85033774559042641,0.234200884833943301
-3.45864029109478111,-0.990238098549510726,2.14466269960115596,3.22502574376763018,1.81783233204412298
-2.03448478413096812,-0.708434500728809979,-0.244307738983492451,1.27147570012598887,2.3419868418961034
-1.50803893483100993,-0.436607119740332283,-1.94093951912482954,-3.97103824243206205,-1.25482622422549683
-1.39378879970822656,-0.177395290200498046,-0.891484376863439065,-0.25290167083088172,1.63344269125941732
-0.923031203150593615,-0.0529880384381047412,-0.329098284203446223,2.03374861149230401,3.63803892529789286
-0.415403178255045136,0.17174147984426158,-0.359514200454772004,-2.39533024638304326,-0.674838663234977432
0.0485869101517826044,0.121927758172935663,-0.240212080913099868,-4.96883359017898307,-4.47323421518258879
-0.044371280549655244,0.457620126009167794,0.00211911857697867634,1.29686444613767238,0.290979472729568422
0.371938793810077772,0.550704390541397748,0.0127236025382495704,2.60862976473636987,1.23081315474867026
0.39624726717917147,0.25568075252359912,-0.0351952484400703675,-1.25379065233836084,-1.21132298436153252
0.525376775912708593,1.84533819207892269,1.53223966459559446,-4.1805168375363726,-1.83403041729571603
0.636021743257412675,0.935346675987732246,2.41242072939439378,-1.78442639250632973,-0.53547213264759741
0.929411530379500528,-0.14792985925994051,5.0613458335081436,0.316222446713115335,0.591037089114198055
0.774097003341102985,0.159408692444810374,1.26951840173875974,-0.769854435444647711,-0.263554831241575749
1.56360208882016272,0.447397529994478016,-4.38047431200103521,1.97949725426770007,2.02105655560097119
5.98214971632424852,2.35641120795470327,-0.0352261578765989264,0.56472252162622838,2.61903599848568014
2.555383852269693,1.20945102397531867,-0.297045355330452177,-2.2209109120135837,-1.14276092397211526
-1.77811141387039706,0.585996795061183517,1.15410738136264723,-0.675489628262165631,-0.871240170171002526
-0.761171343306375148,-0.282315035902240885,3.56086962259729312,1.13198939604456683,3.37791831238433105
0.365711050209697797,-0.823137085889474096,-0.907514314672063227,-0.011531461484720458,0.795926966241635503
-0.361880339940452211,-0.918975410115266289,-5.40206352370584408,2.70570698690395428,-0.272825060783354334
-0.463135096138162616,0.0113855841332337546,-1.93001627446006108,1.73315938293361982,-0.332815733907051325
-0.423988057177944633,2.70673803144496672,0.891186654328738559,-1.44449975582806034,-1.07468766145002936
2.86495465826922491,0.293631675209255705,-0.992753444236303961,-1.21253317636088775,0.555572594765339156
5.40896857430468447,2.98447211858436656,1.52766973809232054,0.692157666840010899,2.11238712617333579
3.83060082787943923,0.760453247752618022,-0.44695573843467995,-0.0477474621612972785,3.87661601734798067
2.45812833557785471,-1.58024008840288532,-1.77956414333563018,-0.073772208967500974,1.3617307092043045
1.60442065355111474,-1.00770757852465254,-1.16293584469506905,0.144242354426485642,-1.0495345470266122
-1.91346515572181031,-1.9110079552282484,-0.528394738503740191,0.288187786555140268,-2.62135178582827733
-0.319340847912232384,-0.420073890715812803,0.226060966019672627,3.06396991024019627,1.89593269938690545
-1.21685976608023294,-1.16931979010688814,-0.442730752544618245,3.97841161264418108,-0.193906474820379038
-6.00305851983660688,-3.39927749189913087,-1.88199632012478801,-0.82687289021336341,-4.94972495362804565
-5.92693105535354725,-1.97480377110953054,-1.52481243631103847,-1.95827994729793353,-0.426021459417696369
-3.56673169618410846,1.73908968796522556,1.16320580858383282,0.151221308133908161,3.22611118739694458
0.044277935386530333,-0.906076071465051536,-0.932142771262767345,-0.127693002711776915,2.36183738804379839
-0.953206518992317453,-2.61217877380870522,-2.25577014169574497,-0.344577831667382373,-2.49887216325113926
-3.28171097492103092,-0.0585457022777102834,0.647347519806974248,1.00562825214217466,0.866744205038629256
-2.6646802390363904,1.04409511622344198,3.07746425250073141,3.8679396271679809,1.9914140725541416
-1.62695529279475481,-2.72560543518656129,3.15150354771588859,1.03502782260531601,0.101925220427622754
-1.15703706033552134,-2.75613167733390307,-1.76220029803049272,-1.59338679283042683,-3.98005606160401193
-0.912121950390984537,-1.4074056971950315,-4.82041657581999594,-1.56333216354603244,-6.71804480318559794
-0.361830877427835818,-1.16087546615188075,-0.996324650029871695,-0.425043369617250921,-3.25499368256127841
-0.342381948627056065,-0.899030174823118644,-0.918274564577317598,3.64431989310291193,-0.330658429040600943
0.257856830280580374,-0.449294178861045945,-1.26543106996072319,-0.443625772694901332,1.17620465855374623
0.524527038670471901,-0.221830404831427463,-0.786186231633871468,-2.68434174066451803,-3.16753446682578588
0.573001501151792381,1.16817090600732554,0.92608629431086753,1.41317321996702105,-1.81033275772619051
0.778406594622162773,0.726749191265190442,0.0299555267490024951,-0.382305605551322647,-0.708568074515341983
0.759193153746423599,0.0179681230663755118,-0.48299767768939561,-1.94026487332783004,-1.73262348870339578
2.92978071591454592,0.780678285312398357,0.608772293453746616,1.68206981724744842,4.11617016501602695
1.73968070416761589,0.677842747401971146,0.386626209257400211,0.901512055211913466,0.480801187174340228
2.81235423931748407,1.09072419843135271,0.939579521112990701,-1.65852598477460034,-2.07713952969110238
0.246970862170329125,0.298848463598142211,0.291702709246722369,-1.4345928633041336,-1.23141870866508052
-0.570652716586511621,0.0879168352340988779,0.305540037234915074,-0.988646857887313102,-0.221497442784182819
1.77786891208640818,1.19656719827931668,0.91780556487833409,-0.907807839943129302,0.646777703225479672
0.395254330271731846,0.729364941988737359,0.630830540767027603,-0.716799926118572461,4.82833413001751222
-0.499326599377863722,0.355616229813050522,0.479120836363103875,-0.539163397412220524,1.6808872870563869
1.44477203174710778,0.831065611163817164,0.79153751347091128,-0.436098522062196847,-2.41228112222569191
-0.00695769134842152276,0.432288300082429799,0.639529198089236806,-0.193786337665813713,-0.725555529306477376
3.56833909775307889,1.22940713549731218,1.47528061113867581,0.105050877660938957,2.36161202453984398
5.07063872090211376,2.52697434530684006,2.03438589619989729,0.240132562201013255,2.6275750332565444
3.36604614184992545,1.90802917478427059,1.41823932298163902,0.19271759904354141,1.70494597372066847
-1.59512218585963783,0.306388752863106018,0.276608678259222196,-0.0272695724242275131,2.85895101703711463
-5.06416278217763249,-0.723145371587294084,0.168343989614465506,-0.0222087236270273672,-1.19447630325067045
-2.99295586763774146,-0.81279984653076931,2.17398358575787176,3.27051536030829393,-0.277997895503493631
-1.41562135186972493,-0.998196237504555772,-0.886471294040153457,-1.78505276577499261,-2.18404161021865351
-1.13381734512844012,0.468129920997676918,-0.551139348584951505,-1.14661883127188324,-1.5666690336311293
-0.641534466124072056,-1.66954995288853159,-0.805071470253142185,-1.06780972821827436,-1.23756349572780855
-0.41187690059463411,2.24766668539585179,0.493527074554974521,3.30526470841735298,2.6537481651087047
-0.290063804106585721,-1.09501241882592182,1.8587917379692247,0.77187142512534368,0.774452806521173098
4.1691055861384978,0.425625678667225782,4.93916004674912834,0.683176187165499216,0.479332142036788589
4.09836418081638154,0.865519492083587139,1.52639621338526066,3.12391929744851549,1.80795814803957566
1.88975623038080198,0.465658695695981617,-3.12652772439341398,2.01759047337227981,1.43174987904390805
0.922347705079581415,0.52653480864814961,3.34638416843178321,-0.736111207524463018,0.0213173208145891954
-2.59733739408119524,-1.80715748473625881,2.61388881607096613,-0.312568885509089012,-0.58063978001706662
-3.48433599883550871,-2.04840896828069408,-1.12399190048064601,2.08335575793794936,1.8291970786070646
-2.00173732002935889,-1.14117441103600847,-6.57087274669622623,-0.156819019190046371,-0.204154987485985234
0.912305670362445031,0.825623444450748423,-2.61547842030559652,-4.54085166573477128,-2.25682552347567711
1.20695619725623637,0.200922952688012996,2.61163860539839021,-1.80059882598072418,-1.16686217052936736
-2.58812167578572661,-1.16151628192475909,-1.38090396119707415,-1.84137830981805672,-1.57356065260424582
0.124814088420298758,0.911147555935376996,-3.63549810520344963,-2.04393109601673117,-1.07001766595552272
-1.3061473235738621,0.400332561086029215,-1.63777887319287774,-2.00960497462395038,0.361834766428020704
-1.86209477947304047,-1.0946699611483981,-1.22631550533471012,-1.71061581123331785,1.05262393506344432
-1.14149567966566146,-0.561092335611365844,-1.02162110946716544,-1.16926819439129637,-1.5202593907209514
-0.615939079194487427,0.1148717187835048,-0.463753637310587163,-0.679721902976800796,-1.8730144213448916
1.31874523551990031,3.62724120272244077,4.68437764015030389,2.00428635404244426,0.0886936408114029351
1.87917577264170332,0.356220050465484217,0.25816437471722814,0.608717546744094062,0.392170934680138916
-1.62698859015895114,-2.03520028144689169,-3.5370146780636631,-0.864391537822195688,0.221183090667415899
-1.14689619611240579,-0.57222183549019523,-0.682711542535238025,-0.26684389251288454,2.84506740672652203
-0.0355889266185336131,-0.0227738471719479418,0.180609308553837361,4.5591020664253783,3.3922098054947134
0.718708679329818967,0.706953440707026814,0.254695736060076228,4.71196838826686903,1.63596057497929093
4.92929854111691323,2.50861513476300235,0.884236115658138089,2.63521300873733733,2.48529061181700994
1.33291744128287037,0.0230153529562670267,0.541528023013376991,0.30452421036720756,-0.157996705495065642
-3.32206075291913638,1.84495396553198909,5.78479560899416612,-0.000130279484377156946,-1.64295274124934987
-1.28740209783007709,1.87882390495900453,2.01291345822284784,-0.896041477108290518,-0.622451845583513741
2.82599664407503637,-0.481675111671689193,-3.31246984804536471,-2.84118513834874653,-0.20521256299365645
0.601288088008592791,-0.540529539102398315,-0.903613492778038041,-2.28610546130616044,-0.840852097267921428
-2.17983116381552211,-1.24904819823471547,0.0200590462896947722,-1.24401555864835234,-3.15670123347393794
-0.280414876694261461,0.353554222875826163,0.533744750799439172,-0.291928621542603017,-2.52317132122862287
3.53964785908608803,1.18097330879337181,2.98200238603014389,3.08973455328784974,0.364215932124855757
3.86084632815247586,0.837396909642307841,1.13410373999427483,3.8620055262147055,2.3220257537273099
-0.287484451290306753,-1.92136427448455094,-1.68554316647937097,1.08497029866758909,1.98378748525650273
-4.44705304143695113,1.1597232864021636,0.258041818035658121,-3.2991246153743452,-2.48500099802026231
-2.18487085269785775,0.887295936777061089,0.309639628501236275,-2.91059268598253773,-3.39394539727168398
-0.992862976486149851,-3.87213570289554809,-0.797237624933629596,-1.9935126240234553,-1.37028794385211361
-1.18109379768658163,-2.94645953467635024,-0.697590844517724462,-1.43152088043561831,-0.493142965829846125
0.405095961821449524,0.525926354902262472,2.09779238913125221,0.00530722051110821616,-1.18834261018858944
2.59655641249063729,3.58336040784172694,5.51159861531445738,5.18784933684058114,2.12414301504929259
2.29354967235310481,3.43630691793291421,2.73947335869517961,3.54769235570624986,2.07922433149934882
-2.67014595984468661,-3.15273553942924822,-3.49268666636662006,1.73972667762419375,0.290072148994054979
-2.8668482610119681,-6.05276076745436953,-3.55511778915533361,1.38564736074467154,1.73095833285427925
-0.898889812309611846,-1.48892827244433512,-1.25193714241492904,-0.551078781970493314,1.67647462803100322
-0.561785702317196378,3.82117563402108562,2.481132881720578,-3.60246415475969251,-1.70919337831532858
2.6216611102347227,1.24896344400939285,2.49610438327471451,-1.9815742306538664,0.0104539580788715822
4.68251750560467173,-1.3707161483494561,-3.00521176243631949,-2.34499263722776208,1.07294694311416805
-0.191357400405009898,-2.91800131984756606,-3.492207934779191,-2.77038527086416675,-2.30204509149292491
-4.4378916987640622,1.76886664191973009,-0.123825985844773043,-2.50170690890185821,-2.15696761935527892
-0.937958882251348047,3.45911872439929757,2.46951562092828469,2.8188917180162929,0.44280967534894361
4.02822446403216183,1.20347983129824221,-0.501517748743851244,1.52789459028197117,0.988774240686296046
2.43697459346259038,-2.35629633294517937,-2.46076216763702993,-2.52035107575794104,1.4416431825511633
-3.83017245565575992,0.963687042392855742,0.0534007653600075752,-2.79795504785557014,-1.95027215839462187
-3.56083304265178757,-2.81887123663513206,-0.522301498331909864,-1.53585461801928491,-3.23838510741580743
-1.09025653026211455,-2.81796460075401578,3.59193264221354092,0.710915055390069051,-1.70792539615775074
-1.01913585189172973,2.15176803605679945,0.429366631518821262,0.326416925900914534,1.09370365270618541
-0.876720179735861693,0.763800425141953121,-2.83466153077438721,-0.770046297460180273,3.11299201570526884
-0.523595103486875324,-5.15285105350354922,-2.83929264801743964,0.374471404832355914,1.87381944215982599
0.686166873534556854,-3.81948698542205012,-1.42176927550804244,4.28133108763200276,0.564570555203258273
3.16059595390068937,-0.334175282348631253,-0.806126703080467966,2.59010912337323917,1.73258100659796876
2.50810371776277874,-0.673111011286574024,-1.02482139889633683,-2.41477422959843224,0.560413956066636798
-2.18283198189817496,-2.67069253111657812,-0.906114736767281159,-2.79000600022976997,0.819184051851158168
-1.56732043470444893,-1.23644488581697498,-0.512453748144366172,-0.964204832357399844,-2.12785836957370433
0.0585108111788311888,-0.350039238258659346,-0.235311522932363598,-0.625587562173489098,-4.33479728840594891
0.596420782679282779,4.22527532974443165,2.31354687186681796,0.117273539659521142,-2.88250753573195606
2.65951360835153405,3.23027012209411524,2.6715544228242698,3.29619532050620734,-0.0973604141947916613
-0.427688527477508018,-2.20144384528543391,-1.79702079501435685,1.22205597746493777,-0.404711208355823804
-0.0335020237215420472,-0.944787632440466152,-0.94955497809627698,-1.01747960107768831,-1.1584514507366177
3.5179913913653813,2.16820125979291456,0.699522178317426913,-0.605856720955666339,-0.144030438338893535
-0.0904559967113462704,0.129211200909604057,0.0932321681824642562,-0.0611333057765585108,-0.505462042618749829
-3.06363522148494605,-0.961242003780376497,-0.15804045798350988,0.080135863104743188,-0.991702751157929274
-2.53244182268261575,-0.508374413183206086,-0.0160164334189444521,0.168202419889290966,2.89642786519762652
-1.31286024132560497,0.122873306478193861,0.393259409466805265,0.327654124627666632,2.31748286580907692
-1.16322595887286218,0.430317575110340411,4.12167495000385387,3.84825876790429522,-0.360937642047046536
-0.123627911852533495,1.10273709011219179,0.119165047883819972,2.72323941512626311,2.00355345867448653
3.94904497170016588,3.11309925340414351,-1.07463092994012022,-0.767964396337286748,1.12161816234442946
-0.184235920144370263,2.94346670643617925,0.852442199934734579,-0.750489081620769549,-0.945555533679777627
-3.29107277482570115,5.31882882924716593,5.48929104989351835,2.321141121948469,-0.166495430843913855
-0.97779137402537164,3.69381419282953471,3.68597141089461333,2.54117593337922543,3.59102371750202565
-0.245967340366198134,-2.21019995892755405,-4.45992585592237045,0.586612027128304958,1.98720078161112057
-0.408317599410514154,-3.5057295297460298,-3.55112009340349299,-2.03187062179176481,0.271413899486117327
-0.270817035785545501,-0.904586158138476759,-0.224941469572330716,-1.67815906010138693,0.141626774346603063
1.98385760797570643,-0.0251571765016360416,-0.541944441447018699,-0.897125454112048248,-1.57640716401624759
0.129226882935844306,-0.803086629466916668,0.505268109853057368,-0.134386907960307611,-1.41098609867062641
1.16913509782101088,-0.200704316562054424,-0.940271816479656519,-0.614732822370957055,-1.67332536274540455
-0.45442706000271027,4.08875138891096146,0.670395040600908043,-0.0999346847614898115,-1.95907220452672681
-0.83230508981728657,2.43492523328353139,0.563079823607188668,2.71404295532976425,-0.277505761936422457
0.33721399657956852,-3.0799038939096226,-1.11467058911657491,3.69191518594158152,1.08712715008688154
1.25167196724994989,-1.98152669200327169,-0.874547125921935842,0.54413506937467282,0.591613675042240161
3.10368642856965016,3.37201240852623618,0.786283810591442367,-1.44325973164231125,-0.0434771322775367244
1.95951990704889512,3.37595108564735202,4.12935442378517692,-0.896452750631349993,-0.263273006544608001
3.86701514730191276,0.464499089333436532,1.13002993078597358,-0.651535117326029645,0.799999833208630995
2.6206073206061804,-0.753272203088701464,-2.94140418642592971,-1.28454168132473812,0.712095821281164776
1.38306586945671683,-0.973916443582263147,-1.04374889916766223,-2.7020395012892191,-0.0649869293032515893
-0.953313469589768925,0.816986622359476944,0.210214907147309588,-1.97671877256887574,-0.358228893868317244
-5.13806095116784167,-0.880979596542833865,-0.591063881706772043,-1.22994305078271848,0.763886403696008687
-1.15404184502169449,-4.40830230926222111,-1.60667383411575426,2.81695852065603836,2.08293354213929671
-1.38296846134528417,-2.44098928915767965,-2.36259514051942254,-1.15729233519585661,-2.23264918256789935
-0.971388359644953181,-2.09002190414710576,-1.74199526524444903,-1.26296987378974279,-1.71214130135878562
-0.716214884144457442,0.596983659539647937,0.52630144399259482,-0.389057231974389905,-0.91760804155462139
-0.543777557089387575,2.21405341101599262,0.93870271521145654,0.0303587019346397355,-0.618324915739723369
-0.362076406662509176,-1.09475841935494533,-2.03389234200346536,-0.904188559453845242,0.422837923157024842
-0.0850489336575909194,-1.9510620209087286,0.328550025424876713,-0.459477130569619474,-0.385932456638637178
-0.0424614840868672364,-1.31630604116861005,3.56612991866718509,1.34505291756957535,0.394270172544445408
0.184290433675435961,0.079633851089575769,-1.35007266912335022,-0.259567603636970068,4.27750652113600349
1.00700776220411314,1.25288107916490254,-1.39037519010728405,-0.452255261056516922,4.74467641839941034
1.91368429204288804,2.10479156779870591,4.05374672555240601,1.49510585608703783,3.55574676870287298
3.99908746558438599,4.83255153445453534,5.54530386906585893,5.50737072309112374,1.8942112397416071
-0.152427249017415778,0.500412602234891035,-2.04374464468910189,2.82323656979807502,-2.14222408327973879
-1.60554670832609658,-0.852216427516945263,-1.09237292333906444,-2.51317512158245426,-2.34605955998731108
3.33212605362797998,3.79739019872265393,3.96392785824291494,-0.177726652041426736,3.46658437686614906
0.388225642967485685,1.36505759074418731,2.42949327232839041,2.74829262369179883,0.663486208275590905
-1.99872376443336663,-0.0848013937648583183,-2.51787112036711269,0.947689504783689518,-0.252624013029386973
-0.159633136553444244,-1.79495917206938471,-4.47473457838280986,-3.41952187660314166,1.08492524381812783
-0.832645880775121028,-1.47465979677574333,-1.01062119795955252,-2.19018234371751763,-2.92362456616534816
-1.03411875084296279,2.55477652551651513,1.8118734748536256,0.254783714789529436,-3.69158369963371058
-0.580904363792169254,1.96765670790041969,0.613081460701603187,-0.0862835116644586342,-2.29026208593894021
3.302837549802633,1.97133822881652221,2.45637206465752111,0.271294481389116326,0.0150607438582631842
4.08833854082069692,1.88319185646637721,2.22057613457505854,1.2880633815084428,0.921745084907117151
2.17986890922419319,0.858712638370584758,-0.588491419953080075,-0.346573179453495972,-0.302532384303984658
-3.06847121853077143,-0.643704412918206126,-1.53521880176660486,-1.01388311573850975,-2.53080558753640972
-3.55781339433832855,-1.13435901553132656,-0.950201445647013476,-0.814746080656960525,-2.41690668834302969
-0.788759630622636099,-3.70793063070884443,-0.29981199935191688,2.24385879615077677,1.39312009472654652
3.21694369784883838,-3.83036997290173753,0.169728351316092013,2.905967049065179,2.18258593911709475
2.60342896337280738,-1.92301684593037492,-2.58515566002383235,-0.815870206112803698,1.09382530592826566
-0.253986409660201473,-2.14383138179164501,-2.90610614769120756,-3.12771316915518582,-0.299709743082137159
-4.40762030159365459,-4.47467819953157608,-4.03302344588256734,-1.24959975945092516,1.58124629208635548
-2.45462956690948442,-4.13500894255169982,0.318810513971443166,-0.2868489073314473,1.6991940952784732
-1.08646922139558111,-2.77065872182414363,0.620746428258866501,-1.60911158999816939,-2.20251760991141277
1.14652511715491712,-0.293617395319968,-2.59372818506174951,-2.45445737322462243,-1.96067746466541171
-2.44584519153707447,-1.01958170629263023,-2.83867816654329719,-2.01129854596204716,-2.81531684610306643
-3.26697920769972283,-1.97639971408532467,1.68030389351283582,-0.51714366143831092,-1.83892966958525572
-1.93543345964749314,-1.33237535445788979,4.31018593615029033,1.4605392204886225,1.16340729750009997
-1.35735258784231871,0.295810018157492527,0.365307326460220849,0.384376370536473444,1.72546705814351697
-0.808262172078401231,1.11524058955021821,-4.48568231823927199,-1.75178129042313802,-2.29507994402135385
-0.485360371020569947,0.239735806211847757,-2.23059424777667514,-1.41074262927051697,-1.99973978031693966
1.51168545656028641,1.01644441489836068,0.328188100403785155,-0.247138238017884371,0.128894365324945137
3.25222114304604393,3.21492216326988345,1.46518483403433342,1.5300251316389708,2.5905431735705875
0.422302147478128276,2.61621612786033797,0.29930010630038878,4.17224166243765549,5.11289390029457369
3.58926045518551406,2.3761801431372267,0.794458904568479674,3.59797161956400169,3.74891834658120837
3.54918372171699614,3.26039050034117306,1.92961568578067233,-1.03453805455678394,0.278616421150263027
1.59933306283296583,2.55454626708057786,1.48213213420012613,1.3609977436548848,3.55750356037955617
-3.30490655845848158,-0.0177551821732864143,4.1881215582879161,3.81377369029840985,2.91659468652409126
-3.58512584498194808,-1.51773140317822031,0.701793884184263028,1.11153100914088743,-1.2815730003681729
0.295175145098121483,-0.362962654968039145,-1.0088376775935266,-0.273231028618382554,-2.84571912888248812
3.39648159265482574,2.6171211864332391,0.704961129569252054,-3.29709275985879291,1.53729320829662774
2.14449866226354979,2.83556725779262564,1.06542876480349435,-1.28678640306526204,2.32019830451854281
-1.00964703018428992,3.8563410438017347,2.081695948113643,0.265498097209447614,-1.9118830382223948
-1.55611180840689789,1.99080381464500955,1.64950345542674737,-1.77569777429139508,-4.41839219911341186
0.919783848083414735,2.85439819484909973,3.76788167768607041,2.46596386448070914,0.0938607966412038502
-2.5973153198711576,0.209774740287675066,-2.05967020605419338,0.625050168621337221,0.317618378914442334
-2.4624909995625619,-1.25078596719200918,-3.07066839705965444,-4.31098709838077898,-1.05590097488499945
-0.52344776391570258,0.944428240418537568,1.6653700761840684,0.854698160175326516,-1.64165931426784972
0.722504509103646941,-0.551005995286496075,-0.66579540763752465,1.15677748222148624,-1.85328130354446108
-1.73407652591276373,-4.59275068283989629,-4.32232161232445566,-0.401791843988127617,-2.02822582214734792
-1.83476700174622565,-2.66598818770194379,-0.365730518435854746,-2.51216511903533046,-2.7984012864415071
-1.34517785702493975,-0.561498320349847591,4.29673413434392515,-0.655690407198483705,-1.2584375056881445
-0.850981023817944826,0.679464702040807333,4.10083384084061109,1.1462074600032508,-0.275885510942375234
1.68090821179742345,1.62605904938639223,1.29059905709612344,0.258290985460376765,0.318671004035498584
3.05887286122550917,1.44518689912066178,-0.370820693097538678,-1.0956395110004975,0.922769561164198282
-0.0899266087812072845,-0.155539057565058814,-0.848444615759656018,-0.907172952221125484,0.0934946211425074086
0.240665398190362645,-3.79862277773263113,-4.71924011808893873,-2.30203567201743509,1.65424699812860143
3.29222944902340364,-3.14763805568998478,-2.64243581857082566,-1.57773564921873399,0.803457357508108427
3.75380636742918128,1.04031424870137656,1.32355333838926037,0.80646053054010236,1.64185666031815569
2.5081808280301745,1.77047971528672909,1.0594179811015032,1.37064485546776105,2.14794245303074005
-1.79360686560076554,0.265701938775657842,-0.863310521302710021,0.118677036307334227,0.556355616296831723
-2.73487669077562368,-0.787652708951292579,-1.2772723919730109,-0.135610612733581049,1.15163779115530351
-1.63876806534670183,-1.85042204187494419,-1.32751674058491731,-0.0534825081949882389,-1.87772370278550516
-1.63615424316614733,-5.17782393291552356,-4.3877571243279867,-1.00980826466616636,-1.77092988333446733
-1.35701059150802772,-5.59082555911334378,-3.38257043016132108,-1.09086821535690381,-0.503571665851645034
-0.839083378591776285,-2.31684911670906946,-0.334106895773072787,0.222227632474433001,-0.694929698596609025
-0.502028638673337135,2.01618258395288574,2.09908807406135045,1.57875689534615837,-0.0839885102025231672
0.0483713395837342894,-0.415181211152503615,-1.04406705317831583,0.567913818139422988,1.76830794262353042
4.66883746428007562,1.60992578557871679,1.83740071438088348,1.24329637247796532,2.3687673361794479
4.76306790588467432,2.41363718519147152,2.3410313345675946,1.99655462078418577,4.47295925813880046
3.29563749269928596,0.868990957459388591,2.87464532428887765,1.87829006173879254,4.91212720532094504
0.393643008190311616,-0.610895865640900371,0.458630483899434671,1.3688435291956651,2.66293618147363809
-1.46239709122492534,-3.0343618413193747,0.224102822539809426,0.646529548152750433,-1.4036693440135346
-2.03805238568026059,-0.200141813553155135,2.13847454725031572,3.98680371936590383,-1.39131951417380506
-2.68110695798456877,0.729871507507679151,-2.25611724946409931,3.35075061459827683,-0.523614972561286529
-1.8859480446184762,-2.4455036963453809,-5.41612584046646539,2.21673058864453498,1.64720417290043475
0.765816656534501039,-2.29336550142127482,-1.07372708090456936,-0.571342898692655088,1.96689842528008652
-1.00694322484661503,-0.929279015922040763,2.28748719546044255,-3.51954340528890386,-1.18489849100248357
-1.66845733433448129,-1.07676824855394249,1.94920976737380558,-1.12868920366811776,-2.55910773323354546
-0.841130525028145226,-0.292151697603604044,-3.42166136218852657,-2.20458491096627851,-4.48653399475386472
-0.72714355697076638,4.28833537091547967,1.47210224691883584,-1.55107459595117003,-2.98531361479258317
-0.51770570181053277,4.20629577435169022,3.32066716794137973,-0.0779369954478340288,-1.07527042610557899
-0.030950180092423122,-0.167033709832136168,0.525005086481230232,-0.407440879308845705,-1.68134499543632598
1.53921280998185872,-1.20184631771081607,-3.6908418055342449,-2.03457084367087138,0.405969752255099348
0.107872778242041334,0.577776115573181093,1.35373544483710617,-0.760889637135016006,3.37728633049794569
-0.228246596019562875,3.32062207618627214,2.30180551600657646,0.385520693325226316,-0.631769359893928351
-0.0213642583474814608,1.10386534970436689,0.90310868328958771,-0.0314536490652097614,-2.70841220644170466
0.397541559178018811,0.872852256068700427,-1.50360236087091415,-0.904017548586457886,-1.82782823254347737
0.356050155653805933,4.16521503268402515,1.76717482829947348,0.123223054341783045,-0.569985827898761399
0.429371757909006946,1.98564666328519102,2.88418006954062056,1.0417151283274575,0.258651169067523168
0.412922048659404406,-1.69712377972078854,-1.87304539070604825,-0.148945664102947184,-0.638658970423327754
0.412065081689964363,-1.76896407061435057,-3.86111110966403137,-0.978526331211542644,0.129108089410810423
-1.03713892901734983,-2.04891222828617048,-1.98454359650874101,0.376316954834335415,-1.55923149738796418
-0.18516513327133674,-0.669077484886954399,0.599937953803116764,0.852114440326661504,-0.643398065746525138
-0.465009027110200202,1.483436787132145,0.429655850246290105,-1.32726732673559367,-1.48272001641249429
0.426931370960518641,-0.338710271906224714,-1.1625366979856897,1.57938689621447659,0.660125621080978831
2.31828387553216464,-0.51850822463538937,-0.998472725137479977,1.81985033645180549,1.2057399009647698
-1.65748977191842584,-1.13121961458087172,-0.886561104473416628,-2.55678079393743962,-0.271953172885209482
-1.72127427189454751,-1.11597131444604303,-0.681567302994589119,-1.89279204321558869,-0.537490505086232973
0.269205676434920993,-0.385415819359964718,1.77303402589831971,3.43695688635248908,1.4969264809188354
-0.0356317970327798758,0.266293585938769284,4.0502568603382576,2.53337154326849934,1.62419638264716748
1.7649313788422436,0.715388127033282473,2.96638624658341188,-1.20193121815278214,-0.0146024370893524241
1.90820626317780651,0.673162321221046023,2.38229068727891669,-0.981204428428399167,0.186225008390168867
-1.74536475190119234,-0.198902596456572378,2.17339364880045904,-0.0789514113912795634,1.20626976407362974
-1.1676954431601112,3.86235394617965699,2.41853665607272506,0.0960212519602192949,-0.644848169675402816
0.188490772565001102,2.45333762533183419,1.10131070048541124,-0.393559374599033784,0.149321817183504457
-0.055079005000908253,-1.92448430541226889,-3.5334159906731295,-1.72774929512009412,2.22916806776273724
1.91171517904964006,-0.537195788476686142,-4.65717891554571839,-2.57049768626860464,0.943026657474797969
1.88225182089266285,2.3711719571076455,-2.54213569985521914,1.10582152091394748,-0.641737572012256674
-1.29674918117172089,-0.760365413222904851,-2.18293055183861684,0.667638452750578759,-1.88767978030832251
-1.1516075160462369,-2.08034550787549355,-2.58237176024385207,-2.64070782442611041,-3.29058112227593158
0.165572328671088037,-1.30055850229087477,-1.06714623231017813,-1.56783821093510323,-2.25947851559059831
-0.313703934228028003,-0.522670071027652505,-1.69496138501568128,-0.941997710536267796,-1.87765579766651691
-0.308781043337483352,-0.510331031618521114,-1.5462357885349447,-0.59565585698841983,-1.41628850208752
1.4900962819082777,0.166478665217528632,-0.549197202198180245,-0.322722204757886377,0.120669837905012747
3.12940800386328988,1.30782178493254797,0.108020954557593946,0.229899327489671707,2.44935253400031172
4.14420658766547856,2.32947578064251859,0.983589599359998568,1.70541892229051917,2.17347684820368325
-0.759371594606840228,0.671792568202707718,0.26253185457401923,2.11494632438933872,0.438546070171378255
-3.51240143872606314,2.2444663488269323,1.17925218844508239,1.84366076076036278,0.33755809079152499
-1.05667485651040316,-1.10296222770951013,-0.485198532663945359,0.282713830643866904,-0.771457646628177396
-0.604299496138820169,-2.42211658554224485,0.112755317890518819,-0.260835264800278743,-1.13096584860967542
0.0517888082932613583,-0.991954046182527471,3.20033215595172482,1.4913810841942241,0.562903363077080221
3.63172384728990494,1.49756136715011268,1.02239580051091683,4.11269021858386452,3.20079569872019221
2.83301740358592946,1.37896884938243347,0.452530851638824061,1.35215026286237072,1.84718815001851611
-2.87130423871140206,-0.293982681720003636,-0.175061387873643476,1.08944151821348512,-0.112807977298796755
-4.75388272191794226,-2.11502469390065206,-0.338239464430339198,-1.90766983151937231,-2.26474886011313092
1.51453178008982281,3.57852960519863617,2.99568759119464101,-1.0041574054539566,0.539571613766169911
0.205056975334655583,2.63692888035845874,1.40506505141311089,0.855378312640512783,2.82624391518616935
-3.13378757554444176,-2.68696883292124955,-1.13451045101447545,3.30438454242463475,1.61111282137982226
2.30373391349642276,-2.5661912308758148,-0.376947130286974186,2.93073285392590988,1.33959313499514687
0.135312793432321027,-1.79206747858383464,-0.667556907285678736,-0.462367350496138529,-0.418934781019564217
-4.5683967686710556,-2.35354717729718699,-0.658969373129530855,-4.05245485226938573,0.589721011001157369
-1.70929091699599556,-2.25836427097182346,-0.548855684489597873,-3.03979831936594236,-1.85479282325140571
-0.352104144471913072,-1.8710795968400562,0.200784785515403769,-1.86525735252792613,-3.70629413757766146
-0.969203710736210589,-1.50230372000225865,2.25168450697525957,-0.496757048133385171,0.625248547280384703
-0.58316099599029525,-0.876327128242853859,1.16262399290653695,-0.628646026464216412,-1.87651083937833629
2.12834389869067975,0.375923808068966414,-0.342740417372238093,-1.15068206314309607,-2.43371302456011618
4.87128400861487165,2.28915800635622135,0.420964718752633027,-0.438300896266531348,-0.0700322904827058862
2.89080891506507598,2.00202239624628087,0.523450767404047945,-0.119150571472403904,-0.135327179191947533
-2.16150773208641089,3.34283170747371905,1.82397763185320905,0.43509139447025158,-1.42329230027448661
-3.89985880233573434,2.95865483982386968,2.99957469030507706,1.25863021446802215,-1.53864348550487384
-0.906379313180029289,2.17907553088068573,4.18219476470078533,2.30054420408624472,-0.146478300637543413
1.07915287304880292,1.9842193235415837,1.6993579557791505,1.67068065971931401,2.14873101242161146
2.1380360469950932,1.20419415072108071,-0.123630640811581399,0.17107188873741494,3.48255035514749212
2.76281149662917924,0.0108312271494778248,-1.5843030863204397,-0.095140453843933076,2.66975144578625656
0.770889415112852916,-4.13585716762308397,-4.48306755550072555,-1.29076923524036968,0.609384908265128256
-3.6793603944278912,-3.67441487436909364,-2.92718539218858753,-1.06411066095897078,-3.55828485219333857
2.7757113438086245,-1.57271040369502213,0.339694704392056679,0.0929112683061079914,-1.68029235321024362
-0.148435183961007661,0.427103979922339838,0.571171899884501122,1.75674264263026036,-0.916756889656299534
-4.82344510595998521,-3.17983579410962269,-2.34542646865131221,3.71477114394305419,0.111769845101331602
-1.60076786809181315,-5.43835354734010412,-2.40295697958683796,-0.266716677945162683,-1.73111816928203011
-0.170376370663247872,-3.87241406058741156,-0.623709876589378598,-1.93868840350500471,-2.05888531528732166
-1.06824556814776939,-2.29737679575605691,-3.66903130598901006,-2.04300963062271235,0.379704110646958748
1.2766959298057845,-0.777181876436377261,-2.89173019978938362,-1.62437887367606648,-0.521606047630896796
0.509142712532139163,-0.643675748492695265,-2.31286551238723925,0.515228479072175949,2.30378672052632805
-1.41492821747483188,-0.955845544837382932,-1.8359079703454082,1.28090413091263988,2.63780996428174586
-0.148869405974739993,-0.630806364903660044,2.01557744295932961,-0.739167486239859617,1.39236685167960172
0.562226903618746054,0.212913134957549821,3.53225001408842365,4.15886340707693858,0.276636256497342914
2.17473201219820478,1.26451717417855947,2.74668734649447366,3.71394998725883374,0.608937299077037308
3.53367819433551533,2.41404657065652239,-1.48551062681318258,1.77776278595177817,0.0837248699939327073
3.19544098504886476,2.87713840167413881,-2.15181312700374727,0.384370926203949415,-0.0455713426980629416
2.98280073474102281,2.83452078181057443,-1.08435608106966841,-2.68095887312115178,-1.53501060573149029
-2.13432991814629336,0.267422846090306643,-1.71619704791703942,-4.92498475287075266,-3.76549345042861239
-3.9044433248922088,-0.241412786896864406,-1.08929879577870814,-3.25634199479978159,-3.65368280568819337
-0.456423993916985626,1.87401662540468372,-0.285055292680848005,-2.39626327994063049,-0.128271949979179067
-0.422928649263081491,2.57071966224506898,0.826590839230426089,-1.8010576534630196,2.3300540702041932
-0.970386255361838312,4.07381412038645951,1.61714985343651985,-1.08886901847432438,1.6508067174466754
-0.352363253979084412,2.00437467719279683,0.311271034420572412,-0.79402955513230622,-2.21146123783604409
-0.0562088824146038876,-1.88686573762569676,-0.86522950511098784,-1.09129185480690039,-3.41590697234774199
0.629327952638817467,2.18093195327562794,2.55560314839713865,0.0313884194835942973,-1.31632879018231175
4.38539977474883269,2.28371589795295238,1.81724683512705876,0.920111989044999246,0.982977868365559115
0.746205349202977319,-1.63398997288903303,-1.03887655905151033,-0.249710002799505143,-0.505830520166250186
-3.12534197917833856,-2.76022942288287343,-0.748659882629264639,1.37269987120118686,1.20669654237517743
4.1655457047628186,0.699759088100915028,1.161068133275027,1.95931852506383519,4.7174558412018186
2.96221252518204059,0.960708762740023814,0.518713652387068902,2.83005891725716463,4.29444160740100855
-3.47695949051108766,-1.1651183588748939,-0.265275521377523693,4.09728120049128108,2.6755768996354945
-0.425018392186512994,-0.00939327991494997433,4.93211788347502633,1.80559323159853147,-0.688500632655787537
-0.478709100431005674,-0.175259821227146062,4.2009368204949995,-0.231388408992498268,-1.62113020242213701
-0.773668258149515786,-0.35665897855236256,3.34136986680332848,-0.0365055372210344245,0.131149962190830083
1.64940730195594476,0.439980720796585234,0.0371231108070167667,0.987136607445793901,-0.371881622022351976
-2.04033215160983028,1.79969408206599391,-0.25938149689060136,0.412503054394150581,-1.18967140218641965
-2.37250957550278629,2.56917627792465852,1.98088955652755061,3.37791729295004428,1.07609195889222842
-0.390748750023246494,-1.75754259660497736,-3.25550831715950784,1.49926522066329482,0.508317713874041011
2.48229249766116444,-2.17507523024783334,-3.23072768707505942,-3.08105235410314782,-1.16758087165772473
4.29702843342514473,2.83826807341826592,0.926876734827354443,-3.32304812146427198,-0.287137250070760852
-0.399344612176823821,2.9816030648519658,2.85905783533141244,-0.26441329042373507,-0.614142510070072034
-5.01814291895810793,0.96285644235111556,1.20177487834825847,-0.399915474047664254,-1.31017848698087036
-0.901232080933158319,-2.0645358084951968,-3.38302870115378918,-2.39093904637639687,0.200168074393168194
3.75351732777765701,-1.92428677384939495,-0.506188738280291761,-1.82315068218060938,3.36072651541450362
2.13534758626605869,-0.280312250561457366,-1.31840564490041823,-0.708286771129314374,2.08951802711621282
-4.23601197124422857,-2.54220307352370112,-3.11606068308670281,-1.63159406470542434,-2.21788650959021538
-3.16065919965841902,0.505552587454261348,-0.578026401942374646,-0.843559178432850443,0.632158663798288001
-1.04498800547651616,-1.5009941480880864,-1.95273884607601,-1.29480971189698857,-1.8749116247961426
-0.563219731624896247,1.44074405536712757,1.9841644306359294,3.92268617590285906,2.18810086328656928
2.64952558440753716,2.37647024590607581,3.78212342701625293,2.11264298851913157,3.60490765845309769
5.21163304157425689,4.04769235479213929,3.34886518086448204,2.61894007013617403,1.55522935114447947
0.0420608969586421522,-1.93623525560071341,-1.25415707129532739,1.85352023538067479,-0.173642041732641139
-7.64649265174290349,-5.53172650741309724,-4.32477238584443491,0.189216665059359468,-0.690337670468652131
2.80101379856572263,0.232744691344239002,-2.1451705798264955,-2.73183785379125199,0.779915664095532701
2.36992861189687698,0.128905376017391354,-0.369265704363669789,-2.00072382628265144,-1.66487683434724798
0.486999724892455466,-0.150798741152550264,-1.08016272906090438,0.407276934896364129,-0.402662208065605542
2.97941289145517807,1.2428480689801038,1.90516747810937548,-2.04926447696959313,-0.624392428481452155
-2.38312374954119655,-1.40149585997762305,-1.12446557030410443,-4.65337915962197446,-3.0860171003013801
-6.4966662704466831,-2.14842439976893074,-2.67677929537754444,-4.09663650444319671,-3.56852766057723203
0.60458385988002783,0.169112341516352543,-1.52750521863944977,-2.0533927290100249,-1.05824721300994473
4.78331844207797197,2.16822748418131361,0.0722307658380750006,2.69844024273414673,2.71160102482702348
-0.449208167046853846,0.0877181974447592272,-0.295464687468327047,2.3787478188824247,1.37958024291988068
-8.05975909040819971,-2.19973456963247971,0.133136281577950238,-0.568325255936153795,-0.614104623547752637
-1.36520138362391341,-0.584258984075898491,-0.535372827671788842,-3.82137004739951314,-2.17218109501150103
1.74243695581769953,0.440919495463165279,-0.488005067599446007,-2.84760287216203745,0.245611651084688465
4.68439578941386081,2.48199459897717567,1.07874185492724428,1.58644173986949344,2.58463154746552748
3.4594075220429934,1.95025587438602144,1.33696581637239342,0.238860930705302565,0.635548291126447729
-3.52420461382579431,-1.20895185506080449,1.84841869979959972,-0.958941579279911194,0.266838062951997579
-4.23448780852373208,-0.617129311111653589,0.0398021630766703105,-1.39813294528810994,3.26789056897470065
-0.346983817911424408,2.63677664622677144,2.85286894971661997,0.942235892353471272,1.67038709797545337
-0.508843385315447705,-1.29829223899913782,2.97767000705464735,1.23128264404515697,-3.67612839748365072
-0.72451930980757584,-1.69001727733036677,2.09424191881783495,1.29345521879035297,-2.4470365178629816
5.12893894531226913,2.40321118004004575,-0.816545399887564916,-0.326169007276091161,0.379326069877383432
2.16619469270752374,2.17000658618539877,-0.974200538195555743,-0.464121455701619723,-0.473930512387997716
-5.90473197756350654,-1.77462938491075262,-1.7637942808842535,-0.25857473162519734,-2.00900389643906774
2.76922193115237336,-0.100675968861798165,0.631281600177070801,1.76214648410289798,0.730986869395444328
1.77529585475732188,-0.0500000720493212411,3.08663796143929758,3.75511266278177747,1.45951856735729635
-3.79692746166728057,-1.29507349321172294,2.36589792635419194,2.00534853702081106,3.27718316374583329
-1.30868648947552879,-0.804431416864930027,-0.511737119852523348,0.159669635153275979,2.2288534941245679
1.28034838032199505,-0.320927976348718003,-3.6261441016296696,-0.982170155240695952,-3.50053611726059621
0.160955083113395708,-0.424616959352207057,-3.43157802857189065,0.753554103883145698,-1.83580162995250218
-0.185155470802356475,-0.187161502696355092,-2.55223788948121388,-0.54136635899224661,-0.659249734990146719
0.522586821623218789,0.0199594944059926852,-1.71145408073212169,-0.774139164115521305,-0.613269068265860362
2.93143778440405667,1.18685217364841877,-0.902060367544754937,-0.229376921764743835,0.369297564754302476
2.79583420113091963,1.06647973254582662,-0.64036438069700985,0.0641066780935555663,0.712901591549427671
-1.92852239619380939,-0.638615579461154326,-0.633581048911296074,0.0479848297735925716,3.17056681815988961
-0.970144309704809138,-0.122652081809518892,-0.588322522375196444,3.84471978814429383,2.37097562177819698
1.02883349570713833,2.6847916984911615,1.52191493284040713,5.07264478830572596,3.59953158777931792
0.61899369644441693,4.39842469899904565,2.40915210636361232,2.69099611727127552,3.07114132442831167
0.942461949776494334,-1.22169755164833527,0.143260078515984796,-1.85954085678241055,-2.94045576852086521
2.07896024707675142,-2.21320504044589539,-0.662668903656759456,-2.5185171902869814,-0.514320077124734265
4.69045795610468907,2.44698197395946471,1.00773943620675754,-1.40217921237552723,3.17597696902218907
4.61328730252786556,1.79265560216834285,1.07397387334877092,-0.843844646269470644,-0.407655307677253886
1.30476304037176938,-0.518061640547490487,0.439869895093049135,-0.882896218976959135,-2.01598784504788098
-6.19224741538769052,-2.7227915565066918,-0.802537515152917047,-1.4209215098067236,-2.62422386759771387
-3.70515222765644126,-1.87527979823797541,-0.6215719750591151,-1.02174787749813212,-2.16922257542940766
-0.0839625305253182824,-1.12370465123652474,-0.534128184176298371,-0.600790081670294907,-0.276685254461408625
-0.856647742953448144,-0.807363256884018776,-0.186859026405864243,3.71041464882785776,4.69408291872151828
-1.41911468924287543,-0.765111650027945345,0.518219591588592321,3.91793725584816688,1.94187098590247986
3.06292552122700723,1.167832387442991,0.797237592089813596,1.86729520992840814,-0.995914144221849318
0.45226752329513753,4.00834414119614202,2.85834715185390831,-1.74375004333653139,-2.43685343297857004
-4.16481570493687858,1.38706835261200068,1.16389786540572571,-2.09127542398555111,-2.11287884757984346
-0.975063544519793823,1.68111502950724612,1.15080205317640871,2.31279934919139452,0.500663017101336982
0.337979617374761898,2.46581698510282887,1.76682873462858048,2.21683242457021779,1.11415819379262571
0.668246062634160753,0.253950104044934621,1.16879727613294526,-1.83893821530075185,-1.08201578975313906
3.91974719187811704,-3.62906703374866657,-0.00768616016891973328,-4.03658435104899915,-0.834418054679174404
-1.75114197863503707,-4.66696394051809982,2.22555479507241527,-1.55321180041678475,-0.908317741563306913
-4.12413975184362869,-2.76091820991332781,1.73517162440165751,-0.45285747244675062,0.105884378047990141
0.969407747426497157,-1.77861250690132877,-1.55547500164966612,1.38863524131633187,1.81968886441586331
5.06389764905615003,0.656931664621773326,-2.95698401600866223,-2.36305230236773189,0.0141438300401605516
-0.348645779021916513,-1.5659923080437288,-3.20178650233944007,-4.6730980072543975,-2.4432079305714991
-4.73963676056129568,2.52465208368505989,-0.821846751988316582,-2.33270073254068722,-1.44122963880357835
4.87624542404728256,4.20605760067453627,2.40195910069215746,0.0731482517916796499,1.77192672948868757
1.10632523375304226,0.0311548208592498446,2.17732438587539479,0.605107839006657433,0.496121352598769494
-7.15441495559160234,-7.082423662631669,0.0343210508853169227,1.61805393935910957,-0.015369701472861666
-1.54344143066035056,-2.81288306139298783,-4.00185628148785,-2.23846366417147946,-1.53979445833824657
1.12155164999308177,-0.743126503217440226,-2.33264868133528225,-2.63303215794872658,-0.898466373896366299
-0.939773964396606876,-1.09250600995593139,-2.87142077218728931,-2.07007126770902294,0.0186884337344129098
-0.755819460019347855,-0.866558030970690174,0.331638753408033005,0.01649218046647076,-0.32718598673512872
0.383405013105349246,3.30898324555907886,1.45882227108608875,1.77133881691449169,1.02497356771592107
0.916757547864927913,4.12344140894477995,0.700221919617270094,1.2391071940529943,3.37912561487950969
-0.220516180041991333,1.33271360693448759,-2.31336899890157044,-0.449403122493190255,2.48681214137300932
0.118232259190860362,-3.59705545539023674,-2.50730016584000248,-1.7151255669352885,-2.69580489201682383
0.414180236347555741,-1.3532342476417214,0.905325441682448995,0.78211783958826353,-1.01628435454643329
2.26734241452748142,0.70573573584855287,-1.76627749162977965,-0.375029891519951863,0.179531397339765586
1.70297788345481549,0.344982375431497845,-3.68697002517187178,-1.63591991273454163,1.87612422204354345
-1.54463016719271362,-0.684454613169559245,-3.08267108231233911,-1.14162762519873051,3.97378307882423387
-0.492453320753833634,-0.105548888966215032,-2.16118666177873253,0.832837456190156145,0.259513488352320409
1.18427800740218014,0.364085399114838559,1.58570164266994085,2.07860003301738772,-2.73102674697841197
1.62071416849675698,0.850187644327379255,-0.0924757788711760009,1.30096671353991011,2.63155762347685007
5.45586727395145488,2.92877507592514608,-0.171185646611718062,0.423495871610186814,3.40786388852982203
3.37465940333119452,2.69343460468948415,0.36996763783415304,-0.197770666504193782,-0.932786070530188249
-1.83667551199224222,4.43055433436630786,2.44262924308046747,1.24598237639725062,1.4732316270654362
-4.64517167723112223,2.64362385892713014,3.38473383739012412,2.41641313135989089,0.790417139883653697
-1.37187865959943389,-3.4211106310470738,2.19200006263253622,1.56336894378242253,-4.13092746720384962
-0.429105589492740247,2.75468591897592852,0.444545584389334725,-0.443872215097900369,-4.66978189023519796
2.73723272542646878,1.50556545986356349,-0.253956895233477753,-0.487458431745064036,-0.920398442737715872
-1.38932381146010275,-4.81990558191912211,-1.91236311369007717,-1.01078473273479919,-2.13937836285270899
-4.2079381591004914,-2.98911272485669866,-1.73652998677172543,-0.602514007982624111,-1.70512659918963272
2.51747300907348004,3.34673003508279976,1.23448045821575159,0.421135845230882933,2.38333983219243617
-0.341540928928035781,3.36833735235557352,2.22991075753186196,1.33599957088320731,0.965308689280037546
-3.30015596708129078,1.65542874795681572,2.92091243517494048,3.69899383795726022,-1.03832138045170663
-0.87104656601265662,0.978789473517511777,2.82124374801561251,1.55303963942307122,-1.0204383460938895
0.168625417392589544,-3.16678863084545359,-1.0762004876498148,-1.4673997464041717,-1.8671014069855949
0.836826600085397776,-4.85174974109501722,-2.52708065187069852,-0.720414201635072526,-0.59694281612639144
-0.170544512320453617,-2.45708524649423321,-0.663148066080188059,-0.565693445087957159,-0.516863735171850802
-0.883589003989405875,-1.61359426058207145,3.27934476764241722,1.42067656300599299,0.364929001477637016
-1.26092020811796002,-1.91430182504697788,-0.477650077910106219,-1.12071584023910664,-2.5817432315606359
-0.886441011367836595,1.54715727807641157,2.88040523047906083,1.18110106315076391,-0.786072239092624026
-0.592705474862568527,0.426889012180266703,-0.953077155801562159,0.113925334274159157,-0.615976053526723577
-0.277053690065397151,-2.5065624125120789,-3.26758585124372081,0.837069498555327862,0.108423765482926288
-0.0954487045403201589,0.588637535070754225,-1.20864341780520834,-1.4405961778812848,0.195049053781925913
0.857056035641133085,1.0037479390469588,-0.42490834637230257,-1.49624842957043391,2.45975465626378975
0.493018004052669823,-1.08905453110104444,-0.784246467843881079,-0.868281862544672545,-0.667217105488304707
-0.175356802268593293,-1.17230068611878324,-0.832326546202757478,0.448820542233816733,-1.63718751738805679
0.506008338296924376,2.14522141869015393,0.739376880106507706,-0.0450277938165506222,0.0832000814112996145
1.80325514738659631,-0.561495925516352856,0.0599522225370420145,-0.658926752325327936,4.10695924194639073
-0.135119255211322509,-1.24643625999825658,-0.203962812750310696,-0.525566837297522738,1.87903248486562036
-0.226718575163864289,-0.477797116054227533,-0.189457642165930751,-0.210626040829691691,-0.719381152173952487
-0.262061364794261453,-0.123679510683164462,0.249488386722013789,-0.132682167060620276,1.24152812609398233
1.79495730493132211,1.78898829434654938,0.593541069423486944,0.154484562526874175,-1.24490961668872768
3.11371783144928527,1.16656207651947708,1.19241291052641141,0.498163753122956687,-1.20550329444768733
-0.437234303914492362,-0.836967719059355297,2.24518798049029566,1.19094299928097702,-1.68301588007598868
-1.52186722998524293,2.08961700606844358,0.362273227088029448,0.178734809724714699,-1.78361874551049349
-0.627293886567003578,4.52681154652532403,1.35457247113606072,0.837861417092465866,1.1405848062909294
-0.354630099010707522,2.00325304033552154,1.1721830160600526,0.695760168782699973,4.12155355234805665
-0.275148564882205515,2.69310064931702842,1.39745582113359679,0.712163401693520992,3.24198419148552164
2.03599226485976859,2.63074561074422064,3.74601074942195611,5.13449054256114668,3.33480671219250713
1.52442982913395997,-1.52039597669648052,-0.0813524108544006058,3.85778211361424495,0.923848203583807592
0.531504211484180478,-4.62622558621112745,-2.77854845963753139,-0.347680580156619068,-2.44949367558848996
-0.83582458326725384,-0.226220411097071972,-1.20402410165581264,-3.43432356744979739,-4.73932381008611614
2.67993886048006491,2.51575886445766539,0.692135977793319035,-1.11881601345023696,1.29513858683595107
2.90514964190496849,2.20755346211885772,1.13349008521296768,3.03051154252458854,3.21208011550399686
1.53129358115189684,-1.26305642781991367,0.327812928713504925,2.17065877697195742,1.49303880086689134
-2.04955139442458911,-3.67278189147393519,1.67214265270062246,-0.214168216772022552,-2.46946888190907821
-4.01303465914989754,-4.72681976192011533,-2.34226634107548071,-3.29700717501543039,-5.80027017579395121
-3.15404728546154312,1.0716585183734082,-1.73752024016708928,-3.29002221222022495,-5.00840020080845161
-2.00542107835915706,0.909901030568348701,1.87478466181026193,-0.913356824310451731,-2.79366821833917456
-1.82606302015381416,1.40942637658785253,3.18989074290585206,0.685944242290428163,-0.759047285209543787
-1.5557527602935195,-2.73757699676351818,-1.75889268155207557,-1.90837627236924745,-1.6070736249483788
-1.15374122700486392,-1.43492241761168815,-2.34501637352778891,-2.48822647234276317,-2.24554608337250139
-0.949704591218329397,-2.05412192483228662,-0.437404098788073625,-0.749872348399159838,-0.689803987912880334
-0.576529534253381271,-3.91024090292955639,0.911298536502562651,-0.267327604513079242,0.576053702827243663
-0.053281866470345926,-2.06726956798628425,0.526896203479861103,0.564668003503609905,1.26824743080358582
3.17601321832306205,0.839661527690068077,-3.14337332275496495,1.2702783152735313,2.36169896251236011
4.27799197812904719,1.82929657440289972,-3.25038146230566261,-1.84150425970018561,1.56390301669953224
1.92476593689499631,2.30952842008750281,-1.16712231026594782,-2.00794684845443872,0.220146998415935519
-2.22358550437998437,-3.27805057050563731,-2.35521525686864353,-1.54503991141756636,0.667992875030290256
-2.46464546352119163,-3.15573474603589199,-2.76784331860593857,-1.47389919046951068,-0.399842908642682238
-1.11172096338561599,-0.756795089486662964,-1.89139069057258835,-0.957228529037029818,-1.69484013835148439
1.95295064153820097,1.43956773965527374,-0.787802208307948004,-0.390407440299915698,0.289382193890882711
1.17153302084091004,4.38393433811984767,0.743128663463009764,0.134443114697642724,0.645931699925051284
2.16311278083139191,3.96704115525576473,1.58191995172059641,0.825707505698296207,1.60072499927938772
-0.213884203290328756,-3.14034726462475344,-0.677792626034780521,0.0262978897431852751,0.912361764849472734
-2.43591669557001334,-3.40137883304653155,-1.40157460362317354,-0.301827603624022944,-0.955535387855503959
-1.89958620375666665,-0.339967567018183148,-0.717457161298360124,0.643958127863723084,-0.68607415444560127
-0.153070134452568674,4.77906977117166232,1.38495086173003012,4.52651843924288677,2.55414255165491522
0.397672712278991702,1.53842512599890435,1.27853070836039406,3.27868022301679751,2.5918225481368391
-0.224643736820799855,-1.81287072525876058,-0.193978641051928302,0.0433116058625069508,0.802091784059533297
1.886431872642093,-0.0189274313448742279,0.213327509288363637,0.694562113375390533,0.977631968396319273
-0.682673805093652386,-0.84929115711077019,0.159607790934422122,0.0490812588652938739,1.10151546368389108
-1.21658741448198171,2.23007975535468761,4.26531217421104092,-0.235552436456632375,1.46637513460840374
2.25763087735379386,5.30603746364504403,3.01252972537991104,0.152789682780947372,1.62207819192220182
0.71103788927104461,-0.122300021192130376,-0.398307106975162806,-1.16546961440149199,1.34183207459552545
-0.632274436287800445,-2.77182135318248379,-1.29285437295619698,-1.16879110790286633,2.12828514096294308
-0.0614953916680131135,-0.970217294766547167,-0.676976250322124939,-0.750111422209673306,1.91423077038093759
-1.23505688165954064,-0.859087705469207541,-0.292678183872045916,1.62606929989030813,0.973032445547962421
-1.12582177405654615,-0.614004430298522919,4.23128328058407188,4.74498148802432596,-0.467292268519803322
0.922844469097809039,1.69099526994691196,4.78693032849386757,3.51164122162264825,-0.0125622300176080615
2.82835759888444782,3.07565055442656021,1.02839128325470597,-1.94253728280687121,0.356829867204990325
-0.00397571225183825094,4.61934474175698906,-1.39052115532951626,-3.22695923548870756,-2.68508803002720375
2.63783626818259886,3.36468775218069682,-0.187654460271968304,-1.06754192019194405,-3.33329029486289929
1.58670719615552902,-2.80635420417151416,-1.42519772909504128,-1.54824616606165688,-3.85324378131471246
-2.26121941452138442,-4.28909807780633567,1.91782742383948857,-0.172705457130329448,-4.13251188084642429
-2.44630251910623864,1.0952924998910496,1.86060157302270857,0.706309941284153142,-2.88276895583784221
-1.41218545925896111,0.524549123274115625,1.52569100213010267,0.698770405749745582,-1.0194524249087884
-0.840905090594887827,-2.96778905652987612,-2.39733281180385527,2.09098550592794252,1.04373484597433297
-0.757046756889144246,-1.83400663291304755,-4.68570041321247022,0.423385152672475562,1.81149213605080694
-0.609925570235304249,-0.855601407856315999,-0.543068639993224411,-3.01074837949896068,-1.7673731133156021
-0.158776791537476147,0.908429569415708627,2.43128103681761187,-0.0288763917827200359,-2.17562905893844549
-0.0044904526116297111,-0.449070640757022355,-0.703806632156458778,-0.990158960255300258,1.34113441256127475
1.73669828316412533,2.3217160763508895,-2.1630387040643555,-1.1316377478629156,0.195075230432694119
4.49978387236873179,2.09496287806480108,-0.219604270474874075,0.813870557492818336,0.0919760590964721902
2.09269456338581517,-1.19793733662168478,-3.09099192597259309,-2.58699344635928874,-0.462964043654393809
-1.72614531673866223,-1.8002884784115285,-3.52598956360810201,-0.395958579985795811,-1.73857491662584085
0.936347865817061198,4.50179379497506726,-0.508884724866593641,-0.465884631120024206,-2.38093720414410104
0.0486216975068609197,3.46785713677217444,0.188367245344297662,-1.31146707359451664,-2.72848220522652873
-1.52400902837716634,-2.64740864341078019,-1.43754342283772663,1.52897902583532508,-0.984214105174135545
-1.2655178566694576,-3.06478489908131646,-1.68468282906883937,0.696625708648961228,-0.542539537192405885
-0.660665039538083199,3.34809736434556315,0.663886939995609326,-2.0750319849494181,-1.66563372204081861
-0.386143742848123916,1.29927365890441426,0.455965254212552684,-1.21245578098212237,2.31359485583282654
3.21728867371542071,-0.3090108001843343,1.19982772662550374,-0.179881267682549445,3.97415443128421053
3.85465073605452613,-0.62135547590203033,2.76748942104085094,0.87638412484192052,1.39670600603307293
1.33384364643911524,1.6006485751809032,0.401379838615969153,-0.18359708240189751,1.59786158774014719
-2.54449055680344749,-2.94242923781498655,-1.69354458027636645,-0.830133929586668984,0.0319426960158317452
-2.57571221418350493,-4.62979756059670944,2.49081583605987333,0.745669538005843235,-2.11801328737905692
-1.44186127188754498,-2.5753960877719102,2.24164125213389598,1.63544122679174375,-1.32604584354264854
-1.34007777559598273,-1.61373649549948639,-1.4788826279856393,-0.960692101758623296,-1.56193958662058607
0.538496561596816803,0.0163045847693315607,2.80760884168406921,2.99128698971041462,1.56725709887276943
3.66773105366327323,1.71179305242318658,3.46773901055016553,2.42739115414566875,3.39317454927112605
2.00482673496614838,-0.654471140404575102,1.99720814925286461,0.91981185673877619,1.74804031521905512
-2.08534298841455357,2.75485433292394122,-0.754279734953774095,-0.167770459011811618,-0.912422730321737818
-2.75737181667986109,-0.143252424415495516,-4.05092317752966924,-1.8204502315423623,0.257595032565560822
-1.00081100600373385,-3.17613603280266465,-4.02960352958186174,-1.73718269169928519,2.88928741014415413
-1.00800286682388651,-1.81968768770246681,-2.44593393029155459,-0.948244340509266537,-0.415376644746097035
-1.06237349099636491,-1.00981002339239367,2.66816314409835931,1.31203940561354582,0.141160598233801476
-0.746924682074169177,3.92252188880845498,2.36609767745617461,2.67242904347954058,3.82188800480477564
-0.47813922637625933,-1.14650959704707045,-1.68067995211521048,-2.03028237122376964,-2.04486013087266771
2.43931542831488946,0.36750696630646168,2.82796658148307145,0.240238632049897233,1.18397273002665715
1.10328781831875844,0.388677862380972405,1.25709708240956708,-0.0103094555993427997,-0.982410106168080555
-1.48441291861026148,-0.693736580064931552,-1.52611114453099561,-1.0503412114774362,-1.33492585176461365
2.76215857261174325,3.49915448922442707,0.0532306451460222707,-0.575133265241439262,1.84460713464773129
-0.223720754004813338,0.14566176428858485,1.99645556659696211,2.1075283747166984,0.0973606218649896715
-2.9436814843524437,-3.27058688529543984,2.47522055807835217,5.2649643698789399,3.95574365015232132
-1.33144500988210424,-0.905982278058269475,-1.50100573321920816,3.66108201033094627,3.40863420836977582
-0.695016479169473067,-0.300415003963601268,1.29040675301776964,-0.579428604597051367,-4.62281952992042733
0.213901713340601318,-0.281867641047432393,1.68651342798241211,-2.27079172564584697,-2.47509479577996183
2.30218522662241698,1.34033924629839918,1.13803793129811859,2.34378361699701543,2.54818669101962758
-0.862727708365172541,0.422710984090380881,-0.855785930743676371,0.0448074161046341998,-0.898225742694661822
-1.98269239253436469,0.813524202070554536,-3.80188301150695196,-3.01692529124040876,-2.97318746494125108
-0.724089025021712462,3.06565543279308583,-2.53246711246294165,-3.09248862856970508,-0.946657563845434424
-0.161696680026357176,-0.80409927527921754,-2.24897759507139083,-1.99436293489614114,0.102588220788366324
-0.28957710176417556,-2.54732701278830342,-2.82306967647014195,2.62616185838426119,1.81479109346846501
-0.0379788845735801739,-0.52776499621389783,-1.32088717965525304,2.4469169446723984,2.53888683590349551
1.07254906859342403,-0.000837710449449205474,-0.745305375028435413,-2.32904220243910087,5.17251969507050013
2.70884672327472975,0.994317097158782914,2.48767249267217938,-1.26674247294535514,2.53436165203922714
-0.902974302321864153,-0.270434991919350221,-0.540721745341974702,-0.0974786884035720169,-0.395443892529119767
-1.18102636442014508,2.95779073638435674,-0.58800397987078179,1.35869933826397737,-0.991599040173391399
-0.0159613731948675119,0.994213333158536439,-1.73505157353310291,-3.00998932915655448,-0.0937776387859403093
1.7599062119504254,-2.1480792900138721,0.232616456862170057,-4.41405281817835871,3.51958023037062562
3.48611157206801625,3.37360599192337851,3.64522692751542943,-0.713172203319926923,2.3206768962165496
-0.948657135207266133,1.2381053269974216,-0.810038786335251282,-1.46397454513511893,-0.165780776900083693
-2.18066996672144553,-4.08046961238662131,-2.91379089943722791,-2.14168141846207982,-6.53958921173046281
-0.491410881584294634,-2.10188347859692248,-1.22762895989987819,-1.45652314687765583,-7.10797688301513375
-0.125825586159892255,-0.394853284912368263,2.2798263619994561,0.34244666292941156,-2.3367486100447219
-0.420961720430534869,-0.945713751152413962,0.420965265965862867,-0.0815136205105539136,-1.79825035520583509
-0.178376957069679987,-0.729217149455979263,0.981391660926673737,0.401674561470874825,-1.78708729784242992
-0.187290248735948184,1.23285313642336036,0.221912499338414781,4.15087995034739521,0.782330951223863202
2.11521852242005926,1.71792209428270981,0.579572325819366796,5.16181672776991007,2.96413406173442295
3.8380892099991657,1.90585413619245347,0.704972124302185144,2.34183458968538538,3.63980978661260046
-0.690083727252135848,-1.21088448705553975,-0.700936996818129376,-3.29868853410455509,3.38857746588588471
-2.69166721228083672,-1.27754743153501793,0.336160762143370151,-2.72115490173109498,-0.975290499916799281
-0.462170611193835568,0.231963268825160551,0.218541691855609732,-0.615438700666955829,0.879808969119642459
-0.198903786805527671,-1.00805756126702217,0.0215722589108319797,-0.110981751558328595,2.97205440647850727
0.230986649547792161,-0.931070066404111496,0.470606126297464955,-0.268233585747274572,1.78021750944485069
-0.197745004553679327,3.14335209975700192,2.89102641866643184,1.09434960842579687,-4.14672311618359846
0.234367715286405126,4.50102330983728915,3.34061435072413371,4.89589218945391202,-4.30924063632714738
0.0390809941361873192,2.23421236573953275,2.20816372584266674,1.41091386493942039,1.94846462447363544
0.0475275310618181734,-2.10575190130922429,-0.811692178829494404,-1.82013493954162331,3.00796452376935086
3.76765236876784959,-1.81573600484185071,-0.0299253093666979574,2.20934967965223672,0.231510823651729536
0.699773792879875511,-0.994911412027045139,-0.819474665127932322,5.00629908382484867,-4.94958177954363698
-2.49395943987571966,-2.67274302124072838,-1.03075637691889055,3.73187058791450355,-2.24394443190982784
-0.9655175816785182,-2.16070684716063566,-0.726271534587248357,0.570338941080510753,1.8636802574547624
-0.128956543160712284,-1.20221263338813911,-0.344326363841600147,-4.33767218611105321,2.8692862694779615
-0.533890298151313836,-1.01748851808316831,-0.345577850530013608,-4.16136233259629229,1.62601443717246941
-0.402106291719044384,-0.852463439386169086,-0.0212361220530384275,-1.49049193671386937,0.880068455451919807
-0.0565488761676369855,0.0662135182961255814,2.66746465741013239,1.51180130587587969,-0.459317523959143215
-0.0831566566619046932,-0.186363317331816825,0.452900271257835774,-1.22466239211014982,-8.03538901008156259
-0.203485558304778269,1.93498828179004256,0.222902535401317159,-2.10795588885406726,-4.88647888852627243
0.0850845411724914791,0.501288966098454414,1.02393865093447767,-0.877167630354373506,0.42222999990279092
0.13327571362503704,-1.18912712964229716,0.437873932150367962,-0.608414452547050399,-1.18857096177925081
0.126343952118526948,-0.325297353693473401,0.965024797016024394,-0.206827167511019289,-1.86607421920301109
0.20839264897699955,0.531265202850246809,-0.0511741139322135496,-0.508175108739563952,-0.377853905780020816
0.160863814937890981,0.391083130301670689,-0.476729641356672118,-0.284876435850737131,0.500508490517492355
0.181414166984000313,0.364452235642384881,-1.58819913879372066,2.70039565024584149,2.04723419429994546
0.267125228869573295,0.444767226346454547,1.73326982455876344,5.41313651054014144,3.28785186717723077
0.214774741442868067,0.338885686089009874,-0.890856674159389295,3.92339370986112623,2.59397064475226058
0.391294463005684878,1.76657824616169412,-0.933078973988122007,2.31038560879558386,6.17786785706251429
0.329649621920274971,4.05464311749284079,0.0034430654877276208,0.149725303161093531,4.86587896466094527
0.286810988244573573,-0.0303913186938711971,-1.81849992153209405,-4.69328076566445684,-5.27348400838666898
0.0761046992088957874,-1.71888029870210834,-1.75273435406686739,-5.07504740078283323,-5.05769661233184475
0.187779989952705451,0.361024724098514216,-1.0346122602691723,-0.186142723016531703,2.10316772717397793
0.232657484209186693,0.231795326603207064,-0.810907561731608828,-1.68215593395942364,0.909171972029983566
2.14435886072383619,0.293709347476765636,-0.288654935379095312,-2.81849211393951204,1.46313898555542155
0.919270372211118847,0.361463612665798906,-0.460924726786767158,-2.11366641458133531,0.28447768467015816
-0.98388516175191465,-0.408922458970204128,-0.661674979867968638,-1.52112758461452824,0.0411949715581476084
1.50331569997800552,1.02094004220556234,4.28690906275064343,0.695015994947052573,2.48756886735956506
0.415212853860140341,4.44648437334552504,4.47610955058909177,1.60626651448795887,1.55693696692171502
-1.07812880254705723,1.25553896829507172,2.79703621073006747,3.9543583639972204,5.60305799079388756
0.968335969094670457,-2.67950141286633681,1.4811369720919989,4.46880267905094719,3.86133194667887247
-0.475111888080672673,-0.0156913948835537692,-0.466991168249469013,2.02118917216253147,4.0308355510889653
2.14126861281898639,2.12675282638949481,-3.25340692783670216,-3.42994297652585001,1.7113505533920037
-0.360387576446651925,-1.54008233872139044,-4.47131827713667018,-5.58750473006303672,-6.76851716311068596
-2.55483784340191589,-3.03112802782436219,-3.50802415270751222,-2.54793599278040439,-4.05000137874085908
-1.42824731443916675,-0.960552465642534603,-2.55963281862260139,-1.51950164253110476,-0.772711768650011788
-0.919574656198845153,-0.772594720710877203,-1.92195718104601831,-1.20441765122834865,-0.994278466622118051
0.753151178460107262,3.27687765257127239,1.22164476571735525,0.172699469318160354,3.97168669885088654
1.80024699608799343,1.13679813752290704,2.98322607031858578,1.31132284405153432,5.12279859161388362
2.93181628547711437,-0.552529150188745821,0.734823902185304911,0.622517945728129463,3.22825662805508884
-1.75520315530268389,0.0670737503874023061,-2.52119564265461005,-0.626841616958800141,-2.46656888198077162
-3.35907737771550741,-2.05597996120547144,-2.89495457494341535,1.7784565077305643,-7.50964771805311759
0.171763517705098401,-1.05473941039967922,2.49886555474168981,4.10840011620067713,0.143400929021150703
2.95857369561840189,2.13997571882839788,1.01566998401861497,0.108454453653533456,0.0112897372376827287
-1.68648712022637226,0.374659222753807863,0.226318160875251972,0.0919558354730709848,-0.807127866034525576
-3.79102823303621017,-1.40879810646177916,1.9033052687438714,0.614008271774945436,1.30643130615515002
-1.31424564337306693,-3.24819517675224345,-2.1514422525586796,-1.6111284040075029,-3.99134897668085209
1.72261788465605914,-0.876651111862382648,-0.436089359304872637,-1.46284516790834895,-2.18042446366685194
-0.032169726422947631,1.07782672029656545,-0.683112298448452337,-0.823003506142747088,-2.29955538288261963
-2.15783089018649976,2.8968928781635932,0.391807690338500991,-0.00686047941326232286,-2.26301086302507315
-0.823907624770354063,-0.507653720528343677,-1.81450275270771133,-0.724561842640635945,0.145113384461212303
-0.355928034329226706,-4.74459075998097646,-2.73974172233797342,-0.964697605775440281,3.01416787829236998
-0.578100005827967278,-2.34188948578412726,0.797458808986255874,0.247021251664054503,0.326297622455568759
-0.307680031953301569,-0.942100789016019458,0.0529609233201336072,0.214519576747648072,-5.37736656323562912
0.0966313680901624283,-1.33902629179102539,-1.38370425335724367,-0.198928393620603577,-2.41141113707993737
-0.0226645752636241427,-0.806423272191932106,1.6120313799909558,0.75486747956243605,3.94456557181217793
0.273116039136853395,3.24214351546770407,5.13677759653798027,2.66839929358221939,1.41713507521114668
0.438808941824872789,1.86389506391598081,0.367057085063618616,2.17561195730681334,-3.29869974474607242
-1.07040080331853016,-1.50658692593576315,-1.63177005217957549,-2.05318992993531557,-1.15902833603597166
-0.751041444812836856,-0.995531300684979525,-1.11795208056867179,-1.43250072574722886,0.27681338616844664
-0.711880101234579898,-0.839380874174592062,-0.875179344332140507,1.5803119485451218,-0.608818657843061439
-0.264860587763734223,-0.351818878919898825,-0.788046993453677791,2.67386616836571145,0.538013063345253006
-0.204206042977429059,-0.179905578398733307,-0.344954218883036345,2.15622654680323222,0.451959931526709269
-0.0433965366161668392,0.0423647820935044855,-0.0296438027910617061,-1.13853222895070649,-1.90251836882885494
0.180228506042042991,0.0726870955947782754,0.583753521900090888,-2.57925748563048662,-2.21678649774956593
0.307887896104554915,2.8075744690926534,4.73750007836379083,1.35054731856138499,1.42583729664474657
0.26456830675038967,2.44100414387570108,4.64849647196651361,1.80220383319453226,1.57354335863332251
0.531808862139597993,-1.56654492638491649,0.139282784607843158,-1.00159446825581311,-1.29570220407217396
0.311644368218609413,-1.16042893587353313,-2.85124409454490513,-2.66502459283818283,-1.74509134670567057
1.62570079335799589,1.49935507792134759,-1.34724380973897384,-1.60192237608912214,0.977137345133544777
0.692460428819374751,1.06387573522493217,-0.640958378417970875,-0.767939604001989795,0.664967648961882318
-0.343453059044441789,-1.02986895481732832,-1.35063833373789244,-0.790991448415073184,-0.655727488644795686
-0.0525704290089772514,-0.495572025143294903,-0.945508415920894407,-0.412499208424099151,0.267855932190841639
0.259255055648866195,0.0583531550752867251,-0.741657889988879715,0.717536270062225312,1.33526452028137732
4.33667131976318654,1.07984327688786741,-0.148115438569555558,4.52591128501237794,5.32264695335405502
3.99406024529722048,2.90164072176778465,2.14559514110118643,4.62365916094941198,4.99340686622925656
-1.63741712116919591,-0.120480752443260328,2.42074868897038709,2.68342876382714257,0.386472557688840812
3.26909704019381486,0.326433114804583535,-0.155243197150679524,-0.20134065022138406,1.28860370237864141
-0.0376784215575458742,-0.158931029597622481,-1.10315864531544849,-0.907689367088280075,0.148855508626566907
-3.90765578428576177,-0.0164588652391573741,-0.795216737867251,-1.88645876649855015,-2.68756839132261183
-2.08168194797890083,2.30813061774033645,0.573529402541042677,-2.05996475236049603,-1.0780760821489026
1.05978685373550818,-0.812989073116982874,-0.469598306194773163,-2.17584031384737253,-0.27009120507932155
-0.747627822275901188,0.339286701006593194,-0.0927062866440233058,-1.16826697093212184,-0.390434624182385226
-2.98987183974016402,1.67892455978430344,0.839247957924938559,-0.116779203008996219,-1.28389922620759944
-0.769927595514004026,-0.576521422976110531,0.00588193552812997511,1.63252958934669579,0.860973208454064887
2.5072359549909522,-2.06788087915152685,-0.867997269834119622,2.11521341088122039,2.53807814811364629
-2.09603947421538495,-2.70323425094292524,-1.30104600699966477,0.235750037941913487,-1.26045027763299977
-3.51504827805849107,-2.34604780177298622,-1.06846940293292825,-2.39664042563407431,-1.48344556519906456
-1.20728214566872949,1.33290988840296043,0.233198242080289331,-1.68994861524431172,1.25538420277818896
-0.729098740779588139,1.73619278064395099,1.22756213130104785,-0.706451571652154886,0.743388330861725066
-0.87059369830959521,-3.10182269713664205,-0.876335461881286193,-0.52248807527719543,-3.76947472207362777
-0.537553302105730824,-3.23024792492442892,-1.05166976598123685,3.43444861309158167,0.890747138710508368
2.09277108070547557,-0.487461168520061827,3.2167073720369479,3.02429643624029332,2.35788589364050072
4.87704816170689792,3.3226713814210358,4.1800537941394067,0.711270030974216705,1.54681016322792808
-0.47585232035442282,-0.399755100225602178,0.626154310737938369,-1.534339920988957,-2.91448571579416171
-4.09678194104623117,-3.24853165240584385,-3.11538389846922037,-3.29316354977461012,-4.94604050300129661
-1.22700587673893269,0.260345500341056413,-2.42373601380033499,-2.58540777478410444,-1.31327533246919037
-0.0501082022004563227,-0.25390293072453135,-1.54853517622775083,-1.79914272867763958,2.16523818647148669
-0.254710852406432098,-1.48886634200877443,-1.74666898899447287,-1.39541783176733913,3.86442253770175981
3.23172255337783065,0.28782303918905161,-1.00737433746148186,-0.686163211416123908,0.491976934932422394
0.181275502110043091,-0.187197836792911326,-1.12081756290775081,-0.591853164466545789,-1.95139355804302217
0.111994088274071243,-0.650190783109827031,-0.899404012959893473,-0.0711794034921672536,2.31112820873146774
1.71933867544509278,0.73018099612924392,-0.280978526717980293,4.42495686238867858,0.867347218213725624
3.07023166450137719,1.06254662556851631,0.227626632428588271,2.81315098114190176,-1.52864236801228515
4.19692952896826021,4.37794768677925106,1.87466648053630403,0.0175518253307706887,0.518461536944836876
-0.951160905595828887,4.30319647738776823,4.67119840270821118,1.8795591675794332,2.20655617340454935
-4.8424954959439841,0.500827123832183307,1.73306776423215547,2.94526766783323746,-1.56089845062543042
3.18657588912384826,-1.73711534138567392,-1.8214921618961426,1.5498149902184335,0.868673463002537671
3.04166824257741064,3.16065463231297894,0.273525080510629737,-1.05301766483492409,1.72554946999027048
-3.0533977738482867,0.658700001188435413,0.160523357980508319,-1.99038764229848475,-6.01522471907383061
-6.19204326124299165,-2.74606529262972998,-1.68204354519712851,-2.12484595731193027,-10.0230290989392294
-2.02080576541908119,-2.59366343037286295,-1.72695168784986075,-1.89895688747286484,-1.4142807158339934
1.36420533650681586,-2.1253836217801525,-1.51644576513172047,-1.64755217871406567,0.187204537799491255
2.11751968579171157,-0.103524694800740655,-0.3524541257282508,0.208621942288481382,3.51145065965326708
-1.88159142658185008,-0.116023575607232851,2.21247021692787493,2.10769006975399131,3.72441709836768631
-0.787777006823522252,-1.21755312377110925,-0.555415975501916681,0.650833587033707861,1.63289710880373762
-1.40437449344488097,-1.80253863175081563,-1.88679075661117501,0.656783390864731365,-3.01166763201538323
-1.3925484016132379,-1.8237044872466226,-1.52834517900837619,-1.43706280270327325,-0.0337896224249380761
-0.595429924368222396,-0.492738684773665114,-0.856008325996209241,-1.81941522557193291,-0.0354333439425032481
-0.266845781305521057,4.04933861165898179,1.51259027042996541,-0.0478957786858230858,-2.39161373848124015
-0.244413027394960292,2.56563720034508291,2.53308469195598596,1.50087626930559015,-0.400098114724946219
0.561661301911506317,-2.96539600427550765,2.97057670765021387,2.91640894135451711,2.00031754023772645
5.42864788846127055,2.80647736398566261,0.975527335624046366,3.99905592078947292,4.59237315638048482
4.42018330210329857,2.25517504597786544,-0.560344839614019263,1.96961519273153662,4.09050799527455666
2.56722476573241831,-1.60823237317738821,-1.88773308941393614,-2.50732181537872245,3.20948392201490496
0.390467388102319068,-1.91197175573101563,-1.81673663204832536,-3.56246984339601491,-1.51237866258965159
-3.96111383381610915,-2.12126249452858318,-2.0135419267416812,-2.77482119953152528,-8.2048926949030907
-3.28029630938613614,-0.492281697370648197,-1.08665516335158863,-1.67475362063425282,-2.08916035031106251
0.359654348348421027,-1.13053102529637584,-0.0107348547008831244,-0.775290366903630512,1.15675048405628655
-0.161056898587009112,1.38542549219140221,3.8296763728354879,2.61705978162246033,2.14471727911407584
-1.78035041893746548,-0.257736393170529487,2.30342528062003149,1.05357510394198139,-0.0816293239995564135
-1.24519694351296906,-0.0686290856727531651,-1.29583245094367028,-0.634272118978036037,-1.30724456815388668
-0.498417862805462297,1.69259851526287997,0.983307849647838239,2.48833300551021086,2.88198542267468216
-0.027403136462433874,1.02094662380155321,-0.238674012719869877,0.157871344200673586,0.805294951389759595
3.51668834626492899,1.63027064437314118,-1.45535711454737537,-2.07529761990123562,1.76393657020904127
0.0114863085606900402,-2.13872150562596008,-2.45118103051036984,-2.49532112395737649,2.34643207051024394
-0.823650994853648677,-2.330121788074492,0.87559755451163257,0.21268134863569052,-0.755756186329182844
4.99647444718472666,1.1437208900554785,2.55617828990034646,1.5799923509287459,3.10028070001083567
1.00462675794394674,-0.0692892825786339123,-0.628473685199967491,-0.47159978719672152,2.61572457127566604
-0.960821967290571011,-0.942157130876965621,-3.60115133766469064,-1.83964782809073779,3.39291053382051588
1.94242861202818884,0.807236635421735071,-1.98506899616942167,-1.38550931365282715,2.99819100244312153
-2.25888557378629207,-0.696225597285352382,-1.72153893723825036,-1.16404932167954733,0.633426246301769469
-3.03585608014572239,-0.840264134403220231,-1.6378134589725668,-0.130543832538446841,-1.53779429347770225
-1.08080731045403033,-0.182109720743993869,1.11548436080901126,4.89001417693785001,-1.76129473533336633
-0.496613830798357303,0.985016717551232768,0.828569561726470671,4.40468740668615233,-0.753897367196623147
0.826351373394814792,4.19733984972931573,0.795104411886581319,2.51351358841770001,-0.748834516427247854
3.41194256639389337,1.40717526126074799,-0.0558033982160078754,-1.74904874434804691,-2.29814236195930288
-1.00424633468465108,-1.58528623321910578,-0.906944187096586418,-0.739039471983708007,-2.93629065141744405
-0.516759045481325896,-0.331784866923339417,-0.537249901855790135,-0.144477153000146324,-0.514511228559799472
0.730939470180053452,0.396607246491749277,-0.196746261062015426,-2.50095291257592311,-2.52624203278147252
-1.52812692973990161,1.83303822171717123,0.818985902098736895,-2.16664044195307648,0.493362822046170268
-1.23378535250427723,3.2837092743243339,1.83484382530258028,1.23656477920496144,2.7608533670654074
-0.534617110015067842,1.20640753710226067,1.2275539798936268,2.01104075792542014,2.6774675957112386
-0.322058730663572934,-3.12025435671701512,2.12356508289381907,-0.38725830816865825,-3.622076582312733
-0.179236739663427125,-1.97925559759120828,1.5353260980825012,-0.605062056854904773,-5.84435793686134453
-0.0788379869287994112,-0.604212208252088656,-1.24243310048825673,-2.33004149021678364,-2.12605883430576581
0.354709871104912033,-0.668579110354025508,0.896554328316892635,-1.05798787751549317,-0.347081303125904073
0.259594235415420815,-0.24081855790765358,3.5464726802339932,1.3498088850461587,0.730645015649429519
-1.15186307871541516,-1.65657316105532382,-1.69537509423152222,-1.53539812929339292,-2.49000569387433446
-1.23758508755538466,-1.34483749712522704,-1.24527973556615135,1.22708152217574318,2.84035438559845632
-0.457602238666709293,1.80862461868785807,0.361434041197808198,0.265259891000676262,0.794700763677644972
-0.545523344396476206,0.0340206905734306564,2.65237493921594991,-0.440862613742731613,-2.21334720620207337
0.762915407890814912,-0.467921476720247531,1.22488709500518822,-0.466754044573553739,-2.16144025026671072
4.91464017280204768,1.54282107672261004,2.65425446931901643,0.682870485073417077,2.84007540777350531
2.15714468618169342,0.827689056120437527,1.73661632450871761,0.235144648885136559,3.7008767455162439
-1.98604945014263978,3.20706449727692489,-0.671879254521685509,-0.51657103910983948,0.657012578795340918
1.589566807269156,3.26731844312668551,1.71310860131089715,0.45468634431940036,-1.56607307847402621
-1.12453578802368659,1.67537542055704969,2.90887394973524538,1.71951768673803951,-0.532503094690877865
-3.14537618411572462,-2.49772356511956062,-1.02161875057083584,-0.45805070001049919,0.59725224384274922
-1.59099829688579608,-4.00887464979272323,-1.78741346342272922,-0.508482775183224378,1.50819228651258141
-0.435120747463561386,-2.89538261390859075,-2.79848434520872758,3.29530544581271956,2.22929795220522209
-0.104232773599744311,-2.18594439287337439,-3.71027993501340569,0.163282614108870322,-0.515222451954603367
1.32298247353288989,-1.1238859466701403,-2.46573850761650437,-3.27741310980697209,-3.70831688824419459
-0.835258488227821783,-1.45280186698790947,-1.4690568256506642,-2.0987845628405899,-2.67301030871350598
-0.489070819148860358,-1.16005938472958237,-1.4972508838944405,-1.34389805389168404,-3.2926228597803382
-0.801054028417001129,0.868597012274961111,-0.685398421596645213,-0.74570201276038639,-3.4628103959069092
-0.774987229832704516,-0.409115788046472695,-0.73217480095419829,-0.428573715810864675,-0.565789203484732939
-0.606336295379898971,-0.322833173750741442,1.47169078717161983,2.23026530440714099,0.79822196472285778
1.41330527927104566,0.639234294460845565,0.555091277735125566,2.93439835436628993,0.0467768088710978774
1.73270049432748596,0.0398113400919009597,1.40029563447416661,1.98341195615217991,0.0658191256605219349
-1.07271234052110165,0.931219219189558967,0.82017486878132051,-1.75420911872387464,-1.81687052085930167
-1.4112336852367473,-0.477529079455312144,-1.30808287402930801,-2.71008376352887037,-2.27235075889953109
0.0315434510565247295,-0.80307754294289535,-0.89894137023979781,-1.32654761782538544,-1.60716958758834938
-0.0574976854238829493,-0.471361524440652102,0.389422473105215994,-0.636019842110907119,1.83113500345401214
-0.140369819896161652,-0.368360360063666625,-0.393204412336167153,-0.579252515541267332,3.49555083274629252
0.49901245143348455,2.02228271577776075,0.24083631213779183,-0.329562272511950693,4.45294412096467962
4.76285025128663531,2.74486867312478111,1.92801022075099193,2.29856723879677816,3.04656954865023
1.51014483971396074,1.27963989207304096,1.04754894588503755,0.805564617913557268,-0.866976445308736188
-3.02907055508577283,-0.470612715242409163,-0.0392407476773578082,-0.938640544993661008,-1.02721859853731456
-1.55003153452765563,-1.08775382113631247,-0.294785042100182582,-0.698622942093267252,-1.35739600962466733
-0.105329071071481428,-0.726605991732951262,2.39907944820252039,0.739769977617207419,-1.55302513411288956
-0.519699828338083147,-0.283307056855119643,2.87290325571667671,2.19929993468529306,-0.998773292627915588
-0.58467642680701859,2.88140669420127393,0.724418672137379427,4.9369408991565491,1.31654396413617469
-0.136516052232722507,0.345711615706891739,-0.307503628054845157,1.24878630050170658,3.42563291667982162
0.15758255083560041,-1.2838578734918864,-0.993888385150092923,-3.45115118182785174,-0.0332674584897432318
0.0232663732735045037,-0.809481864917281468,1.56323045359947432,-1.24489832447795545,-2.0850186113932252
-0.0726860232215372215,0.918152096244532645,4.16717434870945969,1.73615319916379374,-1.16497167560188175
0.0392204898364518217,3.97875545889205595,2.00160101891332953,0.353668503734255013,-0.851630119402835728
0.069151221311007427,2.56265223621581484,-0.193797134312194919,-1.15974712325113449,-0.820747254494018197
3.32079796540563121,0.0976096290514814613,-1.54982091174119652,1.23231324234330319,1.39854256981017833
5.07030533143295425,0.495613213575247402,-0.224595673246404226,0.000778747722796386752,2.3924195837448532
3.45662638688399371,0.124594102991223254,0.0541599872497439613,-1.72699765358348212,2.18775465153957649
2.093954920817513,-0.268261390255487508,-1.03971031266270697,-1.54704326662261193,1.5087893338426781
1.2989921201338519,1.80386907392291929,1.81073395904085443,0.367645480890738452,1.63644970481493868
-1.67347492476869752,-1.13934501354716211,2.74546826481630912,1.2149358670987751,1.39920194150426602
-5.83179222737980663,-3.97270098010801886,-2.45335942228983273,-1.48895701523515878,-2.18324906853038447
-0.144679919564169757,-0.0738767176377425616,-3.12688678999022374,-1.25739831449944162,0.774343916076488226
-1.35969662746594233,0.600652074889400867,0.360435099390033986,-0.170829248022715458,2.09899584826773333
0.0122870396772016277,-1.4293900645221953,-1.02666180079256986,3.56742413642222367,0.860878323163946302
-2.49269361247268106,-3.7915483385741986,-0.244926678416632015,2.29696548009648494,-1.63655128496133329
-5.14336487191341707,-3.89294665636779635,1.48438697532176866,2.94850066489799323,-1.48895382269638654
-2.49203902669147981,1.00875439232476816,-0.971275145348423075,1.79577431567029722,-1.20996847213121761
1.5931562065033642,1.42775456471765216,-0.977632215460408349,-2.30768461692215299,-1.52657165230757608
-1.86928050130564438,-2.72586971361648578,-2.80651741147698042,-3.98163396344603626,-3.17627059710677129
-3.02486526380881005,-3.0564730346359883,-3.50693900032103167,-1.25013762126257588,-2.8128500026196197
3.01187758908653924,-0.229215924936170101,-1.01343035948020854,-0.827634149766151239,-0.318770091764510932
1.96938674899859079,-0.309799224220026537,-0.432387238998323264,-2.96836557942684376,-0.730380809948220855
-3.63078181777522913,-2.37809629358529895,-1.75640869926256205,-3.56822706127360911,0.575457381958781378
-4.24409521988152871,-2.07219020919747754,-1.63081841346571621,-2.26915902163011118,0.624845038737604774
-1.07536975188502337,-1.36166882451361748,-0.697978778703351233,-1.48860152648481425,-2.50283887145209105
-0.238241543511424625,1.40216360744080348,0.384543473570871874,-0.829270027168794499,-3.38913411355022554
3.35998924701189017,2.21488061622758847,1.65580958007592338,0.00950351307915907155,-0.465989449129147193
0.382862568578551998,-0.437808274353506721,-0.0660093017773198398,-0.173782605624574177,-1.27995342690943326
0.356668094433350513,0.0356514092212026346,0.0675366754342225373,4.61417430417908392,2.55126470346688272
-0.88958379418148259,-0.662271670368296039,0.100400213829836493,4.81751744122384995,3.77608799560499708
-1.1359431875253756,-0.055348735480597655,0.197782080344397204,2.57468192890714498,0.825471824384722996
4.13437975983919426,2.28211536670218651,1.73530481725038044,-1.92604943595043476,0.946756589347595989
2.29143919342698954,1.17535338748636575,1.70855514731807445,-3.30846025138944988,1.41410734541696614
-3.30878447368921158,-0.318563397990902775,0.0261824707987973679,-1.90280228721605837,1.78793275347485903
-1.25967121531273496,0.30599967243996945,0.174975279507714798,-0.922535105696597579,0.25154983448549384
3.93095190492721036,1.93927606008303566,1.70186226035544896,-0.437345568247031524,-1.67963400569025323
0.213094541582174835,0.266153768504372279,0.863132088930331443,2.25483106072293449,-3.21424617292279402
-0.0922323251165498292,1.01317049542113358,0.609202466138213494,4.92012405745923953,0.173231627728507753
3.9692554298349596,2.41827490486965413,2.48052578967527015,3.99222362035184331,2.8815849855449005
0.503051353982598703,0.246015987916033352,4.88021136420976998,3.06638201904142305,0.586742438759347174
-3.61026597404902416,-0.363260167517447552,1.6363321847263268,-0.755099993639864131,-2.73874404437373098
0.920107805144909419,0.36719595612361855,-1.77174637170555926,-4.88098020947472744,-2.6886950008424475
-1.25522682085384019,-0.583287100328736097,-1.65382763574660596,-3.54765268526442901,-3.46435591001133814
-2.36217233772924518,-0.876539714098733658,-0.869138387442807248,-1.88876556855442002,-3.84927859720164944
-1.02027825081964241,-0.470706755591085491,-0.665906865423640526,-1.17050502062585227,-2.97800131223289721
-0.516740468512166373,-0.218147270286582484,-0.537310019491791357,3.72573045954170734,0.18202878079132101
-0.356030206393344317,3.20037389301340758,0.884888907923441104,1.61188649218412849,0.0929662892962323933
-0.208174947647171982,4.42222289979113814,2.71892441561712594,-1.40789741599130735,0.640328184765118769
0.155035572036546998,3.14006922147869716,4.01428395884726807,0.170527899583742065,1.32793139778894109
0.380807802243278315,-0.681917050226088062,3.36759386637290881,0.705339482087611769,0.261822883550279828
0.439337655945400252,-2.25750720354338474,1.66096199362524621,0.200391506080182719,-0.274641854357865922
0.595250600167982702,-1.89985334547017648,0.867728016746936448,0.0474230516831305321,0.354811054621811284
0.984868415245927942,-1.76582209965560732,-1.91581463300532984,-1.14268932909612353,-0.237883813525768595
0.782606820630652456,-1.77160484063325363,-1.0813506659456642,-0.505056377733624773,0.414084379207848574
0.560378450560798269,-1.29243175431263269,0.619985987438933184,0.536332684420409156,0.947477768546773458
0.833643834217074442,-1.22190761034051976,-2.92477325334031679,-1.03152617809576874,0.501121018687440856
0.801410968354353548,-0.816151861115002708,-6.09741342434435829,-1.72614972414163592,1.10195583135143615
0.543217183601354847,-0.644926690819484838,-3.89587057829328431,-1.12246201466957052,0.894274656293573056
0.582433908675272116,-0.297110536911096845,-2.90478293409312904,-0.517137713799874943,3.06115831319958831
3.92544958023833557,1.25771947628602465,-1.73096323617189451,0.187141089795485688,5.06065097195594582
1.66368580873708671,0.323258470232901607,-1.41545611397356352,0.950043174855984773,4.51009206712561461
-1.2177295937283823,2.60598995539220013,-0.363839759631553794,2.43370794175318217,1.08320449761573312
-0.704711981462223802,3.8944725603977437,1.91801118202176579,0.945787967764095017,-1.24975386348202511
-1.03152913910498767,-1.44462323178914476,-1.81490092220361698,-1.38090516371645977,-2.17358812861849682
2.73542684882928455,0.398672880063937751,-0.887702240044711099,-0.00158587688387266945,2.11633357496556052
3.71002470543276042,0.263714173973247312,-0.209903023826464447,0.609028144552726469,3.30188018990651777
-0.366789419035234765,-0.446528770211285564,-0.513816102070196568,-0.899168377079116343,1.7418422833249485
-1.13852757726017062,4.24355991088486562,1.44496366564368928,0.357645348145690767,-0.415901113244666387
-2.01227686267926931,2.60435137234523806,1.56422205199480313,1.48325731234560521,-2.11630133598024317
-2.03976706855135781,1.22416255823282216,0.836450393785999169,-0.25413936653560748,-2.92764114108806339
-1.32990939149666043,-3.2347300187641248,-0.705011693830137509,-0.952594114970632733,-2.59010198898312494
-1.16400050052740589,-3.44432867950544974,0.934726518887764479,2.71958776412392211,0.305157359517233384
-0.695263847933406454,-1.48528205898476084,-0.406409159795230956,2.27813674100522734,0.0263108842095022347
-0.496950199054469244,-1.19858526036560331,0.582781585745675401,-1.96572741789758276,-1.2887021075691989
0.689218702037773467,2.70148921741297077,1.78061819150487843,-1.22119507868030697,-0.678151328464422165
3.46550743041199061,3.36510035358227055,0.606373504538676777,0.594207100110645703,0.859253542164571171
0.314502251257477994,0.373441676007714274,0.381426043972345585,2.923233353566971,1.95865697929478277
-1.59453959664622902,-3.63212577385215818,2.68272767052148042,0.56414577753692785,2.30861898816658506
-0.0338995401999489243,-1.70480248821640212,-0.918175115031035216,-1.70101876298207766,-0.323359863404585224
0.784892158320934841,1.30232985076082186,-2.32163327380880125,-2.12018220520843803,-1.70180940858716911
-0.420626253563635255,-0.527524828832694248,-1.51728143560106266,-1.24443393781377565,-0.537550405900755535
-0.612668269970351953,-1.2071147858834943,2.08271185434552075,-0.268586939295872407,0.326974609039051844
3.80687049146042744,0.502709789564937726,3.21407853284050526,0.860061130716929356,2.63700635245387272
4.64953977228817195,1.09687014424436557,1.57225343588335953,0.596779099723232731,3.1555082382843489
1.17442543983566594,-0.736484310429837641,-3.10987621952531157,-1.04075760732741451,2.53924508721957221
-2.94520854408292632,3.01210408379407513,-1.68907141222399737,-1.18086135992415198,1.87385733296292001
-2.67325355476716364,1.40122350126496764,2.79503922268685345,3.59613903142246372,2.32769656662531332
-1.5116965476625448,-2.70421167756351721,1.68250609175634347,2.21994888045272454,0.465999400804973596
-1.05428248037089967,2.93613502006484151,-0.377639892768475538,-1.31579506108261124,-1.408688282101064
0.510716959503669798,1.46331107727573806,-2.86668204889377831,-2.08218878802145202,-1.30828994520048147
0.410277871412903505,-2.76108341477247787,-3.57806916716109491,-1.78661884213958944,-4.00814700807798818
3.48198406673555905,-0.204585455286251189,-1.8796116836542629,-1.10429204748155652,-2.80620375208306205
1.91563188704720444,-0.614273952253077793,-2.34640766533695144,1.24237414245721545,-1.47214919969002289
-2.03712028347090079,-1.68156090023767546,-2.45951724364044422,3.71575757995588152,0.541990926512513904
-2.71270793924973042,-0.850402260676554111,-1.89108292733496652,1.84141734935359769,1.82447283220912104
1.44104074266761795,0.500896299776504961,-0.735110709299298892,-2.32070331279347464,0.869846404470353884
-0.208014618935631862,-0.358824998891803193,-0.516766269662453648,-3.09868697585402764,-2.4738272397732044
-2.10082289223545171,-0.563258829490392077,-0.438121500177614531,-1.38264928471968451,-4.53557827403568758
-1.50080569877741987,1.69001362482793605,0.376566240144466158,-1.16891201585823157,-3.73154925003442717
-0.729360321523514488,2.2543866721484398,1.35631048903759011,-0.657828804495971475,-2.51199464796099603
-0.616255681144303513,-0.91485344922558276,0.359501542973469257,-0.634835124533196682,-1.85910403349416775
-0.369513714798934578,0.0453997196761873612,0.483326889634908219,0.399414668098893533,1.09382793939960288
-0.138184948185649276,3.85345046387533907,5.71189286005558294,4.92748610053762803,3.06387998008239437
0.0518826010181253905,-0.703085917057941212,4.00620669393947537,4.44384079893379802,2.05569641463054964
0.242620587314901576,-1.37661008452931433,-1.35644071019174173,-0.777214383438156409,-0.723896859654960423
0.368750640418737174,3.56435041594288293,3.35877423218127191,-2.30693172456801943,-1.17404451303910706
1.44075203218477355,-0.319356730521462406,3.51399056264745546,0.113901639238502952,0.140218421288396899
1.63679192829959796,-1.80807877705377984,-0.20514148589865791,-0.734106143842321424,3.06353475363995198
0.243184716679011897,3.3290061293024733,2.76618594353646285,-0.0888068132932060134,2.43487282243046144
-0.190631888268209287,-0.523937374082096508,-0.921791762626770872,-0.440541931348597759,-0.524306125498714914
0.167352780099414927,-2.58317463148044268,-4.40910246823657914,-1.0022976830898187,-0.394712406176732422
1.94782908990681669,-0.562894451474138191,-2.74299463532667254,2.20651437365159175,4.00842226178081074
1.73636685873420138,-0.369161943706202478,-1.49470186448648268,0.324392895468511633,3.15893397388546315
-0.0470189018791123681,-0.84649717855316553,2.21352645794207659,-0.506587583749298687,0.923846329584271042
-0.435609603450465621,-0.582417758587274625,0.21546178252251022,-0.741802633700079816,-2.28042420351477837
-0.0352725345803273915,-0.272062672715054688,-2.53537548007024549,-1.64111916015017067,-3.15111327464675117
0.496153209572765319,4.04029744882183106,1.66073897862663866,-0.390850628640601216,-1.7183202132885893
1.62224999131280234,4.37448185512961896,1.41235012805925653,0.034355281089407122,-0.775098525595261489
-0.0251355273099703458,2.33673434051946805,-0.195494387189801277,-0.335036693476673697,0.656517553409557642
-0.356826830028922903,-0.877853880243727125,-0.827094544762758122,-0.372855577768843871,1.92723978209547209
-0.174978822853614741,-3.88636681059982259,-2.07965943389765018,-0.417971158391747422,-0.583778019043615592
-0.229322861143135576,-2.33572435823152036,-1.66592101009009275,-0.226034621225692123,-1.53377387217267236
-0.177974784116220558,-1.53847342017081234,-0.962275126653629687,-0.234851247052711154,-1.20443728636798753
-0.0350014821390910169,-1.14608657358340316,-0.705544218490800179,1.94326250337168105,0.842636630033302469
-0.0302154987334331826,1.69643111583340689,0.0620064106371079615,4.57779949291948984,2.17102464148908769
0.118855307664736204,4.13074399048619867,2.27446042665340986,1.37881787598504046,0.688509064764379453
0.00900342612788720964,2.64411287815895246,2.02510699269111205,-1.48957266241876596,-0.483083374361785389
0.315920538480035873,-3.64238478208416927,-0.231481997082921082,-0.350859861334811562,0.183070463314764287
4.15489713131236549,-2.04426106733273061,-0.821664741349288685,1.77911933691546853,1.81830129107955352
4.78197041503792342,-0.021880212717210773,0.176086540072840719,-0.967375539576685872,2.30021106813782517
3.25140848080366851,-0.278147149919392156,0.623584341682939747,-1.51316806065033838,4.20067232010102565
-0.285283831474716698,-2.02359869695954098,0.636238808696856117,-0.659965523807052312,2.60703270381022723
-3.84843250037026063,-2.00569338847365897,-0.574715174964002151,-0.137232837547814623,-1.19671363658458807
-3.75893704929468297,-1.3086633840880979,-0.66415295539229724,2.31398663779599367,-0.867987979107374019
-2.45379962745260016,3.25272369439474573,3.29292609730938546,0.592700497724872766,0.750693428767049142
-1.55690283369051707,4.12360280916845134,3.08283521598180199,-0.461500855954439348,-1.27911881274302153
1.11263082790867474,0.926620177799572953,0.645276300150465665,2.23259710568760106,-0.456827838518077123
-0.438643351697011741,-4.1644879527818226,-1.78476465121097738,0.655471704771065422,-1.53618563579703693
2.49460864172233698,-0.634307519021224619,-0.900680376782904024,-2.33225954125009372,-1.49720359063962771
1.85942871662547304,-0.51117737861452972,-0.210181866273311507,1.40294113967108047,1.07975382180435653
-2.45539878354197105,-2.02997020380455195,1.00016369878672196,1.36820561261848872,-0.9375604449829682
-4.20012048062033383,-1.6932936985028848,0.115894591786148499,-2.1969822882929213,-2.78968067189858315
-2.70535088723260397,3.05479020787797984,-0.43279918847627552,-2.80038606606136931,-1.73280081604307878
-2.02906892146445639,2.49989904279312425,2.29436991406485147,-0.83096568150833916,0.268285776871610759
-1.30571480376193882,-0.615577985605706313,2.20363162006531832,0.044518801549308748,-0.901588916716851152
-0.419927012250877141,0.975416051521891148,-0.881685871671751609,-0.850644071958352455,-1.64548891207615267
3.53785015798070024,-0.035849524055237697,-2.30505395229867593,-1.21356757181448005,-0.378612158136406252
1.74104734217952783,3.08516328061971867,1.03110148620642517,-0.388772221024879128,-0.263205565691668975
-1.96198290276947951,2.24706331639410273,2.61065525784569363,1.13432001476125577,-0.29739343192101475
-0.912364045285453007,0.672727933911404175,1.9921861573293711,3.31374575999717491,1.24300906543083056
3.61847913563514867,-0.418713887031842646,-1.73237182661182909,0.202020583485480743,0.941911374756262521
1.76752696390339992,-0.35084105665393317,-2.65172682588097519,-2.30331573202668416,-0.159095771478343417
-2.74592528455774332,-1.2231215316929005,-2.07145842761734267,-1.18912292482570181,-1.43973340079274381
-2.52388912951059474,-4.22496666836357626,-3.1816450106266192,-0.330406230219936925,-0.880961285930692228
-0.422788056851349792,-3.25288591367750568,1.37680967399359089,3.70888835467766853,1.71348838075960641
-1.21792176244376171,-1.99297898811319363,2.20833078979032704,1.44680081887030032,0.705999628424768155
-1.08190669092605107,-1.46916630823829375,1.42690818516988438,-1.1060960544869296,-0.534343894647155593
-0.67297395421356454,-1.02906439055741061,-0.64107417951649881,-0.79167581003194798,-0.6030340744778383
2.50184872006137038,0.693928209479579228,-4.04970658704779041,-1.65514340903060631,-0.160405303411211952
1.30343400378705843,0.0226431741332447645,-3.96215072189805584,-1.64391067444456218,-0.40924790629705099
-0.95016264193837785,1.72229009007191602,-1.89557373430674403,-1.26213460916690901,-0.97009337200036494
-0.829032158921909512,-0.0505496061487401838,1.33620402227868285,-0.0137954635225875782,-0.269966514064293173
0.435586763988063952,-0.15779954987718306,0.266726826218054214,0.342707386697183813,3.40063561770561051
-1.02258598180433813,-1.41605648738893986,-2.19991317909103667,-1.88786685041396129,-1.42095715877616557
-0.73209130320358573,-1.21805705389699859,1.88804174428519822,-0.650497053839294015,-1.2348002860874765
-0.577112271768505214,-0.639620937944652024,3.64582989520035294,0.767188420841689589,-0.20291698220558424
-0.413670576379195742,4.42039696864550535,1.93975782706481326,0.95579674755690458,-0.0101725042845093941
-0.107000217080398169,3.75629977741875365,-1.97733147436517731,-0.341771095951682646,-0.243431475257136209
0.32780727591300135,2.44625776654413762,-0.224091106683976554,-0.377426711761166822,-0.000129590286038046287
1.805555918921536,-2.05354717528384789,2.15466120200211941,0.61241051510786515,1.36891126800980167
-0.34578015054592931,-4.70347992659801495,-3.78933593302725624,-0.429363605672971382,3.80859166501583957
-0.701254510658782526,-2.24841535562478034,-4.78562856595405162,0.794124784291963537,3.38098219261565758
1.32253239470670292,-0.329314457539962691,3.55111834742184085,2.90339910695076497,0.316306012103737599
2.13431908576526341,0.302218108683171227,0.3880896877040938,2.62649071931708011,0.43925176573408603
3.91048352132043942,1.77103950176722091,-3.85698875404788666,1.69385808057947029,0.525772576827082005
1.96871679249814124,-0.12670992148620136,-1.34325504982954769,-1.441018279800242,-0.910427370674980141
-2.78539765331030242,-2.5374496952453609,-1.58240812115313201,-0.71076440563604959,-2.37904429393613537
-2.72891227324067076,0.783475782051824443,-1.12452044605780488,1.99928529674946898,-1.31435572122391164
-1.57781110884791009,2.07424743020076674,0.904715403319164002,-1.19321793551914279,-1.35514017932685804
-0.897634654382538089,-2.38128195735306436,-1.14737814903520885,-3.70388911705708557,0.241740331049681345
-1.2196070843587441,-1.8448142566423813,3.1085551990165583,-0.761222133657634248,3.16074201881374828
-0.720535931157132103,-0.303270750707580916,4.36590914234265082,0.759016492702206058,-0.893938244758518241
-0.503001425753881182,-0.289271387244227407,1.77457052380217051,1.58352716921694192,0.982683870185043551
-0.367852994668681765,-0.190843844594786649,-3.92315636073865193,-2.57296968181673735,1.99114837400688249
-0.293077918248221769,3.32132740627176437,-1.42231452511239431,-3.46985215222926691,-2.86035483698251047
-0.0504147674499534071,4.99421754911664983,2.27576773838157687,2.01749500662165415,-3.72293885788077805
0.219450191198345662,2.42446353009078752,0.482520253381594322,1.62916580224190355,-1.02347322838509824
0.650197238097065866,-3.59561194270831885,-2.43592677582574302,-2.62323278737999344,-1.90819457101171186
2.30769835263699052,-0.297347639392816943,-0.812240726838166394,-3.56998698291740091,-1.59615788686572735
1.86162637244004081,-0.203100265704628247,0.0942488143918123467,-1.67695242509163323,-0.269488320722475472
-1.17921802412913812,-1.69597247217984481,3.41236182156740098,1.00958745512225523,-0.982946056492030484
-0.817787703897307927,-1.18441844946315022,0.616035531859358443,-0.097291069181971862,-1.03555380184999657
-0.299359212654691731,-0.471210854011381519,-3.63601339391175449,-1.61919452481834858,-0.728725398499822985
0.240669200937514455,2.18119981656407891,0.315220186572826577,-0.997769412156087387,1.89183612199056816
0.0592366082313221798,0.0164745157327641639,2.01085207610761652,-0.252834258674619949,0.822436710268393267
2.18112086269000827,2.68121001841261641,5.22100990889851957,1.79430453352262909,0.311158449612048138
-0.00654009057139534264,4.13595838758419099,4.221014870104562,2.31522799523525658,0.503907424920312708
-1.43379605187898429,2.70941786069488622,-0.852993328034870268,0.823065465250109485,-0.290459155968867788
-0.597830646846140845,1.54394144670447964,1.85441777489590143,0.843968954822612361,0.119069834581557787
-0.227323676742992448,-3.34261801997303332,-0.637142586029999958,0.516791003285171691,3.86381250433746182
-0.268730927733723146,-4.69049282379150512,-7.0207685304350802,-0.906810226979693601,0.666294531429074577
-0.224040983775260244,0.971398075890283152,-1.92499360878514403,-0.379886212296945303,-2.16112800791355975
-0.126685453597635583,1.49695498652936476,1.86627096827971606,0.497261630038564717,-0.237759653379323532
-0.0777186210072576544,-4.0118399519797272,2.25112525914689998,1.84704950030720094,0.456275631268348414
-0.0378427617506465752,-3.78011258192616761,1.75462477427523611,3.3643361382339525,0.983179866255861734
-0.109755768009473481,-0.92874369850346683,1.15640709215055182,2.40526607785371516,0.613387754350399272
0.129013039639848587,-0.80197196618497002,-0.562193990526535403,3.30924453180373446,1.23731821898605698
0.0815188209489016435,-1.23214209451533674,-6.16909839894358658,1.43150610821148216,1.19434774155916412
-0.0259995194394876082,3.64022000390765932,-2.1481186569928763,1.43456575962744548,0.83875711065897407
0.12974789398968492,3.960542986602543,0.435656167905276615,-0.611928685657797011,1.78309897609008527
0.107106776935722486,2.43093475571077677,1.72047650000784547,-2.51734922809119288,0.300273280965864642
0.0726359891325246976,-0.0315979935367194237,-1.45102943449324173,-2.8009749672110833,-0.162901578083931631
0.317076498729749356,-4.80159676709922678,-5.28021581618038116,-3.31203530986538164,2.29078663905572144
0.0607493933161266375,-3.03047342209648107,-1.42035005334265274,-2.63431557383820047,-1.06376688583273427
0.217415651580714991,-1.3321193084199956,0.687317587271375818,-1.61416597548266205,-2.69533754355128519
0.118778091498642741,-1.3159178693215523,-2.60197935519073331,-1.5432841917439617,-1.14619964589340184
0.061827414433583,-0.987505058122620349,0.211568502721442148,-1.03016335571641116,-0.225199609144313306
0.0304148151225690812,-0.570436924311728877,0.358956662559877793,-0.637301947205156427,0.384833160324840662
0.197882326765109223,0.877684202981935613,-1.78849820016947891,-0.7697804308221321,-0.84234387307788916
0.1062596228975701,5.04072902484953111,2.28838664143727621,0.294783003251213094,-0.760733182591060375
1.39685799495947505,4.11371860703412828,2.44464008134970667,1.11731082363498468,0.462251560447866139
1.43027010886705197,-2.22213134585582717,-1.11005520599445129,2.07987038401279811,1.01681182819275029
2.23738350009948173,-0.278659764063464044,-0.642358732106167007,-0.0186807700342532801,0.494653213971327166
3.57045662937417241,1.90853768206564012,1.40297229462273099,1.60679041749286289,2.01690294134356307
2.19834607129558668,1.14986797809339603,0.925469253848514417,2.00774738507258999,1.77110696199625717
-1.18508302203548443,-0.812183327179763936,1.33260822343317242,-0.310096589577332438,0.35891967774512884
-4.21146333567019937,-3.0287670569516818,1.52349696328192818,-0.552183322649332009,2.35482401652860007
0.122848659177526326,1.06249107492584183,-0.87894859456203478,-0.77244889140725137,-0.0956275644503136735
1.97852962918228781,1.84216592442867921,1.292005546874192,0.0154602329717368203,-0.994503781896593164
0.58905109531053379,0.735352981275396722,4.55820349980196671,2.91138877573525834,0.0564999204992740409
-2.66478128471874687,2.18510109638800509,2.28781099031792001,1.14584539454327095,-1.50701627037132457
-0.996970519273909228,1.12762043893622388,-1.57294608585575135,-0.125684103377991019,-1.75102575534635507
0.611730796956101774,-0.698451343115096268,-0.89128683609122672,2.06181181560321169,0.431715634733314257
-0.211403583493850217,-0.556211293526223893,2.92092804425807318,3.47577001210795222,0.499185165528379715
-2.71148734354144416,-1.35168225939164244,-1.94335648813627615,-0.108171860205510839,-1.04436142221348849
-5.78152415841687173,-3.57767375912010221,-4.50383736611331464,-0.0895131200882541833,-3.07625599127655525
-4.31148546189586934,-2.69685338964352761,-1.42981775424599378,-2.45872880847268238,-3.10019579945596435
-2.39167148623662573,-0.965511327033797495,-0.714548811427904607,-3.39888285062208606,-2.08289458630703761
-0.137820565087384356,0.0844061772756871803,0.822133847114670857,-2.20515261848214328,-0.552152907624480105
0.963602118576195932,3.63923011733124913,4.56459510006055691,-0.015389542034794812,1.98088096004094338
0.382305996494429035,1.86467523937537094,0.417212964278685816,-0.597163531466793907,0.349372633864593107
0.595978906656651097,3.20815864966506359,-0.212380911115061632,-0.556937229401821554,-1.04814113412511989
-2.30553493507122997,1.94861950286007812,0.823543895876449827,2.02766000933983692,-0.817614095938114072
-3.09527424568385578,0.325129516876642155,0.0219296783318500277,1.78362177013615764,-0.745588963453705622
-1.65868487792974673,-4.91569764641274531,0.808938729998398665,-0.650687164572545718,-1.29853197848976087
-1.12168219359560006,-4.35943293009142074,-3.25661809622820897,-2.83164198730022187,-1.30511673141265749
0.593499116514059732,-1.02221878874542038,-3.09608273618988861,-2.57807744420214124,-0.666329973919110197
2.22989603788387036,-0.641096292103959575,1.18327012840274515,-1.28575896684222402,1.16273978151351987
-0.701454508456441972,-2.37364341925245759,-0.00138736169216532174,-0.606937521893510468,2.62415413257242625
-0.72195108228770033,-1.47468164131090496,-2.71605764781910963,-1.05891717952158237,-0.282264774810812191
0.473991265697946751,0.635479000456218301,-1.02422542362132285,-0.727555574666056915,-1.98591211961016945
0.760691078949333077,-0.055337555940676561,3.92165726231230627,0.813430253399994418,0.086473265764772933
3.53497983098072144,4.33419458791669054,4.12744427543783932,1.74527714929498989,2.3579295678805865
1.35388424875197688,1.4428279071130572,-0.886137276011899289,2.18162048089748817,4.73080651286312204
0.900220283639047048,-2.39077656730533006,-2.8396639028853885,2.11391912556331985,2.82478862119325136
0.106601485429544868,-1.14582577825709264,-2.57421646936852788,-1.46947810568245529,-2.82894712609494148
2.94661385028279632,1.8857198590416242,2.75958153121387939,-0.612713647466335942,-1.46888161898146441
5.07691238811857026,2.89171002221772966,-0.917198057240272147,1.56172223236177476,2.1912211619435964
2.693718248650117,0.556703012322390167,-3.35746846933665566,1.81780856123342538,1.18048704166306861
0.680914854316308049,0.221256347816549681,-0.709290266424763005,-1.43240760975941717,-0.9892182882329974
-0.49743211655920555,-0.737862919705435494,0.569651729341634994,0.627781282971110688,-0.64937210926933997
-1.65565749854916322,-0.940093460299593398,2.94184776255101976,0.487705355310691369,-0.919249587980635052
-1.21139186311467273,-0.311420450271720162,2.79033710647888444,-0.212932732214066361,-0.540450149097864929
-1.19257381585560296,-1.80322425459534164,-1.87343817815590241,-2.1355769364450965,-2.94542658686311754
-0.876376866761216067,-1.38590015013315448,-1.37217876267658179,-1.50976523713440214,-2.0167002748025693
0.158996896835887219,-0.56926938790688808,-0.610757927719634996,-0.161570702260508292,2.46715253546588853
3.64664437137684239,1.30725269447902637,0.698717281530339851,3.93869720362253961,5.02135526645836272
1.5096752286945454,0.122078906400957254,-0.60904411257986657,1.85099607523292531,3.28020872000298436
-1.69828052207708113,-0.855318188305745131,-0.717795289912790513,-2.29374635306150054,-0.577342671745205371
-1.56385813184704103,0.939260116914327536,1.62405108426328026,-1.69630574760182817,-3.33424903542678086
-1.21398253249512122,4.00864855858419311,2.96576415230950952,0.877571076349210721,-2.30633958097950309
-0.0075010569634256577,0.552982478220442553,-0.260699864366625456,-0.358440694562416229,-1.98553160273224805
1.89886782698202228,2.75781673424651075,2.3740962777217347,0.175052740595427747,-0.246745757679726313
-0.423208346882122499,1.97994623492245414,1.1465220162300751,0.599226892499356456,-1.00770923571625759
-0.993184385510885837,-2.4622528856219259,0.965116855475208535,-0.218016013807801223,-1.14581382151836086
-0.898531400366077038,-3.38602217374114023,3.55995348616770046,3.2663459094594236,0.937928402680914486
-0.430940953229136281,-1.33536596919893258,0.750635367416876309,4.58532618618628707,2.47620163082669142
-0.363387057000952196,2.85021237211430645,-1.44094440964615611,0.641248281756026661,0.65663816394235508
-0.0301934931615074134,-0.358417314981941681,-3.59963733867633184,-3.12845436295471435,-1.28700229189072379
2.66032566883412569,-1.51912166434192053,-1.73565942939925311,-2.66600339215938753,0.127131016570895844
2.20319394383567602,1.48566780010200117,1.03079670092904241,-0.372113358900636237,2.90195760508645195
1.48096822040407616,2.00566131478272869,0.675410002078204674,3.49581393113357608,3.22384892729183292
0.722013349668721438,0.160341157666584799,-1.65203979708536508,1.41419685422318464,0.580917644262918476
-1.35750826993967388,-3.24524957167746875,-3.15101498869074392,-2.8485257211583237,-2.13945207713266816
-1.34462120554566966,-0.711981808271768157,0.626260381760335827,-1.69652733820112656,-1.86378214648065432
1.80748937140236277,3.21156309240765037,2.79245110346967751,1.22918982784849717,0.732457749901846533
2.32335346494890427,2.385863322497213,1.16150784883622116,0.172564132752156763,0.923436517477342234
-1.1733954247973557,-2.38065881694038239,-3.4569223871619843,-1.53393991273422903,-1.03902153052099755
-2.19959285765278478,-4.84436894060322043,-3.09743332632458612,-1.92940524631186694,0.622092246764456513
-1.50113800391058128,-3.08448635584971331,-1.05125486695733428,-1.26773312727637588,3.00389536037321969
-1.2212616499267428,-1.92739036306855782,-0.482968641995696057,0.137726058820245023,1.27633396297013513
-0.620077715083117487,-1.42225067752611323,-0.684255238753059269,2.95471454347768692,-0.304962798456276052
-0.532024000494703553,-1.11410102257037602,-0.593204544034144576,1.4832160794379301,-1.14071287913411812
-0.372115432429299786,-0.143995387768114325,0.66415490582908665,-1.69161152648089086,-1.62763768876954829
-0.119759969787689297,0.442838647312623734,1.2339916547883929,-1.48417970871947613,1.19074341008714901
0.611621408367296726,0.00494745600630680602,5.39952153960723802,1.32408193147829634,1.94911564059316977
2.49195670931219215,0.927834339927233409,1.23368300652920726,0.879314716233440485,-0.211957431470958163
1.38994917382702754,0.569584979451070228,-3.4805120542962853,-1.04109443757843301,-2.28170039689809645
-0.720391413067179021,-0.224064143578429797,-1.09249943193999144,-1.13509351408138404,-3.01995226405803763
-0.831762546028414707,3.31978684496970544,5.41012419084130158,0.925981565660491501,-1.89872586755342665
-0.425371634887212413,5.03444696227410393,6.17385743299147904,3.17230840681733373,2.11639190764622009
0.357388861795999935,2.83690049052537274,2.59936488119334053,2.48047251921685108,3.33179734115949522
3.30550418923902312,-0.577975814755294581,-6.00289649771610812,-0.662715787304209658,0.98245875721867737
0.67052396064300257,-0.97563673592710598,-3.45121867861419007,0.89368034618058878,-0.756327529563810108
-0.368732904037398723,1.50995608766766276,1.36981220925794789,1.10698880044334125,-1.38424056481814506
-1.11397087187086474,1.41281298985944725,0.0154698527899312793,-1.18295299245615215,-2.16810709227100196
-1.27036914120425126,-1.76869697102455237,-2.2591927093618982,-2.29036818555632804,-2.4911642403336236
0.553269856327462395,-1.55484104101822673,3.86312057167894496,0.225176107481745158,-0.479036513157913069
3.40150528815683817,-0.163839814065640133,3.83745828928509214,1.68746976530085568,1.61628279976927014
0.108305911592025211,-1.18051628199499326,0.544685131411311807,0.733441370263286485,0.37187443075273674
-2.07597700679767261,0.978636391582363152,-3.01636214926780521,-0.930567591894914004,-1.18976658054309903
1.58595572825169895,-0.000727356350411100493,-2.08872757743681969,-1.81963104263622366,0.0137693819685789989
2.34540696781828473,1.25739805599664045,1.5982815206425971,0.192427124158717183,1.30590675802338341
-1.53618965287390119,2.47572166165269136,1.93540079096403206,1.12518216945218308,0.34692541253862319
-1.46879148727222297,-1.00946771020323589,-4.35994556153513635,-0.588812747198653064,-0.378669522420172378
-0.201101512554613809,-0.788092499742664598,-1.788230216684223,1.46739789564206258,0.853746940031757884
-1.89486643328021698,1.99963617273315131,0.948177956801572352,2.73127802251132268,1.32615551196061299
-2.21254866263831129,-0.496720125253460709,-3.52275258051499218,1.99768955507730306,1.29454451803013626
0.31308907546795095,-3.47831119180423842,-4.75766274588736859,1.07679060802052851,1.61403928371695216
0.105837086683857079,-3.14596307750316706,-2.28319298596326048,0.320483741303971947,0.656530037581467218
-1.68580013121816963,0.657087755141003371,0.609787139202928929,-2.02860106183281452,-1.09044106340658309
-1.56687346993540255,-0.28593008654171953,-0.313633456200208938,-2.84894849240625936,-0.665389413310328415
-0.526028700415660522,1.92838098439348427,1.97668239576538163,0.936713651644543011,1.90155746225109601
0.147549567421761313,1.33365775496733874,0.587890258494669027,-0.0864822841598406195,0.0196285085854142963
1.50632592484812911,-2.01720788411045282,-1.80215718964252347,-0.147077887054895107,0.235501753220814541
3.72488219502946949,-1.18953146565927681,0.0925759583594346208,-2.72754645763861392,0.0537540756664678168
3.35511508673814252,-0.996248789946806101,4.53766936776085039,-3.18187101844592446,1.72510298221177316
2.03792508425976537,-0.960422122976981596,0.758699003780756276,-2.48018369798165095,0.595874996604594642
-1.33084657169893905,-2.1695065863706704,-5.04268960815030365,-3.60766482639219443,-1.66545154951025509
-3.43355323073485419,-2.4148056873469641,-2.01740827616441276,-3.33196048395543398,-0.340883328816276698
-2.67209213798552891,-1.53959827341266497,0.431450585967024958,-2.28684551120329704,-1.57588791759873992
-1.97813441365600307,-1.13787254364326595,3.62217549288285845,-0.471393138697763114,-0.82266109009672328
-1.3675669498967955,-0.627597842450392407,3.67294923515117988,1.26870962822942079,-2.24992407459407984
-0.687982624557878175,-0.0221767598371768737,1.15140834250911417,0.939810893950685178,-2.61504651547903766
0.445819020846793035,0.550617700895371986,-2.7870797778979961,-0.618942300735191409,-0.717206620767152803
2.089094735288338,1.19563028152200546,-1.00455632565494235,-0.529326170508364835,-1.2686591170141166
-0.402405759323614443,0.366585730654238218,0.20064474883953437,0.399852060044735169,-2.77389384630986768
-1.20125948223432899,0.110809146668112757,1.97792595958405837,0.73684596595726759,-2.17932106906495271
-0.563275264570683221,0.956219181607606772,4.47517220518661585,2.98188828240339543,0.780254093348459299
1.0792779535756607,2.03182866592879519,1.69325409543737182,2.58204418637480693,2.17616249524456995
4.3474693446640158,2.70386464776591717,2.33869279438985034,2.02544300761411122,1.84752425975518708
3.82668926492575334,2.39944210270559344,-0.443566286676536747,1.36217920649201063,1.20537040179709654
2.83205836815711542,1.89318170900729732,-2.20280559879715643,0.259091947361198005,0.521099862673385372
1.3853676682880991,1.22020259477346715,-1.30470947890030931,2.23859131650818544,1.4785309921942007
-1.8598814421076777,-0.265547924048554262,-1.53977365450781201,5.12085974573403391,1.28481423207255241
0.810547980758782205,2.39079168891218119,1.29992673909198264,4.6497763922721882,1.83313622218155592
1.73724737336719892,4.50535237988735293,2.70847092453871019,3.16391686463591348,2.86348653641217998
-1.62281615195866769,0.27767323090438617,-1.756967831700466,1.66683608158622087,1.28064020875798468
-3.96275004761441885,-3.26461431283824854,-3.12391470548150085,-1.2729630558455971,-2.2866867672700022
-3.21966506853806012,-2.50962963090512314,0.258451598101658131,-3.31992440849919834,-3.6139439174404755
-2.31598145913779074,2.5892484521209127,5.95780729007278254,1.12379897163679376,-1.05964811329023689
-1.6504869705748102,2.23393033489310255,4.48176343794846943,3.70913707999835074,3.30424764951066807
-0.653514155715932854,-2.15681179876687024,0.24575698049207978,2.2935440197855419,3.42772880713088801
1.41803746324611768,-2.25100477058679926,-6.1510524729283329,0.153244014545630525,1.17920902279334117
-0.471791110264148661,-2.09796964665836194,-4.00927918628310476,-3.4884300553517491,-2.30745237654674851
-1.14908219378228904,-1.73361164328175943,-1.20650044002897916,-5.64230280132153794,-4.197351646649504
-0.601185925353505568,-1.01160371374525293,-0.864008197105719078,-4.23686665434128429,-3.6630560326851298
-0.157170371275182935,3.09891057262273462,2.23397923844116741,-0.490993725664622516,-0.810255703135335903
-0.134515521405201705,2.49708669018350848,2.59449950478382219,-0.360376361779001675,2.63738089393619246
0.387229419459658053,-2.10237350376044985,-1.97621190559232041,-2.16883961098761269,2.84046349182447777
0.663148750734450343,-2.49394898360469286,-2.60523984390406582,-2.49643110907220533,0.884938252480826248
0.736061166600158079,0.65019158221233686,0.469621836206764787,-1.37194447032274369,-1.74890944208731103
1.28655658351036717,-0.96624738424690193,-0.931645096817924734,-0.935266492737157118,-2.39809749379835591
-1.10529407640446187,-1.58406045000094831,-1.66576807528975657,-1.80476131270202433,1.1532587961190317
-0.944354321441180367,-1.38410495152861568,-0.872042682946460701,-1.1258563335313414,1.85833074541758059
-0.544351856452680916,-0.836968184240153734,-0.67289445675664461,-0.927918525891760937,-2.44102889649742361
3.89240111247960074,0.883224311327293288,-0.385073870536450702,-0.573466806723317846,0.328227420518022117
4.23138208893619794,1.92925432805378727,0.459251273759882728,0.0129842266764369878,0.62655755215813369
1.71348261692345027,0.673448538519963336,0.37098283879573124,0.0512873462736111313,-0.22298434870161396
1.7884362115398702,1.06398717036329904,0.582959613687884293,0.232733058326568903,0.0174318478362942841
0.314823142254157973,0.849008037796662118,0.497882026799688848,4.11013214947650862,0.678768660224707832
-1.70021147995587718,-1.15244898479760427,-0.100416538940597794,2.17268999139980634,0.838307902353296885
-0.233944908017490572,1.41703964772668112,1.22173943151959041,-0.880003780994695339,1.1680823718496991
-4.59839099528747397,-1.79219044938813621,2.94538583873329163,0.0990476679164719459,-2.77049991664934669
-3.52952003863808539,-2.31258528443657241,0.685286067665920484,-0.807309609558817365,-3.5463003793348391
1.49245414524040476,0.740010502206104981,-0.937346180719983213,2.27100594633952113,0.647560775907679687
-2.80238603705014189,-0.829410799809420896,-1.21648006055215396,2.40192405796588559,0.767088327512573276
-4.53455079192707178,-0.486767424337812893,-0.908790200937830583,1.65115730757071044,2.93767884915838184
-2.35864650662914199,0.181333374532887948,-0.290384643540969156,1.83199440609203945,2.6952359062854705
-1.06022582467409099,-1.02152016396580492,-0.627568874830623402,-0.68060450242742343,1.28082181864445843
-1.35163931644808333,-1.20199211970716369,-0.0869554728434936142,0.14910069322967448,0.643135096756696001
-1.11139967500011339,-0.476824231049214065,-0.289266877638809428,1.29675312603225068,-1.95847070071285367
-0.415339645685970815,-0.467778963952869498,-0.150832934030597193,-2.00994290380494744,-4.57618762997598605
3.0804540361373447,2.13063644223461468,0.801939865359196258,-4.15674597308004135,-3.1869912680300625
2.1868022124534261,1.08858314833762804,0.584006855099991284,-2.7534895279253444,-1.99001729210734624
-1.78218672189531735,-1.33767924748825218,-0.160951624360990336,1.33512613164076743,-0.750271363387049806
-1.08781277535617749,-0.558424057985459132,-0.254256956652967103,-1.80959566231395641,2.02471411001426516
-0.0717888218555877561,-0.303701675738626331,-0.137108265802804691,-3.21218956916600096,0.0028767157782872135
0.123282307946400285,-0.226068103049501035,-0.0217537113877979416,1.14857266414612114,-1.88529294564659233
2.80993715185816084,1.49535932080454548,0.415409426607018517,0.547801767153147878,-1.10168690676674386
0.341056258887736774,1.79085064702255181,1.24137409654806152,-0.0525497698614257464,-0.930829964845109048
-0.657577195247765478,1.3018731210447847,0.911205325817525891,-2.02422131580052378,1.05775395229362434
0.203821225589424171,0.175654013882917182,0.294375171977199868,-2.03597192344604849,2.42265419912906177
2.60692837709105651,-0.869379499453822313,-0.0639782454119317834,-1.24379086147049289,0.25285327303979821
0.922011072011252986,-1.09135659017620346,-0.229467784444340711,-0.961199989922073228,0.965233247605027156
1.72234047503920906,-0.478052393462938097,-0.30979681794442282,-0.515961059608155748,2.82065634759910777
-0.117876892986752066,-0.638102427552365015,-0.0484494637445174459,-0.279052319438403418,-1.03955979716300284
-0.863768795064264405,-0.359514541028516932,-0.0548311852460210691,0.0626847135354255264,-3.67792136724477503
-0.360372577590251875,-0.0196713551307848428,-0.0472905554884264501,2.073705771937846,-1.44537972898487221
4.87967709500341495,4.36661634038031554,1.5639904071870312,5.2609591180230133,2.74344339043804863
3.90019059073472674,2.96271179786508876,2.41982800289164635,4.5248295358196593,2.68301223821413348
-2.32882982459138121,-0.699201725824327491,3.23717765451083839,2.12887035374930944,-0.0947845992571950124
1.84890556445647358,-0.586641008902922145,1.37393872372302739,-2.05781419625243966,-0.748476112324475862
3.36621079766306019,-0.508934480903682318,-1.65539500876505463,-2.58263962859487206,0.451464108371133488
0.529250091498199127,-1.43444947990433525,-1.97161257014831981,-0.364057060700045787,0.211845742644339086
-5.22663676161405188,-3.22498966395311992,-2.34931755363816741,-1.40542091565569738,-2.11637271033178154
-3.91891023120584636,-2.70291612046203511,-1.84911908587918128,0.621463818718864025,-0.793157919203182127
-2.11528449259730111,-1.9124813227939137,2.27344153812212868,3.62592525975292412,1.42498181227912668
-1.76371585077217374,-1.69963992676111553,2.09784477884115139,0.0445092501954243297,-0.39584747482816196
-0.707545962876378609,-0.12124689153739561,-1.08683986300107605,-2.73162938712364234,-0.812933938418867408
-1.42710904262554039,3.52630678452631008,-1.59651284965797413,-1.38035340609117818,-0.565555303519528652
-1.41588593002231766,-0.8509986059440664,-2.29676972417101544,-0.212448870297639786,-0.0555161358896394119
-0.834529426865531332,-3.08784878874500501,-3.03645341368627619,2.18496997373498036,1.35536739461897193
-0.499505747219451179,-1.37795373215746508,-2.58871229365925615,1.93562000830672387,1.64166694078436848
-0.500822903321631263,2.67323194147913501,-0.909413701656801909,-1.0309099367295238,-0.147383809796251847
-0.0486708502198840293,2.74683601459181848,0.304032551250168259,-1.97686458734821091,-0.33712271009819994
-0.0984996644104357694,1.30208005405697835,0.0617143370145253195,-1.16906254668531284,-0.0301005368368154336
-0.0928460122875630484,2.69942680486329722,2.96287210051899219,0.629414983712336285,1.10097372036432772
3.93723446340582095,0.597232820742628734,1.10062249022668524,-0.433223481947983269,1.7133936547633728
5.11607382730748839,-1.26719903276985968,-1.25743822899396585,2.03025667985949054,3.73081331179686648
0.767779484535445422,-3.10221091262173365,-0.651314424417807514,0.881753819361024704,2.51165736118576932
-3.86836707962846171,-3.73958551187079635,-0.164789391789106149,-1.81289572127718079,0.203266896155073623
-1.84037285659778416,1.64052365119056476,-0.728197093465866696,-1.3331639710231904,-1.65318295258304593
3.71233342342727157,2.90302640265277834,0.487598725736075655,-0.402958782359767287,0.651561278744992145
0.92651543800300884,1.62932047472187747,0.684792862590361651,-0.234199692649324581,0.0256863206832614044
-3.43905089779065287,0.228598344399118691,2.12235901322481713,1.02338710020550439,-0.655580022832140785
-2.14880457995901208,-0.354241718090374913,1.31819577705779367,0.919672786346823146,-0.658621747001333802
-0.905219742027583152,-4.68630558315402901,-2.73241407145081538,1.9075665816642966,0.388914137096963264
-0.916566134003755639,-5.4576621338477036,-3.74763601818128889,2.39847533363869214,1.54492719085103181
-0.00421131726828936903,-3.03856139399693426,-2.47382171126945183,2.27992673292615367,2.92203830971763345
0.266110403943976781,-1.80549060330306199,2.02056448155973811,2.33731169903238545,1.02126498582067815
-1.14598370356104895,-1.93908968279189864,0.770252329583142048,0.000333154100875016242,0.309899435440446513
-0.923296233551614942,-1.57066057278307514,-2.24292588894854106,-0.164964525818919933,1.51875117960153627
-0.323081953572400438,-0.25309116385992686,-2.26273015364931585,-3.00490640072368187,-0.335980842151779369
-0.28023014640723376,3.19708854164382394,0.874676189179609764,-4.00637731071614045,-3.11211461136816236
-0.0226021983426619583,-0.404519007952394205,2.17700077882391962,-2.33447089955506693,-1.62535623778498395
-0.0515854697395986411,-1.70908295093399731,-0.629065545760926326,-3.01695792571699739,-2.79843332403298772
0.185078144142036494,0.134473250177056747,-1.63174406589472887,-2.64919869165254873,-3.42548219775159302
0.108026073765821753,2.77942826716305946,-0.220159980351085666,-1.54587516556580229,-1.90621923069029187
0.229714134205765697,0.788136060946092232,0.111677355808535855,-1.29074188243920185,0.280788564523120732
0.405453233225373966,-0.637856117927645405,0.559186704070255725,-0.517517979381079241,-2.44265528632170081
0.140397351054356023,0.84682527599082591,3.9159924050413637,1.54607808126981316,0.0615376745044486084
0.351520047658841928,1.98004898812868091,4.2507247299007922,1.72104707186544315,-1.53849500435608366
0.141609450985798691,4.44250808674608866,3.88774436189287531,3.07889033269846069,1.62076653702635198
0.442329943323148567,-0.158759919944868322,1.58619026591891532,1.92525827441131292,0.665376732011586647
0.423598157141786169,-0.692122563216100994,0.204628539854681407,2.54864209867190006,-1.24941788676699672
0.336563424926704546,4.06491361826049946,2.14251197948048011,0.870714710181270557,-1.88259113314947957
0.290371087101520375,0.0300994958526457496,1.16806405410633229,-0.84168977494056485,-2.06252904543744231
0.173817507613684197,0.810870905191594216,-1.69148426919391603,-1.83263480840790716,-2.2620958358160359
-0.0440339001572033067,2.65216407177838409,-2.55937336166535401,-1.51326198772186715,-1.62037542871821749
0.154768925444258687,-1.97386174798616887,-0.210002359217170281,-0.0214436084230001413,-0.533526414211969557
-0.00947794382065568486,-2.30837347204469001,-1.95277843659274919,-1.27382996235146551,-0.80274803585051413
2.47232829537100862,-0.469063210642914175,-3.47559801017276016,-1.56414303845838276,0.0174151015647286134
2.3141834184823904,0.673780537608260399,-2.74340563061597242,-0.60921306541670861,0.93068206991467517
-1.53177791987016954,-0.887990427227633994,-2.33022505735604346,1.68273953433570056,0.933816191299411402
-1.49612969391819295,-0.82961832339998498,-1.64854070353537252,2.00027559503445707,0.73627356483917783
0.694935585971164671,0.107910267406079272,-0.524824625230702058,-0.350896805568383485,0.615282665297064657
-1.11608043686611902,0.0907813946032072633,1.08697985323137658,-0.119778823951371807,0.389556670721348031
-1.13784936816045201,3.22006174779818677,4.49765418075970658,1.88714357097603314,1.2477737816092227
-0.705745205214211246,-0.115452885216524706,3.25646149132932239,0.965461878452381073,0.983395269008907391
2.8201441869362367,-1.1954595214259891,-0.819095541328424437,-0.842059294134028025,1.41359665985718119
4.27328268445571346,3.26062251410979265,-1.00328875699221043,-0.448057824663207482,2.8468962695365625
1.48288346852237995,4.15627504445056939,1.04218837457801139,0.520095345251083252,2.10076391588941869
-1.44444093338870827,-1.59216953322367671,-1.86738085254031216,-2.28287385708962676,-2.53682429208636506
-0.984424804329314451,-1.21383533801819188,-1.15332291219063654,-1.69067857699307078,-1.94586512830911973
0.602474495378343078,1.23487567347783389,-0.376820963047616309,-0.717262695299044406,-0.261950782842390872
4.2336500334259215,2.14766570904972909,0.491986406094857942,3.6746490263567102,4.34748878686935214
3.56557459976830948,0.884512521531233498,0.748771317776788736,3.78870831088420612,4.88506431945612984
-0.764079373018273333,-1.64550182338092932,0.0443395924668984129,-2.03280298115594826,2.49118369146045815
-3.71462271562353896,-2.05403503819921429,-0.455022052710656932,-3.25583185496090488,1.01694057656996861
-2.40196270075713025,0.387905810654013805,-0.387152677269793577,-1.05707959080842118,0.514799565543394344
-1.30713428827017708,1.97468285591709969,0.498553109920385651,0.609493800945838382,0.0925909351445008549
2.20649260801928238,0.0864681606873390629,0.4611925399666294,4.32292000701815038,-1.10515657326856021
3.560767396798731,0.80690382285770168,0.721915960434815762,3.52414165487555087,1.25714381119560548
-0.507543937465822492,-1.41891908410466283,0.226582737880553581,-1.97766639434421809,-0.930513616782729258
-3.20876796402611708,-1.77639501682330692,-0.356381983224195509,-3.9153375608542591,-5.08440176474014471
-2.11451027209343234,0.643750546035548488,-0.00638828954145401889,-1.42574670177460949,-5.53778175394021144
2.51484747173519541,2.81480384530780769,1.13704784992374419,2.94975770010400851,-1.26790037437590386
0.693405246577903256,-0.294593216621737597,1.07442202835916589,3.01318968544144905,2.27745335255088088
1.06407237115040765,1.58020529530001763,3.72506857704268546,1.16640262396226735,2.1910342264785565
1.75421267168706096,0.754445961179244784,2.21826220451098877,-3.03666762668342471,-0.310400818486765984
-2.14219796676836705,0.976849284858653633,-0.181338774622790438,0.208668808099883446,-3.63841229643869424
-3.42923082057566742,-1.84383149090637399,-1.08428968584755081,2.7413153912235142,-3.19064129322547751
-2.23637625089657188,-1.80222795898452159,-0.781865987159353404,1.46829009205308747,-1.79687152981134135
-1.60163986399066416,-1.49031762406392021,-0.545430498325047974,-3.84501610884455491,-1.7181822875003927
-0.609816856283075803,-1.0986237123768976,-1.17749634270865977,-4.61984749642211767,-2.054954322936275
2.02743122565969047,0.463539246658404958,-1.27969695421645557,-2.36466247902348758,0.743942722088324238
2.2625034187452302,0.446168374856321326,-0.894274691856802084,-1.44424457772279236,3.15901168999928039
-1.16654809415060812,-1.59380779242658788,-1.17691050993683888,-1.67687514203429489,1.24475057517229759
-2.20684328665232155,1.15953153715619894,0.517019495984607169,1.10475501248386188,-1.44100022067152844
1.59481742899984047,3.28153505819622993,3.14309451908813342,1.4745723701450113,-0.347430088049356656
4.18231743866901251,0.501819891851872701,0.569807454423056692,0.442624674293609521,2.0029872894390861
0.813977662226498255,-1.73521525757289852,-1.55594551060100938,-1.62878557213872255,0.682083464733811651
1.51149140804362148,0.947537117002537288,-1.44666936987384664,-0.411071170388030538,0.415734397416055279
1.38806913630182116,0.00473789023876915877,1.72225097070075961,3.40934943918858657,2.52496764038023169
-2.38711967050367591,0.146117613670112695,3.1038899097425845,3.20172930898743413,4.22834791427037437
-3.52837546287308745,3.09803301728331881,2.76898214143389509,0.668485523286922123,1.98625180466233298
-2.1734391252276497,1.78992681002662768,-0.197192762293889184,-1.44824182206860508,-1.51875653309792757
2.09070067237326684,-1.69986088964237481,-2.6090692983579622,-0.167808694116050733,1.05202368852843886
3.55295700263283631,-0.0192103343407276708,-3.0331535196049968,3.09629031363140017,3.52751562887079029
1.66221994501920323,-0.537421502031586229,-1.87547618746685263,-0.790774076221790745,0.637774105934455715
-2.77403426993875479,-4.36004649369954933,-0.449983749942526157,0.985414932038817248,-2.66832134377390506
-3.86146564922802549,-2.98922244524396996,-0.537613617839643121,3.03374839151656506,0.182313418174136099
-2.30426763680000368,-1.58841933181272332,-0.0289385363970587131,0.547295768400382521,1.90688606944955219
-1.40667436062833029,1.39784637181880811,-0.69769548608457721,-2.14474896778346924,-0.43139239461551121
-1.06592385336615925,-1.43465384552528041,1.0463192086942561,-1.0355385772944159,-3.02639664125154795
-0.64319002369829481,-2.1477550711803266,-0.298596863013358471,-3.13349136797976202,-3.23949792767375477
-0.394078849250218355,-0.815897488196607679,-3.36588422390592834,-4.19415797332086004,-0.408048223989042502
2.49684113510761829,0.591991745148362947,-3.63267206827156741,-2.47516380724650675,2.58614092985981259
1.36680055524451127,-0.122450527648859164,-2.60091229654546385,-1.98047676642624104,0.63772754448709823
-0.359124417924149786,0.684128638497012331,-2.13365900956056187,-1.30019020845118161,-3.06617769403875329
-0.39310784742501298,3.90098727898508857,-0.326468741745711222,-0.0859134117350945636,-3.39330166459476779
0.101678095381949773,-0.440740203640747452,-0.144838311523178359,-0.686825471804796583,-2.16928997334519025
0.350269342853835652,3.00190431042529404,0.137163182707651626,0.617368802554973506,-0.335752716813478236
0.311743654533848502,3.15734351868937502,1.13170910959145821,0.883697663694600566,0.092732435817139483
0.464909924128827201,2.16529051757951319,1.87236130835362591,3.36115158833133076,-0.133742217483640069
0.598019365183126927,1.72626744783351804,1.87439985278556853,4.95865195948432813,0.897933926766827817
0.733469422279433347,1.22220443644919174,2.92067647230001892,4.26028347924760631,1.48934953712745699
0.663257531433544045,-3.07338650436523331,1.63527072187857936,0.718399744610189517,2.75839996891368999
0.576476482474053364,-4.84668288114375123,-0.811416578767499397,-3.913426487863366,0.635103807180407709
0.684077627254578324,-2.26891720173429601,0.805405529014443733,1.90583284639131545,0.0412815951276821053
0.819417942342386851,-1.68135164230185197,-0.576686914229794234,0.456463120511438447,3.18578525405789925
0.927665600312246985,-1.37788875411939649,-1.93003553226148661,-1.70655694188057327,0.945717080644227437
0.650492493076761935,-1.02420018356046572,-1.58479059898858199,-0.588122973703271268,-1.27338698169004583
1.0625882444537047,-0.45282728885063056,-0.965563849042758271,-3.57934222958160753,-1.87726942624126547
0.463115651577008458,-0.262568420724126061,0.175491653859356139,-1.79386295027400955,-1.49421270202395418
0.203172646525546285,-0.207193616608468856,3.58660714772697009,1.1115380350013393,-0.370001324348956884
1.73938518162228406,1.90190032787887753,2.65458037037622985,-1.41384091164739201,0.0348031555983585178
0.553514753817509808,2.82371168932984284,0.279066319483273262,-1.28508720422845912,2.53018459671871465
-0.237234564772563827,3.14326319102719332,2.43608143709280967,1.73969491698530487,2.78435209130662464
-0.335179583199114506,-1.76361400317282913,3.3461118677851438,2.64162145114696756,-0.0853189464484899601
-0.179438863897451839,-1.87925479809204243,0.289780396958305209,-1.82876242255907062,-1.53543582992123362
-0.279270140669844624,3.57721200727615241,-1.58674607078769792,-2.12819334683461836,-1.73351314640984766
3.10681508134974971,4.70094655711868903,-0.071458860551388087,0.140740179642674934,-0.0767612242211684198
2.10602534993231405,1.56876848533779811,0.304213296684602896,-0.489480869875899227,0.809605142325972693
-1.65021781163198833,-2.16425828694973355,-1.08965564136201554,-1.09361825962362924,-0.704050533730729233
-2.20325740944961534,-1.94087387106778464,-1.76817774691300822,-0.986665080934047589,0.660551911693803118
-1.3135072504145735,-2.26188976471063574,-2.04298271568753442,0.775032183055634705,2.78401661159320968
-1.02309491814163644,-1.61018166624898984,-1.73652363276318966,2.70122836114977938,1.10904134319443015
-0.834421333521563335,-1.15220264274253381,-1.3800413991390732,0.562037631665995074,0.482089147592625278
-0.822756690558249737,-0.965808098881740573,-0.724513051676243469,-2.01438129644280561,-1.71613306611293037
-0.325393188192001193,-0.35749028740114891,-0.497410919511884153,1.60884547883753415,-2.1749597691277609
-0.785772450926249144,-0.483018227489073471,0.203092601269595913,0.759053907903263436,-0.00187425210340912141
-1.09111422594817853,-0.145137537782627557,0.129483531497545296,-1.46722587152671813,2.62499724990257777
-0.775951718533289148,-0.0859273754496736042,0.412661907613565082,-0.533603601014458473,0.623263371240062147
-0.518782060052398242,0.111256105407144867,0.732926521694615696,-0.0876934899617183017,-2.75219236391782562
-0.567081567763149552,0.506432131904857918,0.610303630184978019,0.0635467640517668741,-2.90769126111049614
3.35515422468188751,5.76528223252384642,4.54578485370407659,3.71781142955926125,-0.306226838590368533
4.0844462542769131,3.56858831121630526,3.78843125670443381,1.02280306834233703,1.45577364498484285
2.65515616159262802,0.956163297020836245,1.39225922000845692,3.92202639334079084,3.18344410330549987
-1.66164530140218503,0.390964225330390935,0.468914439882753109,3.85818392567207358,2.55802550918951699
-4.18188561760432531,-1.70250508510083853,-0.773348616438320091,2.28930099407008436,-1.05641582761789099
-3.13757601854109325,0.960006766141353163,-0.699250171925224651,-1.93355255183646646,-3.43332841962004043
-2.1006984986310675,-2.34115533619882576,-0.984976977840729906,-4.77099067298134916,-3.72583911363113973
-1.40588750122638007,-1.71173858935700296,-1.43127115049212739,-2.87224192650678489,-2.92573586936614172
2.53705961570654059,2.10327574685056451,-0.443835035711562187,-0.978224082169503628,-0.677448258545537585
1.46206794189283285,-0.170880376914948673,0.131114796009517615,-1.32901851324101705,0.0578345443336778647
-0.0314248333348017828,-0.33037075785026665,-0.249895667915753544,-0.143090087901648982,-0.356016911224549704
1.10845652338158329,-0.853252459849643041,-0.328713371083891592,3.68842514246132103,1.02133814009673785
-1.85417795908026561,-1.75529770238238703,-0.876429674180767115,1.9469682722209436,0.255156477073365306
-0.070041319814677705,0.6711690895098541,-0.291325198301097987,-0.279059912441784075,-0.0953539346411280547
2.00860363946675236,-0.556404395758587245,-0.335180487740077304,1.42377985949890817,3.53372206616383355
0.0440894473636692097,-1.58749169662128087,-0.2446248580743762,-2.52446681835252384,1.69146961410358188
-1.17282693050398512,-1.40940726480687739,-2.60104817538302502,-2.30573470931906144,-2.73188621662865572
-0.709454749116212868,-1.05341937938649832,-1.59966805171861814,-1.4484525467374787,-1.90036706283388024
2.1932238431471367,0.564097500982968514,-0.182977766382219187,-0.934816938016674648,-0.0249857273535407515
-0.463918183625619873,-0.280585084855422107,3.42434817921356771,1.33689864778261103,-0.243101587337910097
-0.833731522936761227,-0.367420901667319888,3.52572299087879104,1.76629632813032122,0.00970455962334472455
-0.823722090464285572,3.72844606433625581,1.93994458924191759,1.18426613609928366,0.019282176667257081
2.91966176940525557,2.50383533094480892,2.48700786696137799,4.22096985661769963,3.20264052899645213
0.790591029515658739,-0.689315136207648949,-2.4625246217349388,2.92236241546977737,2.07771022019958984
-2.37078562563741002,-2.66830929701220354,-2.12925038127625355,1.90424242601959204,1.77289744768123736
-1.61732644223260169,-1.75408874414641347,-3.73903793525195827,-2.91032230906613298,2.88552252671280041
-0.614228532500247892,-1.02020586159838844,-3.15475224599854531,-5.05226096472139741,-0.962093803006889736
-0.674228726310225901,-0.557728760583938499,-0.52536483870270323,-2.41504419512706514,-1.38493143473036873
-0.434862365932474904,3.31485510686540064,2.4562341825744709,3.27582437623607303,2.09952555784309114
-0.219306626339713928,1.02344011392647372,-0.392243925047828457,0.206285391078682656,-1.72365601851365713
-0.148971536465032639,1.75888894704836418,0.589255218817472226,1.18960253123181303,-1.53178713296220281
0.120906027986799322,3.29429689912693791,3.1688101249478331,0.05719454294200714,0.641258699963187073
0.132259350301152379,0.34193395625614853,3.15181976199095937,-0.639495337085850379,2.36817540113641822
0.0762075472579019503,-4.1247719116994821,1.63128890809403293,-1.00402430667985443,1.64674833379847141
0.660799717238608531,-2.99771974081087667,1.28690303710179599,0.221687360634784281,-0.264055254070784562
4.94332135036905207,0.644067836558539053,-1.59201613023065192,-1.32158130358089543,-0.389090111921547743
1.29481712509099856,-0.295135795096602482,-5.97425519873039423,0.820138693577199263,-2.49700907316306431
-0.702411392690525771,-0.90215538311787502,1.31061541323114294,-0.49722236429527239,-2.87753859222052988
-1.32283702754085786,-1.51374865328765096,-1.82341078380890442,-3.87494356002592744,-4.27599425367472286
-1.18460612289391687,-1.64400829049740249,-2.94040714776045764,-3.32058796327721106,-3.91806836137536996
0.28155737015978044,-0.681264259398361993,2.55469270322297826,0.662297609507352947,-1.24567183689668481
3.48576087173967686,1.67008304671635521,0.174674189119328416,-0.223780210390606249,2.78391749469294947
-0.968792525889751177,0.174646628843743545,-6.52677045370892017,-2.93497354508815667,-1.68008955568811635
-2.71307633073985599,-1.42272980308582997,-3.89187293306192483,-1.5763433261640627,-3.91093646787822813
-1.45783543631994439,0.928374512210312197,0.124436539415033839,3.43621325812685541,0.326999857221605739
0.0279925907097908905,0.991832115641672729,0.1344656875309439,-0.414380116161349787,0.262292281506459668
0.655389978565317666,2.66272431344752247,2.75044933864422614,-0.569495274641876215,3.73711582098310391
-0.24915364810681373,1.00662056663188282,-0.208613158379544972,-0.769733233895837365,2.28642923577264856
-1.44741010247216817,-2.30662236724288716,-2.79121667888457159,-1.32385064555888921,-0.475328916497869181
-1.01538938653213617,-1.80696181441709336,-1.02206367911355933,-0.623959862048242719,1.88479100756980933
-0.635241959678218171,-0.71815043990139249,0.21213511993768952,2.41708999490860998,0.202568635737554681
-0.754301475173781877,-0.19083300229062572,0.975371856395944148,1.05767178600968981,-2.85238572785605449
-0.386336028369769269,2.18292912018977825,1.64493777710658806,-0.294755993905941815,-2.95512619115444997
-0.227740529651310475,0.185402573507186363,-0.187298341867288887,-0.343289161174434143,-1.3790963645348373
-0.354292419667027125,-1.21911752407326546,-0.115329498678801837,0.427270795380230661,-0.325781141468743263
-0.195420795824610416,-0.616551192634774869,0.621144284713763817,5.1545767577049828,1.05645116540880157
-0.103193474448764436,-0.121130005034253876,0.963960899203277766,1.63602322049140403,0.482160853646002696
0.455185625567096575,-0.0363545543207222238,1.22945549056432535,-1.81926934711676536,-1.16730849700017081
4.76925086604159354,2.40335343731592932,5.14883093653228574,1.31088917617333678,2.33384790206792658
1.67979973814174643,4.20199794061100373,4.04602226148890676,1.4773311904021289,1.42147871710395179
-1.628780470648169,4.09938312837628605,2.44925668984322398,0.814716063188262507,2.74269021963431481
-1.65889252730128867,0.833094491477815557,-0.415368802386046898,-0.493937548301098761,0.535251714318579874
-0.760734220157179064,-3.1871392435441428,-1.84643566688860949,-0.846711358179976781,-1.77270016449356382
-0.549426179048682739,-1.72289556777145014,4.42137822749235543,3.1056526142141001,0.136658941674046686
-0.743705210178599141,-1.69833437118103658,4.16095688677402631,2.2926096298795029,0.719708273158065626
2.9526636784936362,-0.578496921267459774,0.698976507892449694,0.251824675139465659,1.39309537895624169
1.4559244181867772,-0.058806207133955582,-5.65092782830582951,-2.27545184549534163,0.798312646810117044
-2.31386062215499866,-1.54196415810846199,1.9248440330146992,1.38911817447648156,0.827828925457555265
-1.19603523472035822,-1.52283119941989553,3.19752001678539566,1.77613540477938558,2.40091733984061051
3.91403420106186406,2.64196204565398141,0.433741710605974884,1.6536593390079346,4.54853755539472093
3.34182546228515776,3.48689871563175791,-1.59072939354771714,0.607911786490411554,2.63897285319959041
1.412633835689872,0.38064652072076699,-0.328458208424718734,-1.52980344820372305,0.888573205186436121
-3.42994487696242256,-2.74680371871263196,-5.51680190126965986,-3.65856054152524957,-0.369633549107275972
-4.14565019752138131,-3.02769459016993903,-3.92151155744900448,-2.53573030991419746,-4.71852706155215351
-2.20544071890604165,-1.82482833819528367,2.24679008782484102,0.519371539960787332,-4.14801620870305321
-1.59831541491517992,-1.24273858481334809,1.43261095434005625,1.98712753564010214,1.46609890920739327
1.30465709924141593,0.4658573140564361,0.44503296571890516,2.89687868560464734,2.33374917438060336
-0.0832391223982623246,-0.121562767294433396,-2.36556314354454811,-1.8184032167807298,-0.764532179182452198
2.09749814329849693,1.00424352386473736,0.418744478053195923,-0.758656306120425006,0.528961120836710874
1.70287639572173344,1.64580701651279671,0.551049397016239784,-0.0603620229570668992,0.570019730084710519
-3.16616397779094116,-0.884294660296807145,-0.800073264966581377,1.48951303784151401,0.220337102736345214
-3.67220624752216152,1.55861690996121438,-3.02478875410492121,-1.18317989196448203,-2.70526414279393057
-1.82092066402304531,0.984748516998187107,-1.35799707685185211,-3.25474886705642863,-6.52841248651080175
-1.15220881174351519,-2.24330130045153009,-1.14877344322189767,-2.23269382571293606,-4.87896529586439609
1.72850828768773579,-0.846660621847313388,-5.43962489789095738,-3.73140786400322177,-2.86558369281358072
1.13505166592169315,2.16150061572131325,-3.80044804532884584,-3.23943831926055781,-2.53262284040360042
-2.29393275586590262,2.47306039880663464,-2.48135759288233437,-2.22390767542324008,-3.38968620110718666
-1.69009252554516154,-1.73499130500238263,-3.00900904502515898,-1.65270954206599452,-2.6429877829614794
-0.537396918511671928,-3.2012581925933481,-3.11162559279739082,2.38032806257379015,0.377143721824652445
2.89282386210403786,-0.0244213813462108298,1.39046404922774025,0.0337599416769360089,1.31502824708274324
0.0961307060863379054,-0.433274718433624917,1.06396363282567408,1.86082084896667799,0.770387439783235761
-1.97638330197465084,-1.46516430833969014,-4.28588673876775506,1.14850332566228008,0.821860314023563188
-0.693379643496795928,-1.13617652372456779,1.53806884672781896,1.43959597709206255,2.69264527427535372
0.115689599034325227,1.0485029182423824,4.79163917652549909,2.08369378821317097,1.26894814580891047
3.97596957404245188,1.63533015177478869,3.43104624565114902,-0.0821806109967284232,1.33732129714256187
0.365038329773447912,-0.161755838642662297,-3.85314278010546207,-5.535046256241829,1.10435732525603969
-1.68553455046316603,1.44082352610269804,-1.23733810045654513,-3.38583417337821402,0.502878045639761795
-0.468815968745494305,0.753248405465872906,-0.743755799881859581,-2.51932502177674245,-2.9284910618840394
-0.0240341784817752063,-1.68352015046885417,-1.23310647292183262,-0.160212862551369739,-2.07545861978796964
3.41814309395366189,0.201791729937603359,2.13743413114381475,1.08142919905978485,1.00965845544180732
0.677679324512808545,0.53576091166882156,1.05834819890501475,2.79529917534469385,3.18333595570191008
-1.51768617891558555,3.00753706777128871,2.43941141360069524,0.0293014661455337361,2.41364864419044078
-0.685877682248248965,0.346251558431877604,-0.309590407858229888,-2.97389357602251048,-1.33677720713863812
-0.119361493447261616,-2.57612199233703842,-0.874874065182481342,-1.78682606964760815,-3.04992211348479847
0.0936343455976339917,-1.74228743534314079,0.375842348493204081,-0.86551770249902038,-1.93823363241335334
2.22360110485057128,0.0345528717324231488,1.60553826459655791,-0.0515996293739786199,0.604429848181309515
0.803042599869144058,2.02662660856488674,3.23321560044834788,1.09617119379037464,0.57152991063828984
-1.00776528365501972,2.27055040723801849,2.39730096193204156,0.955228902345161224,-0.39623321521888788
-0.172948460750725841,2.33651318785890449,2.72237806331689391,1.66361741397963203,0.167336878595105487
4.464759912853423,1.17456556131538448,1.79635682456841628,1.22808762071308131,3.82955378263429225
4.27490512868935468,-0.0413617065911375953,4.34954765664887777,2.71295425993203221,5.62287913889409108
-0.00950966705492668762,-1.46553339392864612,3.91883691383176291,2.60969740491855662,1.82103803960585031
-0.820169655936754394,-1.42235512319107182,-0.955845954011630083,1.38388465181207732,-1.53246200821921752
2.25750350157530599,3.02306022737338376,1.0604312606290125,4.12022177891364816,2.10036502271088654
-2.43733503864863676,-0.909715739686926206,-2.35478040621564189,-0.644121474414118822,0.739882755937359748
-1.12416928397042026,-3.50873511541075045,-1.7253160153539242,2.02633118205924978,2.7853390338317916
-0.728721024350438951,-0.976914671679538493,0.923422442716326675,-1.28587061622848031,-1.42604515024503065
0.616940074427625551,-0.115385569226166773,1.81874939470745844,-0.414836130544582016,1.47155242476519876
1.63855173415287902,0.737911638380612467,-2.11712087928606074,-1.52811641471044957,-0.784994931624546588
-1.23287113241265733,-1.02181034626625111,-2.73764461709316587,-0.89269373967984178,-2.11049844057191471
-2.26938546777839445,1.8122970255703712,0.241817749482645422,1.86741857441779735,-0.247597094419845454
-1.28643169225248966,4.82702818436125991,1.4616948219005812,0.909562535821386575,-0.187647301542431255
1.23737225202238244,1.93895271740730024,-0.192991842333925273,2.19252942841458998,2.01960269628868483
1.22455932844707016,-3.82988479881227262,0.628909001253207589,-0.272112213373911116,2.58857311699153803
-1.32571614356038681,-4.78984950387854269,0.121471942323123555,-1.26553194672342961,1.09041087448069485
-0.0141794051355345202,-0.989827004743101146,-1.97811799019031986,-1.43287247049269717,-0.959236671505058536
-0.0908311143392560166,-0.433621716065048901,-1.59132569091097809,1.20322659408070609,2.31504489430843652
-1.10551735208157109,-1.67414802035793997,-0.96354159928212546,3.81678254708075171,0.6482534399026042
-0.803892149745104145,-1.14536395505104549,1.02814858626153427,3.3281390683741674,-0.238515797835207932
-0.484001789937954507,-0.633179591866498082,4.36253226498981128,0.947440696352986889,1.53739296003398773
-0.143258886430513321,-0.113138155905442184,3.15994333531546534,0.979339162978748456,0.670960868300011337
3.25944087591619436,1.79452730828231299,2.3767590056268002,-0.595713217302580977,-1.4123522134015849
3.44700613574748926,2.31762995707189434,1.55265955540275802,0.205845192945915328,1.91316633470597908
-1.18627697311616576,-0.794242830274786926,-2.62662517961466246,-1.67840303103442645,2.27591374970557547
-2.04518081058179169,-1.67077467532492197,-5.55632479971091797,-3.90444273372228778,0.857039775363562684
-0.956959996873163687,0.369099401796245563,-2.60124930503021057,-2.84685320352233484,-0.940865769743456704
-0.626874717567719175,0.207753680445705968,-1.7106300171529436,-2.20555262724473566,-4.39581994269396414
-0.483881735273036906,-0.0903618699565297279,-0.841198713796867059,0.119956824099834519,-3.85674357252306343
0.071995260429093641,-0.0104539758632818947,3.52173826765526243,0.89906451739240123,-1.41009509711300551
4.42757515742893037,3.23939724012101804,1.21840716404533622,1.26619258168698168,2.9005059393460928
2.13020706016680261,1.79450083555701534,-3.8181303379828937,-1.52629884320358089,0.236559394369080134
-0.869905712269867015,-1.04570109811426404,-2.56325722526864253,-1.81194256243870089,-0.259848877012282986
1.26611503627456345,0.91253782058051458,1.11274491880848436,-0.404033644873958986,0.754191679471738818
0.771405604712591897,0.618174817727405901,0.00218152183985477477,1.72231851187230456,-2.119872815484666
2.34280922285021997,2.15638175152103218,0.963125979924367881,2.95555825880783463,-0.591279138999959764
-1.21096608676809736,-0.509372141052266802,0.768547630486947408,-0.191116375682170964,-0.499987600602940341
-4.07415056144522136,-2.39885418937383132,-2.1780454310581101,-1.25838332883330195,0.895415553709543732
-2.62842399064023224,-1.18166726101871777,-1.69879952115875676,2.99962746111906098,0.259986310090109307
-1.74746437223756579,-0.340046310396896923,-0.387129812269348728,0.190273047844520926,0.075691324444029276
-1.77402966696459474,-0.458695821524558234,-0.192061106806685117,-2.12743147675384003,-1.7592358817349163
-0.179207600563588143,-0.243971804308541262,0.0577045368070041309,-1.56862260965443245,-3.03306183818556407
0.461515444773679562,0.286247038340999294,0.248826438150924839,2.18583433702236052,-0.831097043623909237
-1.48487182719825928,0.0615870440112418205,0.368373148927077398,3.65025427355182464,0.780618246860009912
-1.54428554858574318,4.46770444326146077,2.42640935066577779,0.5611011895297916,-0.30366251700253144
0.257015909969357637,4.55439641723630118,2.68550185718273848,-1.68794860535043845,-0.908482312251446378
4.24246403992569832,1.5482190619964169,0.954400720859535978,-1.35156792169167961,0.730788257862057034
2.70895664525977775,-2.46647073712416409,2.69150733234522122,-0.0445019044398726471,0.946719138882057165
-2.29018859944933162,-4.90569832193687283,1.81981100725749756,-0.165895923312160271,0.0644563840552053874
-2.96592357355495251,-3.05629097917903492,-3.23999983032104577,-1.49572207187908313,0.74860373553942916
-1.22916672568715901,-1.71667195856472032,-2.39057377798960191,-1.33139960201259488,0.0100441205922107285
-1.15458466358521838,-1.83577495940938906,-0.566546228143408603,0.863662485257427615,0.1392406574393249
-1.02338446441048259,-1.57946210736823822,-0.607944805611088768,0.321102039184878896,0.570027177191730128
-0.74680829916730751,-1.0367931517351181,-0.576173370729651246,0.869292176135625372,0.82918486098474331
2.23945551027183676,1.03793763917477344,0.361950801039208181,0.281434762709140918,1.57065392151468308
0.273190480152791404,4.08157015971570658,2.0476936589449255,0.176434261437900447,1.90136985110356727
-0.33266125715161321,2.74837123384631665,0.957689768903200234,2.61925287247440952,4.79547851249092005
3.63506692041311208,-0.216963176845578309,-0.0662146024051272486,3.35093824064739465,2.91055924178036296
2.9440451880308327,-0.181717054693440239,0.080441515802847946,1.16887088250738147,0.744969053554953908
-0.0798435581831720281,-1.82767727366980548,-0.694038478862602837,-2.58113958851031233,-0.9516015449534726
-2.96500338704677535,-2.72149302308179486,1.72136637122034952,-1.5066696250811038,-1.29415308138224971
-2.40970685459175726,-1.89735793426438493,-0.694783098915775499,-1.43025494693710398,-0.819480249164692309
0.933881718478480005,1.63825416355874554,-0.198681017021397205,2.60346549203712252,1.64658060518577543
3.73072576959219004,1.85321807319313825,0.448244518454498753,2.96567103643051855,2.7649854804468168
1.50315105388442594,-1.24403212555236964,-0.87497156695219358,-1.25584630151762555,0.212867150316094711
1.5315867884227139,-0.659981695307582772,-0.265931565858686159,-2.94812209012327298,-0.0026731856010080296
0.726986238621232905,0.453288858554521057,0.754422082613354639,-0.364527905200355162,0.202997533876150826
-3.4058085215180034,-2.81363710294775071,2.54982517865633262,0.356291087012388097,-0.795196572293117909
-4.1811616364390769,-3.63583816338619936,-1.88827439958392773,-0.920397862921268017,-1.19930909593705715
-2.67775004697585217,-1.67241261517158701,-3.63789003010004963,-1.28188315569478917,2.21919243607511607
-2.0513679628463648,-0.168934485104303145,1.45518448176478254,1.61043355808972954,3.34738297749142966
-1.51894087298200309,0.728949278085616159,3.85268541500461037,0.514396997498667741,-0.851257281553811196
-1.11894775523137513,2.3257348973156966,2.14163023336512826,-0.247396600316332954,-2.82882324563230902
-0.814736342227580179,-0.416483402516166223,-0.186333542852026995,-0.166370317675570645,-1.7289132457351577
-0.235671933396990108,-2.08148523522311724,-4.5684711793131072,1.84477897478261066,-0.206659169943151588
0.00996145704126226439,-0.875313518538881952,-3.93773315940927393,1.23128260214547969,-0.178072974408921836
1.40141136736907645,0.864682130986514919,-1.66943984691689118,-2.47495384582428413,-1.49712813825432822
0.35998839561126339,-0.09011722068735184,-1.77413630903547159,-3.49823396987895618,-2.13626005476874514
-0.160312202378081192,-0.135045671608753248,-1.59911733955364865,-2.65058090203409291,-1.61165007113068648
0.0661277041094716495,0.391665915969100609,-1.04539075288654204,-0.46032678363109758,-0.846020669515831547
0.394270400667680487,0.509398344160498895,-0.885789949522914677,2.16215005156145645,0.725430555923305742
0.665259496299531961,0.713796072229326728,-0.616960521287825081,0.292033295705711904,-0.240363730986336344
0.561755211710773139,0.738027697549708539,3.34718079514034228,3.38975408037162351,1.38725915336919714
0.56109058088149899,0.779744021543670951,4.09082416373567881,2.53858408293524596,3.96225200187130033
0.617379865488177249,0.779111259648329946,-1.98419787159934602,-2.41291257621108146,-0.0118505995780251311
0.703168141931212354,0.786572499720688323,-3.23015715497801015,-2.7098622243155428,-2.60922339224601618
0.674029914429983945,1.06522854568019998,-0.457628184080558276,-2.15876779410324238,2.19056107102161235
0.662636330796672501,0.891395847472398084,-0.200728172480909822,-1.88549008393555773,2.81040209425637411
1.40824395411575365,3.92503245825034197,3.13181371940816611,2.37607655707971732,2.3680619410579502
4.21475333027847743,3.83124411993971625,4.68344365169481502,2.53757017282973374,2.2792893774545373
1.25449077795445163,-0.44171926357886393,1.07490607312669795,3.22962063508645114,1.4073810972170635
-1.20260708587948217,-2.17473615634481687,-4.4688501109415153,0.966438610647978313,-1.17308056517587911
-0.90203673815052321,-0.272648813095695774,-2.2185363285962878,-3.07584535263124437,-5.5971897298766331
-0.402296752698368509,0.0157420445102510742,-0.737167781047467718,-3.10792581071910723,-1.66274979214143936
1.57974276908153555,0.717281840991305653,-0.438012570371707044,-0.854369481193766322,-1.23761521983903466
4.88655077998259646,2.93255330281314164,0.722673472093321778,3.21660938842963651,-1.05994982417394445
2.71121310060099496,1.80547558065067193,0.332916090084202088,3.03127946161345063,-0.698494084305973373
-1.30717092785993594,-1.36383085116685043,-0.584092692994899965,2.03980965185477281,-1.32037716031635832
1.89809692550553843,1.19627805468031534,0.729682988290635826,1.71195712031332437,-0.260529880654172374
1.99770087191958656,4.20111670915924229,2.29564275876599755,1.41298342850856762,-0.0595067490856700937
-2.2406508842348094,3.06883013004235261,1.75252139111199234,0.784352027749595004,-0.699274274064722756
-5.57619517316112212,-0.831635739888136993,-0.271759797545099491,-0.371964972039896535,-1.42454245921576828
-4.54116701517631594,-6.83297322825383979,-2.18712599024552201,-0.754948392591854978,-1.56437667994980001
-1.24051356974160787,-4.49339042915575337,-0.812633643351225121,-2.21221643889022213,-1.09894242942717302
2.51333980723433115,0.797186057991183694,0.826667020853216084,-4.56454516736303528,-0.933717389748775939
2.02090345816317374,0.408999178838742039,3.55562353054258384,-2.49611755088274601,-0.27826598231710431
0.287758470289587232,-0.81718079348031758,3.90006208489878325,-0.787457881502864332,0.376570559803842297
1.87443859648422495,-1.03239216935517897,-0.819369502338396227,-0.600796430899783851,-0.562078868346842397
-0.207557545911747771,-0.526161618618041671,2.89503437135283281,2.14567534981068553,0.284418334845746412
-2.55255539324364511,-1.13653765566262188,2.49298381723846552,0.884873599575105363,0.69272582987745035
2.818421769589325,-0.0317053678259203719,-1.82193867843730217,-1.55469381540287976,3.1624221967923889
1.0400756835995657,3.24095532336526304,-1.86262510661876424,-1.79693560902675187,1.06569484909010637
-3.42320738670984026,1.52568317237123541,-1.06919437425552388,-1.33517041769159372,-4.51647153666324996
-2.17887855355950544,-1.93371843852328928,-2.18130338391575318,0.480132648499879133,-2.80722392576997226
-0.696535773925469393,-1.82292299831480942,-2.21367929602220581,3.69289421142928065,1.49085267006302824
-0.418633306897553181,-0.908510537720847999,-1.40777838791467103,3.25926670922038841,3.27336783645857521
4.04329678520213598,0.565362333474007883,-0.2614005052286556,0.170254921625217381,2.80844274977564634
4.66985247204952092,1.95767925435091317,0.633422918959666514,-2.80568084716898225,-0.145272147601978374
-0.258193079211124887,0.572379637732958413,0.374982229050213001,-2.94766830730297613,-4.17305075004103987
-4.95837743199888337,-0.281736966839535863,0.653281284138141238,-1.73891367904952365,-4.30853049558289491
-2.11321487181349577,3.32651179946273068,2.1694908476904744,-0.628600997416035145,-0.992829628423775312
-0.468512110221550926,0.296578934200153743,0.40072401850877909,-0.507190702995826026,-1.39648507170703184
-0.488588429052752016,-2.78789302115384618,2.97465896442233335,1.13288303119945333,-0.0346621980411457725
3.87433658008246828,-0.20730012202175141,4.55243900465731333,4.95111044426093017,4.22878255407049508
3.95932679898545059,1.18409755096083025,1.29164182830965513,4.24010332476245466,3.92504874914883706
-0.491407906267365968,-0.123674300424495232,-2.70761578365121247,2.51844632665369383,3.63480497656970591
-4.51980876188546965,-1.50477637263435438,-2.4982637549283897,0.142880970173829613,2.54582886431608735
3.30223135931576595,0.187904121584410999,-0.678128054927598756,-3.25979493131068043,-0.847566368746429766
0.284094034430649067,0.366066480253910642,-0.837970353507464294,-3.76954652931376177,-4.48199622434018963
-3.99769690588408899,-1.21031779543132667,-1.28614827554787903,-3.04501426573011624,-4.85954864955724286
-2.45876450463305707,-0.901650595039672709,-1.0716192547258796,-2.18646980052102036,-2.88929089068862988
3.13168229451204372,0.408272565044075497,0.0282736308752156683,-1.34451363172537119,0.00983608835349260302
2.8575427313678472,1.50064769869866299,3.40198288905884993,0.491112089154140063,1.76706441402981662
-3.24530326097734267,-0.406480028504216273,4.25014090852949256,1.87651536053641221,0.370225511498168292
-3.28885960635731989,-0.88965280899796495,0.915331331296391437,0.950554585009407482,-1.35141987604103253
2.99045263434245268,0.660470257697558738,-1.45249861556419368,-0.355301215622503719,0.125678915164476934
0.385438195366534453,1.73442480918861475,3.26543329844160013,1.83700605394006367,2.08820008847191652
-2.93649687741465737,0.0388611803606673245,0.961243756777283576,4.05608611903343697,2.95209757267467676
-1.40163368909700914,-0.310499459639384634,-3.17003532293345103,2.03799547691553906,0.18932548622539469
-0.315172517147540243,3.72189798557415319,-1.34625061325266016,-0.825967449401174836,-1.99903097563495602
0.206800452326732359,3.5852780387178349,0.31530541700838105,-1.48167048218286457,-0.880688097518637192
2.42054846652980382,2.30236906867289015,0.141704850125210002,0.523438664708365642,1.91079607915193872
-0.57060788437897525,-1.2416653025978126,-1.68300414089747008,2.14618828492198288,2.94345281445963325
-1.18707161994812549,-3.9225248131293764,0.0987029190653148647,3.15473343498161052,5.2247342207477967
0.090117205181831278,-2.95751658958336794,-1.94312591858725092,0.700060144118953342,3.64263120484622638
0.151474937823409456,-1.82980433297404321,-3.00735479328520272,-3.27790880754187652,0.966983358023085882
0.190487089071211341,-1.78439075842415118,-1.98252476101767128,-4.04972951714132279,-2.78261852669069754
0.339416228880065285,-1.22403197546711473,1.63530920561546766,-1.8215580783246732,1.11746306044477151
3.51098907348647993,-0.39811918090813192,1.56239094732435313,-0.363946174654942334,1.63339580116639804
1.20296565170183722,-0.110579370778155828,-1.45187936482806434,-1.2462180779492682,-0.201361010939742902
-1.14618917161583944,-0.598998818700116509,1.63294187684495329,-0.164212511364905223,-0.351937760407243672
-0.308166105735719231,-0.602290004920871036,1.11910572854408086,0.336530494174194672,-0.891480619154539355
0.147078178015412425,0.034814089515639246,-2.62962361028635794,-0.99979724537926562,-5.86987841478668493
0.208571449384696378,2.87237579719605929,-1.13856745542267679,-0.793047532155661816,-4.79866868172903871
5.01075806250503675,1.66581286476251256,-0.531209012974828143,-0.441154367840463024,1.20493929961513335
4.82330241650756797,1.05563657848498904,-0.422878849557580094,-0.0189137532082361975,0.936756656996061365
-1.15502820884151847,1.37093235359487786,-0.0774735347865394552,0.336572931687316501,-3.25416334855022171
-1.50034311292494049,2.11847010312357931,2.71761642557841343,1.71811599948353777,-2.92244751827186544
-1.02833819963860362,-1.18296768009283504,3.74460103310952519,2.97659733312517316,0.618973564228828321
-1.38445844925538997,-2.23970094897258232,1.22433718473741249,1.99872848163749905,1.55756084760457725
-1.76923499771131199,1.49249817655676131,1.9773883095735183,2.05372765675017499,2.89771976707155332
-1.60229823489118828,1.64033627472637433,0.928527786642883157,1.57684093205635545,2.05660737189091902
-1.11878293097266757,-2.3860950104195604,-3.57850583116290499,-0.48294398156326368,-0.844621982305305163
-0.953204985109735503,-2.69338899564957313,-1.41698551737686262,-0.821943290461188525,-4.79068222291559564
-0.638630744830653407,-1.38728080138108045,-2.32507331121612593,-1.07929883787998504,-4.70851370271027481
-0.33263863664489568,-0.958499207180365076,-2.76948776839292288,-0.659756071955300394,-0.786747155786789221
-0.460712528442946079,0.639239089449822995,-1.4227426494336235,3.47786744573884565,2.53736092040764749
-0.241305378775799079,3.09346349533552445,0.608013276206502029,2.72750153716045096,1.44089530821069522
0.0356926359535878202,-0.523142038805579745,-0.982230517934180147,1.6752490954287873,3.24692097586308304
0.14092443686192932,-0.0997789784892644249,-0.580925267923019906,1.55780586627353079,0.668389608444085681
0.0300019031854101594,1.07490482756615879,0.677575321844382628,-1.21142075398927074,-1.71558537792243793
1.83977957497021083,-1.09744600626198463,2.70112906655679819,-1.94949898478989514,-1.24322985417808951
1.75779054788370059,-0.796404209891905301,1.70506258481613182,-1.47793361642538779,-0.93309367321179193
0.092400019852977161,-0.466172537699799383,0.413100730993232967,-1.76378530806954492,-1.24438837602209929
-0.205354772246987755,0.96586988372953797,3.45138041064554502,0.20851497532404889,0.779442618681881472
-0.759333393618531471,-0.472777629295660251,3.06743142686311066,0.697782063910430184,0.922769666555611434
-0.532372145484793835,-0.902551110520971589,0.242261803352278815,-0.179474291031073208,3.7162866954644862
-0.133653108287346917,-0.539911443656536427,-3.83122892756428657,-2.27593918748265978,4.07167534622084659
2.07364153408461283,2.07972930765851505,-2.18914401998845998,-1.75395998866056302,0.91209566507560369
5.29137882980351293,5.06228059222375659,2.96975806550535149,0.438817699870599931,0.150902923934932764
3.35364809234558559,3.97966105669552839,3.89560183205730626,2.10283437434681941,3.19691764849105775
2.22372202947174413,2.66286182355231826,0.692022809641382075,0.949112468112130125,1.83506763487173452
-1.52978630876072752,-0.437703125523240644,-3.20836796763635856,0.54392995622158824,-1.39444081330504921
-5.64884207912114178,-2.19515062167447628,-3.17745957384487676,-0.793084762373884256,-2.73007272439518456
-3.5148298066984025,-3.24783759966723551,-2.75133802420338425,-2.83757188892077394,-3.28844114142093913
-1.9439657013043472,0.973637742592289301,-0.245165359518438153,-1.75273187049792556,-2.45016454055980715
2.02226346873150531,1.26828720646852422,0.528102047427535082,-0.570108272346658063,1.62052214518831827
2.15892730617422934,-0.0423484923980053107,0.139920366562780396,1.17792147117027213,2.65632690661536808
-3.83211104613651887,-3.10445177996227528,-1.63430174058790723,3.32387857646324214,1.08050251268675068
-4.29614591641259391,-4.46712003549983816,-2.07919103347515044,3.02683179514011425,0.148408426317608477
-1.41646499891793476,-3.32395059780467061,0.757474938611047199,2.48645529293657797,0.441001991982114983
3.6312062311504163,-1.06595280419909089,2.68186357563058353,1.62901904644983642,1.4663104156139386
0.945141968613287364,-0.27628551668787471,-0.216590757017068092,0.844216509645809854,0.57788252087149361
-4.42621808524874449,1.70694134019572163,-0.509659524162554001,-1.89868060323437726,-2.34944133772002672
-2.56957719273763363,2.72424051893978358,1.12857310341601513,-3.80704614239261341,0.970238687159150071
-0.692928621530013222,-0.129811308324778274,0.984490249081902857,-3.29858786662924608,-1.30725180845153943
-0.564061845480778201,-3.44031044132693786,2.90355485773055388,-1.06345986088620892,-2.89435635315038153
-0.321701325780881175,0.000821892674075674901,3.13730195100964515,-0.126839767293461803,-1.31258150629022796
0.743891258222595053,0.44330283432352191,-0.16204322497196072,-1.01035669111538717,-0.516611354848595994
5.25338954425616578,0.19905965267970549,-3.07908256596418228,-2.47853185391612607,0.625821045688331856
4.54127384716291083,1.46246032555063432,-1.55707244785800092,-1.35282573684753604,0.816910094761615135
-1.16105616848804893,0.0713295652902053989,-0.244646743077256479,0.275715083473934197,1.56257838299820029
-3.97494901092875663,-0.0670498442063024447,2.13858118389550222,0.887354709875624259,-0.336815980116678682
3.74372735023008207,-0.834616658659403154,-1.28847549914948267,-0.671618837013438608,-1.5528561269174459
0.469844151330637505,-1.10300455956470667,-3.32407355009029493,-1.64899834442140492,-2.36403262939503112
0.417263599912902849,0.83858010224391244,-0.98232085122301438,-0.942926751838458088,-0.629611435186294144
-0.959846847828166538,1.49457368116573064,1.92737699386214589,0.849605193370371325,-0.0598181937328213648
-0.597613268432009903,-1.25375997782607174,-2.08249890501375301,-1.09643714082157562,-1.8121789715329355
0.837268335602566083,0.0377850474247846402,-0.951433147728438233,3.07251170256718398,1.41304635713605631
-1.16410114588417168,-0.73110181847524891,-1.30855830743216739,0.150223799422989579,0.755401932112327756
-1.08590964882402141,0.0328833667191870405,-0.50009457420706338,0.343811759398162997,2.31051831029614974
-0.664160759497004816,0.00235821357956692013,2.6817174081549231,1.46940029702402963,1.43015384787068967
-0.489560597195260294,-0.752000940236618565,0.164603314396465583,-2.57020896874007443,0.431467572631727969
2.2390636708425613,0.232292372523755813,0.958085438730151617,1.74778505240749626,0.615297029343626733
4.10907025972491446,2.75244084415461687,1.43708483245738661,2.73091848435298967,1.21892995802118009
1.86745956388614176,1.17054912822846324,-0.581886785380834826,0.842458605165451124,-0.677640989141075845
2.24531993020265785,1.4285894114881863,-0.0584132125131232582,-2.06714588269057487,0.168884122555469474
-1.58714725249641875,-0.679773521542668901,-0.578802497377293723,-4.83946713056476785,0.492456172145094295
-3.01823367937636888,-1.66129195921173589,-1.06168501314571007,-0.44593867688479627,-1.61466688710790929
-1.94231177563562341,-0.833783928786502204,-0.608913573967965083,0.152201592372976147,-4.27296316164353929
-1.28973604533458874,2.63467547729343821,1.35015627711703745,-2.86845537304727527,-1.08288493334921787
-1.30734741807650701,0.904162189450946951,2.93993841044089121,-1.14187090732886909,1.27138580370069465
1.38593711011577425,-0.946455891246503422,4.59597104137477608,1.13904477474955423,1.2231530671612092
2.95477377718057488,1.14768643308879703,2.83847639275544683,2.76498009869399697,0.600090460693133099
0.571988940873533136,0.282316958034475096,0.623721423699179378,-0.0466246105420024051,-1.11114273713307377
-1.93937450255643129,-0.735959396668682153,-1.59053078930690495,-2.94329895213567605,-4.33736992692966883
-1.92522129498622974,0.592102838504222073,2.41686846961940338,0.665241342351323484,-3.59861813376012529
-0.96425721526077901,1.87079370545714641,2.28066630908012646,1.45644651193240859,-2.07330890332166362
-0.868747600139249454,-1.70629856173727945,0.174518616086171696,0.0632259137908718349,-1.60687828880866657
-0.695961497501559667,-2.18438184947460323,-4.21168975002204249,-2.13885973072361857,-2.06677244415809813
3.91886102072254383,1.02645798212100536,-4.66655836995111617,-2.15433911676739198,0.0881670611527120007
3.22592783227361135,1.80942627888593788,-2.30007493786779804,-0.280120727688999982,3.33884547227822548
-0.307033114455643907,-0.991391592907502894,-2.30727744985389416,1.38011972396540861,0.930281255311175004
0.0320485337883652036,0.236261384445769856,0.0734836491076416021,0.146608820033490961,-0.520955792936427797
-1.8980921651967122,-1.29973302899618304,1.96277676936893819,0.854391330673712757,0.921206139053109108
-1.59616409837752693,-1.57382882990231776,-0.323561761441566564,0.454797938173432059,1.2485504806800114
-1.25454169936665538,1.41331731839128905,1.81084653759960235,4.25410719277955529,3.81742524491102841
-0.722648895163888194,4.34237870112056257,2.5685583928611071,3.01317290845179109,1.93686539263456114
-0.392338821075096378,0.885388148783386231,-1.68006191723613574,-1.21709900492699585,-2.30482658621468772
4.06885200911020739,-1.29790929054040949,-5.47024007601390938,-3.95799093420889037,-1.13480844380057877
1.26029874603967307,-1.13138900261519271,-0.276000191404158213,-0.283237234787309167,-0.348047282750311604
-1.83758315722207954,-2.38502860350494439,1.88679274120502605,1.57910713640414069,-0.36017605637544059
-1.39679564415069501,-2.06869417351006613,-1.50660847088570771,-0.705680251002059222,-0.432218220739695735
2.95484629119141529,0.43385628764200046,-4.46763269105462868,-2.19664589821569667,0.522847911825732758
1.4832331689967222,1.08438421521665251,-2.15247902827298532,-0.770585385884392626,0.628396193395185154
1.76863721412075514,4.16746531268448006,1.12069807688046108,3.94612370551797031,2.94701788448914659
-0.0805309017127901483,3.24168345706345162,2.45766430541388958,2.46362099180104055,2.88641699083912107
-2.16158434522954268,1.2216816201792482,1.9068113394007602,1.30108299724711496,1.35861915289239432
2.40295461472343552,2.14523295168839612,0.122911743053790379,-0.773575584663880877,0.0176897717072846371
1.60163619804159629,-0.258585667470205949,-1.32722663657870443,-1.62481397340763656,-0.534201364711428206
-0.444448822804253074,-4.19450748491252234,-2.54329670019602316,-2.05521795282410968,-0.988053228535448747
-3.40487381338419892,-0.568323717592603583,-0.457980573911444644,-0.799065775911856124,-1.88785501488688756
-0.402787444865385258,-1.02661050910948104,-0.107730656605366959,-0.392034534596936379,-0.596034899959257403
-1.70323360521076217,-3.5855053803666066,-1.79808745037983497,-1.03499913163174173,1.33976916593527617
-2.09601485112091979,0.774261293997452138,1.29480032121321464,0.274751894340725333,2.95180215208570873
-1.37841515228111344,-0.633054731635428358,0.592840918286284491,0.434662643318422304,-0.278112234569708572
-0.934300736948102339,-4.86971545315293231,-1.61050508638052348,-0.522193595670636834,-2.7165344170873742
-0.77859295007769902,-4.13032524707758864,3.2983130115521293,1.22749397175573871,-1.33038622953765917
-0.430470049148589495,-2.05153698754065283,4.11874787530176434,3.22862091671792983,0.185569835474210798
-0.0738635366184023368,-1.35601245595061082,0.0646840695023822299,0.30277968187420079,0.659254469474030658
2.31812842481816483,-0.141548304332522051,0.122001210849412262,-0.759190440707411041,-0.193340921849984082
2.30880148359440218,1.00629342314490433,-0.504831245630462666,-0.579774567462844392,0.23079682420028147
-0.6461275793456146,-0.570029717243723977,-1.96483674120915941,1.302335819492622,1.98484658489502785
-0.862871616410932574,-0.368412705991137179,-1.51806290665634469,0.832935817222980046,-0.341413688408366389
0.018943287462367682,0.413764131231002197,-0.456702400622843396,-1.41685663523105476,-0.0822519917436481673
0.3936995631098264,0.562257576394758485,-0.169444141871047615,2.61007978649771966,0.739511288571643499
4.56649101898785847,3.20218424940049307,4.4924857093148578,1.32942673804795342,0.941266969450196833
2.34115306113310462,2.61493661549614798,5.08098496664859844,0.343515119311601946,0.539871712184688435
-1.1955987631461451,0.319282236225021054,0.0120744040455258994,-1.09346448246949834,-1.48467735962308045
2.46721879997433424,2.40021279766615292,-0.993779333832131795,0.388755934178523166,0.281369758519801894
0.201741545378153975,1.8598264183592943,-0.522516585044187631,0.620919332969248727,0.916882639063123728
1.61161711513653438,2.05985475175380373,0.209055127481588832,-1.78474045475161214,0.208379867782527373
-1.55443898745243381,0.159720927529183682,-0.661103954683596284,-1.61842789221525996,-1.09618587312327143
-2.46462643608846799,-0.426676609067502377,-0.652230875994503578,-0.927085487372727668,-1.7197935399858828
-1.72930766276795711,0.0993906917256998368,3.9240620468088685,-0.0267575405179789512,-1.47266896878895759
-1.09843591047415279,0.457763661196975202,3.07325581315742546,0.158753166398123036,-1.10127307207250036
-0.354497972317940724,2.5068850322250058,-1.00827920410876049,1.52855690587630644,0.0218285570670065897
-0.443055176868110412,0.830699534174411336,-1.53308754225915234,2.53660975949008405,1.14794308250323263
-0.791819211608318807,1.34294238496370122,0.0604005522218643565,-0.222439106724806046,0.539745414411987645
2.02748240706237759,2.53586679400290604,0.203496754445086081,1.20671807671125131,0.728819180100952813
0.498656180997531895,0.108436047963271914,-1.0581618885636086,-0.896724442550608791,-0.530247818222260414
-1.14978296585626283,-1.07767582976630361,-1.2808673158717867,-4.97075504055529915,-2.1067554478893582
-0.625215334036925863,-0.41165789342908099,-0.731231069147527557,-3.62828797191007357,-1.93783295510521048
-0.380250592282930178,-0.229813061060263196,-0.277009596768791888,-1.99171292781979159,-1.15416253451147344
-0.0875609275406363241,-0.107793524417640091,-0.377401298520190553,-0.598870148053862961,-0.536795816865126896
0.220295858188146731,0.0433112393352118874,-0.227764212758902462,-1.26765311456828034,-0.483809769624500396
3.7189014109724452,1.69807344234914059,0.841838052289926142,-1.04427905173425573,0.871256955600866578
1.2439163202901431,1.12343484635751767,0.855747395759927865,-0.387122902897587662,1.90468624156572175
2.42962994105204277,2.75673090878121618,1.25934667600050698,0.162503641082236139,4.16994064023796973
3.5830466020786842,5.51291453542297738,3.93281027225910185,1.90244035284627744,2.10068256010609566
2.51369732651101874,3.34419311719995394,4.39723050788431991,2.34700523469503342,0.629754424454469053
-0.809763773652882546,-1.94042217842654585,3.23684224008435928,2.41594178766942802,-0.367274626963271511
-4.15717788397751598,-5.6071554591213344,0.177971918773106696,0.834351388471701205,-1.80608796494020107
-3.28804422154344334,0.904202507378767062,-0.271636815906504681,0.395877805022792073,-2.0760618416191523
-2.14420282234483661,0.787376484533305887,-1.02457858637962085,1.10733957784171455,-0.716694499877876701
-0.540014782899777224,-3.55442891631252023,-4.16387277370043218,2.88400097296890046,0.168856531058326848
3.2519662280035635,-0.993711524378082633,-2.98252169756356844,-0.491955740141544973,0.586167167363585206
1.05328346178083643,-0.851513687357975835,-2.1529547592145275,-3.03718979711245529,-0.267655012432607364
-3.17540614598190585,-2.12308274161578048,-1.32067704986481438,-1.62422729493324747,-1.93176640100477326
-3.04797129355075613,-2.28019967955400071,-0.251473180453148815,0.216516143380363679,-1.78886633522380722
-1.62954534109232263,-2.9284311292388443,-3.23406267254305124,-1.37123856837673075,-1.51618541508573235
3.09237049609856429,-0.103892721080531242,-2.00908219223639639,-1.05835001166821585,0.537773407173821494
0.945789205114708653,-0.111538048510452986,-1.21284162369382287,-0.468489236541292153,0.540073666240975192
-2.69767904750087384,-2.49773814808472361,-2.07680343837305292,-0.691010202835971366,-1.32605521328861986
-2.27883394125345839,-2.25613700168539388,-1.75805981354305851,-0.518292458110602206,-0.833387001116607018
-1.34044409105465911,-1.13418102777394925,2.20292107450304808,1.4500968139709971,3.44309044989296442
1.59166303147368393,0.102014617461429397,3.10144106395760932,3.366430031500808,3.61482608810561068
-0.854374204709816398,-1.42622183194490826,-1.28255236959368535,-1.23097253324360234,-2.14023386326720333
-0.595076209027478265,-1.29923659430197347,-0.975997758322624698,-0.954388015289314939,-0.803107646585603296
-0.23323593693348077,-0.792154347060341713,-0.671638561536502143,-0.676423373619169599,-1.10792768995854884
-0.283098257860305846,-0.402616129559985825,-0.480050616089303439,3.84130296561550155,4.54487906456610702
-0.0591590654101703389,-0.250944516270011575,0.899398272811965938,1.23238203899151366,3.42188073783580871
-0.0365876453054898437,3.13279315251440149,3.99094905323088955,-1.15445423968249328,-2.35483336079291572
0.0463887030521534932,-0.382707387321812864,-0.41007989836896297,-1.8033189695322358,-3.64838351511984715
0.0725110116692442436,-0.216534976884692115,-1.04253032652737176,-0.962104693543411216,1.72850028761450258
0.870521546378268618,3.91891701967199824,0.894636991339527454,-0.342948976411129314,2.06955496780426307
1.3930230970889248,1.47806556501035713,2.15254186265854486,1.67746456874674599,-0.918619303576012736
-0.116438531889150751,-3.33265829440482486,1.3541779357016821,0.0810721512006710165,2.54339948016108996
1.33124795418358177,-0.470932157259381867,1.35680355265968333,-0.260549365992869375,0.907510102357127701
1.28027278559635826,-0.662326963116721568,-1.06382007781534349,-0.822097834654153981,-3.62460818447553201
-0.888853656355327093,-1.23291974448884312,1.48798871604461103,0.458962558335179405,-2.09551095792360043
0.37384851217348114,0.132622975933820025,2.26996399261671389,1.35804291280306511,0.156247902814571821
1.03373614869217745,1.12539288230904488,-1.67458351605870837,-0.135317811687633793,-1.10767730795685448
-1.03122798374128877,0.751913700107186944,-4.28284861886172052,1.37215222904644674,-0.0582380642130408133
-0.394163162609909301,-1.62099676154365091,-3.29221490838262376,-0.692890108435227248,-1.11962097216173451
-0.520822169327847528,-1.01455511261322484,-2.34126363733027532,-2.56749658356179644,-1.85248817258490872
-0.549585818999182796,-0.233484215609895601,-1.41679472860562861,-0.963610516805275097,-0.540354744219792016
-0.480630341465334565,0.320964299870262981,-1.0576102704151098,1.23080327522543831,3.93205828891877562
-0.234954376213534211,4.17038032142548687,3.74771811398951549,1.70849030443806371,0.667437323559695872
0.856374681366086521,0.3694951641608899,0.0449049420809759514,-1.62056611237504478,0.35535809751777403
-0.262838053072456002,-2.95579914528264043,-3.51360340238936963,-2.11401959268627015,3.40376220527315931
-0.0273744518126640551,-0.662139412164384766,-1.83869181435766516,3.03621823458348672,1.30615168000514004
0.102193182604341085,-0.624161572812435783,-0.753275642417255531,2.55297768562643324,0.267599089458373407
-0.284766313923180692,-0.174939500864763259,-0.801659569496819602,1.82953766158268527,-0.32987359122552129
0.627325792334562649,3.33377803531561145,1.21012188037343171,2.55347982488746572,0.647597854217011104
0.987207880407523164,-0.72202153881493969,0.330887503653604254,0.128052627820571807,-0.49188230964725721
0.4775216166867437,-1.85429691223576709,2.93266070689752567,-3.55082235135206448,0.291446490283529203
-0.879006426638902938,-0.875239775435952105,0.806223648169563045,-3.71595883673330407,-3.15210200407462215
-0.706439880917333118,-0.64857996247002736,-1.81306265807262812,-2.62712920298186647,-3.58305523533967119
-0.209266999184324121,-0.363409344226360953,0.0931324384732611366,0.121855523682699918,-0.808984321276586593
0.0548840468714120316,-0.359308344308687855,0.18774618931576037,1.38247635575919325,0.486242293217435395
-0.249345313320844419,-0.352755125843285611,-0.577278423256316398,-0.237386766335794031,-0.365489067682739699
4.02810797983687774,2.30610812421159883,0.455999744314101119,-3.51901162868784612,0.39378363396875915
2.6793424077667356,2.60799134910767494,1.48564269762965107,-1.90486518331766486,-0.320938410505691385
-2.50035265411464769,-1.58569633541057131,-0.180051883840265381,-1.37735730199436079,-2.27141412296091039
-2.53010268556717133,-1.85349056946636837,-0.462827317520104753,-0.845860740099585451,-1.34231431832656067
-0.824796923133034432,-0.752661217553787565,-0.0467226587775035895,3.25006994214366784,1.79655189612426258
0.0516577160135209684,2.73130562673141153,3.12150534567832239,0.231737632398054172,0.452128565115748504
2.6543360984778821,0.855571262774776242,1.00578241541246571,-2.17419702874366605,0.519082333271644103
0.363833784019465312,-0.340989057757842939,-0.537804953493654203,-0.841023713814157636,-0.41884477252724972
0.357276789436410724,4.00271385137325009,1.69067603143505663,0.283239301578051106,4.16942724485264637
1.38367716577128408,2.42480781358102471,1.86181379321369422,3.52307070357406316,4.53548689578547837
-2.66419167455483175,-2.18972860952288295,-0.321018479695721226,3.86181552273176321,2.10326577976704199
-3.11919426710611036,-4.66751515293301722,-1.73949748372950785,0.541529499630564404,-3.20022843066708473
-1.47773586700094905,-0.273672202068908632,-0.563741793858555718,-0.568201355814680342,-2.71375568595651417
-1.23636978424161992,-1.66565796550168543,-0.263201262400581171,-2.35375932744807992,-2.51879522707749182
-1.1089189862345592,-2.83185820577551883,-0.828730709438081137,-1.84015232465192113,-2.20986789063063238
-0.72499646203962953,-1.97870363018536022,-0.662911819723017715,-1.22415559773042482,0.826913132291245301
-0.694509787040806126,-1.42033480341534379,-0.603702922305003442,-0.747763763686151606,3.48370898945517915
-0.186690731284069544,-1.05968110352625144,-0.216018505066199351,-0.823085567156625064,-1.06683095595711674
2.09662848669971558,0.706491023217348135,0.203290727827399431,1.7014413768081289,1.28234730529461771
0.603796754155712323,1.51917968660845326,0.578428036780424648,4.57620868963212057,3.42040902987484907
0.388274029044361479,4.32992319519916524,2.10652083115358035,0.041016706930760545,-1.55428633940800465
1.47910467246374866,2.0341611488621969,1.38888395927255393,-2.04710500732713019,-3.87954188524707533
-0.97862569301354807,-2.14944012383238814,1.68245288184839392,0.107958861211777335,-2.01118567543268245
-1.13847592942384002,1.39984134489051937,0.402668305397281379,-0.187636556734839199,-1.73230654417860697
0.655449868033082583,-1.20521037869950853,-1.12756633914759608,-0.783632789164453669,-0.660969473821534814
0.111554283090897891,-2.67392397542672144,-1.51666888452185922,-0.49279123873939068,-0.860001151224770943
2.18567564404275405,-0.661185114160576015,1.23893135492907014,0.487897975458078781,1.52257456130097557
0.820507296525458618,1.14885464526108216,0.337763342186090165,0.406280341498660935,-0.615434513149215601
-1.53649004046099469,-2.49583898564913564,0.143067815216948002,2.36869146295592392,0.445135738457063335
-0.453666552443730664,-2.17357033576906389,-2.4891111464689164,2.79792224827165903,2.28177326078706955
3.62838831264644668,1.12611613907274144,-1.69215015299593774,-1.93627466378687396,0.897829534869445167
2.69988136975610615,-0.0297121560881371538,-0.954304661644969743,-1.69575969235357049,-0.0697205505800806147
-2.31230580880972481,-1.87110340823347743,-1.8564601697701506,-0.689796627469048129,0.0407332586152616416
-2.4013764960288424,-0.946337372212159411,-1.54199064765543259,-0.481750510786416841,-1.73513172556611628
-0.440487287846051068,-0.355123332238542644,2.22100039215195633,2.60818262668773659,1.13455639260286856
-0.323965218979798575,1.79730159478790275,1.05090125560257097,-0.217021486167517763,3.78920259897646217
-0.508980077689794586,4.29990199537096274,-0.150735411203758218,2.07450870447632019,1.61102265527449839
-0.204354652216402588,2.48986557729108204,1.4263708542089395,0.28365198875504527,-0.633234446215259261
-0.0877931555573643191,-2.06000633577034575,0.485385564812144121,-1.10347138637145958,-1.37990248469681376
3.21007533731070227,0.825000670256378466,-1.97405689489921166,-1.62873845963554453,-0.210487631959389548
4.39078322433591239,0.628358596550411375,-1.6610909745765563,-0.965987934347654176,1.29221253536523006
2.92532432350588456,0.230396262606276575,-0.88060795179520468,-0.930290051568435361,2.59580477420754185
1.39769264226153256,1.82829789015945265,2.39740606370184395,0.938016616191373886,-0.533376251328643081
0.258472585181986569,-1.12308270891806816,-0.951863863626262185,-0.689832377569998378,-2.69879067191889765
-3.58663096289079686,-3.3611025086076447,-3.16411787557565116,-0.691784283869440131,-3.15992057008998328
-3.67441156422034831,0.0518469097579566662,-1.46608392723374692,0.448746128783598763,-1.66677537250378371
-2.01050917989956357,-0.789139029197255426,-0.812121563548336534,0.625772343390321284,-0.950024657165464914
-1.83321016890469668,-1.98890668921143243,-1.27293199050639094,3.59696423132534271,1.10448771155025005
-1.45083760721961719,-1.13011610042063682,-0.891135878145018934,-1.33327675444109395,-1.04169252162061809
0.457509693585817057,0.606756292767701821,-0.18068078138455157,-2.9122744227748294,1.58939410775942092
1.48443785943181106,2.67322278982646822,0.899377990447663977,-0.768141217898224871,3.66404753266412042
-1.60886544321691982,2.56310038389701544,1.66083294183766994,0.0889076601655127141,2.50862876448469585
-1.70329926743057203,-2.30439698120437386,-0.605636750440063709,0.0295395397333806167,-0.211547954129551935
-0.494615627081331777,-2.00967252590645851,-0.597848182147682206,-1.6506589707546262,-4.86682392896035587
-0.325736126477528143,0.800722971814060602,0.430129159715814335,-0.823465016885249312,-3.17219103838157546
2.27081083786845284,2.22847171412472367,1.584032205009682,-0.191187086174245291,0.0418680532642151798
1.82376286516164732,-0.968130241659328594,0.184352172126265645,-0.410261415113579053,-1.14417118874015333
-0.906141141258461569,0.455994076288221861,0.388390817070726868,-0.244714045921807566,2.31380162248914312
-1.1280099980423961,1.73447956527423131,1.2158607174324263,0.319949644934146793,0.449959906898149353
-0.313395085177683552,0.535940730559731904,0.956034998243443956,0.0928586532125568187,-2.97317278684033459
2.55916871491283393,-0.422658854254538863,0.213208976179985465,-0.124706613002179001,0.23212240903914691
1.30876571900639216,2.78554843526592721,1.86063855630939723,0.599051227789947682,0.450904407455884448
-1.51494925079089593,-0.183851409087045864,1.23855091253238636,0.327035792000579528,-0.497163573600722053
-0.809097207954804554,1.50657946544765431,1.10558523672623887,4.26991726874086375,3.82954194933184899
-0.0700192553771320364,0.484262837247428135,0.721608738611962841,2.60519441757026504,2.91550061665174942
-0.994917457717718778,-1.87011076007590038,-1.55097149453497107,-2.14744079862136283,-2.45016984243905656
-0.794394850146911691,-1.38338903540006886,-1.33642372586858804,-1.50903989192299615,-1.70351705784437457
-0.498632598305079611,3.3565568597691966,0.889579772943270952,-0.443740599020047033,2.99970036850339694
-0.452965288370842545,0.772508804705611007,0.276249110890972871,-0.36027292849182746,1.24823604413046296
-0.185998592146671082,-3.93061359898257434,-1.63109572971497041,0.575114344135103095,-2.29960110208756996
-0.117797000769614912,-1.44759215122743679,-0.985348275190931044,3.54920512855317849,-0.237197473939287001
4.42393012228325467e-05,0.0523988505871657087,-0.206520784885633885,0.930208275097674453,-1.08017173032582448
0.274794947540319801,-0.165988258248506215,0.028083015666193728,1.65273815312593153,0.197889589671370186
0.117679630602145535,3.42210181644849598,1.25259632341604199,3.5499629261138721,2.96470695680172236
0.231730015999763339,2.93389821425925312,1.72040131139136854,1.68667639244603862,4.01516805330220539
0.322790349332925219,-2.59211374230718983,-0.397883884597654947,-1.84536797833796551,1.14805099862168358
0.416054238934125353,-1.45012378869699821,-0.433994891791963877,-3.01117960047801603,-3.97054627082882572
0.423219777708780331,3.67738646952606274,1.78159317278718521,-1.82367684831503873,-2.83673595433679315
0.45747227198342949,1.6099257863073253,1.45622604707633818,-0.572054356625655402,-0.585871142286833901
0.529603379276468389,-3.17603686988990175,-0.660307092465532097,2.10178293907318192,0.579130429584277517
0.488198051340315742,-1.57456400232179949,1.8540030637509668,0.413389758105123462,-0.680147877158635339
0.334582192980670101,0.0794209624649068746,0.0540163944270850294,-1.48830761906559528,-0.810042025600910209
1.9055217949773422,0.638153205355059594,-0.822434786278874563,-1.68301474531078088,0.2326449978713441
1.60322524612466344,0.38182117027214163,-0.110284895129018318,-1.05757356991456253,1.45484003954396113
3.35920014120398447,1.77944603628292408,0.685134310747946507,-0.501747807624217113,1.27846923296534887
2.1128441352072449,1.07266312436844324,0.340277427999773951,-0.279052266002460025,0.417836217526330878
1.96375349488623141,1.21796382312263618,0.416871148209350728,0.149905676538233945,3.35890639604938412
-1.87369281931139486,-1.57286729590506735,-0.525957537342779835,0.0515033356628970124,3.72372697840580758
-1.91269353550713217,-0.550400197940161151,-0.33043130865971887,0.0487690286040006887,2.75328061669510937
1.31619495840132861,1.75794508305689123,0.654586157519561951,0.456149838743747371,2.31530569178062118
-1.59661837585046773,-0.960752867388871667,-0.307709487204794796,0.660892588970696804,-1.2409114397449923
-3.60039727015229882,-1.47083022048946055,1.23178051930630872,1.09411810114042884,-4.50723944500708296
-2.46653848847078816,0.912266293461899247,1.2420285369238655,1.88474834139608838,-2.26339582531203964
-1.67299922265800816,3.17154748137342768,2.58487729456551563,1.64318879976416876,-1.73414349022443437
1.10515765316007353,4.67800071189608246,4.77674258354845982,2.51408616394392004,-0.607241566980077474
3.81644846858288522,4.02708530055975888,2.90510633310514566,2.29448339476519569,1.04643922845709092
0.933222142237872698,1.48215744718058962,-1.6643547453059413,1.9797113626174172,-0.869296759056185198
-0.645638730273844108,0.256083387297430132,-2.23499458316141864,0.88621544859664847,-1.1878859344068855
1.39990744406487377,-2.65829888678918902,-2.20338322392382402,-0.910230594546957872,-0.190413518494489703
-0.101044644345811008,-4.7996142581051906,-3.51878736548324955,-1.42515003508566718,2.18654997576135557
-4.09016129841670573,-5.00229430960701738,-3.6218244020524617,0.728667378285998812,2.2105817569777364
-3.50449179906514097,-3.05117900899159356,-2.52694450018084993,-0.397963604290037631,0.461667044681145999
-1.7741398583487662,-2.37754143070694468,-1.96806374197027534,-1.56529922125084964,-4.00637914502835013
-2.31383705592963151,-2.67054749965782401,-1.81143886478593252,0.884015427881980731,-3.60630998835483618
-2.42412993647380626,-2.0555085020369801,2.45612630739880444,3.54316679016625935,1.37759351919599404
-1.5344530467115236,-0.268800491428456578,3.82187787410472835,3.70238460977570094,2.78922048001739364
-1.09460381556344211,1.6713142810605599,2.53614640744075226,2.18842438536022543,0.19748071460676922
-0.71967043462310698,-1.70744572725114963,1.08600891597543603,-0.985318867070270943,-4.50678459059181602
-0.33377075680556717,-1.74612844711493342,0.74183385585430095,-2.48189898790320962,-3.56556533855150493
-0.0716517695472793092,-0.163546382136985191,-1.10989193543476183,-2.98288716675414767,-0.646259962957739131
0.185912060114353406,0.161318623142628625,-5.66180677647248487,-3.84912778195349325,-2.36659621631984907
1.85145898616495863,0.664650855228406057,-4.67321464696160493,-3.77014558980419379,-1.59685039654420469
4.67775459308596986,2.49627731335478442,0.0790560598708529294,-2.1289512178317529,1.2450562601470474
2.72767707204953114,4.76401496732400265,3.35277750790638462,2.6739427527638564,2.32003169916299168
0.338695167819256682,4.72862612047129183,0.805312995825173239,2.1017613121119183,0.544227776458946377
-1.4122651058354363,1.31198941481516962,-2.36589563979749373,-1.39383332790492087,-2.04026378096467464
-0.941647274468727535,-4.48769021468144569,-3.07074526278438009,-3.24456752082142641,-1.64223068660402105
-0.46614576067689234,-3.38627814570038455,-3.28160183589763843,-3.2901596132838189,-0.699456325627128228
-0.0658416660648434848,-0.695312063683179549,-2.2641713865039752,-0.641860408242520442,1.49221589596571591
0.0828393545199246906,0.686082473522533931,-0.915159176062431134,1.46806747488057221,4.30041517543046492
1.16314595262538645,4.84061945986051345,1.82178869849187541,-0.265010625172892478,0.0991472021444220059
3.84564641499230131,4.21203898487301931,2.55032275577273682,-1.13506250928705699,0.637393783696954763
0.655491236386318232,1.70435460935594718,2.63208085727060936,-0.436203815307352638,-0.283723169200074954
-0.957782021012630103,1.48891083682522107,4.24875839477901351,1.02506617709985948,0.623118876079699957
1.40592544099033434,0.194372025312601504,3.09801187136326606,1.2521993769594395,1.17611019503161107
-0.213501731344585777,-3.85299412384004381,-2.44755221543366641,-0.454177786124651317,-0.591487503001655091
-0.668413577414459947,-1.29930005527379566,-0.061081212637147414,-0.46752327266381577,0.04776423958777469
-0.381460214207343717,0.349461887037414154,1.38603173271603941,1.19070169659547465,1.19786027057881794
-0.159503780581258192,1.38611789237626559,-1.16215410663943342,3.23247083229385712,2.34870346204237457
0.0515504847106496647,-4.14299867190035354,-3.47460255557799114,2.86958066804798095,1.7296125555479307
0.039222790835132422,-6.35965573904629533,-2.96296808437403136,-0.103378368523386652,-0.547165441053892865
0.10924060212036385,-2.00289578336633944,-1.41371545675744703,-0.721471432400610402,0.0203393414081627782
0.127185685598101783,2.16611160659962687,0.690052598764414049,-0.481001304918976302,0.472524422905236829
0.442546229765592158,-1.82644185539887549,-0.680476906426391803,-1.54895610040938636,0.811425787125465314
0.321101832836602707,-3.17154802667255842,0.529174175745063313,1.91808175630800326,3.95195134046739227
0.221259926516980399,3.09373665794780228,3.84649109771561593,1.80074488641410668,0.379058554501942868
0.440127118311878618,3.2782459823587633,1.22866922284251023,-0.983698228064786906,2.28121255845785731
1.5374380415390605,-2.30786929975421717,-1.92738555243707355,-2.71990733614539026,2.78628038953331725
4.26965105686073709,-0.465072962457893591,-0.110583060042612119,0.1699243415030188,1.94260525881291746
2.80099722945210239,0.960889340218763377,0.713986352345356345,0.00340921422079228098,0.418274549045410116
2.62682074334034033,1.19056138853791982,0.916873307586332564,1.54451032594115012,-0.128475447643016077
-1.43171080109931337,-1.6411938350369113,0.283599048090035166,3.01334798444911023,1.18216887204827059
-3.49415663838575652,-1.73878597269077395,4.46737348391080147,3.13131013347774889,-0.000592998662643577992
-2.34319224355520239,-0.0846815912655698999,1.6296797334346107,0.962127681515902222,-4.96770078770276236
-1.51339095667445833,3.21977479893670537,-1.21738093416712245,-2.4580309035055059,-3.54364654559029724
-1.21176735932416801,5.27170216053199603,2.08123868037307025,-1.03904996728833487,1.23584874119487353
-1.13029694302485284,3.84124161970289935,4.56582675251626391,0.344283552283947247,0.394672399698887066
-1.15446734258416339,0.486650304028372005,1.23633235845888567,0.577929800314386122,-1.4437945316679579
-1.02465006903277045,-4.7496913499901936,-4.22638523577799141,1.66831345376222173,-4.12118072544463487
-0.44141244636039273,-2.24797544989618192,-0.777199655627382469,0.245871781856630611,-4.52857998213768465
0.505724989681238579,-0.151531636224693844,1.77947767199567064,0.888526098786663554,-1.98102781843921427
-0.580183449391852291,-0.630316216385910399,-2.11388529092508426,1.11028044511626311,-1.76586609490587687
-0.818098629084005213,-0.801715844930996679,-2.37356905368029114,0.293266131987624523,-2.35408412887592533
-0.484149741738057082,2.99822373679756371,1.67329900737469051,-2.2398477137995414,-3.13095011183930927
-0.427287886549280793,3.67704889313488659,3.22317428807160367,-2.1428391337933359,-1.82773809606316684
1.15335584744458064,-1.382902249780811,-1.81933129499207036,-0.372994763360673498,0.316605870683545565
3.43485827519302056,-0.0724003276479487368,-1.85375806262663523,-2.23417177578721615,-0.122058207277285516
3.94266953675098319,5.08606592161949056,2.10533572103367606,-2.53406468737921076,1.10408482696127153
3.43244524057493061,4.48555609494210561,2.44695316995623768,-1.47489337281235566,1.3979409556518092
1.86996926458575108,2.44780706307222307,1.09023371716353545,0.661440485681056511,1.45535911582744415
-2.20539588521251373,-0.353839479137842361,-0.368199564317099159,0.443441994395893768,-0.455616568666279032
-4.38088461665441553,-5.88066844966494617,-2.96003587016444181,-1.36541718534419099,1.88436747485418521
0.88653577586810639,-2.05456810758070274,-1.72183844175881995,-1.42320098173265852,2.67358708549226698
-1.34313830270004586,-2.19879524510891988,-1.45497972895459715,-0.773410986184690397,2.65541251609524442
-4.23290843609217493,-3.50968571146679764,-1.95533288266221428,-0.595933751151381919,1.64211026199934085
0.0434204319478514594,0.200858609756279116,-0.815807874190087379,-2.3570450963829952,-1.91571604183316446
4.22052572385911695,4.43360853247613118,4.36739647559646116,3.24492544978906761,3.61357906991580791
0.638381806102935156,0.994683222963142821,2.95539157914317707,4.26297093026673313,1.59223654665207448
-4.36505337061796261,-4.0293551697113692,-0.261693407187764349,2.47095446485498949,-0.861979011055969968
-2.23316701985159405,-3.39291048200523671,1.09865275244719784,1.85726687563982451,-0.603997896648974741
-0.448815312949496725,-1.16559186315415242,0.951762625701153775,1.15223384440453125,1.53517479680363822
-0.646391584647995732,-1.14885412481109483,0.264425317503967472,0.760577320537531909,2.51963900810479968
-0.722282576120189646,-0.962807864925858681,-1.17648100735008243,-0.30702198369854794,1.68222050959641267
-0.335311969462560922,-0.433099837540761257,-5.03516049861232329,-1.48918065575413716,-1.72805610634922568
1.60483543020210395,3.70798864428917652,-2.31777948996703742,-1.09099416718727826,0.227536683648135118
0.844121209633503344,3.67510747367096524,-1.0036874614638267,-0.847585941437756896,0.693529413835434094
-0.893379843354690673,-2.70622887678936408,-3.17188258573190351,-1.74409757859665704,-0.901474324265073901
3.45526908274967548,-1.46217122488689455,-2.24950122333538172,-3.63084119042099296,0.278169216805789821
4.43364327569204786,1.76896875402695675,-1.24436195487342038,-6.59102078443297312,-0.270594807163173245
-1.37843183025964433,-1.12161157190247862,-1.53662910646004036,-3.48815854402712322,-4.30436755540865779
-4.59361436460600814,-1.76147937506092145,-1.09468997416327518,-0.731383752512702601,-5.20362279843925535
-1.29241313004390435,4.15537617100496792,2.77211302296699857,-2.01654470681645792,-4.12505033555305989
-0.3593334584624156,4.19517498548089218,3.68447566378990787,-0.435676321049700555,-2.25787318335191367
-0.468353707238133854,-0.894131838393500411,-0.663884472384675073,-1.73086288287056744,-2.80326455679623976
-0.722614816923259573,-4.85954527361573518,-2.23364127617567876,-2.34399121721489623,-2.07891078788750328
-0.153124697517441843,3.53898017897544293,1.36892506741314368,-0.122982394787421581,-0.685531829754099875
0.0679436605014699518,3.43742269775644482,2.43749432901011831,0.539195984568081044,0.239979466828013688
4.51173920240098081,-0.603821260312853658,0.935067731193599205,0.692327211195194803,3.23133724585487458
4.37601650368444428,-3.02100265747229768,-1.06333340391991515,-0.441126280228716583,2.11806002783451763
-1.62587475275804816,-0.680440103476095848,-0.365379694341540828,0.0775573001351596986,1.32741292617642825
-4.44530885204749815,2.37033536612704365,1.33315947422955228,4.72828210705138119,1.07936704686789553
-1.04240964937885505,-2.96347038972177268,-0.946673465651213686,5.0364873408657207,1.28635216225865312
-0.00672478416243070531,-5.54382491028953428,-1.28551376160170272,3.67612865964544744,4.19105959646995974
4.07364716347903855,0.413517818593718445,1.47657064655996195,3.33655778211728116,4.6392600450020316
1.24038937914132519,-0.818628307431822133,0.161343568118609976,2.41613934032674793,0.438820999815737134
-2.20389347678627079,-2.30781742830760761,-0.647409518282076268,-1.60699841182984104,-2.93630735140923171
1.09417893688254608,-0.370722847718433113,1.00690310220789292,-3.49449863958269313,-0.756736633867044373
1.96364789788753913,0.539686555961770509,0.499268444166952596,-1.9119645117173556,0.801918027101343633
2.11387188992577224,0.471416858020288487,0.409776019744113484,-0.905416395213673564,0.389922487905208059
-0.578586857599092008,-0.520196058569932562,0.0615582957181875154,-0.821404554389854491,-1.21842095196858824
-2.04896444552642931,-0.435587573278098439,0.656443230647417941,1.38643555551097841,2.91004774054276849
2.3925443173164318,1.600711838143555,2.06416297081271516,1.47864888726260602,1.91291777406705044
1.58006089905679814,1.17431122913858044,0.295915876290386182,-0.350162007712606416,-0.392009461814667393
-3.84506069763176672,-1.35760133704368191,-0.361872525105251031,-0.648404591395696173,-0.910161493615205486
-6.51981704689782937,-1.27123924515797415,-0.381782011755898099,-0.0710208419614362235,2.65076241419112613
-2.84575990533661738,-0.354076841995933644,1.01377386427876615,0.787439120523466984,1.25680069621241297
-1.65539463635397333,0.026116861007966341,0.741148324620018228,0.99047265459148548,1.65194392224430064
-1.14930496721573894,0.148123608825353748,-0.555061956082971486,2.01072744363430367,1.82823641756973032
-1.21345053750821497,0.335022128537065644,-0.0539413445922969151,0.827812320750955788,0.674646676257973588
-1.07514737439028885,0.357823515662769209,-0.170958747335935052,-0.269567750473233447,0.325115864514631647
0.212833604888546302,0.9511385664589731,0.0926199221355204078,1.88161341338208365,-0.579038149701953775
4.80727573629813243,2.75031503291070001,1.42344217816117324,4.98456578218723578,-1.8641155250728163
3.74409028589456838,1.99947522811867628,3.10770324674910592,1.79983548170270358,-3.17390114229579323
-2.54301769887937601,2.64973402991355522,1.47172503629171136,-0.90375293777932697,-4.5049710703998862
-3.73837323707526314,4.22742501456498676,0.930966566605146317,-0.178627396680319572,-3.8705783836953449
-0.500746034356851943,-1.76379677980188854,-1.25863020824910099,-0.771668435910419337,-3.35297351247504993
2.36636885236128025,-2.87370888979611516,-1.47363793042005975,-1.17757928851522409,0.0815327947433202027
-0.184455724217305606,-0.64474005952198854,-1.17847637416695838,0.755749273048465176,3.38571852056375677
0.598576763806466294,-0.0303306129167036365,-0.879215599312572538,2.70817533957165812,3.20432702951864901
3.28644802455557272,0.44071038046879657,-0.530679444751427365,-0.0162934748204534123,0.926912085257559748
-0.296596358491497625,-0.982859732635716243,-0.921648116994537636,-2.44351788778727919,-3.46356737763396616
3.24493530246530781,0.953909164250561048,1.74520552243693317,-0.971889750567980437,-1.18788390663357113
4.09034575429522818,3.91965936642052393,4.32309973655361635,2.05831930425434351,0.538696002400871232
-1.35055146625796607,-0.77491675547891159,-0.992387764023466401,1.49961504292059677,-1.46016504842777106
-5.22017135608161631,-4.02554602418970831,-3.46247230958698227,-2.41015141307272618,-3.11161070029737452
-1.89929059184959903,-1.30489693577927235,-1.81722752141654631,-3.27368967375318576,-0.828746483123459332
-0.410217645650590546,-0.474715176246471471,-1.22697301971900052,-1.83011993137797302,-0.562711287904918867
-0.797756150540703812,-0.807890122260267907,-1.22166993509377964,-1.43977446870045767,3.2299624108319831
0.200830902956270652,-0.211927357150931195,-0.732027638337299447,-1.31884031050887018,1.15902948595955024
3.94647478377960503,1.14792208299931264,-0.187687550057658664,0.61786993360377096,0.200052071084205696
0.210659077234617576,-0.672590925001959272,-0.67504550833389565,3.08207928804845332,-0.377054251498553927
-2.83561617801896482,-1.12081129836899396,2.51135455576301903,1.07994813256279865,-0.365208512396069163
-0.858032150531025994,0.195796311876073104,3.21223056228901083,0.251535621672117793,3.28856392083718996
0.317720046631574049,0.77604764513974489,2.85296799871715123,2.42115515973733864,4.34122423571443949
0.130717227233351996,4.42991481529863584,2.47979360724413489,3.43034236424843852,2.60117476668486569
0.233021190829978075,0.938119142366951708,-2.47221735672358323,1.17835576574471079,-0.7005472169156437
3.87254587816021267,-2.91336361447185732,-3.26026294244730774,-0.68302956435185469,-0.921441858971570049
0.747670782575314941,1.87454278583364076,0.733080336689243106,-0.0141661175120806442,2.21987632573491966
-1.96915915821008158,2.95652787128948358,-0.54769034089141222,-2.39216045584099435,0.325993458086608789
-0.621018013871829755,-1.30933986462349283,-2.53064293717748923,-4.72676118416145208,-3.54101960733017274
0.253335330588291496,-4.1818582345554054,-3.06244572539405757,-0.181109505329632325,-1.89639839763289508
-0.0951193150554700967,1.77488340772550135,-0.550536366063534288,-0.0428166062998760616,-1.41456202519583218
0.0720337550163992063,2.97463668441080875,0.490595314876177246,-3.70148347538019173,-2.36517117819268607
0.107617240785486082,-0.68166171191159175,-0.822998913791239906,-5.23499640788528087,-2.45660904326489193
0.143598107967857658,-6.30856243558031426,-2.69293559200190558,-4.57965530509402541,-2.03927084982900686
0.344940742645416853,-3.68975716694491451,-0.897315071299183864,-2.75534838962379469,-1.22207112434673526
0.382821277096974111,-1.52934321257989847,1.21275536174314635,-1.11354308823597914,3.13965321180165402
0.240890464162998086,-0.478146120098742744,2.09520242321207251,0.0671388530007483025,0.866248423707160708
0.279092424552977558,3.48422897728212089,1.15877179619968351,0.257413802587102059,3.0088684515277615
0.913557190700516886,2.50384304458679763,-0.632732997036839051,-0.868171415057296225,1.93335178439226807
1.79491746337740499,-2.10094241116658864,-2.11773722521350871,-1.22014420234949728,-1.8774527973841808
-0.412922386291660004,-4.91382653563487626,-0.977558393045153684,1.35501223788327363,-1.26090789419817595
-0.580976634079403809,-1.71956569967332529,-0.193484625194943111,0.773571232352404659,-1.12853986832125441
-0.121478164068444125,-0.837526031783417002,-2.35602138826680685,2.97547759967230663,0.691683531806489005
-0.00585003435870233568,-0.962094792979081292,-1.61492249719243697,2.81254030841225999,0.504566181850483297
-0.105617516380489648,-0.687049013329080527,-0.426267004443137587,-0.897331096135989936,-0.60139509247540246
1.89565142289512889,0.55029436175908919,1.10973661092751463,0.213579185766544444,0.705660177779634856
0.492361679343742753,0.200181549180957152,-0.39032447203908105,-0.456896982012622743,-0.273888790543368066
-1.38271533133378566,-0.268287937499785023,2.26060964805853493,0.191461762017371528,-0.186134668890591437
-0.751492120523121088,0.180476380848793527,4.40810588411181481,2.66162861375329429,0.931551642337582808
-0.229553966002842391,3.07114635247759304,1.09975910112572239,0.520589070767694007,0.0054996505061150544
-0.412350906837257503,5.83008234636820699,1.05107280564056071,-0.463409522371318161,-0.0339925027529913229
-0.540067630083202799,4.19617711792388182,1.06654930480291932,0.357560201900049779,0.125554337988386278
-0.459092945536751618,2.46464505589730409,0.833100223606533241,0.639740932188608058,0.288403570135080167
-0.39534374333063993,-2.53079585123547446,-1.48517659685153602,3.20686519215356158,1.77585254065568821
-1.24893529883256327,-1.08745885702906486,-1.2279070154458116,-2.12391127651498612,-1.8493841656241401
-1.11220942125728794,0.623048822160878757,2.20126847766839395,-0.272517852702603425,2.90883235173283428
-0.799228201023397755,3.13309668861176771,0.493220173455772348,3.30803283458933572,0.405299247814493946
-0.528348910277593564,-0.167880784937623484,-3.04406896798617987,1.3882311296904366,-3.07890287764524073
-0.317917088009522619,0.864163350338250313,-0.097619067498225659,-2.21041344147736707,-2.65325221287304336
-0.203334358511151836,-0.733825431794176142,2.74208933400789157,-0.929249028470856331,-0.593265411614317451
-0.047908998081980278,-2.30962462045532968,-1.25023896767085829,-0.845765426404456511,-0.821429211605708254
-0.130860920673058934,-1.57938053178823523,-2.68637801841714108,-1.55694216549849807,-0.987401502071849624
0.0693434579204110363,-1.38166777881265834,-0.185626627036145603,-1.1927135494990686,-0.0250610285054748347
0.413975323354739577,-0.797763810554136032,-0.310315765351442951,-0.614934660889373097,4.91149964866010702
3.0146635140740714,-0.0734051570441580647,-0.364779237132318024,-0.133917944581707582,3.5664181147016758
0.299420817059569633,-0.101657196140007122,-0.198336061584963502,0.070248566526317946,-2.53011593602344531
-0.970105371871522237,-0.537603339456419693,1.04901532892124338,0.445660381210698953,-2.20886894310388726
0.422520767235024242,-0.0629348415977876163,4.84588787410332777,2.85467095949417526,1.59430093904401393
-0.171235159699163531,0.888462355956717076,1.53636363799689368,2.00004755465630391,4.94761248162267453
-0.189027165096536109,0.212426630081663514,-1.18665692361484809,0.853543490291276963,4.15109376070600877
-0.107402577524146545,-0.272264782284734164,-2.26729096898040039,3.38493504757792385,1.37773006301666356
0.0336030692163346717,0.058815148685087637,-0.67032242129587416,4.34647585531765657,-1.68009818256862076
-0.0472747948907581844,0.097394721682898977,4.02609996511308932,1.79492744177784114,-1.76469704583067788
-0.0214087281899722343,0.324724325072234921,2.7004901720570591,0.0549047516950077405,1.60288042869887004
0.158986004926351565,0.284909042211944019,-4.83091914426245239,-1.5350352188788392,2.94591112449458281
1.86668904264810376,0.585230083220730113,-2.90557969024416574,-3.18750431435236514,1.24904084837555196
4.81878843076356933,2.33787836198574395,0.518464937852631147,-2.14147053619311789,1.92532924097594416
-0.409329966518501898,3.41750664400403847,-0.0142863975449741519,2.18448688284850601,-1.55585138698008496
-3.3457248633433192,0.185282586638739116,-0.549502142627217638,1.4034392928102537,-4.96715220456262596
-1.15192073773379122,-1.5261062306800266,4.38251197223865674,-0.379108168024495984,-0.397140548420666872
-0.626726577419588704,-0.777858885513088572,2.29528792877402621,-0.423808303423662769,-3.34628410483566485
-0.894940311843047454,-0.509451322689711938,-5.41244482297373164,-2.64747685307523239,-4.85413847504515239
-0.728404315101508715,-0.301433312957379518,0.950347296073701053,-2.10393727641660133,-2.30591421036501876
3.40699058801627785,0.57658875792570452,4.49871688425523875,0.975673301336025811,2.20975804505127149
4.30679161304812386,1.49743958932019705,1.56366970188026078,1.11143883179176228,1.90582983891957336
0.624322251453078625,0.801356854212622927,-4.22116531753073687,0.92269611426673781,-0.108694224607904538
-4.74527830619996571,-0.912240745329473413,2.80225840210098642,1.81512262760203202,-1.35793568362875772
-0.106760962915599486,-0.807176934024166126,2.40195837695477232,2.84183713331894117,1.21422342259384908
0.734148210787550326,0.392220517139869829,-3.03596852483665591,1.4446798113670567,0.790705704325003422
-3.35268356671798129,-0.81733727496639863,-7.06528991152946784,-1.01112529300470366,-2.1962592880176186
-3.16547427557954908,-1.0077441201595303,0.20102842175662286,-3.72176405291458678,-3.00527404571488477
-1.68323937575831306,-0.674858906751469201,-0.648335946896594906,-3.98018031823506258,-1.80780792888902164
-1.50964167386422798,-0.59800477516837125,-3.67448480136983724,-1.82117137293316622,-0.274804223763450206
-1.28000995301379561,-0.551554868683250765,1.79657952607455518,-0.843854300804114166,-0.396506773174544802
-1.04522478397550667,-0.223229124258397471,-0.857063204459513339,-2.79900857968103667,-1.05684834153410101
-0.640342343902848832,-0.284630789490313285,-2.78679717873377308,-3.48185534976156097,-0.992131679831546709
-0.737649261459108807,-0.170476358356388191,-0.671829054904254819,-2.3932482750615689,3.95258930854459489
-0.395514310663236446,1.02917448784135601,0.861982309966651594,0.994018144008555038,5.43098113804423566
-0.0718028257464722736,1.4813569281055563,-0.258921237838451168,2.59300474707161976,0.796341112438989085
3.52159480436806227,0.147651051522433685,-0.502571785963013995,1.03919710733220683,-1.03388799171205159
4.86643024861440576,0.909597444222961848,0.606856133217401172,-1.54389079230429549,2.4160706499421658
1.35598692414256838,0.586805975900812071,0.54617764569807592,-1.83778879989757749,3.96821055268269829
-4.16820238174327695,0.280951368163487814,0.557637841350927643,-0.795319203552600884,-0.711031453312749528
1.2488329965993028,1.15997302155314186,4.84305212797779916,1.80394321237233024,-1.64403872127306649
3.87078021568785591,-0.0264961637986664868,4.99980878811380336,3.30377047143933833,4.05119252057902024
2.30006511854511864,-0.133178306004041902,3.07909046442313983,2.6925970483327335,1.02815475370973552
-2.23045528552132799,-1.16594549090049115,1.30862176847721856,1.59953436844433572,0.0105314542560351124
-5.15383999827803141,-1.80603117180548933,-2.90029359421675847,-0.484059431800561213,-2.97251826456166723
-2.99997605352302443,-1.01758149621546634,-2.75960325502893467,-1.20223646438193033,-3.56001846200781946
-1.88842865368009982,-1.27573592284243476,-1.72245095775934853,-1.03758538961505775,-2.81725915045337905
0.429409125239985257,-0.989984946666339072,-1.64729426166659776,-0.707555315000159224,-1.10239251705367836
3.04421932928337391,0.400497702822333546,-1.14932916495459314,0.507778274089599746,1.35903349925631423
-0.838165958613186546,-0.408079192431357929,0.245441057949360081,4.01941638317535599,1.06834001725297933
-3.72148925333901603,-1.5432781203959347,2.29414457765452218,2.59084166155783846,-1.54766825595808122
2.83604799636078209,0.0321586993811304733,-2.1536265632299143,1.37065325379789904,1.50672368218097663
1.62003185409151573,0.612816284518771459,-1.66716746128673621,3.60550615281741171,2.06153011121791963
-1.49757385457336301,0.903819979233140391,4.3840725198643451,3.03763836666217335,0.775314311212615515
0.461631523488154893,0.828617918959474009,1.07202585404868733,3.05793101792224897,1.13007966945598382
-2.53871632169249573,-1.24330186947192534,-5.44007710244403508,0.353711162528294265,-1.16775231061446672
-2.70965387726431972,-1.07905664439104521,-0.986142832794349,-4.16694349899329364,-3.54991779614631842
-1.32002700454038635,-0.70954543406245596,1.25766224698678974,-3.19035166796419523,-0.847900372941555736
-0.986817466019731082,-0.756468112092521849,4.18913906762764476,0.767558724102153755,0.374734016672354453
-0.564154247826426536,-0.524191070838878836,-1.24766344887783931,-1.89591241477976946,-1.19389501010939725
4.22272265413468073,2.73448276043696437,-2.01944163643425201,-3.01774192593341528,4.40585692976759891
0.4458613478011208,3.46501025318886535,0.973329564607048892,2.02783902081527945,1.94243954931941487
-2.61823361895164064,-0.578803546406426839,-0.794687978832379627,-0.16488627487931895,-0.593495179116291571
-0.79775619351605509,0.410966760594263625,-0.339236415026986038,-3.07880177855326087,3.45741063332114518
0.0303755594654080002,-0.298108124264302943,1.98773138532400506,-1.73612932187262281,-0.0372657192959584202
0.0581763289375793607,-1.75857612481528536,3.73392854730820156,1.67224508085681012,-3.12104802982463259
0.33969148865885529,0.995402497233017547,-1.53137215919588932,-0.290664274082556129,-2.69568115336982084
3.84391921411257975,2.69557878883727398,-1.59621812803684371,-1.84911431181778219,0.455972938040799469
4.84283060954030287,0.72336637234441592,0.219375236325098061,-1.32979725042951791,1.24620346966031281
4.08026391618528805,2.97410089423352098,3.61767544963332632,1.33237390786559518,1.7172149554437055
2.35417869422117398,1.48139542547351644,-0.899942664426150896,1.85121177201986753,3.57458431009967947
-2.55743827232028753,-3.16400299197815915,-3.48396240469704521,1.17430597657108216,2.84053686950955564
-4.21609368235662352,-4.74997026109844001,-1.01583424056964744,3.71566437705205166,1.55756425677989174
-1.82667344518865638,-2.90892972841621456,-0.217480941612794604,2.83777739443932964,-2.59976198474233833
-1.24076524491807527,1.09442717292567648,0.274624837466121874,0.0633374828163248971,-4.61676583069377866
0.921559381833889191,2.0038882290302813,3.88119244643435524,-1.8721261810193961,-2.03957286655672076
-0.389407628576510401,-0.0203147292300824879,-0.383105377254575608,-0.708521012953447715,-0.298555122753088098
-1.78667216135615536,-3.10034473416927403,-4.04604882024496604,-1.38133642136654244,-2.81323197671395198
4.01054491417167025,-1.49670951053593648,1.30364342371259156,-2.25349875892158868,1.98609775661336929
1.99677239316584387,-0.392942704088480088,-0.0521141345575168724,0.239373367572255524,3.88669101427786368
-3.68727282255211763,-1.69175600575924201,-2.0854430557513246,1.73691209616934406,1.80319810888440335
-2.59777997012694994,-1.74009403248232775,-0.427157936926860382,1.0577992286894542,1.05828900040964013
1.06484664435402632,-0.423756072660173788,-0.148181108556760893,0.991267687778600859,0.434688478161194658
-0.848164960577378224,-0.476802807663637696,-0.284442810802258583,-2.57471091643716266,-5.74061889679205262
-1.43079931714796427,-0.427382294437453236,-0.0970894906805391533,-2.48492191537176144,-1.27310344155902078
0.0552325286038967828,0.368194009552332835,4.4228510442750526,0.0913632850104428296,-1.81205187919342769
-0.0106202337008847597,0.84940440060337119,4.66231283086074644,1.08525978774463594,0.207038938247829513
3.20633968551239779,1.07199114188831834,0.702000307811631585,0.195984185573547243,1.80681812876080761
4.37721786471552665,2.23124188351543618,-4.03468479627394494,-2.07989895695036875,-0.974168958695484255
2.98909531746701873,1.87023385878499759,-1.64088121004607879,-1.53829415622242038,-1.79554327264444824
1.846141543793415,4.551288600728844,0.666037267515305009,-1.03786676089737617,-0.642533140544247816
-1.44717482865597202,-1.56704059453227185,-1.77437155350908204,-1.50365922324621604,-1.93001199121860845
-1.12010449747005314,-1.35837734272943411,-1.26418680476485124,3.05899862266132549,-0.374685067385487292
2.80810456249398888,0.907042877793213353,0.045929258595946279,0.932785159071632064,0.635674190995670685
1.4071250754674014,1.25598498547683857,0.687833908878092926,-5.54963779358625686,-0.399134073303179682
-1.8775889372045047,2.85072999276951178,1.37731152396861911,-0.363818952626664582,0.568669045176861898
-1.31962987281072186,-0.812824300518418252,-1.13474969317468211,0.711493508690248078,3.45159686039302827
1.6991231023740403,0.657186422752776278,0.284674026559017801,0.619779589455180302,2.47214172631370888
0.612708278382863902,-1.02953161513935187,-0.415042569442519771,5.31676395771769439,-0.605531698504184424
-0.520960473115506195,-1.86832011155935773,-0.63031482957007734,3.35034388755081913,-1.16301991760847212
-1.33873467572958216,-1.69229461681747595,-0.46566775988121939,1.05129147465397654,-0.814699929066179052
-1.06911911669448001,-1.08096298004912361,0.184738732682497353,1.23797151377341175,-0.783699705738354124
-0.370482924729729435,-0.697528279589802458,3.36473694061744322,-0.678882449293671808,0.346888321834260827
-0.233588129169494563,1.31961692767425909,2.21915963455977661,-5.31934619978208012,0.872560324009438615
-0.211067613946454902,-0.268196625988120219,-1.73777207202926642,-1.80890421579506078,1.82170056100462974
3.13832714026519755,0.911156731865152225,0.30287349955972237,3.47472189931835729,2.24751601367285891
3.86263357005922181,3.11653503705219315,1.95178784118855431,-1.99815881435500842,-1.27253481181481254
-0.737522215743840692,0.440874215377477563,-0.100321684187389334,-9.99553250977200136,-4.54185338045853282
-2.25356226434242934,-0.533518297107768213,0.185748833043432426,-0.799405273877472844,-2.56669815942998003
-0.932451660731345777,0.445222277022909285,0.505102852347118381,0.74428500345997306,1.99873881441006951
-0.360554469203822281,0.85073572551743204,1.8551211574090134,-1.74758425887806368,1.66410396326856969
-0.52010506504282894,-1.68788932585897511,4.0229113250893187,1.90235921540698127,-1.47623789956715079
-0.314138817851376206,-1.58320427118033757,-0.0201769607313639215,5.47686006451741125,-1.87835944616452366
-0.210701191289564216,-1.04538814108957334,-1.24734820331662388,-0.418971410865766225,-2.02944812630444638
0.0889473062815555604,-0.706385111714182723,0.25729838362997598,-7.62702081292181422,-1.98804604261267048
0.129663005806889275,-0.430905139448832464,-0.532904772564499529,1.46506729154280313,-1.39576452856622724
0.167161392258378116,-0.301076585964778487,-2.43441735505523438,0.880203106608192121,0.276902722677929647
0.285914088108780273,-0.143705332890805004,2.730932211195646,0.834923920711717615,2.09242557093482739
0.406236580995831265,0.305058059614288557,1.24679771809591311,1.22853113542100401,-1.0277304933379745
0.325427555569792082,3.58026496033063557,1.06298203746890407,1.49015139333965063,1.5003918312493143
0.545951751812485897,0.702051414223086256,-4.28429643797111304,-1.02425468500799144,3.28599016109817477
0.323171917605018955,-0.0483340509987527714,-3.8137649438222887,-1.50109113381393833,2.20674401950115762
0.387080839298879154,-0.193710383731632851,-1.73179946146478358,0.821946046916791406,1.65268311254117339
0.416223031009706368,3.57497413322322144,0.796745380910172329,4.8496831322409184,-0.384836819599126134
0.259547846350433931,0.923645536393247202,-1.6082530961613275,0.377860343217292061,-3.30312296370846958
0.477569016750401643,-2.32766210675777785,-2.79970608025518253,1.27694675012754089,-1.89727931520424287
0.29589844885379013,-1.95783837081639733,-1.46990283882631423,-1.49376074434495321,-2.10245895669144778
4.11755023638885476,1.06594030260329942,2.46684485545215093,-1.48847788563917449,-0.143689664065823841
2.65301498876730379,0.860739476853896623,0.895451347390458841,1.29382181064569446,0.109789157315855146
-0.0117194284016261495,-1.07179565415279887,-1.50912823271180074,-1.05352747730838292,-0.861861739453920417
3.01455436041906566,0.697085548848225156,-0.0640627171298131931,-0.885751185047789047,0.883231557073312024
-0.0600087585896988962,0.247920699512775067,0.429774345331197571,1.66737288858932287,0.315488922071944844
-2.41483885275412202,1.80152043342360346,1.25714731731461349,4.13649566648546863,0.28876760010841368
1.99403589252706626,0.165021965734039155,0.21113185771622639,-2.4646770338814985,3.2110875943785917
1.96429664185441588,1.27199301011140764,1.75729405371697367,-2.83594955585507469,4.0939976904283073
0.787077799549661616,2.30036753093510482,2.2928593845721541,2.36072196828231329,1.83908938825000901
0.254918017815972231,-1.01948363090855643,-0.578078985790827282,0.0741707518808348287,-1.17744713602899176
-0.929601878967176276,-2.47033038497794566,-1.12557983293336905,-1.95548565481856507,-1.14243672518456951
-4.67100105016579015,-3.81460281651549904,-1.75490017270276399,-0.0446384409727307863,-2.16444076332036106
-5.66182065495294484,-2.49064124501311968,0.0196724990922168691,0.126418653726793673,-2.2368173254353878
-3.93060599727052207,0.0747075849354404964,0.746358372926473224,0.39165547566195974,-1.45178595013061895
-3.17399513791092769,-2.02494357939276881,0.250115396627661857,-0.346021008517888584,-1.04077509059106754
-2.69817965285295447,-0.417363395217800304,4.2584024548660242,1.84682970157371518,-0.203944237321857458
-1.76942360942626808,-0.183540893879224787,3.80455521586725309,2.35365672165480522,0.509740181617203247
2.34353236918093488,2.52454233706190134,2.72414357573673049,1.6114029314749625,4.68447584755066959
3.01209466677395099,-0.450861246275714334,-2.50819652330176801,-1.43438156123462313,4.08001920975341914
-0.105883142177901179,-3.04291371364144325,-4.43844060883073421,-1.32992974492059091,1.79468478987945224
0.151304124847286392,-0.333824720565679356,-0.508483609191517694,4.9933530588152335,-0.518484830922730122
0.389149113544974279,0.660094242359525185,-0.321432959371430127,2.45539040954082122,-0.657704963594318071
1.72294428450811776,-1.10319380639355646,-1.33395497274196817,-6.6257940661940351,-0.901694066089661073
-1.30863040765971217,-2.65979601344298144,-1.96513559850469632,-5.19066733017194348,-2.29485526693319386
-2.01028384676982741,-1.99653317400395602,-1.41203054491002722,1.31174096489440606,-1.99683645014965094
-3.17307128848282982,-1.94411507773907011,-1.24887107434826738,-1.70804698423738732,-0.945815131408164089
-2.30106177375040222,-1.41002470606107422,-0.642476463919066765,-2.48268171214275979,2.08507127166582773
-0.581291568143888826,-0.489479753665498118,3.61812722896492689,0.665098271249447315,-0.530608541343888351
-1.09259290542027165,0.936903183327176148,3.78553369771925485,2.28507694314343102,-2.64567819409672467
-0.665207796305321342,0.858614307895059992,-1.43242641517233582,-1.43984650531994629,-1.87905417176888823
-0.209217289207035861,-0.0619574730196005355,0.769979667619282271,2.47466376455270565,-0.547522781580554341
0.258115296503897085,-0.434014027739582864,-1.68432663789373671,4.28160434936741829,0.463239612564578018
0.351068129033441201,0.208684998280401435,-1.54202132659192714,-4.00139833996248573,-0.970813497650643509
0.733842727621499824,0.680477182293463989,-0.784408190553222306,-3.47976619159414291,-0.711272795686111126
1.32347825135501806,1.60400024835338151,0.702080076826469335,1.04627237907721193,2.71784858496190074
3.82807931461519368,5.32518946517584446,2.26173358336052654,-0.460439110387508344,4.02828077238189852
3.86022502386833821,1.91025295823931396,-0.101359527919882716,-1.58075966512730992,0.799175845894517844
0.381582356317525684,-1.29645990906006858,1.6883528703462003,-0.525015919030173084,-2.94334967701272276
-0.630382824389353447,-0.539256203445682591,4.33951842453097392,3.27308241122762666,-1.14092359504763752
1.32142082294912822,0.675522998875416447,1.6101360465502208,1.15464258506803996,-0.260722872154028618
5.1719336974713217,2.51198313559734032,2.69229597997500036,-1.8804607660624264,1.40856815208064634
3.13233127175529269,1.30413215332432531,-0.923960096369167205,0.165756796363817682,0.873732641224981177
-1.67104355883929401,-0.716689318246346185,-3.83866584944469658,0.794747847766055449,-1.27978452042418067
2.0288261473190472,1.30591846378728937,-1.83260471734857466,-1.24193905414118921,-0.239112527954250476
2.78017016080633894,1.58256649422488049,-0.612155131475607295,-2.43496564917149083,0.407898436745917914
1.48995487968200457,2.10683665532961895,0.716009981065983792,-0.0398969262924152024,0.357807043943934755
-2.22212804223033533,-0.942332914878936445,3.11792374912998937,2.89429644943520703,-0.827416506772049476
-2.08884536546400135,-1.17762693243838701,2.59728654471719489,4.48895310578929774,0.343032811044704233
-1.80888497074856125,-0.908325924474090551,1.49677870788886813,-1.7741160178945794,-0.490595161194050278
0.435953296512670119,2.40702196606835406,-1.26753663771360636,-4.54353880682496492,-0.516337442421014314
3.08784146327446241,4.46055774995944088,-1.1559291318769338,0.69499174606217462,1.08420277852225211
-1.14735080420467606,2.52246390144675692,-1.47386414149041634,3.67733584538411362,0.515470724112384149
-3.32328243637435206,0.333413960099543272,0.482478213134198419,-0.608780797693246001,-0.714871859110150609
-1.92164331905642394,-0.677119829475054558,-2.02691241634578567,-4.60357564898780147,-1.07370861476987645
-1.02180300508302246,-3.85431177915371315,-3.01895160636978233,0.171761560006041536,-0.456515916821326473
2.54562568862475791,-1.67787560906310151,-1.45910838152506694,2.11871346545803441,2.88553381706089418
3.77124999821051432,-0.476454259274999181,1.06011122730582019,-3.17654804840056704,1.40854329460350947
2.51645120871776173,-0.580350655559473516,2.42823380019666413,0.530984573192849751,0.554479385727081109
1.62126209351972506,-0.775280878279129171,-1.16168981078195332,0.84011219538811055,0.427306129937202628
-2.26224713669338673,-2.71091104096052282,-5.68058848386277493,-3.29096250174676586,-1.47612223561557321
-4.28397926266377471,-2.96828899824011705,-3.17726346928862169,2.86951542718800079,-1.07131411849429758
-2.94192519460215474,1.14952182734653241,0.666531910227862623,4.93490883684820947,0.40421796879922417
-2.15408277710230589,2.27685677057776426,1.21715236075391031,2.27220240231274495,0.234443210163227778
-1.59717834368762901,0.383462299971296994,0.602841372417310839,-0.602650906763369631,-0.454483962111176421
-1.1646220019695781,0.119105951419662764,-1.43106107447951758,-1.83509062913061483,-1.96478170598290602
-0.965828878608746555,3.68011094950988005,0.293515826658452106,-0.570314232578440272,1.14732046186914194
-0.607193969328464922,2.89184282073055998,0.391359229453214608,-0.0253219509040292501,3.27281372052951891
-0.315690374623943282,1.2845011259975907,0.0285350737941905234,2.08203513662518347,1.03182470257764369
-0.0589781917942727163,-3.48372899094099742,0.178210537054277335,-0.255060121744294266,-1.94801818494040457
-0.187632263013183087,-5.50967988476539094,-0.461508677754003616,-1.80567959843310311,-2.35547620337289798
0.07387098734498182,-2.96753213600195576,1.31971793133352633,-0.0117441992925611249,-1.36173612929788157
1.44535230520642388,-1.3238448320298557,2.77889295341178144,1.67817882854824707,-0.224664401043237677
4.65189151648767041,2.15918296613448879,-0.335990119258807785,1.79811442982561021,1.24778522952867865
0.56227510164213923,2.96165332801332015,-0.298562707246211423,2.80145528868693994,1.04309313199082743
-1.17362408252714956,2.59054712232532225,-0.428197384000282233,-1.66828078466878904,-0.884932963832177122
-0.538032653426219865,1.72796843014158208,0.724345058176511625,-0.185216748887361199,0.302389472911480828
2.47584372293623778,-1.69616413998483617,-1.81919556803852034,-1.78494015612443935,0.0845425837702075689
4.12975560343310821,-2.41914645166769438,-1.47278633420043636,-2.16327989503386764,0.702751550318682416
2.75582491287254205,-1.24587488917672196,-1.37247484782722262,-1.54863258607898957,3.12671896343776856
1.74220778710374202,0.787912585773833163,-0.846038415991176795,-0.94190224528195543,1.01108179548529264
1.06388298478525622,0.708944264036063476,-0.405948581981079193,-0.546889406031174863,-1.27997033228301049
-1.13118182947402457,-2.52292053212948142,-1.02448875676639584,-0.82038533976742567,-2.12143311601068607
-1.82166911664160214,-2.73568373338726145,-0.97865250083765809,-0.866177248291365887,-1.43876081311821924
-4.59480908016420475,1.52827625728569894,2.50295401391004413,1.2112870176082482,-0.420934756200056381
-3.05165154273171302,-0.16445258928781159,3.85067214439490613,2.85125170406284401,-0.595509259782813771
1.49385141651276299,1.59410535533377606,3.47047638187650787,2.28970221661875684,0.493313991109413374
-1.33415680764251099,2.76848223094009205,0.520699055030276137,0.491081844605222528,-0.775604117316286312
-4.19864602800647813,1.72184845106791107,-0.177447683762796515,-0.408406651573189228,-1.41426465904422649
-1.53342520615089462,-2.02357339641345568,1.93093433771725564,2.4963800268772216,0.224298272200144339
-0.122679930746929344,-5.01484762357655089,-1.25514352750330493,3.11090150863263615,1.20760833703059167
-2.37842334801690303,-3.77350313375656032,-4.72594929785018625,-1.77184021619927501,-1.13996524132037313
-2.18817026586471108,-2.20322672326693647,-2.93385412300943349,-4.59985105609556566,-2.29543748897910849
0.664953257152349986,0.282418067737877254,1.98310396937015687,2.49460059733049189,2.1821278871469576
-0.817815090996006244,2.34201534417919577,-0.210857866003678396,0.235388753871854844,2.08322328711155436
-0.399924133693633721,-0.797089284188460256,-2.41822554276795554,-4.37249623432529866,-1.36182734441385622
3.39899129585316517,1.48263140706040164,2.31500087906335805,0.326236722950295821,-0.226403602637334084
3.51920744829006482,0.832200087641602915,-0.408406097745841024,0.17668117607566855,-0.0193544319434037701
-1.46504188029323745,-1.82590221524814122,-3.55348525806063487,-2.21861359503049194,-1.4687688517991413
-2.73006220172839376,-0.536696129179747405,-2.43380272033079148,-2.74212031505080089,-1.19753847531000046
-0.853525707627451835,4.7545147114618711,1.73219956032424838,0.164860339008408935,-0.0519534393379016621
-0.329459147087157567,4.14665761822656176,4.04973255074108973,2.3234033614142855,0.172667390961437073
-0.264403492269803586,1.4193622914299997,2.4142895483994633,1.28395181940128977,0.0547915468428865418
0.152660246989404891,-2.95986871038900423,1.36885803879141843,0.493582611436403695,0.135081915990471507
1.61198530410091712,-2.84120718079255319,1.25707139433424864,0.543263796824988932,0.515408494614631785
4.43033954146667242,0.0261844816295741037,0.554119426411765925,0.260105192302102273,1.17500142181314438
0.492811901386323747,0.557398522188821133,-1.11758223280782265,-0.97136421071996959,-0.181931057047796746
2.15668247629215903,-0.0920765301906707467,-4.39930913105297616,-0.393886646208075009,0.233084722070953626
0.52221803928540389,-1.14888406879065208,-4.07561889638159691,-2.1599220151147196,1.10061262138810112
-1.32834287376817772,-1.38789348144232827,-2.64897986216018078,-2.9889429189137644,-0.748757859783111379
-0.547124527981821096,1.40898556904568717,-1.28173333972475678,0.958250786853511061,-0.676927331935786358
-0.217419985382193259,-0.0356007515054927934,0.908981907455240767,2.03181993553542872,0.55583393828115335
0.127639564405143069,-0.890161801779327133,2.74740004990023623,2.94919263086803518,1.47935355908589794
0.0703759414234882974,-0.28827890309418347,-1.40818655482985999,-0.497731239109348911,0.00908052217271420464
0.399173943688775956,0.172806637227692406,-2.49335080185926428,-4.75710163699496036,-1.61870609724896797
0.277449897374221821,0.335912886927242749,-0.842857146656758038,-2.79093862349316213,-1.55060720385513529
0.605451582880135009,0.396008281425159314,-0.48241346179444311,-0.9974880756053075,-0.462637400659585862
0.61079302103108124,2.37674665137528685,0.238788335219974446,-0.123585236277270277,2.66834131509060946
0.725401385280324273,5.43848567179359588,1.6567575748051131,0.0378690072627082264,0.207283857294781687
1.21257179962437078,4.1537667913580627,1.85014950126983102,0.850656976639765139,-0.654055788687522233
0.357045721558637508,-1.3932238529752794,0.242555058887053532,1.86736833497585653,0.00849637743227930203
0.300357047776746267,-3.40170390001130318,2.49736726074356863,0.140150723651262882,-0.384797279333457143
3.99426196208012962,3.75935820707941337,2.30896278936783839,0.328745918167474227,0.66773090266033952
3.65473131391016315,4.61235090536338799,1.56674540672531748,3.83249912228879142,2.29828231353520662
-1.21623971461882752,0.9896801263354984,0.417358340833868136,3.45427968853742096,3.59464980488476016
-1.82551811437322442,-1.12017409313867433,-0.188929098740790113,0.09432162266108432,2.45705226365299678
0.942291354572440953,1.4319362846681396,1.15805608237900648,-2.93104823152168148,-0.855712051860642697
-0.643324195714451985,-2.89793829734008312,-0.208262640818064781,-2.56154254766436873,-3.10871442399136555
-1.21774240300993974,-5.75576683127947586,-1.0475655657709253,-1.66936034792940058,-2.90681424106039454
-0.560226005423982265,-3.79641774317984249,-0.466433827436316673,-1.42740041251756744,-2.20371646545136857
2.36932186910979725,-1.01670222535157806,0.807795140009902601,-0.614238337981605653,-0.721064526296998132
-0.434587738558027736,-1.78872410156273576,1.02968884306361441,2.07289654789270239,0.0293211037438155034
-2.0871808595058936,-0.0913268902109424519,0.164426546138974006,1.01064901314288402,-0.340541047962530874
-1.08295721394692768,1.451979146749107,1.86566267318045687,-0.629768612296515373,2.71093108569897989
-0.852207247322660955,3.52379143116276605,4.89514025581503542,3.70099798411813996,2.99159769185270097
0.966088097817513702,1.42860338317135049,1.48852685441208799,2.0076831198090983,0.00980300264080505995
2.30617287539146787,-3.18126343722508631,-3.03413936610514456,-3.31943379637674862,-1.8360017683044707
1.72068379905552615,-3.21668673467846089,-2.27425858190689301,0.452544220278762177,-0.610829455148482303
-0.963497259110937865,-2.48449475131581865,-1.39436793187569563,1.91232594412815549,-0.652138114883959563
-2.79075477569425212,-1.03478851349155976,-0.925234439264833952,1.49499593949899401,-0.423146745340994224
-1.98590405323012864,-2.10141782634127061,-0.682232081082375874,2.03571430687983357,0.13243384156652474
-0.655891215198453059,-1.72316585815939138,3.25042387281358547,0.646004784069496685,-0.200228636080549388
1.38777769209828916,-0.0127931490942904055,2.34892267090258233,-2.16349837009228896,-1.02854643097723253
2.63493964870834851,1.54510628697748853,-0.160892720927234389,-2.59707458549305503,-0.618128780005138156
2.75588933622437215,3.03908573460444753,-1.82017549322077388,-2.45250403668222727,-0.484620010255025047
-1.23057796635160011,1.49891280845006736,-1.56355950809788924,-2.23640208492531167,-1.24397454286175524
-4.45959139428477513,-3.10697428873208281,-1.77534718038139339,-2.13560215300807377,-2.09936996493287609
-2.62477276616607247,-2.7339936134637064,-0.071718650855160021,-0.758665397543381803,-1.08434827757084506
2.36522750264762127,1.47581629758613886,-1.19839608473029369,-1.07300313732336083,0.451403192511315943
1.94097021267464975,4.72080185576338618,1.81046523373363688,0.780489569007807193,0.821327558974121907
-2.89343847178809099,1.48141372130726823,0.80993961584117824,0.631336934074386513,-0.479581720004132073
-3.92424868129957538,-2.14954229798673913,-2.84810478915526888,-1.47899970240363876,-1.49803487509092115
-2.2048033799351443,-2.60442682584957907,-2.32743418174069472,-1.55258785238942054,-1.30640082322621254
-1.46874699294303257,-2.04161198957902501,-1.6390853816218669,-0.439422281827306582,-1.0156066190117623
-1.06117550004369909,-1.37441282013268085,-1.46114435751903815,-0.544363814809055935,-0.484679286617619665
-0.812355409370574488,-0.979442936705290368,-1.17270590784131779,-0.138793267493305256,-0.192636636543308731
-0.414377236868444687,-0.699782890082615516,-0.681808158149732169,0.324742292052892845,0.212677484918275345
2.44212511052136083,0.791038345188370462,1.73778699549096216,3.33701954375270171,2.40835894949428608
1.71556671128619986,0.653503698323983251,4.16083634630855048,3.22797732842240581,3.80451187664283141
2.02502812538492272,1.18383589129302846,3.36469841231605171,4.63787298047502627,3.28484591774135337
3.93838228111322008,2.0576312243610535,1.75197986358875912,2.52572142211814787,2.28682965474112088
0.133992861589324164,0.0552697802793056317,-1.40152821999345245,-2.8636968158750773,-0.504198762197521799
-3.22263923428746368,-0.060599689702866659,1.10363734409352787,-0.129105186960532331,-0.738741389659581804
-1.52980968244035109,4.95860985896736661,-0.915296117351752647,2.57073598361751454,0.557659709011413485
-0.842214385323660553,3.34591182352647332,-2.84701208827214503,1.51238975258653929,1.26818370752515919
-0.720310927953113578,-1.45360274911608611,-1.76679697403363201,-1.551830908145031,-2.34157292447303611
-0.575617801342905411,-1.2093323251548016,-1.19142440442829045,-0.715254353302613999,-1.63210427608119479
0.636154881983429843,-0.65630206731612184,-0.696446876592236808,3.81716418868583851,1.18233713552236241
1.60812721615426146,0.208011298335199685,0.677287614828673945,1.4400467427957071,3.07412591049182549
-0.736776793712915046,-0.215571596122782344,-0.146652870811403518,-3.19740030229492467,0.872755888032377358
-1.11092454364176429,-0.417395577530417616,-0.51642679843562822,-2.15601566443303794,-2.07352172661501655
-0.373492094010448972,-0.110170141956707518,-0.181515009589502924,-0.633891238822038461,-2.23784426282576465
-0.192776092013119987,0.0544203974214499606,1.00669179295463351,1.13925806793013074,-0.633975454454043463
-0.0118647246593850744,0.104668856753627887,0.646780070909836691,4.42693631381819763,1.56119720772431814
-0.225537690059883583,0.678583393402054535,0.383193569773282783,0.1283231876144173,0.567376173134825801
-0.0310638383523796149,3.48834623379071163,2.38666493994709139,1.87519004035526615,1.46471948939126717
4.75672868594221665,3.90250372859765005,3.29997242017011327,3.30608083433234823,3.5713047105841973
3.3837650695974042,3.65765457634483804,2.72493512328336207,2.02182013033850794,3.3598374238839579
-2.42795271256597189,2.19331624773491329,0.624766680308717404,-1.01436812639048179,0.114213283213928068
-2.53821394804287337,-1.4666854130221878,-1.30324743772906837,-3.45514331020380228,1.09567872989196324
-0.912005681420163139,-2.75300355156199172,-1.60656859928393958,0.23256686074806987,1.21220023702949886
-0.590318761502547029,-2.34497793515610775,-1.09155354691631601,-3.08903005336585457,-2.7777459433341245
-0.692773653011471091,-1.95024427336381079,-0.584570663795825785,-1.10887879161396041,-2.96885102203653517
-0.28677416909230774,-1.03602883709177918,-0.191043464719722195,2.44216977855320838,-0.285846617400512315
-0.435941805319326414,-0.969917744062913312,-0.204161470449720189,0.111960336836100516,-0.368798531899766247
4.00475766225176688,-0.135143524864369452,0.446652327138067684,-4.87425393884367786,-0.52029633861007929
2.65306163380561877,1.49532568087571649,1.41732003808857288,-3.60776807880749883,-0.571333641960721783
1.83027508282436391,1.64378260160745282,1.18405717074856343,-1.56702427788497589,-0.792604214097758608
3.17358694621330795,1.84728153271875151,1.51491576278411433,-1.46892904550858994,0.780098584069222056
1.50872472325856122,2.09563955261441803,3.09469294474453571,-0.519081121551078217,0.587596825273410284
-4.00994229095179922,1.45318060786071168,4.57759001928923581,0.892968457443990449,-1.2738905016626545
-4.80618379620362113,-1.33344400312810984,1.20561942833234248,0.187794335351210734,-2.56913463763034455
-2.54269574865224701,-3.24426636163262083,1.7482712166656178,4.28880523672007996,0.258230909930921404
-1.85897327196298767,-2.92881841359063744,2.19051705965488175,2.14182215622863303,0.0833479294651642832
-1.58433988906491785,0.703256456812623942,-0.265163012896729833,-2.09853198336577984,-0.166770720876120382
-1.30742911878398549,0.0786942222279232995,-4.48649068379029714,-0.608293977336703207,3.00947300700337461
-0.836269106820093033,-2.17780693844916184,-5.04986744134588328,2.50136520604173063,2.11318224609920424
-0.720099913907577105,-2.51227369280683543,-3.18209062748102811,1.03115774671005922,0.784476645986765364
1.40049499709301029,-1.57453731139185926,1.49588398813208867,3.49072991072423022,2.55460836132616143
1.08092672372523291,-0.923886400456351287,2.19768615904618247,2.76806460162672829,0.222369307519402398
-1.1404043588206092,-0.67275999863535596,1.53188569344296877,-0.453802746305962734,-2.84956667604516634
-0.627221985585018293,2.02151750787380502,0.712556798864522167,-3.03194898611195507,-3.67620359400903229
-0.114165613637737723,0.975141241271390014,-1.68078125828743863,-1.45244989752127651,-2.86751261480851127
-0.0327190054974365943,-0.100170806755236763,-2.94567062340409347,0.815573671617334628,-1.10631318053058392
0.416005884101408208,-0.0291332873165525488,-5.29823224481763688,-3.19954940962034806,-2.20895193142395652
3.61984653777188781,-0.0170272381366291872,-4.44970786895826809,-3.4377306502333056,-0.796936726464569922
1.81232445583435009,1.07560541123212006,-3.35623939929777482,-1.60586390740648555,1.29560084858808566
-1.42990919258253424,-0.285719183227291673,-3.08606180869885094,-1.17013986521895474,-1.16772036603197482
-0.900090946457510532,-0.664639902144476769,-2.03820823771520931,0.286620680150630802,-1.43353785009741141
0.0764104493336326962,2.70049962772842767,0.803147936541814711,3.92012473841218112,1.34040050684754553
0.160326312294381407,3.59119313497399428,1.21988509904492615,0.45916422651058586,0.553357686965849638
4.11394959290774231,2.4576189023120758,0.731130551390899219,-1.82687338204230931,1.42137791675962633
3.09320655234002517,0.20605641232433744,-0.581921702317989009,-0.628151884795859039,1.71877088019984803
-1.93467869199975095,-2.20581454227455165,-1.04299114424634132,-0.19183814909965291,-0.600547369128288322
-2.21212748953249116,-0.466730297908310499,0.775662269274994043,0.519122146589122591,2.92634280032820548
-0.531524288995207317,-0.649214962444667365,0.499270708181103195,4.63659865260956483,5.00208900223350472
3.50880881698654035,-1.37664304954966998,0.51659757797345851,4.60924463896216974,3.62819508109837852
1.57226414403519299,-0.327526851132837693,0.777363261490322865,0.223676243227472149,0.745705491900487738
-2.49744106451850456,-1.3535602814926917,0.537626863772151187,-3.0946725165413973,-3.49670587066368244
-1.78584683066752281,-1.93362079939763132,0.742922294234469205,-1.45376543730791408,-3.69583453556737407
-0.676317032637972826,-1.70173952798164541,1.14484747711655088,-0.521625825965117529,-2.31882424173438384
-0.718320357458800074,-1.06400464755994029,1.4093249877161198,-0.566030851336889351,-1.36312961111713937
-0.390450900322416861,-0.66644801340246429,2.18068588789139817,0.129305320216763664,2.82024356214472105
-0.294409664935771309,2.28034185426400926,3.24082140936993168,0.433918790068671956,4.45142856800055942
-0.175801038133171411,1.97319532687796872,1.9870547866855266,0.396775075777670128,2.2740205116759391
2.45084342286937762,0.011117289117115535,1.31521180001927362,0.137250381155685885,1.16932199564151196
1.30843304037272889,-0.191504021914803174,1.23497355263444253,0.383819160770571988,-1.3632012216482785
-1.19112427562892176,-0.24637967456258783,1.36980180873427537,0.452027247833651002,-3.28684078081839326
-0.905128500528381452,0.388091907153113869,1.31170358969314971,0.403890425942494358,-2.73778240827424302
-0.122588814145632413,-0.214858829324206552,0.843004227443567955,2.31371288264331687,-1.16554744807219257
-0.296688283709701739,-0.503729302981778093,0.644493825996907854,0.323164455250355087,-1.23741472217033621
-0.101108807344883173,-0.163486551027154953,2.07047697616597848,-0.29709814496550091,-1.02252299278083347
-0.118465657094241755,0.104004656423742098,2.55760155222239316,0.732438864935320511,-0.346933489610740331
0.0333350218372780657,0.246906943236085391,0.667950303333070594,0.242993062074365995,-0.359692342014800825
0.442130447630009582,0.197859054509201243,0.0735118570118188652,1.44863681784542675,0.640633532296448927
2.72324463474059364,2.27120830623562275,1.85575322562808664,0.219252048544101741,1.40300500893547997
-0.354077543887562574,2.49161776804471025,2.52522098375340365,0.467567333388954398,2.80466747295855345
-0.960021794229094172,0.460275502589647723,-0.0291011053813007015,-0.252977757795580405,5.08782501357828476
-0.348313779654483013,-0.540855002631675741,-1.08394809846786844,-0.316614013894679469,2.63296777258977199
2.87844649007996001,0.139620155924112893,-0.28569906043259008,-0.145457610986637564,-0.436854025579399674
3.91459166189919827,2.42205967447658965,0.528767372405751002,4.05354852961349987,1.52819621247632687
3.48586549318986627,2.07626570823209367,2.82039508375096037,4.48275997772940649,2.50716548323264155
-0.444885519729629919,0.626007903245726749,0.477188468138519672,-0.883062143522784004,1.97631646855402066
-4.52374274438328694,-0.617440794579354746,-1.56684276467442363,-3.95765323793396728,1.35761289427321286
-2.84444980973355666,1.98136013456935278,0.32885582582663142,-1.53645245381106377,-0.976936210940460681
-0.606966157498377235,2.04938297865968622,-0.343651869446287228,-1.0113004823029148,-4.11505135269936684
-1.42199516399998216,-0.826175791095276391,-1.23212108576461432,-1.39484774525432509,-4.67523379222590041
-1.76756483477141368,-2.77874604340198816,2.33734483325542008,-0.0699191260143856297,-3.04429525620398422
-1.2546219941316632,-2.47198917026411769,-0.550619486146936232,-0.974620805713924176,-2.65192738512026249
-0.957182193489357402,-1.70191557245218505,1.74543096937973274,1.8757972362326687,-0.828635959285345503
-0.523975590227226506,-1.59559970353975844,2.04862953627237854,1.86032069634398889,-0.130790577363494392
-0.611744468340044256,0.541124712347160641,1.44497282854241504,-0.987107452576778344,-0.995463714285667045
-0.345705159537951168,0.965590154459094574,-2.43790668353299278,-2.45973006915350689,1.72006947703188717
0.201928584843232811,-0.85421151701423137,-5.47141954726653079,-2.30489362813066512,2.26506961150690023
0.0115311735093361553,-1.23626198403572474,-4.97444263961220745,-1.75980334045564168,-1.32383599122124651
0.00736138936222826418,2.34578064937551867,-0.720645137875166486,-0.78134253360367667,-2.60146391627464935
0.248852896750165281,3.13576879025676547,-1.03777465110495815,-0.643814128243423323,-1.51062034796482325
0.067115273995667496,0.561479143132086578,-3.55059062977216833,-1.19869333197502148,3.21838049813937088
0.182954702033145095,-2.50182848568657912,-1.25945789993347135,2.19746056278869784,4.05850055814629407
0.330880646078075047,-2.60277554492330543,0.574364926063680836,0.965468038222855651,-0.0466347426277077468
0.441091999584006744,1.30848467700187099,-0.881128884905479137,-1.64223396338748784,0.77029286409022979
0.235409583937485872,2.36831162692312036,-1.23007117670778721,-1.58259079020500582,0.88021594536092107
0.440783805223499081,0.67791262401246366,-2.34118439232098519,-0.921574338905487678,-2.59667154378442744
0.394304614861128722,-2.64487460524427132,-3.22216043596668156,-0.326663569309851409,-3.371785690611941
0.481206675644339332,-3.6352703240664499,-1.24733575670764973,2.51413331120780592,-1.04469237797050862
-0.95575937374726494,-1.51502450237638153,-2.30874045779489911,-1.02296544994516725,-1.9996401639213075
-0.826173863297440692,-1.22275535744614028,-1.91561273208282756,3.7146973984547409,0.625689032886753815
-0.66441274961237462,2.40144630816158111,0.964710958733408286,1.08135702665206113,0.173672184038599298
-0.20160892238682096,1.27420516819735674,-0.357504367605947615,-3.42754359845313061,-1.89726373671496695
-0.0981325659842081782,-1.93325175899474289,-1.40812576322907423,-2.68784920919289938,-1.518207699002736
-0.0462150161240206941,-0.122636126280951024,1.37522469120090696,-0.379889364020437881,-0.64964722426556254
0.121690658526512049,4.02060889707462721,2.69251515188331458,0.278949304608738347,1.94135718490385134
0.0469304099677238934,3.29096181273831023,1.78620196253582453,0.0756138040443926074,1.39320751292910794
0.722100903054733845,0.0841618157922201238,-0.780504001032828909,-0.816318801507150749,-0.94137891875487123
4.2525135240968206,-1.74623773355284717,-0.970950799985936475,-0.698119602875153955,1.28175789586840239
0.404603714582717822,-2.19432645451160235,3.09880354221891485,1.20663686405531556,0.481558932106207982
-1.78516723515635878,-2.44580406127948136,3.38214518077197779,1.8863160335695317,-0.0128823779941536661
0.709354960534938073,-1.3622754855849919,2.20138992050511684,1.29809178567171379,0.689333198020996907
0.920265472201619694,-0.687550170331019839,1.07061612907307824,1.02280623629723699,0.695001497302957683
-1.06918189210716208,-1.0372704493224667,-3.23330650849210821,2.99000729413699728,1.15373702327250993
-0.838992145950655965,-1.07222832347751118,-4.60194867277317332,-0.858814830449340261,-0.515348817273468263
-0.31250811543130419,-0.444423335601897618,1.42364200758788506,-0.376475441445810521,-0.348004805485820523
-0.28803010695020892,2.9915710024441915,3.08866866395719564,1.24106654420402474,0.556355229081094249
-0.108441661003153458,2.35564593513559783,-0.565921604213726837,-0.826383436844072894,-0.0755167531810006648
-0.077753440404443111,-1.07371640730713591,-5.4213789398696246,-2.74359945235648661,-0.764252446151204912
2.21797868603243442,-0.644256489192146065,-3.32394315346404445,-1.78377395468856403,4.82368098752913266
-0.0289403820863659705,-0.00902579282020113394,-2.29591640089563365,-1.05019462658813811,2.09137214123048576
3.38357716583520807,1.98265774073636902,-0.234225493537903257,0.161905925574249487,-0.498768814286153661
3.08983070462456366,4.35120319825668833,1.77951657573090571,0.266771043324006252,1.97038541633662723
-2.16740626052286567,3.59878577037332725,1.16522366134488697,3.32358939487847138,0.428597300050650165
-3.50235208622385041,1.97455531322599342,3.06923273978590094,2.08627999265484476,-2.2287398430754588
-1.49192450405124721,0.857270518657905489,2.17366911178316302,3.36388785670025969,0.281572837665918729
2.02773504692671702,-1.96639119858353983,-2.8502607390419179,-0.816979166326630479,-0.429483795087351072
-0.276458041469232918,-3.54457111083155629,-4.22556802171135892,-2.91420187578238465,-1.61563407706515094
-2.6026644475262164,-3.25553903446218706,-2.54417296503387069,2.39965752087657336,3.25373428961642785
2.25215063783545366,-1.14736032205681515,-0.898250054469749926,-1.19953968765246888,1.21764314507895488
1.75038468011505866,1.10997471400890824,0.500106061661163448,-3.73027950434745881,-3.59805380055996649
-3.249121818191814,0.851730198846437858,0.576428191747946683,-1.95315072822974134,-2.0998415075212824
-2.64664657760531474,-2.19821962511043667,-0.0504149199368136014,-1.3789707325935221,-3.15297622036139291
-0.849211723999494295,-0.533026027999543239,0.154879382636372992,0.99359071326611903,-2.85637655206380803
-0.487801409137360087,-0.463475204341590841,-0.802949333473865434,2.88315274129902965,-0.803763872991611561
-1.10709678979383863,-2.36098027744408734,-0.96484574056607586,-0.214548899035398033,-1.67400861743141904
-0.721520818341350401,-1.88666080848767703,-0.611144094934075066,-3.76810264111014526,-3.08970338127733024
-0.405923030145579844,-0.205534813514341358,4.2529138128211974,1.10114432067841461,-0.688165072345424123
-0.2408210145090455,-0.471733051969805195,4.36147946283293564,4.54944149308514234,3.64984768334877874
-0.0758230540127099589,-0.689000430452493706,1.10697880573589336,0.453443679102934649,2.66405576772131836
-0.0186704371032733324,-0.337521301513095118,-2.79129155765576487,-5.34068131772652865,-3.11715887710759842
0.221209550439147778,0.0190231386235668321,-2.15985594858162555,-3.06570392286968296,-3.79705289929811451
0.351204192282766781,0.828457877635924156,-0.221539367144439142,-1.00052558212906639,-1.35732853324386182
0.431051357691122572,3.58702787514691268,1.29963591320205496,-0.309001210350564104,-0.274451284071709323
0.437098540303103578,4.54326852370267975,1.9277251635840873,3.09542483630989329,1.16635176668141183
0.307089275030111741,4.00616396890121518,1.73273397106195182,0.880993085855164115,1.03593808358282002
3.13922729183036653,2.66560775623094415,1.3543610771936907,0.938246127910903893,5.27195600579552881
5.04093636380188226,1.29162082934919575,0.721080105293282703,0.660539528403877307,3.47510682528296533
0.814160689213865973,-2.22335135547132845,-1.24292354178359044,-1.13842054590898156,-1.71322059036743957
-2.78127791100160104,-3.59665103491514992,-2.56890834754466058,-1.92050995642631239,-2.26346373788419886
0.0150936873459450917,-2.05907080528223707,-1.51520588682387647,-0.880222831993190846,4.30548666670298363
1.9287521604586173,-0.865264402777154773,2.86727553533176005,0.859226273330610191,4.22165565284448174
1.64145412709234129,1.61490837646281427,4.41885449733709823,2.40851981904889589,2.47570715955668108
-2.51389321214244266,-0.13405570469718206,2.2724156547513239,1.2997206639950698,0.512077239808325646
-2.32835321125536243,-2.39184458633139485,1.1387834275601243,0.74686415930286465,-1.09990526682487788
-0.92654852211752603,-0.267417024453293184,0.875079497266409878,2.80685044405771089,-3.13869071192657634
-0.879931328709637972,-0.714943481807349457,-2.33405772605798578,-0.0784136649629666171,-3.41112959443667441
-0.832378513023031896,-1.23832621461274406,-4.86078328916475133,-2.52619851270043583,-1.0986800907518306
-0.737949599239057452,-0.795117593030318925,1.03164900286534156,0.260503055592803512,2.43752988613808519
-0.330559697904889926,-0.373263472116819095,1.20846721972438598,1.04240050475882162,1.42686858056415034
-0.0701644996293547957,-0.0508644164245242447,-0.382356548182983036,0.214187161250788988,-3.48282957129098181
1.85907583493056161,0.501033776366504258,-1.13119094767937511,-0.551413113703962732,-3.44253263358060435
4.75338300228130972,2.44376135541347983,-0.438357001673412294,0.276828773294421626,0.645440390504282813
3.72162027688410157,2.68337824578939754,-3.77222692620150601,-0.957847121218505126,0.629453014560303781
2.39806931402618106,2.04033998895444713,-3.54877245817811948,-1.01800471378170809,-0.072750604691075596
-1.29677106738218617,2.74363881654283448,-1.58841909526285763,2.665197754388823,-0.473508929580636895
-4.5420945524187788,1.8794009559982372,-2.0558980897143222,2.09711632669208692,-1.10796663264331197
-1.87479488149534435,-1.597964481636726,-3.06921304055273358,-1.4477387706055389,-1.74198470270058414
2.83296179099161227,-0.498794721044644951,-1.35855160592151014,-2.25138823847345027,0.868669712270789707
0.264292325708963771,0.160200042206910948,-1.15293108771565977,-0.525610051173399206,0.984051647673237384
-4.35098873500440764,-2.05630437432780289,-2.04137778881603271,-0.636255668850906897,-1.01724419807484923
-3.11972617835759269,-2.19206307193542349,0.651322679335878174,0.14081128490704381,-1.75288513244486621
-1.6359519058914993,-1.15553976175055739,4.27629848438199733,1.30565156281023365,1.46180988110018917
0.216626030480759207,1.6217727937494264,3.8908069582221918,1.29686544736409548,1.02904591495618147
-0.973724471626480792,3.93314971081640552,1.08740160025084864,1.21909256526073273,0.105141487328983582
-1.59851531424291027,2.70187478577703866,-0.808849460499142969,3.73283010752956068,4.83960412841667953
-0.901995261597353659,-0.677786046558809918,-1.03369794887549338,2.44907979727705349,2.38705255767858926
2.37881000548172716,-1.86584301867700386,-1.19527497712079933,-3.42428477602221237,-1.70504425986444152
3.36272718497396816,-0.726384224724033523,-0.915295535875327526,-4.09445553650297622,-0.656570926038273384
-1.68164777962136291,-1.88877426948783067,-1.41354177930351721,-2.32596816545002705,-1.83979583207611075
-2.4889060503048448,-0.97409887004991802,0.261486798424318323,-1.06949257599804781,-1.92954085200809189
0.786129849782186474,2.60542338805279394,2.18069914460295022,-0.253052275555892214,-0.372330535231064241
0.947086167318827332,-0.325883416367351075,0.0577863707002323757,2.35893195192260796,1.23790927543666829
1.75522402390626198,-2.96722104508200335,2.84023416293073705,0.86404513050078191,1.0720939210442868
1.34950491406406203,-1.25145826832462626,-0.32407406017926832,0.125016647822100813,0.772355582925150497
-1.88919716238634083,-2.01416131137623156,-2.0343681818510122,0.243355584623311916,-0.354962709067337789
-1.09600683732021076,-1.53427525891677563,-0.675949942809538906,-2.47954988523937558,-1.32604533502220212
3.41521235499797493,3.3709784145276398,2.97925765910790252,-1.09548107244506787,2.84263466144982724
0.549344520674686532,2.11169488362413249,0.967851017891335208,-0.661876580562546613,3.69008118519291139
-2.41031778530522089,-2.66537182729627764,-1.36217680271585362,-1.40123269032724451,0.933780812828170048
0.841134294486258982,-2.26213355800092097,-0.519885415108540694,-0.862886664960845762,-2.26726157718747112
2.00504581426576811,0.136460613063523167,2.34002072196668687,0.383524794946785763,-0.4747735972544605
1.34846974894975657,-0.00871835074178736735,4.94717626009447908,4.20592757073605217,3.72058386537993568
1.89563871124141881,2.80999911522696344,2.54805815248029166,3.9914609432805821,2.65176471047231077
-2.46066810936786462,-0.238437638619856146,-1.20640689112351063,-1.55703799172978852,-1.66029724372060095
-1.1800001830422846,-1.82515698408318516,-1.54404161193522427,-3.00043446990819707,-1.83581088132777492
-0.961635475817366969,-1.02319994467852848,2.58427361214926599,0.635251644543178284,-2.14095240342667692
-1.25848170946718252,-0.648595198897875758,-1.00296810211871046,-0.57902851795833965,-2.4117954794867944
1.36048947327694902,0.235167763531847401,-0.0490049739420148622,-0.482453091871792361,-0.777085755722173643
