-2.25054053330952764,-0.753467719994466267,-2.23893013308179878,-2.26030097812814379,-3.2497194916330332
-2.45466618986333218,1.10855268184598765,0.312754367123244892,-2.01813881562696151,-0.395820175962299237
-0.116717784823267612,1.27263095034167151,3.27804342782994373,1.50643444389182357,-0.580443435484837122
2.90717655759945126,-0.143913467206345319,4.20542759571908853,0.947754267843190945,1.67383933089172587
1.15852290359937071,-1.50307144030029782,-0.097385564059183527,0.214260813132307992,1.57199867159251827
-0.868505313910249432,-0.436331828048564851,-5.84511036710601761,-0.290946946016007735,-1.04284625769210471
-1.76532208992644213,-1.22904881461031557,-4.56778748862836714,-1.02373281192576915,-0.936577156956874157
1.90765194008810646,-0.747977798727740617,1.04540501527110985,0.155901142137811866,1.09269331616409193
5.70024040393854925,0.371514585186031754,-0.490756038275542816,0.537152383369021935,2.60167643604672127
0.317373701192588398,0.923112651418917185,-0.19610366164080284,-0.500888397109981787,-0.915074374059096529
-4.03974069956409831,1.39960908274956708,-0.390915042026719672,-0.322193521621431944,3.36202261111338707
-2.03230037365193272,1.02116203026826136,2.17881143640843034,-0.327353172604036124,4.34341056110085422
1.6037471260332592,-1.52872113820537869,1.35559985863944421,0.246015723971794886,2.54886091149369332
3.82345982084654912,1.90061158415970621,-0.927757163820721487,0.560541085663083916,0.586405518433484652
1.69906238736953741,0.0481032944010408026,2.8974253841596469,0.598510791952603149,-0.305538257851834194
-3.8149218207037543,-1.50093157974782643,2.82630587832714619,6.65045419285767547,-0.452703453018765245
1.90608281948302283,2.57267124405090009,2.70504991803163897,4.40679607970839093,-1.90785248956700615
1.20969576097713816,2.2377461389636224,0.863259841367010172,3.14691501347260694,-0.186144109489853021
-2.64351914830403922,-2.58229525201072496,1.07490705088066729,4.06026454125971625,-1.06042470035518122
-3.22050353275451817,-0.826366045937290239,1.05194877285652,-1.64555973116521215,-0.246582655748913221
-0.970910444097750958,-0.193339875256857224,-4.37942023368171718,-1.55953979375721397,-6.57648394653624457
3.19776891851347633,0.776429601816094106,-4.35297282650980133,-5.07503970696441264,-1.53148167107117517
-3.01579887884654418,-0.502531279238256912,-3.15833605184389965,-3.93981824801284164,-3.58237770925592036
-4.6173975974606547,-0.535735426376101942,-3.97237162422849144,-3.99992878360870341,-1.8404561678985083
0.163636639924299554,0.427408561561348654,-0.730543682421317953,1.57790339860712137,0.541557755088747705
1.3481247058053325,0.943635425460296773,-0.900018683995319813,-0.119113260528832254,0.463596118341415009
-1.459545554720866,6.25862191147840363,0.504607025094005679,0.327647097426184752,2.47113146413805129
-3.54255637706778348,0.708114985120489426,-1.16495851569045517,-2.47931389453346052,5.61505889396006541
3.00260335492524399,-2.05199198547578066,-0.792128451752237228,1.79305407516090431,2.90494734931401588
3.62172327102996361,-1.02404800994841438,0.254474445423589768,-1.89062815390101835,-0.843056264710353553
3.98599285926972646,3.28227557771642475,0.306777373025714728,-1.71292343410805992,-0.142225274701893695
1.14325011083173989,1.29059966604892007,4.48982516275403931,2.5920829025939871,2.15394886205588643
-1.86881967321605202,-1.32878507579609928,4.26672459371865287,1.97654849340290606,-4.62595560587151677
-5.45847040590969979,-4.63264930160429689,3.25539023681284423,-0.184140627391724709,-1.48243304091290362
-3.62861893506845679,-2.06146488251222459,3.87095332426099148,-0.0861561382508552742,-1.40493034620683876
-1.58821050470935976,0.535061009067649862,-1.26309032000128374,-2.28691383950027527,0.942608688868374678
0.112935396966387436,2.16376409418329718,-1.81215937545668515,-3.54694336544407607,1.83686441266445288
-1.2383235906720822,0.0584105424218685221,-4.31734755538753401,-2.69564366164357994,1.79434638544676273
0.442900445070027626,-3.34177193312493692,-3.33857014713141709,4.60124703542116009,-3.67015526598530784
0.971794701846034448,-2.17836245280590823,0.877937482529822399,1.06367304936071361,-3.36060748497698558
2.50078845143478512,-2.54814516747268049,-0.593427315583331061,-2.34271109161710678,0.755934914727139473
0.825333874564430525,-0.791738135288028499,-0.726405784926111742,-0.928652576857797785,1.10148245985464399
-2.77150193501810005,6.5916095706172344,0.738621284914284248,2.1639818606745771,-1.10465104804299608
-0.494738773747290528,3.31721027914832023,-0.0628283126096742528,-0.958459600109459631,-3.45653887465412391
-0.0666758916431950399,-2.73238624743221337,-1.42242446728283811,-1.50873963810881695,-1.72583817530347727
0.889716993731540784,-3.1527194116413555,4.10847602036113635,4.07314487590863372,2.83646114494036761
0.0985004522880286726,-1.55725443837885869,2.00014823929547347,4.90484718414928267,2.75505217224536381
1.23733021323438974,1.10630367113422334,1.97268216577260214,1.56845532852417091,-0.346011234282792124
2.34369788384535127,1.28320687147925527,0.378583983120983736,-2.57009213122677904,1.27959552325510839
5.80919435458066769,-1.71331730349857048,-3.07839107655676347,-3.39971346072711089,1.73943516649396335
-0.395854998226518762,-1.66659724651959329,-2.18792076129556046,-0.750234480881864174,-1.96066040842609679
-2.01808098869749131,-1.72173124077979578,-2.53375706809951406,-3.38511740774815628,0.547675351696831347
1.09699481487000483,0.587278083362041681,0.107893345816210656,1.199456212697529,0.378091286644421321
0.782885105607649678,-0.71873864073447713,0.439483902245716318,0.123618645421758849,-1.14987705081888736
2.06429326197527629,3.57931286159687989,3.74850480928735497,1.34347129462978199,2.71202971834443307
2.32112569152212167,1.00888963288406397,2.55619661598953485,5.2814179573132396,2.07954689358556966
0.545847210537233951,-0.843664271008997657,-0.981581639790278904,1.32453846437074851,-0.181527615258388064
-2.04273019582451498,3.48301168009563389,1.23715957293469025,-2.29636951486095331,-3.62861212811608791
-1.76182475411301853,2.2239447620206092,-0.301440662199828457,-2.73037724655650305,0.265409321632597006
-0.539038055764277435,1.50860456097203866,-0.0852188355044659895,0.616254210917959622,0.566664298804889555
0.861265094193128022,1.81355101342971414,4.61787892866700211,-0.537865388051437465,0.713941844563511507
-0.568941955327174065,1.97157432595769144,3.46290058973220205,0.18825286649644582,3.09369320945141801
-2.11297128372868048,-1.95427582214253936,-1.39321155128788488,-1.54725095875351748,-2.77717964806307149
-1.83125975061041868,-7.91685078678773291,-5.31473864859244216,-1.54669409551686465,-1.91789525928072413
0.43337550767351013,-1.25243768355535634,-2.54018007984592753,2.43747118442910793,0.739766471095530176
-1.55540488193334459,-1.60269690609292725,-1.86806694464210721,3.29842529037270094,1.73073754926833256
-1.54532412006474273,-2.92123528066866722,-1.89793318499170849,-0.891530964767435652,-0.686334446736065362
-0.270696490303934889,-2.00548116251417463,0.888877348784938071,-0.754096395663560903,-1.63577422946890927
-0.0465984425448197764,-0.934726572693270308,0.519644605708845408,3.40853316126272787,2.77060844823404606
-1.90930010957961138,5.13216511487321814,0.46870805999237064,0.981612043834798609,0.237765388186501558
0.32325218662646632,-0.602875077106080237,1.08718676848338891,-4.97115378970609889,-0.561004027939847383
2.5911592726445587,-1.50116316825879803,-0.674711561783441494,-2.68719097250616423,3.69755440101799104
3.26311358478380997,2.88304971869177606,3.11226134886932604,2.93535522744543842,4.02314489160301658
0.548505744240735171,-1.40246203758430621,2.72113641756653513,3.04539122337392643,1.46101973916449346
-2.00903296584948876,-0.46296213684589077,-4.09366236702462505,-3.64159489758208688,-3.03909442508790661
3.3818863217102586,0.82320361747930082,-1.21564444405049299,-4.33164548784376091,-1.54766012154104615
1.71293010415972269,0.395750273035725686,1.11318956201372576,-1.45830880847525179,1.38608323208921069
3.89421470596264729,2.50076731648572537,3.00554599038246195,-0.760806945808278901,1.79114699033991531
0.783205413745759915,-0.587570438768682313,1.85976327648551787,3.59004018527801616,3.42229271479541364
-0.920835907499717443,-1.68034869505085593,-0.944634595857339776,1.52821039194219832,-1.95854675919210042
-2.54699536608206101,-1.86398582715735284,-4.94122804573711427,-5.33010934105854339,-0.750487673111250753
-3.98537831873266546,0.0567987728420141086,-1.03437901849264913,-3.60026391502406096,-3.80772932465863212
-2.08232594884576683,2.78914715107757694,0.629284999636150588,-0.357566251038334004,-5.76916806911412827
-0.101725744204059332,4.60222582723495943,3.04960412858496488,0.488284212760265623,-3.72927160878160491
-0.773341077128684051,2.09478957920455233,1.99641737281030562,0.149832423926378439,0.503899462927836939
-1.16530834451999854,-1.62898789077509654,4.16792189610436825,1.52792866789222148,-1.59474220743827377
-0.785787742457490279,3.16279484531661748,0.866589095805547216,1.5731428055412322,-1.52487140838655932
1.06676602788126051,3.90485968043504972,-0.969278441607548502,0.771693943087436107,1.33417678255327399
1.97787210659620794,0.195178988712516654,-1.34657443034099655,1.69446152845304554,1.99493142365203324
2.96412125378025149,-2.78798631672957331,-1.69987941410010857,-0.0696402032281626948,-0.616374987444020861
-0.69293769356601298,-3.891267991377104,-4.88854601525745291,-1.89568695166343426,-0.150216514330181572
-3.02396283417075606,-1.98040845460379433,-1.38231666163678457,1.82038693743936353,0.538532875922043353
-0.660852583772516322,-2.82118107069499047,-1.71030866431350126,3.10734700455914536,0.313658935518758231
-0.252204548797559103,-2.75282778627676183,-1.11581899702344289,-2.0390037922001043,-2.18866454227156115
-0.121997840795715448,-0.85488034332702334,-0.853319794968845913,-3.53126543297268958,0.405649703867214773
-0.696098258525863822,-2.32200105893715447,-1.66461276253316215,0.0257649472500363422,-0.458257841116351261
-0.374341654523726641,2.32820208015331964,2.29311244611700848,-0.789927557448995676,0.294672221578576088
3.39354387387998058,4.46289148245326128,3.14432959453972671,4.01955783905942265,2.53838541147373364
2.81242886969876871,2.92686066546140466,4.43119450311515894,3.08013485932085418,1.9212300461886227
-0.0276332958987200589,-3.75550812678469681,-3.88582058869582525,0.343117270280483222,0.171641682381475147
-0.4756202174431024,-1.23328477795875036,-0.898489794370047168,-0.264796135201094573,-1.82096130530320477
1.95352796880969892,1.2805411068808854,-0.750304612795259396,-0.898041403276155226,0.991082633245981448
1.57980859933855511,2.14909161468796306,2.37913205646726755,1.02087613318646975,3.55129257884284977
-3.4025443669324984,1.45524588002873978,-0.219396977533929366,-0.27222304127578556,-2.81888983168610086
-0.0626173976455397518,-2.61190529677288996,-1.65162307374081707,-1.57540013535622969,-4.28238160458099681
0.13414888492709337,-2.34290747310913794,-1.12845799989834172,-1.09075995606914744,-1.59227843314619677
-1.61356063407108663,-0.420992918057749688,-1.38108377426603757,0.484539857468450685,0.16386591969639519
-0.105837949371988482,-0.231099071639750464,0.344003499290147619,4.04900469248400263,2.23985978853424106
-1.5439813688796975,-1.04605045100074778,-0.694209410304507668,-2.74774456945839907,0.00715704186966826736
2.29109772367158415,-1.73702334306559947,0.366538842208940174,-0.23175912601380988,-0.887588453810662648
-0.359751676577811319,0.759146695152793871,4.32194435075506789,2.18010024892677734,2.75870360007196114
5.28359384297752399,2.75933035188974873,3.7273684933207738,0.102224539070166653,2.58543336811031965
-0.11972823566473062,0.209564242669269263,-2.92105601103115253,-0.683384338348899334,-0.0984673627378709199
-0.827756577081226741,-1.15383283844976492,-1.51104317219149897,-3.07276403685360577,-3.91523538539581173
0.272341895078158536,4.6510172804262,1.72079402088055256,1.61906396126794605,3.03355738581191892
0.16282767226644651,1.76848901708392736,1.91699288926129174,-0.605395101533003466,0.918201621308602611
-1.37439209499292381,1.60206105311467528,2.01110891938657144,2.66717927993405368,6.2732441354091808
0.0598026592366806553,-0.946996251192172567,-0.450231938583043223,2.03170762722767684,4.77361055626032993
1.23281149387956601,-2.25621989928892175,-2.996108425103015,-3.24524808446090951,-6.16998985083645568
-0.269273299583678016,-0.770249798961266108,-1.85138244925845985,-1.405329571368646,-4.33711318914945743
0.374892666989169676,3.38754268058930963,-0.290263733582977856,3.73610919992416335,3.92372115072620753
-0.784890437812368225,2.99913163145493078,3.17881353185066384,2.84309852166170529,1.33422638847146868
0.026469544403444234,-0.403400361392965701,2.274213891066867,-2.6449022881435269,-2.46948731868278459
-0.386373848046273116,-3.05548270469838856,-2.74116907444871538,-4.85349484124923247,3.23886120510271436
-1.16515409494608702,-3.27787397506395939,-5.29165602867713325,-0.873045440699647735,2.61908172668449923
0.678947356406177871,-1.56915809305474618,-2.97740940639398621,-1.10201937891256829,-0.0864901735319356518
0.871026069374970513,0.541348387887096494,-2.2342726210387478,-2.30718155414698023,-4.34871923716572883
0.704901671076813008,-2.40967019127029758,-2.1563630670478684,-1.22198435866514332,-5.14181786901374593
5.10513296672374661,1.37557628772606755,0.194775273171038515,-0.968576859740919893,0.87818276875000767
3.54901344793290274,1.59135355570200865,0.452763599779390291,-0.386304937975345652,-1.20405417718434138
1.3407829200856114,1.21500538703432603,1.55018716180501093,-0.409335601797055804,-1.36107525206765589
0.506799982027420493,-1.16153633016410529,-0.329632959820653215,-0.748612257919231361,-1.30142797351816153
-1.01103831391203181,-0.167347318149930979,-0.508820310489861538,-1.27933435916541582,-1.11923480507472783
2.201711677106998,0.564725698309887836,0.679060512461855392,2.29394959004242027,1.44756367687857757
-1.82492323094670028,-1.0345799704783718,-0.217352880405556254,1.74166252266486477,-3.09037131569517198
-2.87236293683139676,-1.07290891568073121,1.76225525304998243,5.81237334041533327,0.767390832313841198
-1.95527477862924415,-0.270044352321639314,-0.627344254009945979,-0.813487011052137277,0.1862919642004639
-2.59995686994203901,-0.713221158885732898,-1.92472934235946758,-2.65996625848210666,-4.50614075947612314
-1.96322815378656901,5.28137521097222873,2.05972751416921529,0.105997902216180301,1.36053422017847114
-0.640565071270410957,0.825068733592886572,-1.07750989888855964,-0.335261344276315654,1.1903755882918674
-1.45241151606094099,-1.32823433114220779,-1.48343268843342901,-1.2892463024420644,-3.08520504598457013
3.74653898500512694,0.316612211939673982,1.63654444527075804,-1.07998963161529704,-0.889338263124300754
-1.94322584802112419,-1.47149639957866762,0.105417124849174065,1.41388555345354106,0.0662296996844908975
-2.2062867441224836,0.71523214556523862,1.91912313226819364,0.244438809109114696,1.5399647989721188
2.30567835457774128,3.40463242479492445,4.13229159334061258,0.9419590908873543,2.32515333865855389
-1.67803946744333232,-0.313447670367928033,0.959053700447100588,-0.979840375956362974,0.491498158666950569
-2.26582890254614044,-3.19941091215480711,0.55522059136911639,0.981674411789735579,-0.309881007613025394
0.451824661305975095,-1.36107219165226478,-1.01313900631517173,0.0622490943404838126,0.57888092855835227
-0.546212426534554485,-1.90457414025142202,0.729597780949667207,0.468641107636531828,0.218527274805156102
0.617155415894574455,0.611929538302135922,0.349554733568922638,5.24469281774806539,5.37365626467384505
-0.999269953820361323,-1.93879157303347349,-2.21213178369328389,-1.55955151238575862,-2.88920725842667903
2.80547997069945421,-0.368662079884418292,0.319192425718274331,1.02798768004610896,0.256117053391697769
2.65327805947683704,2.01591262925370129,2.02060696047366495,-1.15843815798992034,3.19763393501276694
1.47565441574549538,-0.0167484000897300082,-0.420097706480220712,-0.480998101352384466,2.33841783413164883
-4.22958827765098633,-0.306500813107088266,-1.01856326724852209,-1.75169794110325916,-5.50132939929221454
-4.46259270353740511,-2.86758619461557451,-2.03196777778335047,1.74051841725070866,-3.24309751436239369
-0.768454300943262947,-0.940858604130863752,-1.77534223553021708,3.65729515854876297,1.59524110178483713
-0.482930473255347881,0.00773892490458734719,-0.904901314444277349,1.0468654691134216,0.0444169683111561506
3.25545111551838806,1.65224828912441946,2.21745554540125323,-1.14333095721258027,0.510692614686071522
-1.03212437484963693,4.42772208199628103,5.50427226958968596,-0.458982715792669305,1.2422281052407429
1.75607099657006538,0.863098403157371741,1.33003790762964247,1.82985123093502855,0.848871453543948107
2.94053585838849108,5.04524443933904543,1.122191373653741,-0.0674504193626350862,4.72767952514207668
1.01261129917124215,1.57825389651841874,1.45300892931801839,-0.388325501563088815,1.73000623510994078
-4.21023620141173094,-5.01299479579543839,3.29471197701024199,0.497263269502256966,-3.24828473475531521
-2.86732278446193467,-2.2416520441956802,1.79168702355983522,2.21670147979720644,0.468072506309524572
-1.52995111155552976,0.293767911012558003,0.415419302432558868,-1.87940413462513778,4.00793816100646261
-1.00015511338981788,-0.852961374403661043,-5.57434466320337751,-1.78425570204993633,-1.93951473243247796
-1.13443202890313533,-1.65886406881382809,-3.3598236811816502,-1.9188751156329602,-5.040182697332515
0.513315497505621998,-2.71352797106043964,-0.793587165919126591,-1.38537257392223423,-0.430248752317119787
1.62116247442063988,-0.5504990081730472,-1.64033086811036122,-0.236481668319238947,-0.738064527098935441
4.45724784033650945,3.0108091229634022,1.3203843412233105,0.563608742728184064,0.316865262124846558
0.472995648739959029,3.0031642437204793,4.26410173463385966,0.452391620551164275,-1.36195006860732803
-1.37166388099588255,0.678949453496516364,-0.723788003439692518,0.905860428203808632,-2.14053444419661343
4.64684314395531306,-1.25559527721464681,-0.428778360736260189,1.77523218483298351,2.03718705465885508
-0.474983132825529508,-0.694380272236564844,-1.04833545250962179,-0.817573066050061747,-1.76264763026651661
-3.39766748449021527,-2.22840140731704661,0.574878387642341449,3.1054535564696133,0.91050637521278599
2.90640658380413219,-0.560039247281107766,2.40575276006062566,1.02795877841606731,2.12411477008230776
4.47639893288367663,0.394032097016096539,2.94233071851968386,1.21915802101965043,7.08909446229844775
3.23777420812732331,3.50503127543771953,3.67892327900176941,1.84698149545197587,3.01196782570418753
2.48875166335620035,2.18854358646233305,3.0663692350941103,3.1158272829375071,3.67220951263465611
-0.119777055077550085,-1.86855404608755293,-1.09613256086821509,-2.0418061178821354,-1.23835860699046396
-4.70732289945922755,-4.41303435469144478,-4.33930573028857047,-4.39756967604158788,-8.28668782893772615
-4.20161378774596006,-3.44706560060286371,-3.207122094369939,2.90422159700852944,-0.796123504805686277
-4.43360460755234076,-0.493793486140077842,-1.31377915661398514,-0.938317950720375382,4.26456639667287796
-1.35192829544566284,2.94498559457349796,-4.22023698211093823,-0.855909710797295609,-4.63181084520722131
-1.78193104821064541,-1.93628440294075665,-4.41125274500210818,-2.77301893074050287,-7.39038448780031576
4.23183760804885534,1.74200040648198229,-1.17222158456439018,-1.35435073404108919,2.85475143219091665
2.67278212070958565,1.84660557384693802,-0.619530119098951171,1.83157857619028497,3.70959792958086343
2.54266169435457279,1.87848194636985788,1.76428993758353903,1.23510263378120677,-0.434773002404653219
0.81830125904984774,2.3906083047267388,0.0228824508802168147,2.79820475921897538,0.172720225427774432
-4.47724529472901178,-0.0570495195730802845,-1.24321222742332838,3.60160419057052472,-0.175620336765258789
-4.42572540426440586,-3.05482542646117983,-2.48615809669898358,-2.79984559603962513,-2.06824764825552609
-2.22644619576410152,-3.5161591082621193,-1.09841264781465786,-3.72682499058527128,2.57605804925063531
-3.08457337034861689,-2.6227101586023398,-0.439102027152029506,-0.19913363202317752,-0.397982709655961497
1.27202736979641862,-1.10527458925597588,-0.900034267497770268,1.67968117594969635,-2.42916326418590955
4.52465830437975214,3.25405016025709459,2.97990261929996869,-1.05885807229697315,-1.51917216085452922
4.01359439506496418,2.31417134050062634,2.43006355147631004,-1.49742589053764075,2.75387972017559957
1.95497903583962795,2.32422207796240698,1.88734361148881091,0.197443239843979212,1.83154485987144833
0.201790943258900485,-1.24097473320247231,-0.760623213387418118,-2.15311042369627081,0.355801867544530026
-4.18107065851356818,0.604146798050399947,2.43330939147977965,-1.44988169560383473,-0.984795082150243917
-1.10589231071596572,-1.64487475299369845,1.49196745950440768,-0.761321145034778102,-1.96042598823463665
-0.124787547874847859,0.782150005266963211,4.6135007694041299,5.14498434780968239,4.52886369352409446
4.78835735087212289,1.27016984244697961,2.3635460370920387,3.01400332657775305,4.74522918704420604
4.79154708632810511,3.87470038542554551,-2.52462501915875359,0.216828091551851232,2.61488399559633367
2.09867629074402862,1.22602037694415777,-1.44794866358661056,-2.721392266585271,-1.22596811486733159
-3.99345552325203634,-1.81872035237590257,-2.41760699427455794,-3.79445862355413333,-4.41675115685114861
-4.41286182178778219,-4.96491813235042212,-2.1178088965419346,-1.37468560115048355,-5.49067712143069109
-3.7177655741028568,1.37141973183658306,-2.54499267041985089,-3.09482009381912615,-2.67451536673227075
-1.85028038234795478,-1.07165356120352206,-1.44059541711562944,0.282584441257083374,-1.18090891178434743
-0.197489811809099719,-2.1182127991945281,-1.55267486490737827,0.720164401109787966,0.960339722533717799
0.196345392269437868,3.56396147412574438,-0.0838805887698976516,0.981521046644282524,-0.0427388481340793686
0.0302624360133251259,-0.488090902917473479,0.309986486832086072,-1.74820499211889691,1.07512134245428914
-0.617399597591462568,-1.37912309057872928,0.198544740963144922,0.493727080945191688,1.61303179208910352
2.40733068615863566,-0.984496257552231135,2.13476485406843297,0.221717138609724529,-0.0517905036925967593
2.40277616706985064,0.163598544111098143,1.4764905708062892,-0.594888837883569499,-1.5954165476353368
-2.67832889117850215,-1.14125451048399595,-0.828084038515363274,4.17996379749923719,0.8307018690244663
-1.78172304584327224,0.800171321338720709,2.48943787112473602,2.24332998497677494,2.98131840346065635
-1.51944437039171443,1.5376566773690663,4.64546962454631007,4.43407572985709653,2.29637534750883932
-0.218972818589204032,-2.32945323480277278,-2.75529949832924981,1.35975700111672082,-0.73157586265236052
0.701315969966587294,-2.2348742857016215,0.626198202379569246,0.286993327247682672,-1.95266905382213141
0.207613368661336173,0.154190299458537683,2.66700455115300983,1.14801462811284227,-0.779424962068823612
0.113685866848845629,2.45573561320104616,-2.6453603677901163,-1.27408376180882055,0.584966124258664677
-0.346101991838802969,2.41989123525253857,-3.73565406870705852,2.65170477836269569,1.23785166003301783
3.56563702352977829,-0.192608622744703195,1.46068000220749061,3.69692529119249791,4.69487233573460117
5.37862985608447985,0.821927115097470296,0.683661249394782233,-1.28643302955338301,2.76637245520852293
1.59385416578923045,-0.719588122667309094,-2.1507689706088331,-2.8350400791359549,-1.04243636555495023
-3.88388996071762138,1.75043880496614346,-1.67425823795097739,-1.8143707034158949,-2.99825630374233398
-2.41521607638071023,-3.26614230124077665,-1.24401034955558676,4.55164831281255378,0.819400997647172891
0.0121782469489382407,-2.89518049968324886,-1.15311388114765845,4.1809201431888825,1.08660160524149596
4.88674903036995278,1.9268618265043389,1.73620325248839524,-0.927397976210656561,4.19660523267120844
-0.146563461648802407,0.0571604980017513392,2.73619186569049999,-4.26935211605299791,0.728502837067533715
-4.37539867411760053,-2.53416051709108547,-0.919051677997035799,-3.36811079120117451,-3.52986416945960491
-1.77727450445251423,-2.40144536267690745,3.38983005229062373,-0.477721620826844329,-5.73254307781162709
-0.436952015250115178,-0.467200749867057008,3.73835321992847636,3.58583581189748823,0.69671770889314355
-1.56313484872040553,0.57462946621961053,0.380893526988202225,4.12286828153126006,1.28404480810531485
0.187296376889071081,-0.35239213605990477,-1.27094776224592243,2.15058743610956871,1.8550414685264367
0.763209182821857124,0.479803044507476739,-0.433583756006975074,-3.01190450301774515,-3.16222691385456711
0.302798692161303284,0.327914410329407879,0.448362185079272169,-2.19982408650843642,-3.17912157641373394
-0.0750625027869028516,-0.114760549922255303,0.95472080041227414,2.20419957165390645,-0.390099649392048553
1.74234032273623729,0.525493358794755339,2.92771010249573704,2.09184263185950581,3.91325250475763031
1.6621519447003148,2.27470317666194166,2.85382173455100174,3.34661391827702737,3.25618963248745885
1.02796847978324446,2.88872644989867755,-1.53464974932701748,-1.18260251483531609,1.65615052792786521
-0.810733546050031784,-2.3393773736016743,-3.76586450575337217,-2.25245279734786497,-1.30407724550566329
-1.07544781212362728,0.831686745511156511,-2.86030004367884017,-6.15781685548228186,-3.31523468735982751
-0.0958809339200505928,2.47328046753160979,-2.29943201340766423,1.39801847710420257,2.29773454569080426
-0.835020844929674433,-2.45987997624186194,-2.65393119181096226,-3.81699114482073121,-0.858263166808910238
-1.09165865869815693,-1.51067174723688868,-0.256028607523662299,-3.68627005948512565,-2.82353686788239289
0.583416907848573696,2.00883802839845949,-0.581813644757172566,-3.64815699955522277,-3.7159949970288797
0.595141644529072145,2.85792085120497763,1.55480885475278918,-0.582620033407581506,-0.00239569438674804014
1.10745503799538825,0.0100300887838136316,1.01013746573437935,-1.82790836449301008,1.43674335562045741
0.223905486265282033,-2.14485777118802012,-1.21400225502965275,-1.72272919096556376,-2.3200418154011464
-1.71462018549321327,2.38190655044079902,-1.33692407999295693,-0.149312276928272786,-3.06214557893815842
-0.298710818050949012,2.69761359479478413,2.11644491529762258,0.723759404128172301,0.543645126956504687
-1.08364205009270664,1.19649405005055809,-0.655628426531010278,-0.685907728108967274,-0.120850744199427873
-0.126449598241229783,-3.6513523615233745,-0.298437469593247129,-0.109218168652294431,2.19518996463208182
1.50479713561503847,-1.25445370817155255,-0.0548964570206963015,-0.85191720405256921,4.63201038991922331
2.07577910652963338,0.230017395041733741,-1.98064541826956209,0.130474795989850761,-0.783015483545684732
2.09290567640783554,-0.543027972662484926,1.06739323867627767,-0.58356186534207255,-1.84210316639267857
2.5689307282726781,2.58385254812454956,4.67896245914372955,1.45225565306505544,1.36399374661261152
4.28309818537438325,3.61769695287100745,3.95214499222944715,2.29807772516900899,2.75266457599074066
0.783018080837707298,-0.38473752586299742,0.581928407468544129,2.09592865749185853,1.23054999301230961
-0.39989577280588906,-2.58692525516366967,-3.2790182108668593,-2.58637977007450814,2.47820895285608911
-4.77001959855496427,-2.58471698177793474,-2.69360428585075473,-0.175195845836551595,0.140861693792952991
-3.66586678022215073,-3.49792323581820108,-1.49510077387020446,-1.06878951148496548,-3.06327620452446148
-2.44557150917842447,-1.37230661548607991,-1.55210043253349661,1.84889383764489557,-0.894504070088287695
1.20215330997291092,0.0121679132543627937,-1.75460954970041927,-0.732550524148769422,3.01410384238579931
-0.245051385743190714,-0.0695087134297766446,-1.71181573356363192,-0.128604903270864407,-2.28651305921881942
-2.25253092484073214,-1.71201797207862993,-0.838200225189493664,0.430829074779862264,-2.28557274997431659
-3.04211365786291177,2.68603504874892529,2.77171281221469945,4.34516820970300621,-1.26851694078110144
1.77532099584130165,3.34462176275968659,3.50846526000893366,4.72091864566504249,3.43132622883964977
4.28689810073429012,5.48427054445502016,1.56458009238896478,-0.592168138390926413,1.10804443162590038
-1.80214833602481672,0.0502533471030494755,-1.25475611261911379,-4.26042072897687696,-1.87277218652130228
-2.69013675390281515,1.26866096843055387,1.96542072549892199,-0.00294023264639424291,2.39597875084777989
-0.366108083277026708,1.23575163079570016,-0.441745165497870351,2.63811532976633822,4.20310359924604615
-1.41386050776586281,-2.69872903847855961,-3.28616921725203914,1.0187175365736314,3.93128073347347051
1.54597753086541667,0.447829938367291069,2.81498644731700498,-3.98963591000821749,0.727866595794201099
1.83138514380116169,3.72080993080833311,4.42902291267465209,-0.795199149900121971,-1.72653923395662323
1.69599581148305845,0.28605537088846017,-0.785833910303680994,0.476564726740555999,-1.67702652324622115
-2.21563205363589644,-4.23784082724387368,-3.09972584670446594,-1.32772831177460171,-4.51627499700831248
3.6475611282542455,1.42725458193974841,0.0852808552203477704,0.341229551913097062,-1.05473461770125265
6.65032681484138699,-0.925720654624449968,-1.47625396262396058,-1.67697866940776885,1.14713918237182311
2.02934283916040803,-1.09092420412343194,-2.03916095470982173,-1.6223271675357207,0.263676994231424877
-0.364731199354783153,-1.37677733505737332,-4.07817690035200897,-0.321155034233597869,0.264898760182732951
-3.97067597898301905,-4.2525438121418393,-4.53996539274241684,0.991829597192761425,0.678461961849520123
-4.49493576975272635,-4.39281049309044214,-1.64547070305795651,1.79222441834860202,-0.543062646891037115
-2.49400074420869799,-2.96251815667854634,5.07281687944716975,0.392218072537619034,-0.953638210584356938
1.16041820284990838,-2.19756112222229705,1.60034176995600808,-3.94244038289387255,-3.15197143875382446
-2.18657265901634634,-1.43527795066407782,-2.45895962087915754,-1.2858916434883898,0.689232591931566829
-1.41300610733631338,1.23874990335261015,-1.13496870029478392,-2.62360757170236569,2.45992321477609277
-0.116126619030239769,0.302272760276103336,-3.12749960661951842,-2.1381297152046046,-2.57045663088158571
6.0729564271037253,3.43823822179780825,1.76557127270387859,2.88128491360817263,0.615392128214264589
4.41678851680073237,5.39126177824221919,3.97929790965893782,4.83979053608096965,2.76554550214039363
3.46144931189834981,2.99099989629195084,4.05301991850513943,0.710618484131170791,-2.88811504513406003
-2.21006688511119487,-0.496915590192449075,2.58578702160904905,-2.72806416049940426,-2.05080405625397066
-2.55103630445450413,-4.40497134966123483,-2.49939092536526353,1.22999259575074982,0.461434521639444761
-1.69809324127611805,-0.109365695030060814,-2.85207344960125919,-2.52309548931354977,-2.47880403012611561
-1.84351691318599253,-1.54413241663840606,-1.07469319248571304,-2.26987971262860011,-3.18294658132480901
-1.68846503653253288,-1.08283798594551861,1.01639730761304614,2.32903449244553107,-2.00960836614593097
-0.550038298230907663,5.37987867080390281,1.80565805182487327,0.248764523020462675,1.36172724156285341
0.80461523925670575,1.59806138531612363,3.24459372966376813,2.95713822572399776,3.74703365270800681
-1.45921916761568626,-0.00679218518561612583,2.06258672329153114,-1.74424452146193065,-0.890298714851156636
-0.562517168954264957,1.59982431026009597,2.77827631040508427,-0.995521713143284082,0.276414643657119985
1.85801251875213191,1.01338526728815115,-0.946833316322410079,-0.972909102315043572,-1.27255452466720254
2.95151987880772726,-0.495885590134655552,-1.64185855506037526,0.109040110677662838,4.14646112464802119
1.94283946943648944,3.02257539305087342,-0.407279293112285223,1.44482760827312728,2.99121303811419814
-1.20761256372692172,-1.52493102827713645,-3.42879177363814591,-0.192391105222330161,-2.46143295270241591
-3.16173846120918256,-2.46482043886403446,-3.24310656865231994,0.0097618713296234727,-3.6343303924199919
0.301172956901369859,-2.39311720091028546,-0.315792666930077737,-2.08498894548691638,-1.96650635037211607
-0.53523596566573739,-0.37974883255166253,-0.418197091562205137,4.41921622102758604,1.44645842661974466
-1.15018953537376922,-2.99723689653709657,1.39682289082299937,2.04192383274648082,0.915120906432106862
0.420755083365354166,-1.87645796610299143,3.43443292772520792,2.44004787776183685,0.54416559529202424
-0.399519249255687769,0.414698879943444509,2.90677676043566935,2.88483036181251506,0.428398390315481936
-0.675863791835001226,0.956547090035156033,1.72912497867758619,4.44802129793436762,1.7041172906361024
0.137122146659664101,-1.12729887691650044,2.19980926967614687,1.44386174321653771,1.88708703766666197
-0.0305278264228957298,-0.515825460976110817,-0.430285458847869673,0.5333164155188026,-0.457883102325402525
-1.87527782374022944,0.71659270184264745,-2.1395371583790439,2.27435040952694045,0.95882854452102384
1.34223073608358501,-0.376658224282861054,-0.302874807043010452,-3.4274952619199146,-2.17713669727532633
3.88201914165091688,3.49821315307639269,-0.55291280315379443,-4.59103806098098666,1.41504060745745885
5.21900337423052285,6.54399064353756099,1.62155832640919595,-0.999499406997406137,2.75296633864772078
3.4107515435676552,4.08778165397116222,1.49364157246606055,1.29095155534387018,3.91211703225048346
2.90163117632675061,-0.690263896475586947,-0.422933925502039842,3.12277600889145424,3.2595273740792674
-0.445094694490014098,-0.629167120070356578,-0.96609853917856503,-2.80952127754011194,-2.10580364251132357
-4.56125624106935312,-3.0150924702613362,-0.252182298505556513,-1.78768714020378017,-3.05693485175820179
-2.97451481372142057,-2.81567422456161909,1.86885773608571637,0.535230897466477229,-1.87576233254715996
-3.87160223957576832,-2.49472222993255466,1.50716475815789575,0.900817108955837664,1.25628144482831461
-3.19891851945591998,-1.1515560217610743,1.34256145635628266,2.3269263393922639,-1.72718103619592522
-2.20213801148178767,-0.232502375340444795,2.09394795921287979,0.272389171051778067,-0.177573506921559154
-1.44804415565636657,2.68847038885310807,0.132712157786310569,2.19930846390300605,-1.69545318616156582
-0.335345361184990809,-0.497927874033850137,-3.91689673399154348,1.00581595974660232,0.832937761972938451
0.519021873768245046,-1.51449735946383734,-4.97937075472979807,-2.44723724099730822,-1.26802486577080797
-0.0930146192804114647,0.00208131472849426569,-1.7341941615894243,-4.92181623582857686,-2.07648030830089159
-2.49759972117587692,-0.335012905149853879,-2.41698019447942869,-3.04711108546413945,-3.30507733886174959
0.696924004685298915,-1.85594231605556881,1.25990192840283077,1.36313009146341302,1.52354427046328045
0.812479197423575439,-1.29935798113989587,3.35932320686924202,3.90837601749892194,4.57525313241262843
2.27613466568198319,-1.69200775033988271,0.736085755158867538,1.86109037022954915,2.57677663888681741
1.0819162580243411,0.896767020721943142,2.480691331937666,0.883280558158575868,1.69276319234528128
3.41615482871682463,4.05868360733643829,1.15966581233548727,0.764487993591175474,-0.713060333734244822
0.516190535759451175,0.226580120909631255,-3.10097177404679547,0.521880201414175016,-3.38391307072812708
-0.652375088579968621,-1.00587833559904993,1.17779418576626638,-4.04563044685543272,-2.17374906475945107
-2.80608186034640372,2.42501876127999605,2.42781418516080461,-2.51323258248747727,-0.830108540549272633
-0.764997911920930695,-1.77467460863872439,2.01673456684778607,4.07854487663298926,0.646413382526519698
-1.25152640659249648,-1.84821110194125038,2.36458922473003241,0.0929505470926756949,0.538558547815981448
0.306856966923367558,-0.201385539053945906,-0.229780106808138262,0.530408308954050778,-0.143201797926193364
1.46991228334958102,0.366629535985491695,-3.27026961922677817,-6.17413871392992419,-1.99662989855716333
0.890212664652305752,-0.726785781157072819,-5.19547414672473629,-5.05172943079680969,-1.16030083857266142
1.03797738179051113,-1.96054597896804528,-1.97982903524226095,0.165282538647148702,-0.546228947895465944
1.53387670076776805,0.937173199781474064,-2.38441995088514824,-1.89236875233022595,0.211054520683039981
0.16845330432542191,1.9782544214875617,-0.0261947862151977184,-0.0450941609382087272,0.467153681464009263
0.549524077928937649,3.44855359856510812,-0.0463629383888640167,1.84635188372700321,1.23439566349946617
-1.48248157124869406,1.01815750802817151,1.19855443349826052,0.0244585429133601373,-1.09742229087031395
-1.89490083831193434,-1.90052530417013199,-3.15034595621325542,-0.760596612721819332,1.6190652312427265
-0.901401828147255335,1.61620855642797201,0.565512277771177185,1.7197460318365918,0.495409943492216898
-0.809786220310803273,0.0471559442561338554,-0.301216268431119871,-0.198588605981699529,1.43392110074784052
4.61367418827134923,-0.35212425723511287,-1.19701335121988928,-1.88430392342303121,-0.602323435850760092
1.52341095513182911,0.761552491196314074,0.298750090858621087,-0.56700699482581729,-0.815382503809036097
-1.40566378896242705,0.32825141345105302,4.84522631914944046,2.49132735349949197,-2.4320390128272682
-2.28086653815470664,-1.67319788276636428,2.7485010207051781,1.53601935103269893,-0.301270872993667505
1.01757042043608648,0.143546314914954537,-0.843035139003865064,0.0723263811275223906,0.996773057803189255
2.81450077478951144,0.0906004210072127447,1.53589956336702582,-2.37320098162648874,0.0702808197648149974
-0.124713467155195157,-0.176868605413852825,-1.95726194247126428,-1.85046876982161579,-2.00001965042940322
-1.16547314756325626,-1.61095127460295773,-2.8806688938673175,-2.97427473454345659,-1.18533029629370579
-0.817639469220434068,-1.18360907340897636,-1.50021533123712358,-1.75246405899610735,0.0229803334929189612
-0.891102260154358339,-1.59049255082072305,2.81072186297340521,6.63632741897549039,3.4808617089577778
0.200786734769569181,-1.64373582895759762,-0.474192403135901053,2.72234368639298019,3.29635651701321253
0.0840121004537000837,2.91714714120603746,-1.63128274198619017,-0.511491137684182084,-3.77782491135102116
1.66244836193238732,2.36586093677866804,-1.88992274212782885,-1.44024389531793151,-1.06917651289182913
-1.31927307429893337,1.12285965613123095,0.497154928887612313,-1.48086449846555124,-1.3168217348169764
1.02734457021568759,0.899682373698905358,0.896277628859859954,3.52615269999273995,2.01475314258267568
3.08808025386301344,5.00497604069386615,2.54600826695133042,3.52878082203107235,1.92685261063101665
3.88345644383297639,2.8477148454643828,2.21931690934310311,0.35029838626632076,2.33416512418209399
-0.98374266673343902,-0.856336547688138494,-0.450995058663829551,-1.88079045725083183,-1.82683616372620805
-3.05534166532219453,-4.29425306931061446,-4.10903259532940357,-2.18531555475985462,-2.00366157611655149
-2.83093344390709412,-2.15363044861107378,1.19818200936753461,-2.49089391476659605,-1.75027622637729419
-0.656718888998914396,0.738628738054572298,1.92110342925545674,0.0719519389865114628,0.471668194893418935
-0.563818144992987769,0.59372351164045345,0.371494377980972124,-0.538351628210811506,-0.585284697173727331
-0.468027105680341782,-3.14547980257379889,-1.97262683090234647,3.69733437361590589,1.28052191679551397
-0.391783222137360942,-3.67027437103442589,-2.00911258435016427,1.27523975061917239,2.7070436460162024
0.813547983071507996,-1.90851190635355028,-0.0349125329186121269,0.0643814911972524079,1.23586548616877634
0.150301588699168737,-1.59822840158569823,-4.57046473191703928,-2.65204464842277776,3.76767367990332902
3.00245570893422764,1.1098084253674152,-2.01925809800960909,1.34165131491579692,-0.377770612137101891
4.29082562404895551,3.59671086286016717,1.80837088811830737,-0.143567219252439371,2.28226434541885048
-0.750373157164072158,2.34815491847376157,2.70680406153867059,-0.922930634788228343,-3.16358552977743468
-2.30996153754233591,1.03971988593012621,2.10200904535400479,-1.28226084092146086,-1.269282887661626
2.920081463040888,-0.757609800394888677,1.33048140868911946,0.571868246492302945,1.58894343624012402
-1.07155252495902742,-0.628576691858632963,-0.0595075618011595142,0.0705001449598177815,1.11002715108910888
-2.31795918157070213,-0.428325559653457977,-2.77853961167331676,-1.72032261504428163,-1.45153353201552937
-1.11245537841455189,-0.832339991234507082,-4.11877970801992266,-2.15719957578740518,-1.39844463419568799
0.145124691641241893,-2.0941628460391577,-3.02002209527442567,0.747937414949760404,0.539076666236605884
3.88106103473255004,-0.101646502273318312,-0.874600167088298575,-1.01520117109724439,-1.21423638922245125
3.20408954985961714,0.818160667344472681,0.772280244984939079,3.02491053757828654,1.51960423213079654
-3.22173889752584186,0.969043030176120923,-1.30967231981743781,-1.46117778912130158,-1.34898216540641558
-2.38865490044057216,3.01749756546079695,2.13047425175425165,-0.346960021240762473,2.30745266998232523
2.89758690175467448,1.12737261437900904,2.47272895690732097,-0.44461731578580449,1.66396666190827558
-0.028812628055455064,-0.669205963239811852,-0.0703285265923358494,-1.24380459708129942,-2.81861788935215341
-2.39580323469937717,0.59571523437197349,1.18930324920254016,-0.693982904689002811,-3.13739003159216878
-1.19954787099662852,-1.32320712783424321,2.49612618697446642,1.18069015958550305,0.335244002198984314
-1.4947920647951527,0.848160887120447682,2.86824082492564569,0.956960554042582179,-0.915151999420405815
-0.829393838835638442,2.31578055258597093,0.551971711694162703,0.7719296129843225,-1.43831411091087036
-0.0780052817697137746,-0.0759417627454660737,0.18294849050999884,0.436704662697910639,0.0152929193355748755
-1.46012308265823898,-2.59479745918551874,0.157119185927513838,0.177542767847767291,-0.316507221879078149
-1.36814018823951544,-2.73691877085048141,-3.97855221087518407,-1.40437500840658802,-2.44533993572295927
0.0363840803069721275,-1.50186449639902397,-1.6153796075592366,-0.572411410593939185,-1.61445019496894782
-0.847666435235987725,1.21187887166541275,1.95514060818371838,2.09539182390074519,-0.349675660427290647
0.305301017631429472,2.3935030883004571,0.82377122904980582,5.04298821146775555,3.4025305502943306
0.384618271919404564,-1.31690662929638846,0.41296962710023033,3.32388333324842566,1.17751775199597386
-1.02121630051249057,1.75950401573750681,-0.55819776014058986,-3.77728323097351648,-2.75445908390369087
2.02892915759592896,2.70717156972725848,3.53402234775042823,-3.28038864089788484,0.238950804757178642
0.0143616477252703489,-1.42580720003470174,2.78711731746028901,0.46342320869603626,-0.0995815071818724473
-0.999343774111356997,-3.55922974267313741,2.73087127279854069,0.0802344032423086967,0.092734197709971794
0.43638018110414778,-0.0435413033132547589,-1.0117220963796667,-2.71487973436955743,-1.25380444743204422
0.254728419392192706,0.147042477491021534,1.58759905148431013,-0.763498491185731099,3.27319381755704253
1.80175607852738184,3.20580290438446225,2.28291686697960339,-0.448702875439042193,7.53832168475962927
4.75163233597932511,7.1086239027299154,-0.336508095794638362,0.260354480465744886,0.0763456735669355291
1.17742340006573598,-0.199570246629722975,-0.785926480081911238,-1.29921644769501965,-2.16354938740417202
-3.05500103765956066,-3.42636887137476309,-1.89841563433708993,0.66934008523473254,-2.46406454731651658
-1.14902338618066469,-4.10856115725347948,-1.07184137358373954,0.365884286583831875,-1.264222629379675
0.792101050730181888,-1.17256033981605934,-3.21448976328663782,-1.18263990556584186,-0.0982250117177917714
-0.875310050105204795,1.77471255519549032,-1.08878106794150376,-1.31917149605323258,1.08852437555635451
-1.37222127380710979,-1.20207363291144853,1.98186651855468332,-0.375502258984483084,1.40628854925436042
2.46919572252884167,-0.0392753692999253945,0.141449820973051282,0.986152870657085123,-0.146756484505210227
4.4007407045817164,3.60432317758466514,-0.414986393266266518,-0.493449138958375833,0.625062714733729985
2.01944398917535883,0.673909622044265966,0.691170391441297438,0.541884883042991983,4.50271059876307866
-4.84907729454120329,-1.3857936991194264,-1.3006817871314913,1.21700050632410184,1.67675364251395376
-1.9672071716812638,-2.29366288768718318,-0.612481385715811344,-0.755559056714882549,-1.19379925516612206
-1.40069429673114842,-3.18770815767078775,-1.78536607475849873,0.695079689703160031,-4.51377608203947567
0.901770053854418663,4.56047872913973951,0.817564701406443772,2.83479357830679213,-3.88023435108754589
3.34104112775127815,3.28091017682918906,2.65343378531988616,5.21497318800599707,3.36679355390259971
2.66506459529238038,2.7950103226480012,2.78901547002863603,3.33555463293346444,2.67233202895608901
-3.31223854594598599,-0.0740083235941319806,2.56109566384023468,0.619860255087410605,-6.02657100720417027
-4.42718850175816847,-2.23987241128322934,-0.458296697089985661,-2.84067777703073787,-2.40319421089845786
0.463810542139416415,-0.578939202470287295,-1.38820446269945807,-0.937682693012011792,0.450319815867286366
1.71069407837792031,-4.42859245238467736,-1.10836949098539295,-1.24236056532778871,0.62770058736749168
4.32063543303644071,-2.05354979895388556,-1.12627210596873373,-1.78684215438965754,-0.439131802173294894
1.35141330266159376,0.641491405676543724,1.27148098530810438,0.388340450579702845,1.10053439436239353
2.8225911427244168,1.47661448877305013,0.624793020838879221,0.347659507703253157,0.284221369492835885
-4.16173168970681573,1.02849391531759693,2.15424030796980137,1.0371304679514961,-2.03045435708032773
-3.6467490332314485,-1.5747220940723563,3.80784351822747213,2.52855229990466945,-1.61302066501266106
-2.63728193267754429,-5.15051401260738739,1.05034266357979211,-0.0884140629551679463,0.692683882027729902
-1.26771022772769615,-3.39142577685918312,-0.0161968179958475733,-0.895710806256766801,-0.20104285303382427
-3.48229001196499999,-2.73243066706564619,1.14636973949988885,1.44829187002473403,-0.418034183555902883
0.0681736250075316297,1.91068929570221213,-1.8128147409949813,0.398273920913443713,-0.684567071345258737
-0.267432089013474372,3.42376213321390255,-0.73313966078973869,2.50045320046352071,-0.428268896220647011
1.48850351260711222,-0.40795392106850481,0.0687673277010048267,-1.83016510058995219,-0.7531313904725353
1.20838441740341485,1.38013085834049054,-1.25722862829138138,-3.16038106089259507,-0.512188412413162375
-2.05229402482096379,-0.855853945259277271,-4.50547047115301158,-2.27428904836865708,0.566620532424240597
-1.20661384709658326,0.318383143875848207,-5.01059756783740884,-0.871607803238222734,-2.40568865147520494
-0.124485558131376323,5.54082007958515455,1.90218919361212757,0.2580399252530165,0.706704519531652586
0.976853377457442607,3.91308269122143804,0.684627038276001354,-1.06744388783169231,3.19508086152701853
2.37835571667045231,-1.07777759426058517,-1.33407780741502702,-1.36175365845093355,5.96800205433018149
0.920629688632855769,-2.69085672097468542,-2.03666028531099608,0.0908652344878613655,-2.57269588211329747
-2.62707183959931045,-2.03155000542718867,0.0296754850727616037,-0.654093904613020971,-1.39238186613366932
1.17389558329844323,-1.18931857401041596,-1.12346470510541363,-0.300888112676415076,-1.66785970587971621
-0.973079640950074709,0.575452685440173473,-1.04371145785256636,-0.325275504789743153,0.317328466723023339
-0.488233216662618374,-0.664733382480442114,1.36708577464869219,-2.37607936580150625,-1.4916221459728527
2.75455857318197239,0.955519003671971956,0.224008370489133551,-1.0722821449090445,3.6777124677563422
1.46969560620699191,1.29939676555560379,-0.45873503171540575,0.161341009118048773,3.52642614979395619
-0.621212142401065925,-0.721151957564963308,-1.9964635756438136,-0.420667935890438993,-2.06074262168701816
-1.65645290168566595,4.76452795852968869,4.03752174542283182,-0.125519466401251278,-2.81640981500789156
-0.937998478595182372,2.19853497812648202,0.37794002401276372,2.56926700867806845,0.0283590868856490874
-0.810269011613694468,-3.06352036935030014,-5.24098596191704491,2.17799979259591003,-0.0422482066955612301
1.44479977215236999,-1.65662613985552776,1.30285850844330153,0.111366513028905267,0.22654683473255649
3.36389391202453902,1.0007943659436922,1.92314569797664969,1.07712118908915855,4.32457096629807847
3.03907529630348305,0.278585520305216272,0.562409560170530787,1.23793784642173965,0.550795562888040768
0.691081149518967264,0.257497400194979187,1.69231359464301256,2.2091188738503984,0.591179177535056111
-0.873241547814627483,5.91159740927780231,5.27602297615954274,0.85592573190720378,-2.49746802081487118
-1.55220188184787489,2.34790925048514065,0.826076347223622887,2.254433666755979,1.76791342061440249
-1.24985389584352502,-2.55854220616983641,-2.71723493194118593,0.574164152301728015,2.51123083707049677
-1.42357710060373144,-4.60233765509414816,1.84355857232143561,2.45834541083874791,2.90171876830359565
-1.18665702692765862,-2.05091576602665082,6.4174252251954913,1.77649256319004434,-0.55943932218094572
0.07055475477380653,0.4188799287363979,-3.07689715420221477,0.104646944076639381,-3.84488467280791069
3.06017532026369432,-1.62134664876996104,-5.62525830052343867,-2.00852779234616508,0.18390785136859239
1.05284549245282855,-1.07281599172322628,1.47109449849169249,0.183658550361098627,0.0626334264459150192
-0.875764382496922678,1.50735796174314118,4.55331098792616107,1.60751977889078312,-0.500923893285720068
-3.33809810709616395,1.8288086145820257,-2.27465909622751505,2.74138605888449849,-0.206070404534330953
0.518079012473816714,-3.2972563502676735,-4.9922073232400459,-0.175716449791519347,2.99685713357467653
-0.330582467463449825,-0.923659704092757772,-0.622660922684727058,1.1319686303183234,-0.914483890423220203
0.464005774207308208,4.39133459153259587,2.7930510624337721,-0.134632845828023762,3.29112158222610329
0.669586083583002423,2.72208201843776187,2.01129272875228571,-2.93422031725560561,3.81825460533124161
4.07878934348481081,3.22746863469279743,2.22729803710759811,-1.87740052759638787,3.05093766586766879
1.12027936478192491,0.743844621725157862,4.10413398289626841,5.07573308428753922,2.1214229504248916
-1.41229145039083592,-4.59778045120583201,-2.75931290439580534,0.808845206749387868,-1.17767399646431237
-2.66171772309389532,-6.79286503302530154,-7.07865442158441827,0.599699421160790225,-3.43370582715847084
2.01367428352702404,0.142408112136213155,1.22936202237980696,-2.32876870600868546,-5.72016321721714593
1.28605851764411749,1.28886576597603009,1.57151834586886685,-3.77923669808104012,-1.97227606910832232
-1.20671972096486857,-1.45408525648169173,-2.17202965653586766,-2.86924293811487274,-2.72768348012743367
0.907302077234514281,-2.57627463764482023,-0.561817867508083379,1.12630328235306698,-0.989282645791287552
3.24584713767276556,3.96938413193306161,4.98375080852676167,-1.68480783847383075,0.221382015021816259
4.34196161805274894,0.206147278160346309,3.03283709207248675,-1.49901665212322555,0.180520766247318831
3.55839075599626131,1.4672140396655291,-5.32042981412972349,-3.23194435104802391,3.20422076328931249
-3.10079366788794664,-1.82157916766308281,-0.660981033347858626,-1.21153319793604464,1.49763086629582332
-5.74070731809246482,-0.712206727955733032,5.07748383804918468,1.8977353360877256,-2.06667666799514027
3.01354105005150608,1.91642002910803444,3.44920423831417589,4.25841937648587621,0.99813435497520353
1.96373610935548015,-0.833949602404658097,1.30428522225406041,1.56554901740783214,-0.840867647312199873
-4.66459012138464679,-3.36435784676598582,-0.886525824620981062,-2.3650985406492504,-1.25722837892054029
-4.67055666355900101,-0.446605007601310278,-7.80929114328632412,-0.806501295866796086,-3.01405813380186904
2.30637245942464997,2.19349247591660346,-3.17124135986640932,1.12423152332351983,1.01572192629608571
1.23228973069992831,2.20264902936014195,4.24414189638605155,1.42988543911030086,1.75252019631079148
1.57798908862870135,2.24990527169946342,2.10844422235048379,-2.45598085264731969,1.33962473744713928
-1.4641864753127114,-0.185676022101327193,-5.0749748478681207,-3.02235887102033729,-2.44635378295503836
-6.55262108470772198,-1.82692333925321826,-5.373713531392462,-3.45930109740476288,-2.51816816744830962
0.0451530564825829775,-2.21354027255230479,-2.27501052206212728,-2.69537749333482646,-1.83908688518901497
-1.09161239663105958,-0.629173862285687835,-2.70677902202445875,1.15192968044813471,-1.21470784755926764
3.18269501588842951,0.279058463001887469,4.99415684798263637,1.83341689753955661,0.779155209805086901
2.01880835075013332,4.55792419089787426,1.83638674930993329,-0.100289698394533472,3.56192278774180604
0.99631827096218073,1.89704956798530522,1.12408631960610528,1.08721419832002986,2.49955755418337722
-3.24669392843924021,-2.21600778700401513,0.77096809763587737,0.691582961524783602,0.212932501209067759
-4.15487972521048832,-0.023596022503614332,-2.64050588251257912,0.375025867004084357,-3.49925466297749388
-0.432540752094610292,0.438962564990264759,0.201204957093804704,-0.585523484688838747,3.19823757302864031
-2.39554009325764827,-2.51694654499148918,2.40346392173365375,-0.449411893282507413,1.53042716144535662
2.61834843822356067,-1.08609282317615974,-1.34603332428641642,-1.64728123995622022,1.85978601375443109
2.05604920093801669,0.524007732407061,-2.48742588740364434,-2.78519317522516552,-0.228361859357498032
-1.6272780157228488,1.82301143953555322,-1.62161322633445448,1.84288752995338645,-1.4393320146266213
4.8064702315804988,-0.0162259580664105632,-1.15876625071124262,3.40782099284931617,-0.466136467427189893
3.31885494181581642,1.66874270869113617,-0.948211313104890485,0.909852204203505988,-1.7691583071691761
-1.02202847309983125,-0.722217177488232442,2.98188950716207701,-0.222920865887001357,-0.917453182660907252
-3.47329675731255838,-1.2054870381942846,0.760461231064264553,1.70824665339091397,-1.85619487984632991
-2.30022007972826881,2.09369312264536678,-0.661871460947958901,-0.135812324862872508,-2.15463510533183822
0.788756581014843583,2.49601868268766536,0.832976237494089111,0.585931603475707385,-2.62403436290554826
2.20213588619208567,-0.235812352328581165,0.179442455737357009,0.390023601214065985,1.65143614462893717
2.39014533743413882,2.91028544635255271,1.23522421301347785,2.32639875122023554,2.26388421644102245
-2.61468928490765151,-5.41348610430716626,-1.65174567545145012,-0.658082596523672625,-1.84434661388270782
-2.59778660192441269,-2.82057128405181556,-2.41606580273312721,-4.58765893166097793,-1.46366303116846952
-1.22562994626502553,-0.631739576714375195,-1.39133182092847929,-2.82205146400307294,-2.59465702745341398
-1.06610300357456222,-3.2349163763797093,-1.05087048085094614,-0.270680528345001004,0.476885300850353133
2.83842927532546607,-0.0658512100809385825,0.613626443397640498,0.852055908996132705,5.56141328087392584
2.51397325614000877,-0.238023220258699653,2.33480568173397574,0.198677597001005596,4.12242061749389421
1.53652830329219658,0.469768192394692363,0.570613150339273401,-0.0117632243894133792,1.64569398147253443
3.64069616844027744,0.340670805494879603,3.85395889925695689,4.09863345415791169,1.70314560168480833
1.36181860516065445,1.25697021210961224,3.2280442556753588,3.72531915250246337,1.66186522989848395
2.0922587533905701,1.09482765156196127,-0.486732916181668362,0.549786151020528302,2.6538099443766181
0.946016883352568172,0.143280798783553431,0.36590766581286116,-1.2226028973440779,1.87958285504671885
-6.08777019909190553,-0.826345511013733214,0.629936665831371423,-0.364415182776837931,-2.62982202544257992
-3.98466072353334599,-0.901720652817041501,0.687271236408934283,-0.552071448089015093,-2.01034477640890419
1.06293524684364149,1.78229683658697424,-0.596749262831136495,-2.54534213670321963,-2.53512291056780681
0.416879953426501748,-0.149380634294588421,-0.81686114427522849,-2.86852782066680589,-2.09376131809273547
-4.7867575669606186,-2.39762087546033342,-1.77423022054216495,-2.30759900855269473,-4.79621094061296738
-1.12792234581699446,1.36231096151250286,1.58933810590269875,-0.940891891944394154,-2.44544388462778262
-0.403673512133987833,4.78676659464599918,1.07607683563899825,0.451910651892842741,-0.432492252621196227
-0.90944761329364554,2.97156514434279639,0.543099388559711738,3.01057911119702304,1.20214824439014589
-1.90876736359662313,1.88009011137483673,0.147294847838704279,3.17622324716979865,2.56977952599014259
-0.492515773947611368,-2.80773625456858733,-0.566587318950865559,1.20511513151401428,1.98571624869298535
3.44677161475094529,1.53535594648328821,-1.10935143042165762,-1.09308457041946427,-1.22855750630682947
-0.0326760396547842585,1.36863989318200163,0.037681845639407581,-1.38591203392751927,-2.33423383116397609
-0.0552223851737043553,1.58168039772604785,-0.823500791180351355,-0.341396098465707065,-1.15149715141399112
3.54373808887844,2.99329161203848404,-0.0777976789496881427,-0.653244429988718789,1.09636441822111408
2.72568385467320162,0.712456927385334171,0.851457874797487357,-0.475456833440819127,0.95527042785483951
-0.731375582530304102,-3.88847044790297591,-1.7306290564851865,-2.82547210734664933,1.39406189750599774
-1.6528980866227907,-3.37609646138602759,-3.49792514998665238,-0.26802324218997764,-2.02856593938708807
-0.572309961638910014,-3.54252781802764227,-0.041790760456268887,-0.143753439947710421,-0.851999450513652223
-0.555169102793326541,-1.80913973896321489,0.0290129649459867703,1.38120871576227322,1.98357749812469608
-0.452810273431084709,-1.3084155308040899,-0.073328388145696477,-2.82229829395591203,-1.75191667054693823
2.32463420088274386,-0.980686062090799893,2.33616118565554221,-0.280999671903115256,3.26850683262617903
1.86015570027762367,1.17769804221905816,-0.934391605288527605,2.08836610108745901,2.17140529466459542
-2.09705557975877044,-1.21229774482720343,-1.75742012974043349,1.8574368389525957,-0.0235209673691416377
-0.970517628423486767,-0.417331011801817697,0.638198722217404923,-0.60186842665855711,0.044482031748438039
0.0667138290404354628,0.235173654417449585,-1.8127772562130906,-1.2784584146174045,-1.39590489226717063
-1.98276219039667145,-0.89530430499164082,0.384614550363343688,3.14748283160389253,-2.30064774553571372
0.834239602564802452,1.34682588360469868,1.08502196782479898,3.65127900220187929,1.75503370483125876
0.151100079124480674,-0.860611990747630728,-0.433317497272469376,0.764192426461515306,1.92497159295783549
-2.0966838203828031,-0.829802401924318311,0.694792181041629986,-4.27985084959917206,-3.03668482439432763
3.20468360814898334,0.724410741885131215,1.02664816838827933,-2.58659883036362892,-1.55148561402960006
1.86521338844291806,0.127356031203472664,-2.20924326723072362,0.647687335025771804,-1.23375614947564305
-2.20766715536657676,1.54057424584371994,-1.84032317445696658,0.976920969199420286,0.662066361382067314
-1.98949839924952698,0.773627142879092955,1.8682609212149861,5.51248300134955205,1.00463575295754493
-0.421280121465696489,2.83537540661483156,1.61353627292423618,0.894603183738141072,0.536371020556680955
-1.65108646782520108,4.26493640521319239,0.605899454731760212,0.654629161351686917,0.627518624221525934
1.41634366640632159,-0.911663289021789391,0.272473725443316828,2.39286690717001038,0.2397981077471322
-0.946210989981471351,-0.150238653968076619,-0.370513316940349391,-3.28145797362354941,1.00372040412623709
0.178448828413736632,1.64505457388977527,-0.373230913010367815,-6.75672141262747861,-2.20018978832911705
0.453678394122872586,4.15902999110358529,3.48658486475832952,-3.11221759551174149,0.460585098019153039
0.430876802078060228,3.32001775865667215,2.41233712397974154,-0.851512085077870795,-1.67579417135387732
4.08898273909982901,-1.51985293607146033,-1.93340693220404991,-1.50481039108712822,2.03671002445834048
5.0370494469307916,-1.03687185530489789,1.78965628187248993,-0.727663253042311942,2.13316594665377224
-1.03554017430259515,-0.0679244057245958627,1.15555764040743703,0.246092351120204333,1.20251597080572448
-3.12018884175036826,2.32039962993859428,-0.160126018710286616,0.601252947897945145,-1.18669498907278825
-2.60060814528835849,-0.615944682210101235,-0.079721950105745093,-1.33029239195980087,0.985671882077972517
-2.63967340266793871,-0.914418096114090972,1.78312607815259327,1.18907941384820881,1.16964958351551429
0.123084443593438148,-3.24731409322319831,-4.41895716370147795,-2.52374581855246749,-1.31602445549975489
-0.322173542992298167,-2.36992710132867934,-2.26131091304684873,-1.16199851135728172,-0.509189167526762465
1.80048589643810653,-2.66798203736620199,-0.791849874959358324,3.14908216920182982,1.06026700093909132
-0.148263489911632879,-2.93241887860339956,-3.02606022766432758,4.89256841288047273,1.95953094589126642
2.68017594948491755,-3.40122024925908883,-2.72404357943359754,-1.01089940699560876,1.72430365852216405
-0.447108489869917247,-1.88521548808630901,-0.365962686054487563,-1.04074120012637272,-1.87070135856663011
-0.757776993328061255,-3.14637341220762679,-1.63564517007677002,-1.84277004982776371,1.01325255562579453
-0.699463664376779648,0.627880702170221405,0.924155164363602566,0.889768324094637131,4.78402713896067677
0.124804694368328833,0.145997378164895497,5.88784763124392985,2.04310355711399527,3.31228874609022794
0.057952719769384077,-0.541835890565587897,3.22540389047201659,5.16161870262408051,2.23953034950391716
-0.0869534271528983604,-2.21784187987573134,-2.86119103328573177,2.03214381041873793,3.35876668561047165
1.03433626964895731,-3.0837023310098548,-3.40225780794834298,1.68188509313916956,-0.382627437559196371
0.483645230005848081,0.635030016584973156,-0.642189375551013741,-0.3077568925539651,-1.97438963016398095
1.51499678852771646,0.452261710276763151,1.37364114114464031,2.79380426633203083,-3.06610543630279908
7.07993097785459558,2.99318817370178225,0.49794317013708278,-1.73806292336738699,-2.22064130548232264
2.41091983351099692,2.5975211829866347,2.29196723408638103,-0.642127276163675265,0.583985124573506265
0.251269308907484779,0.954905660170766613,-2.13520468190591206,0.553674727728390104,-0.644037553011341246
-5.41493025633581482,4.00541565041231173,1.64993318813128309,0.673848639250745785,-1.22123641946890094
-3.2531516825437321,2.56959522175918575,0.941430235549365446,-2.37697117938983782,-2.78050390601898023
-1.04882965561885411,0.289414893731303413,-1.49143567616568129,-3.1334467384313105,-3.51007361316260269
0.330310332200568157,-0.744585057026244557,-2.94988342896378741,-1.8420517802847145,-2.09814673475033775
-0.159755168879412685,-0.88342826581484124,1.46704729533032419,-1.77473360685605752,-2.13838923071953912
-3.25404316854399189,-0.898482447458833211,1.27155397864153219,0.314184800141741993,-1.17409837845962062
0.462884423952587665,-0.188182226792385443,-2.59080923073395697,-2.00952214166753773,-1.93155587169042442
-1.36378006934667928,2.9168928727466743,0.873708626828724744,0.336509904513615288,-2.10816793449703344
0.472422300352912439,1.61823589723243044,1.75087820477856027,4.53520038537844528,2.27243372499137708
-2.11648194883392282,1.58221521165691215,1.18060856767473155,4.34860687206516605,-1.4742585114441118
-0.0565098383978322738,-2.68859061301958713,-1.89720072263109074,-3.67206655608465615,0.551118399652517077
-1.91339170886465326,-3.86435260744161679,0.566857853870450734,-2.42424269701770756,0.355349243119448543
0.0616664330046270692,-1.78969308741312894,-2.76163143353960949,-2.75357284193109741,-2.48931502896166856
-0.241444368844946772,1.04449610312429542,-0.40680499346872534,-1.39407110417290414,2.35222357542943117
0.5848631741238699,0.365884425316903739,2.45760930330998129,-3.06886822660983238,-0.728231238423405536
1.04616566733338101,-2.56509904544941048,-2.35992014669798911,0.220814175395766643,-0.748045772270785836
0.584825483054961293,-4.82843324086158088,1.17848984311753835,0.688940480169494829,-1.09973324863637378
3.8910233690791669,1.27591139457233727,3.60323840334313994,3.44944748509731536,3.73066901724917832
3.86403280074313082,0.810657067654775076,2.35109031291038972,3.93133628348040487,2.70714748709908992
-1.71708019894479635,-0.854868985679314575,1.33382724109953132,1.90359224666380977,-0.681199835432605205
-2.71653825393564796,1.32055050582633071,-1.34167149219099668,-2.02669524257763634,0.534335883015535251
1.03006960204126563,3.80538531649375944,-1.07174606593127297,-1.87430594313845211,0.239987826247399838
0.781255074321025589,5.504790315418993,-1.81402841741351817,-0.682872859268534693,3.17598720316566663
2.97190515412450296,-0.283572001762472492,0.859177808344878002,-0.395408119519788881,4.73512072788029048
0.72039018522995113,-2.48903506876890468,0.277761936009508936,-0.72486476566423097,3.69291093670409998
-2.12828831618939063,-3.09996919244939262,-1.78402109751932247,-2.4524741046229499,-3.86137417379919023
-1.74930250442159974,-1.9965580464269328,-3.32065070221637715,-2.00546828051444903,-0.856108542371104453
-0.596105885699002247,3.02059366569022192,0.307149027831625787,2.44491561136109548,1.15330343434875759
-1.20688226639068197,-2.72837461883312171,0.0064425318480800936,-1.35848252416752402,-3.34429829998677874
1.14064835393085051,-0.341673305673760364,-3.40085726770823982,-1.71093333820977933,-3.26667657660417232
1.61149216125062478,-0.803633459150508322,-3.91018270687921365,0.102243044493699475,-1.13775609389740451
0.335775890113468978,-1.0948037483175197,-0.812876650575826698,0.067254538780304296,-0.213978317282621455
-2.33524027224953823,1.3308432703528088,-1.56743997572646654,4.45706696864652052,-1.64686816564321403
-0.293187340902497651,5.00558364603473649,2.13884867459899919,4.97711769136198612,0.193902463944311321
3.60321672136329418,3.05481890596551997,3.9454331270950318,-1.08001081263231113,-0.454385795036232443
3.99724618165548229,-0.748401130900192557,-0.580155146955067091,-4.00944452247892968,1.2041637058641439
-3.98791104497097582,-2.64023935506138185,1.90182885574990301,-0.416536548065802315,1.45375702293827858
-2.54522009615015188,-0.378430412638940783,-2.0227807790812844,-0.805095673634833364,-2.14576046934201381
1.29523334781587107,-0.114982665089505554,-1.95945481631270457,0.956172641265789158,-0.0221024387613398023
-0.956249044853493602,3.13148476884811178,2.77573509745931357,3.37318928223243431,2.06197786623394164
2.77863625125393954,1.23080156478282832,1.14225706122561133,-2.07957598202762561,-0.383576028553943793
0.204352549408443301,-2.83152998605446315,0.257748889064901066,-3.48646937541144775,-1.61719243370421628
1.88612548716220907,-0.216807534072524788,-1.51535638086233582,-0.0587564287354123069,-1.41006164373989851
2.1118352546141228,3.34810883067320386,1.14624370054286118,-0.432968302823749873,3.21031041039420417
-2.26969946995075622,-1.2022800691903055,1.20456961527318107,3.80979410843426125,2.43569076698794573
-3.62322390217008294,-4.41930541685049416,2.74184649373784017,6.40386732402496239,-0.0497661135792352716
-2.53823839034800613,-1.87858983647374722,-0.647798416524420606,1.49806533687768284,-3.59874831995081434
-3.17118479442912937,-0.619571903415635949,-2.67931894307532659,1.05622370397996534,-0.0704106965261632189
-2.71830615896753036,-2.31458418835031887,-0.924659881810082851,-0.478009136559722769,-2.00736948036162
0.176510754685354959,3.19314160106566236,4.25684039085128152,-0.335822435958913479,-3.18422083479459106
-1.04416771933965946,3.5567102947575866,1.67543836039458371,-2.44494385003556847,-0.815905955594684817
1.57461080139393905,-0.671421257922395265,-0.361323413251097236,-1.57542781713678415,1.96622062371503459
-0.867039230046001475,-5.43839134205182706,-2.99521039868378836,-3.58171716406424467,1.831217902819962
-0.533790450630318825,-0.554467727035183433,-2.78655246842030158,-4.27716024080780599,1.48448323793676318
1.42494750799631142,4.52506671303384689,2.60462012748499916,1.72937085734508766,0.829756364790934953
4.07712834487200304,2.00366970189861204,2.97420149376336473,3.32605809397242735,-0.825000003642667679
-0.202413210247295167,-3.02600966936875171,-0.984195346176323094,-2.05849172494316335,-1.71547738469271804
0.76264602718508534,-1.38061274875388129,-1.96116613291285269,-1.95015823388929843,-1.01539635289454955
2.85878708316173746,0.567636027646653218,-1.25015021402793503,-2.39501825748318309,-1.09970154504817641
1.00192207059546368,3.14548172569993145,0.444878226771309337,1.06953590235519158,4.10401590106554703
-5.52819608340803548,-0.860238680614504037,4.42314015456668752,4.94951126272862041,2.39947904052264338
-0.0328789657522488288,-1.06603681756705759,3.78340146241596997,4.22088982590606854,-0.765725251892359182
-0.737491692128848131,-0.574823644510440102,-3.28291018220795117,-1.38294231354430575,0.739033424651964865
-2.44352475480821063,2.64613932086357684,-1.19403060495346747,-3.90576237410420024,2.56928939218964292
0.150952965639695985,1.95824177045765402,0.263390428293478418,-0.25472123130133667,-3.20620290126223439
1.14339042104645849,-0.864135544175066106,-0.611298147651907264,-0.305445843173159648,1.45312572465324918
1.0932835432434278,2.87986940141914305,0.225809565522631706,-0.469232261570128262,3.1218765058084661
-0.716392649400231063,1.61698965179403764,1.13154782385437436,-0.409798025127306065,0.473100328355830879
-0.217935194162763607,-0.480732379425688916,0.302837784581850344,0.648478704617123647,-5.03445995506765254
1.21479421375388097,0.0316778375619796437,5.959936156169924,2.41877413080036741,-3.01375088150972159
6.68823740404177247,4.56234089557208566,3.0330460855277388,5.31557096012987351,1.66475996053591713
0.976348860836602661,3.45716116475959723,0.0775241103023763256,3.95771700216155997,0.884660526336255915
-5.34914749606199624,-2.33784458723173438,-2.31233429480380392,-2.07039027947726106,-1.50922780504390919
3.1126078175383074,-1.80002616283460659,0.097006854750093241,-1.89828084404308517,1.81507051912191697
4.25199707724170839,1.22666988290433521,3.70153893628115815,2.01625592390467601,-0.335009243992727634
-4.73896223267304428,0.343595706383817867,-0.840477413743290658,0.831082375666160056,-3.05510981830623063
-0.482509105277246997,5.03126772004068457,1.38257062600182667,3.68309704648205738,2.39011010870152507
2.38583172030580659,1.14990387917385561,0.961631025125994521,3.43997764834474573,-0.698039112849782484
0.917453783020463876,-4.76321037285518134,-3.22075042606015405,-0.0702993084807501251,-2.87170329890071452
0.43334858244315122,-3.0883529489434367,-0.257536696967045009,-1.29775875202421842,1.2196598096398954
0.213913683308706998,-1.72951877462291748,0.0285053727713736049,-2.98064962690443291,-1.49227166240351372
3.11786060996793202,2.73930597021615752,2.58925062163933939,-5.82301960975479815,-0.727140435251010242
4.1646474417086079,4.82777272729446416,3.33387236355720473,-0.167046375933081637,1.64376947162708098
4.19458890164185849,3.19260174434316246,3.0372980722597851,2.58460107748316803,3.05563784203389499
-4.1670055768223202,0.362359312158633151,1.80853203706229015,0.744420614938271497,-0.0360415976891299145
-2.46598319456475545,0.0584756296997776259,1.09638072918846907,-1.01669601590109826,-1.32266643516294624
0.290966224266352436,0.981112879857988118,2.04750855651992092,0.250891597013560397,0.812416382836939954
-2.99146235293999974,-0.82235518372766736,-0.95683785017628864,0.324754200141831373,0.410131628408068216
0.335790379705612763,-4.94371975946591657,-1.95536462341759076,-3.36503227588176568,-0.156796236156839741
-1.57244210530764117,-7.06862571885111546,-0.0944538124670245005,-1.21965445304039077,0.675083099397823183
-2.02060265419047669,-5.00143984339478287,0.0787135516074170538,-1.1789471255627173,0.309558699080754118
0.615251580336253046,-2.56895599670746311,-0.881504412152588568,-0.43622024041258739,4.49859805513774891
2.16926828789504578,-1.0989445450576365,-4.00873246314210263,0.631245903410732501,0.154436936354843679
4.00328702172539064,2.85416513679887007,-4.29992486032358379,-2.66829898195429482,0.127096733559213304
-5.45671369174647758,-1.01944222678481,-5.95059079725637741,-0.69964893610350376,-0.815751486376631085
-3.68611291206343239,-2.816245165070419,-0.422783004317080657,-1.33458988644735688,2.78952604069885712
0.0799472312573012711,2.30529361867398608,-0.706950734804197456,-3.04146650224810688,2.66671200334523828
-0.551966438865177489,-2.13597353517845434,-2.87989229255059787,-1.16977515907178486,-1.88494537831936682
1.93459664005832876,-1.52319289562262883,-2.24098643830503175,0.0720686769464577298,1.88568288901114633
3.73781918859630435,3.52352927379997238,3.08366512192901787,1.67629115458707245,-0.0162285767342031512
-1.23151096378733849,0.843393161336188135,-0.974753711897443198,-0.0229342676850996102,-2.41250379145845839
-6.10561454290902095,-0.656198641273470717,-3.58925278759137312,1.5550838250675576,-4.62510928994092563
0.835728397332808459,-0.103659642775447786,-0.150249277196202569,1.283963610722336,-2.09778212384259843
-0.81096163933597909,1.82471842327672329,1.47849607736254773,4.18730463363264249,1.86268182278918615
-1.34093636883628609,-0.16446594051785865,0.230451642082042107,1.36847144943055721,-1.13038408643527388
0.165496667434758132,-0.234941436402334419,0.42619313895739358,-3.63770862040820875,-2.6880881946319759
-0.671611866395475099,0.397984347987196951,-0.234188865464341034,-1.03511615148388647,-1.2105641862358667
0.517900408344854957,1.14502083885186279,-0.0221328132808194453,-1.72679937640055825,1.85415522548030465
2.83206744728630078,0.197743820774438084,-0.636471923954015084,0.272689015051996386,2.98018855774126834
2.36001424892372258,2.2123239417521452,-2.35928440820289653,4.10650851492620905,0.426547461185322441
1.92231550829678044,2.04840034102269186,-0.104874252739071527,1.31942904089088708,-2.54712049603178148
1.221792477346757,-0.371360610070332164,-0.162606468585109798,-3.26737347436837622,-1.46564744069166597
-4.43382544383298871,-3.06292009659583808,0.108091364315904881,3.27965581223102864,0.936453437284827772
-4.02954615304181285,-3.11244378309142711,-0.981329060219211513,2.10467585545561509,-1.99286647150919172
0.0816258369091232422,-0.0421766459918092584,1.58010031239162285,-2.53893244468712709,-2.88014818482100621
-1.59539598628699686,3.78533011562891986,3.10039769236989171,-1.51856669028447522,4.81448012734278397
-0.480719811074490411,-0.509437225337402433,1.00759761479341003,-1.63999507352919616,2.66970343518939046
-0.639704090076973042,3.10275268940447546,0.662664335377498803,2.94621799479171198,-2.77323127519657531
-2.04817499444874862,-1.92561403153704691,-0.640810881010195565,1.07562732252337878,-4.24291013504914982
-0.00374572896801876609,-7.57008820411796979,1.7927927013440399,-2.12886444281968901,-0.968006698983802427
0.478828213218127019,-1.23650529363938877,1.95247542044848243,1.16745258358677484,-2.08125768685872981
0.596466088324624777,-2.40452119162369726,-0.954183399704096491,-1.04507933325682778,-0.645787969575942644
0.574723216310690899,0.945852966105929172,1.01807727356926403,0.821479131330930534,0.656622246387132402
0.197199894812186083,-1.25973970266126334,-1.88569873455007242,0.202400030320345703,-0.335624943067735881
-0.901767339562509429,-0.714809877376480385,-5.51122187600202906,-0.826959695998484845,1.83636731410363319
1.40954363541558236,0.783694096954721142,-2.87070616228888253,-1.09919981139570933,4.09932900592644334
1.63213438122311416,-0.414428011269976193,-0.191630014818344796,-0.157332101838536104,2.72593447485951001
0.174138449645409865,0.832682770481041779,2.29383119061216867,3.58361025363289887,-3.73054858570655501
2.54777160444698669,0.764567068596700095,0.284989666058602098,2.96637150975200736,-1.6744312673629933
0.554467625598782266,0.0210399681606946998,2.52355370059705253,5.12398383824262904,3.57171387258138928
4.69764526116415926,2.98611815803428993,3.25669225185411815,-0.511919449632525336,-0.407974262641710494
-0.0561320315969160016,0.793600490562041738,1.16627589461457726,-2.68156093196045653,-3.04539342340817498
-3.53700457797279277,-0.930930765175806529,-1.57714532419713671,-2.83117852378742896,-2.64618177589923143
-0.200517767090670318,-3.47520825825804014,-4.02357262894419865,0.376134495674265379,1.3748359677903359
0.0689352335650909726,-0.730331593566139192,-2.49115748318528984,-0.609105515748384119,-0.199724093234411981
-1.10568708351749612,-1.27956031042854979,-2.84152920910574425,-2.49065935951566697,-3.98561777375043302
-0.458793275016018465,0.620213058597428257,-2.67397297788485089,-0.594860808181456591,-0.759973437140926911
3.27458977029039833,1.69487006086602299,-0.557500226965053747,-0.630387255815526459,2.83170739826816575
1.02329658746384311,-0.541672314334344041,-0.0837105273756361679,0.865896047652853995,-1.1179068835898629
0.671079696829735228,1.47692243324290451,2.9045198129044989,-0.619999914957739318,-0.913535109450835825
1.45991170352762523,1.77036159723511655,3.00012584786680492,0.731304135158616253,-0.896644058730617144
-0.718499720767388883,1.64996448990224365,0.0737809187876511952,0.184439113443246622,1.50900607027405931
-1.8369107083418672,-0.210952767160240029,-1.40068817309202065,4.62475293158314216,1.31612929216230734
-0.883339257063724625,3.44205220919386079,-0.0441261713446629567,3.10591548456545796,0.539885228425562969
-1.33818263106316393,-0.290956942720607903,-0.78131344472870734,1.79812166571741794,-0.313776074430109853
3.5675017672792313,3.50532297237507873,0.0177845399523091641,1.68659374847593813,3.07036322344470447
2.42113893863302998,1.07990479131227723,5.10734534446607391,0.299134199868815953,1.14802621926318071
0.720816472318203116,1.09566502643434038,4.44444471697222987,-1.73973334885079001,-0.638578545229654959
-0.70483750332905426,-1.19578547921112421,2.94602804867088652,-1.53768574142987746,0.310239989814075245
2.9406336948618339,2.26688532026119027,2.8711894266389435,-2.0618086888027598,1.88458148447428986
2.65662585666295925,0.547218924298843001,0.649103044588056122,-0.858675343171350081,-0.761381152811295814
-4.33943199296892779,-4.6815730152868289,-4.14996566752353591,-3.73181554531169368,-1.75223535014002052
-4.09905420076310811,-3.44307126710954048,-4.64201069923700871,-3.2254245906882737,-2.79130419906327454
-1.46639080422511436,-2.32654416168360356,-3.39415695361404079,-1.35714391614376528,-0.0419517016672819459
-2.85555958356587691,-1.15892053181965138,1.70481742800855507,0.0406133938294239716,4.20371646902587859
-2.19833146772902044,3.72305958203065224,0.749309800814333293,-0.216828588645032766,2.06033668125427161
1.73959591540570879,-0.63440367672099951,-1.43743379437923857,-2.0102299274208062,-1.15787668655493792
0.418867226204518883,0.275600770200455092,1.07075808455657051,-1.42456626801245267,3.71106158325259683
5.20783782527758543,2.39975756310677601,-1.67997875093673477,-1.18193397689749613,0.20530373944593644
1.01293713529232088,-0.422743917090180277,-0.986463584041138652,-0.187559882004363021,0.631998654394768766
2.76735976189665944,0.660869753833206786,1.37357358034595722,0.443772916962457242,-0.663506014846353187
-5.25333338622895596,-2.20575011099614526,0.208303913163259052,3.63213027100211416,0.548489479663733515
-6.19144986030244837,-2.48482349145583514,-0.511800318434431967,2.53666497169274363,-1.36877828944613533
-2.85678212461986414,-0.667935206264445136,-1.72858991002094897,0.445512893004923638,-3.21368592058153979
-3.01580958237694619,0.215321384688379802,0.31164093784456709,-2.58709467160179507,-2.65731999893766435
-0.26427047992543895,-0.749474668999670857,0.724003462153769539,0.870934914185966913,-0.765223547976949692
0.200102771165936916,-0.106542848679600607,4.41432285848886963,0.473973861317778966,0.478248460240713269
4.24106337854446558,1.28254801885023362,2.25477196309655836,0.229043814785869437,2.84497766531564267
2.49204329410309944,2.57017113466704172,-0.587574205999068289,-2.07357190453828633,1.51034841023355182
1.41547955927260016,1.60322429381479936,0.990504810970681659,-0.831551653941075331,0.865517956653543252
-1.68432200197930571,0.54135354959523152,-0.534523544990196275,1.67916899721061652,-0.0875641056371527782
-6.52343621737691937,-1.02704583864468768,-1.68439505856720761,2.25781818371495868,0.960834192118739217
-2.74005945685231111,-1.23167857095961697,-1.23939392792759717,-1.74137331522049621,-2.30584750628568091
0.444265451449544657,-0.0674043515437345725,-1.90764167448783462,0.118662219596364138,-0.644029324921688628
-0.532295777361794564,-1.13642335200060818,-1.09551242008898897,0.74894768621394292,-1.00191285750276271
-1.91735650143886227,0.650303482708609382,0.448137700768234837,-0.556136565100014857,-2.25295106698597758
-1.29640223952574951,-0.812038984997992652,1.68612690693253775,1.34308616201699715,-0.0944722704779069056
1.01873348699997046,-0.668167951134826743,1.17688714504246139,1.74432340851792222,0.901085032975067923
0.582316475786415655,0.241325376628716559,6.63254752776305345,1.57128990585779782,2.57736659352981645
4.36898668878281349,3.47741380974566994,2.74713283713261669,1.77519960055753323,1.44881319233087713
2.42652102908860368,3.63754668590024188,3.42949938079605543,5.31945860461833409,4.55598520879262825
-1.48861346640102532,-0.638358655842691358,1.39056766239600793,2.84774798606363921,-0.650604735255066902
-3.17718935380908585,3.52911280615333478,3.17960866987877244,1.81339114638184196,-0.0151246469206571185
0.888260720609194032,3.11276499490579983,-0.024551962873897458,-0.50063540944494378,-1.16710046180316263
0.798013421154490699,4.33794577195429909,-4.53243781329898443,-2.56409827270514468,-2.34408000931411387
-0.637314386488037621,2.01092887814529986,-1.99945562472671212,-3.67957226903252455,-1.80582372131215418
0.47302347554165125,0.847827680034299314,-4.43607381957665936,-1.06560071569915493,-1.72075280740800474
-0.0715405045515264126,-0.501844117217143171,-3.53685173570489741,-5.40030548328364723,-0.660670704602111636
-2.22867336227789625,-4.43466044941959847,-4.55244930433050232,-1.91497296340114342,-0.248986024280171969
1.39973803711558653,-5.094617337134137,-5.18085025319108183,-2.12673767405614722,-0.724918698123867999
0.587419402078876218,-4.96030827206244496,-3.43963167690639038,-1.35578910867336111,-0.146082570375462406
1.72191278694593919,-3.44442316826181072,-2.27337984573304741,-0.563748346040225168,-0.519047085979941092
0.448540696908357517,-3.47691823230420205,-2.61080910660400578,2.07273282003582615,-0.271681691919123114
0.245231212500827661,-2.98326703860590081,3.19145518990525678,-0.448295241742032391,2.4258908980893148
1.52708789127848177,-0.844802770029494998,0.339408070049851684,2.65291271531599415,3.08068397059110621
1.18459375438289949,-1.23762577821136666,-0.720607126675483878,1.01980851658069138,0.0598843836431387014
-0.4175483218343915,-0.41544750862654467,-0.912654859109266026,-2.73923656798710713,-1.48020502129180631
0.90588298041305404,0.677494069061088999,2.41577322417174045,-0.625755279495453509,0.501898134124322159
1.26144256621996176,0.735331037224250084,3.36661717552697759,3.19719593506816446,4.03162160654289892
-0.301149310997977593,-0.214021573647723673,3.42906850103671301,-1.73809690673969586,-0.29684509811612414
3.20701446160857317,-0.539539649455060277,3.50661066437994595,-1.59837035449931575,0.273148033418407155
2.41589158484775535,0.478130588465484174,-0.00759521743275578393,1.73634808263470219,2.25183385340946796
-3.02562637143549429,5.22576297533651868,3.98805811908354269,-0.29464195217903677,-0.824422868551888288
-2.39496492661088833,2.30821313867657141,1.01427220918409322,2.09838347965885141,0.399247986007380928
1.4368376301110013,0.0282132761714205677,-3.00538927333962036,-1.23188585951755458,-2.69352966621173895
-0.818862988591977481,0.153106480438735981,-2.66360578529140435,-2.1867485237627573,-2.48119563315350522
-0.536742920066509255,-1.19022057138232551,-1.41073673047289061,-2.04788806235859155,-2.53307951025543066
2.2850862121556843,-0.107763259223434979,0.0824353272863196512,-1.07326646397595793,0.347432860855500958
0.531008910460903816,-1.23516682647789389,-0.83489860238136393,0.870239898173673088,2.39459495938288836
-3.82885970436096823,0.412065849084522262,0.747790851129823353,-0.506752262654589836,-1.47233759140936682
-0.811794438722155398,-1.766419393012302,-0.220205265574057285,0.386102640787170326,-1.28314392413407075
-1.3845207533244972,-0.447470878107717074,0.491423018130415667,0.0398085196075389017,-2.08379036576771348
2.97108406241272549,1.24882841495997376,-0.200387521610382646,1.61716200640920005,1.28267251677579308
0.0190944365284296119,2.93100336839804942,5.44263217628503693,3.09152054729569592,0.306687257084357123
-0.773063459849656853,6.27676449416766413,4.42285327850500387,3.3337803581308032,-0.341093252928692969
-1.16596612363667829,0.674642833040235868,-4.64190011842468486,-0.053106794048795862,-1.88893171440549401
1.03263498828898759,-5.32934188573662571,-3.32016376169574912,-4.6304811447438583,1.08217480417415457
0.654689447311844419,-1.49471535473155792,-2.2995672671055547,-2.58895430901087309,5.5510312234253627
-1.19161351188224107,-0.334642823788179056,-1.13982600891479002,0.178639387327218846,0.859200942686538127
1.62227361369017409,-0.94047391289490001,0.214741108545941639,1.79397097669291283,1.3144730728720917
4.03070665790146432,3.17041732881798843,1.20181653118054865,4.02474823503099266,-0.125077665839749219
-1.51723397509713731,0.675187874533878185,0.491491892635255778,4.31189521770476603,0.774021342240905574
-0.231249193193132807,2.30218444904218167,2.54948914025208362,-1.92378139634528389,-1.19870160405814929
-1.27012756101790658,3.98017764980063582,2.51288521624346339,-1.38392130019211046,1.51421196418751403
-0.169847234972142491,2.93207020455980061,5.38444716287131975,1.91009363726869252,-0.127503261107099641
0.729496630135441415,-4.66638025349401531,-3.18759716247384217,-2.03011543326161803,0.988330383326703865
2.98437822316161006,0.742926047725080307,1.07139543761530942,-4.5649976782508972,-2.47209270926796254
-2.36808650646936458,0.21629187089272478,2.90725089364252343,2.22849391342284564,-1.08391495001016636
-2.35460425183705624,-8.6432789630557334,-5.51839571689240938,-0.16873612667968424,-2.61432895858512993
0.461635184547364907,-5.1216335473342447,-7.52314674035853859,-3.17829035164581919,-0.658231560813570593
-1.23749969335762589,3.59528978972184055,0.540206795442096377,-1.78587065222330921,-0.473961010167063046
-1.9910072686853526,-0.560793997372099895,-2.56133787282249381,1.61037875951298415,-1.99498914792065318
2.11786844352295622,-2.66232746545841126,-0.560600019301199404,-1.09235748136677935,-4.32667099029648394
-1.50122703569931271,1.49595132533625419,0.129521132564220709,-3.1791482178801922,1.51984353492947011
-1.33160310432802831,2.0580767681689216,-0.278339344501274732,-3.38215522051310735,1.4504703036273543
0.0974215618169572278,-0.543926340955799503,-0.14562082229414719,-1.91784731958362387,-1.72931871935764914
0.0409308056417390376,3.43572892518737483,1.23108079149095517,0.368946851620489513,-4.62646724589559533
-0.95112545613377486,1.37773418329023212,0.914388179097269993,1.4340382789598316,1.3683939055723553
-0.366744358208373866,4.33241012156207805,2.01070074894381579,1.55394375510855642,-0.323409053432400062
0.662668688755240876,0.770865138611163792,0.759794999851666097,1.57638314954978132,-1.04622686515177454
-1.58876639971329836,-1.13811520594791626,1.45020701092744919,0.726973837892551877,-1.18829694033814626
1.2471749104332297,-1.70933234491910291,1.02468163626308351,0.914054449576543804,-0.50884326082221043
-0.905542236474157325,-3.99188412167776008,-3.01430320365762539,1.32197700587727973,-1.17685728615139085
-1.14903904385133893,-2.66016806644309201,3.29430784245876618,0.886630560231642328,3.99333533958923859
1.77014194942544734,-2.58343183097679407,2.58990056316189765,2.3549961575068461,0.877896497867820313
1.48191425670799215,-0.291138625941118223,3.68993570840185781,0.270878134210604971,4.72439693569710695
1.55424287421023499,0.0757017233599196065,-3.98564060040773116,1.51080091599768784,-0.198626680606822426
2.41533239835932356,0.637968612834949989,-1.95225350400182851,-3.36143983319599116,-3.67968258277831417
3.71920527835363579,3.1975927807470379,1.01540025839715886,-0.29291672752961434,-1.05374756850936713
-2.26193586418743608,-0.604098191403748874,-1.13630843100129586,-0.354559534117600716,0.0227825659813560844
-1.99523897999359412,-1.26179311656832893,-2.45019001836721317,-0.370351834480329545,-1.68898915866977983
0.962211263221210422,0.0562580635049114292,-0.202461866475748264,-1.00492956759153662,0.871540526558099993
-0.845045817228345153,0.779616610999807169,-0.840550353131683692,0.111688955522927513,6.69912934118823955
-3.05510907841035317,0.149350770795619592,1.03236077072185961,0.685886803990566674,3.49905095867548166
0.0215681361309345149,-0.962656862807038216,-1.84370070223463167,-0.552012641663385373,-0.228864831888373088
3.37082503752690421,2.72206864056729358,2.06499316205599248,2.32984739990374523,0.685507173870284481
2.09008776897920168,0.549473129780630454,-1.6794330943701008,-0.551270742867160157,1.21337993035748126
1.48057726679152712,-0.0431434306207092999,-1.25723059835512618,-1.315979895204068,2.91391750872830224
-2.42853756635570628,-0.951093184052613116,-0.193906325051730749,2.82049219147443786,0.159150970258965574
-2.29766421547035815,2.54371877539284386,-0.774580986393045512,1.12261159617084272,-2.24695242784126403
1.85200691828701469,1.93901920325478994,0.400483219901364373,-3.67634810598261241,-2.42656816002218179
2.22909122911470359,-1.89958381863353365,0.444829859441089215,-1.2392255200606952,-1.14258675853651526
-3.1964694622778298,-0.39215454395598609,6.25373314328766483,1.15171384260800602,-1.42758864278158737
-1.32042268516072658,2.08492047587477991,1.00636416617497293,-1.04290323276156971,0.882362256168767622
-1.57821307569663771,2.53837932858396309,-2.30600107954528388,-1.95504825072392374,3.95945953552940155
2.6302427940772013,-1.08649922261401333,-1.06002934676270155,-1.56811257553535621,2.98674649182283636
-0.0879684604614767995,-2.38908701152502179,-1.54246762474997845,-0.190409909341110323,-3.93187950614022652
0.458968928965307832,-2.77986736092196729,-0.0669062635382552673,2.02263616968963378,-2.08241138353974842
-1.95343545871773383,-2.17972170492192063,-2.36827116709886409,1.02187138643233832,1.06728239463348795
-0.643509477917119543,-2.91352581938673127,0.364773664324995694,1.63734458496435398,0.638984076280195379
0.91108892488892157,-0.2948480611046424,1.64966199842914607,2.0932747426049727,-3.10584838967406718
2.11059664692113813,-0.999833490134168335,4.56169906213812126,1.88345326589641293,0.496827083311810025
-0.324899382457771724,-1.21333077082981111,2.72669993511103836,1.50923970707058186,0.149685393296990932
-1.94550343065113873,0.902044212194748174,0.488393605558268717,1.97018663154545748,-0.212287581483322663
-1.13070288100357974,0.713879594457257238,0.479567525163663966,-2.86720246022991576,0.529386130618407225
1.27619229350404684,5.34242547325265171,-0.961016529762793503,0.595772702396871856,3.46768698476267989
1.94307185774136748,1.53384896503724266,0.825092188391813419,-1.40599632234725935,-0.243775876380629586
1.7953396828266861,-2.39479497858016055,-2.44158010476188725,-4.11997909882178703,-2.95383302897090694
1.1854747942853554,0.192062363674073866,-4.65313107790210001,-1.32678096498471976,-1.29712566086666037
1.39500846652180277,-0.123228972894281516,-2.88779767496461526,-0.852336779690889279,-0.788280516659709107
4.19678500678695432,-1.2183480803603155,-0.739887903168768624,3.99732054421086902,3.06834701899062345
1.35260803027106968,-0.764927495069172014,-0.543665515116823372,1.38793318304027768,0.130422683163578135
-0.597764664404025536,0.717245452377980541,-2.49105209306992581,-4.81930763640910076,-1.47487591255088946
0.30439177980699883,0.775864310984774708,-0.98278853894155549,-4.34670775428893563,2.39363169106123186
3.53552167273093776,3.91772213987640816,0.700032667925362451,-0.948928637017012355,4.38179579431174737
-2.23908993479844831,3.35401597861073197,-0.524024690776792923,-0.84201982256247454,-0.519897545639126046
-1.69474105647749962,-0.645991564948550145,-2.21911084603398701,-2.12648766299489056,-3.29921942149671876
-0.491235128283228573,-0.877298173947169024,-0.874218797299084693,-0.394391529439013122,1.81365111757333919
2.74488811953848133,2.33658319483261234,1.12355167179506799,2.01085275454795642,1.37947383322321393
4.76867279084344098,1.26473530252214927,0.281369308663437123,3.32089010805064655,1.08917908033659039
-0.181941394220722225,-0.49280505223621035,0.871117367167329681,3.61346820021410453,3.30412592685506157
-1.49538604280188703,-0.421482281518762159,-0.932183932792845171,3.42500500422387999,3.18386116320355406
2.12811266337680527,-0.12400422241974797,-0.450501475366789528,-1.58234995826573721,2.20174749454603713
-2.61725464426781462,-3.2385093194865533,0.40533909713088323,-3.13215582746043353,-5.8241727334159501
-4.40877926721858149,-2.13052381411393066,2.04365204089733155,-0.733115424645090386,-5.09173386878982548
-1.41909987198467613,-1.79405512117605515,0.253851398161934361,-1.11905789420172219,-0.304608804787791454
1.58908826553971716,2.20422420656711182,0.517986257331535804,-0.137231630242850872,3.30882346651434966
-1.27232922962537365,2.3129977650585225,3.19914391544080923,1.93013636900746,1.92581690888313561
3.34181330357966955,4.7667584218857515,0.727242336044201521,2.51660333543247816,2.91318947603204315
1.30570286238114486,3.41270343969612355,0.94710907843544434,3.14327101362150874,-0.661605279821156911
-4.47199657149422425,0.49091889521809623,0.450485305103191291,-3.81038362380412821,-4.97666295496883571
-1.08665213027687502,-2.26761250289993388,2.67216445470056874,-1.05317647901565281,-2.67414460120338582
-1.89876905561971165,-2.51773327247447742,4.13131700521324685,2.53695186467632627,1.45806633057520107
-0.423110271155067719,-2.70991935898762915,-1.45930793024282335,2.20403000978959751,-1.408915112086224
-2.12374067164558378,-2.38364640194832811,-2.74002137417523128,-1.08256418088076378,-0.303981199024399518
-3.29611603731569858,-2.64597159737084819,-1.37654530169137068,0.324412712109856671,-2.61804537435790952
-2.38784346733803643,-2.15355032902513344,-0.145384051559752758,-1.44945387186377994,-0.335471483184166586
2.01246677742590707,-0.962010141969140142,5.34623410950221523,1.70718295052653457,-0.795081484559124974
-1.41999155247732989,0.468626094609097432,-0.0426403860339140822,-0.355387771598458357,-0.66104266463746908
-2.04072184168124027,-0.592927535548558704,-2.74076428516784754,-0.991927411786709845,-1.44546458491431884
2.03380783984724056,0.228220556333894237,-2.65990273988502013,3.52663427391077411,-0.744710235683735178
-0.338537986114350875,-0.749445650487475912,1.55194884099157271,1.74285015105550256,2.94463713747042677
0.726590673703693124,0.44795023391556088,3.36523679666620668,-1.21896821566383751,-0.263521945866646623
1.0293696265141512,1.83789522809060646,-0.687389309855948483,-2.73912399204100909,-0.5315529616028698
0.908035110656466804,0.265235723479638641,-0.425947276650621043,-2.91063137820109086,4.08364517119444681
2.78023313304704933,-0.158508899563037625,-0.934675211201504097,-0.824525212970294019,0.803282015542207462
1.51201959562200239,2.54919091421273336,0.734908739542253664,-0.827580694540004158,-2.04790660015367409
-1.8676453923256795,-0.515911716972847656,-1.21235152008887992,1.28191465679016137,-0.37925896899287409
0.256919821826703976,1.44594470799875241,-2.81881678319508966,3.26390274553370974,1.20661761460672157
0.881056125929373213,2.26075937962566309,1.78940269519891015,3.20491274812486671,1.31695093383496098
1.53760805306487236,-0.619598984621688387,-1.44281626005692032,1.65618093688229973,0.154217174780601762
0.469956304867589658,-0.241220536977207273,-2.74249425962406512,-1.51584946309104995,-1.05438722225661063
-0.778779296682662991,1.69543021990336373,-2.1849087776118945,-3.33941961406568577,-2.5021392114138985
-0.7752921529404595,1.09234794746073915,3.26946416258688677,-2.5997891869096712,-3.74133112070389107
0.0342237420737133147,1.24551557116493106,2.8880607845930415,-1.60936039268731812,0.881607551944159851
0.232862578562733014,2.01865928421736918,-0.408284872528187903,-0.205433332219094905,-0.338733320365969759
-1.06744937294861697,3.94550064337047557,-2.33435248614437763,-3.42190634675934868,1.13334321897509582
0.457211332480622012,4.12730141233898085,-0.0538601548679920189,-1.85158180380701132,3.37918364674755978
1.32248726745747103,4.14496073724038006,1.02264239447879057,-1.03700293696215207,-0.848306109018802323
2.85770669282159417,2.37648314782158288,1.52615145525999574,-0.490094639159462497,-0.724016118770732686
5.55222943948488012,1.43791174956500889,3.12794494751778318,-0.741940551334462461,2.06354834122625652
4.00655105369895992,1.06324599296266964,0.615246113608279077,0.969724360394208063,1.69008587051017312
2.24264561536000517,-0.419907228060988014,0.88094471700611432,-0.170625793991872082,-1.1477782954853335
0.73207799116699146,-4.70367361967088193,-0.735033348408384302,-0.565801129024028571,-0.341434456297954547
-0.106533996395999198,-4.23740143315936635,-1.5062245188677974,-1.08654056905892316,0.669977261598151852
1.32204194447265122,-2.87899103947204438,-0.949568965582013091,-0.165015797355904353,1.28198890429459422
-2.72585308500827983,-4.05492084873584169,-2.49854536092046153,-1.32592999799436262,0.126510826565345791
-5.0778141048887564,-6.13059823173016838,-2.2732771946798227,1.25146855822074565,-2.61008260999533892
-5.82803192625998356,-4.53527191236937544,1.55475920282335323,1.47841378639898724,-1.75254777976233433
-0.558056910455025035,-1.7580752053155384,3.51802312348638457,1.11516674417786033,-2.43510133491562764
-2.41429652401956174,-1.77229958186551606,4.23003388840036454,2.77719883599235429,-0.395068682827462769
-1.28498751674717693,-1.0467104932592195,-3.0155613841019715,3.11221288308408139,0.532659214008999404
-1.83836549642639113,-1.26803642001306471,-4.06346243969176957,1.37210617096615461,-1.07637183871150754
0.00861566017159126618,-0.977964239462381646,1.71939153799984523,-0.0380943262237686819,-0.946633775580936199
2.2049335856217005,2.0386059234945999,1.8300610660187393,-1.09435464087617307,1.47560915414304095
4.14136678164708893,1.74521778672239414,3.08047228260679873,2.17914890213952006,0.561200053827407341
1.46369106201153132,-1.27401059818163542,0.360540882656124662,-2.08266376000051645,0.856866275273916345
-2.6121820880761728,-0.810921930398948221,-2.29949564628716763,-0.667588460804653505,-2.4522390375097487
-2.2530232923073763,-0.0855229917103387527,-2.84675199012287816,-3.22378698746647085,-1.96005917041215927
4.00479222240119981,3.86208805705260705,3.01348924511458138,0.338112743259720849,2.17647644279276831
0.156317602329811456,3.06051393852092124,0.614073631176648815,2.50526341995132151,2.94530641021851736
-3.7131841840238935,-3.32258473894175088,-1.34335520126309449,-0.510570094688070131,-0.23462462095973563
-2.4981423613733047,-0.167129369568736724,-2.26315956761171533,-0.447827559658035113,-1.30551467800040966
-0.547681354348055871,0.339147404684215004,-0.993654036846383648,1.07935985970841819,0.19901875286769849
-2.46557913333327328,1.33284950313323058,0.761347367370402206,4.46524717361287404,3.36193314496117379
-0.287824598095966777,0.407591519161462856,-1.17769995574981601,0.481774032073125413,-0.774284804800889903
-0.628020732492537537,-2.1017448977849984,-1.17022155739331257,-0.69720581567379214,-0.653540240859809884
-1.60700640114263793,-0.984563516293807672,3.54645400365498409,1.03830973168434237,4.05523883651511419
-1.14153037649077094,-1.01068222535573682,3.64861536027820765,0.838491467078061881,1.28275350159827628
-1.3203644157640646,-0.516798647721217974,-1.21723659063057843,-1.06093572363436239,-1.02871845052715294
1.83941412140384619,3.22127113693198064,-3.29049562467685108,-3.17710183850737682,1.91795545626681641
1.542766996599646,4.15608455528389076,0.499867313872349228,0.263424949632897365,0.0155577020899188012
2.55150884171931258,-0.859240514764101238,-1.35391081258773838,-0.849688792037381013,-2.12716971585508619
-0.889198034690941053,0.321331856454233455,-2.91008949036057407,-0.217210721369597681,-2.18335942971495234
-0.436227132101311588,3.80887263451304525,-0.519209933323708239,1.85560472634217066,1.7117050520113084
2.16985171326475212,2.37403256654101513,3.31199639172910665,3.66668685627633462,2.29514748057112472
3.74074039982957363,0.416315863806467568,3.33431934031210542,1.02535449155768732,-2.68970721079668529
-3.13483052848805865,-5.87419660632543739,-1.50175574595856864,1.48457911269856369,-4.8737271419969197
-2.10327457560446396,-2.85211415319459372,-5.30825881053156667,-1.10599982320943191,-1.85251179767507423
-2.51118028251720471,-0.518636854222285337,-1.31725010941894327,2.37328127332054084,-0.51945235956185809
1.23414131333443011,1.04849979648104852,3.30693001110894791,1.55892637070227136,0.45959279250339613
0.816636872368311173,-2.42091624905798097,-0.840014783404595899,0.043526884034710861,-0.800741355738107785
0.127667930091902165,-1.13274663129947273,0.412855376575175181,-1.59552133118867556,0.666592621918297601
1.56329712362646389,-0.88278457853170178,-2.6332752066620384,-2.74101202338412619,-2.87077527426459866
0.86080039721694257,-2.03530062766060249,-1.9351729637327848,-1.49988469751012388,0.741183885239059648
3.00285396310068586,1.39979678025011389,0.888473476462799283,1.43968945579801955,3.14937636310389024
2.17138134149694029,2.58394909695922381,3.6801861538709506,4.27615107921515936,2.65114056335608073
-0.178270312266985004,1.89270160574486779,-0.601656123655343933,2.45979586214643753,2.71866200526268287
-3.83107947550817896,-2.63856690057445542,-1.55251585254568925,-2.60239622209765198,-2.16961041848676839
-2.8346796983900151,-3.13767324259272318,-0.863042996016604169,-1.4504571618808979,-1.20848019917975158
-0.92580587481924026,-0.903851377072849016,-1.49877787276458152,-0.801690783218146574,-1.31444829127731788
-1.8619436228992674,5.22764857680027628,1.90488398001250814,0.935590525540509477,1.6877482249135225
-0.44638827672154241,3.40688164699729823,1.89515464668733191,5.38642675102356705,1.5082109643727728
-0.779251558410065992,1.30621232615342198,2.67129150463045306,1.66609065173347215,3.50197763024649067
-2.45029200369327738,-2.69738513307600902,-0.825937846169639833,-1.17921046134604679,2.26094898178834169
-3.18894437919198204,-3.09710315325352825,2.55578522934298302,-0.279411036952426639,-0.802756986065864209
2.36317591236946978,0.144521623762334323,3.74091651886471199,3.29933251030511476,4.97947483174357863
1.933234835423979,-0.870084640924159047,-0.742359525206400805,-0.871813992272474136,1.73175631630060467
-0.621633580534753372,0.103040876304076462,-1.03445913806399803,-1.15855691153349594,2.07940632501011713
0.815287956644619616,-0.523936120409088546,-2.05516756264518552,1.82150121730898573,2.5082557208095122
1.18923430012118425,3.14429444444802586,-0.6766973946150876,-0.282831185132140062,-0.713867187122637858
1.13062038538643295,1.10819495564220305,0.642564368366741356,-3.86523051537419171,-2.95534357852299445
1.97118469695534859,-0.0880430714846824614,-0.559497918825810903,1.02110411245308152,-1.35668604626385658
0.0795418733617016815,-0.034027321097803466,-0.200106762923499076,0.70445318921512512,0.476714759095606344
-3.58547213224808337,0.00924680553868120064,4.4897513278371024,-1.64496492554904883,-1.82595386430634976
-1.2768296667973007,-3.5825420298970081,3.0315070429137152,-1.1134304329213498,-1.14256927441632694
-1.89862527656463076,-2.05912878436125935,1.92627584750976188,1.11104706010921128,2.83255630338828279
0.722402165825926645,-0.989491991548371863,-1.01167747180932777,-2.70931955494725507,-2.16496169025559304
-1.75554245535130393,-1.40827430730097403,-4.27611844565936217,-2.62646795961077562,-2.26222225687730827
1.19043322760193582,0.423516604125818263,0.322241326533834804,-0.223785606963415262,0.24490365436453343
2.94320241500776225,1.7487045582609464,2.49054244011830139,0.927098551844533159,-1.38323622671712565
4.68496972880198026,0.830325843830063026,-3.13814412633265061,-2.84954946275862886,-3.25251097994790905
1.45020083988163018,-0.658995974832520814,-4.76349951381498471,-2.47394524541757432,-1.19580814499030685
-2.09390730204040576,-0.528756248582794242,-1.99811773562710426,-2.14170940329103354,-1.64694004127431848
-1.5491794471633713,2.02239951594331391,-2.60735271518972089,-1.39895948155829131,-1.94389315566854837
0.954928190457614012,3.70974212844781626,4.10140896986418202,3.42182427931891731,1.46213134589389737
0.0279755104170026359,-1.53784287734608704,-1.88083416896208977,-0.645386466103341383,-2.83126791530509836
-2.44488030995539862,-0.685123743357050619,-1.68154118547414266,0.358870572392559151,-1.57998406207638697
-0.321411876267472141,0.625739883369273553,-0.352186845460437881,0.828197793513181124,0.104854813261984689
-0.854469546792932078,-1.67619632350386283,1.14348764873050923,-1.60686068875696053,1.3614015394147021
0.703632163818475487,0.238506584249138232,2.91531467008582146,1.19366447369510076,0.806709846355779137
0.295433215584770537,2.33076778282750929,5.53489349615339066,0.40162522133395212,0.106693765861988019
-0.118079037946921345,1.85980359567937681,-0.402947474147117513,0.060928872784958385,1.5460225108578991
6.11501057109717916,0.752890449160004027,-3.01240240429552086,-0.0326375000602310422,3.05584313547039965
2.34480034263723525,-0.691537374178236575,-3.63260322266608293,-1.95062675113789341,1.98496652869278511
-2.86866155586398452,-2.04408560447228727,-0.356949064656073456,2.49180305510976652,-0.381570254549240262
-1.27098975106985534,1.57017050695243898,0.632519785752670649,0.985292787651012025,2.82493880004345144
-0.0800100065663337523,-0.285882046143385027,-0.822476848961531837,-3.83165680774946837,0.504926363233016984
-1.05971906036950547,2.5979065356762101,1.71487652554105918,0.144900715103212896,-4.48653019099668349
-0.467125463304609689,-0.540294163574104869,1.92878680914540745,2.60969812153521596,1.50716658950670324
0.231032770868934784,1.79533767137961764,-0.670826231609774948,-0.294062726730218438,1.66867051753540818
0.24525788807135393,-0.756818540032634823,-1.71430013439487117,1.1318187511676987,-2.72860214337142537
0.103206222391337116,-1.49462460286536136,0.618023505936555528,-4.12337413424123955,2.09455583612706508
1.69759955282182995,0.50226313918263088,3.77816178511266454,0.626165583561684058,3.83394875834981619
3.8798560357747216,3.48522146862244941,1.99398694728807357,2.32687942332262976,-0.448594095749968946
5.47965343880169442,5.98215967272887728,-1.64916956953850868,2.40522785571908759,-2.78120499843356672
-3.38883257863349741,2.50376451983018988,3.12657801904215304,2.99939209919485616,2.23741675652079586
-3.25905766235070349,2.90503453151261049,3.59569929525880427,-0.00198160887789362861,-1.32944075395041694
-1.32819673401373928,-2.64054628069248754,-4.6402896327419878,-1.10667822282567374,-1.83631472278975183
1.08643738079208485,-5.08011237943857452,-5.73925003419240554,-2.96162403530894469,-4.09534084217934691
-0.167208411050339428,-4.03922021237598194,0.0633241136679987132,-3.63277048019611026,-5.33758191586867881
0.218900747091475306,-4.40698782710618353,-0.566343068514151171,-2.33946568376976938,-3.07476200426230406
-1.38013694594476655,-1.56939007861101443,-1.44959979333881184,0.975510175669283441,1.97612870749413072
-0.601877054844070725,-0.591208021142127227,1.12244821804090278,0.43004223460317853,-0.610119005336012599
2.64854284001550644,2.11423905684629165,2.88038839534206259,-2.45379016548461504,-0.16705639904768893
-2.21120761952489753,1.06619351043127253,4.67049493986834552,-1.88619035942464586,1.65876498966837382
5.29905621295964746,-2.79879780566358694,5.14027138665797789,-0.205197760619158676,1.70632610018612763
4.63855932879561106,-0.997282001188151468,-0.62998247524969353,-1.0388995951493496,2.66397143677269499
1.56143039541025064,0.11980368827208128,-6.18638343476439534,-2.58484015571799564,-2.59851682668504846
-5.36570534520321551,0.184996100604146674,-1.56748177450177528,-1.74743697277334009,-1.95982470878475978
-3.94597489505650678,0.545486016776835725,0.136962076422876111,-1.02585316118375336,-0.088185259504952776
-1.6922905330222453,1.06415777334594752,1.22615848643030279,-1.64170726758114949,3.56403966335781064
-1.95260211095965652,1.17977567905309799,5.069694699127961,3.4926829824844563,-1.29515925265004572
-0.24550236765229097,-2.47131329816839251,2.37107620932230612,0.220995230392475317,-0.696176474345015395
4.39776768798545259,0.677457527802529325,-3.08588561614102952,0.0512399956634473214,5.30034763966764277
-0.795333133991327879,-1.05412487715701886,-3.75418331978137543,-0.836422514041919918,2.75107207403244791
-2.4831939901551916,-2.7746808471816915,-2.91744106286278049,-0.83668289068701629,-3.61295928785597509
-1.62335935422480127,-0.0672582892306324148,-1.34172795498287489,1.68604966818169899,-3.23814579377389045
-1.2360452461864655,2.19183889408839194,-3.02647482731513362,-0.0241594392492773952,-2.44009585644425364
-2.23804262084738381,-0.795292082471877104,-1.42062365563118331,0.854412118899391615,-0.705164523570714907
0.688424184002045414,-0.636137042318958179,2.01443764904703748,3.12615095939318843,0.457266414216661199
5.23143209528461028,2.44333612536120715,3.10113097854012576,4.88229615484844448,3.40010909852371412
3.20229729650415562,1.99601932928015735,-1.59267235845185939,1.04750804683862397,2.1129210346019951
-1.80798267694410075,-0.102015693819200434,-0.427749631511369022,-0.0714590520406523516,-0.428771128504995047
-4.41806338041033353,-1.65973481919215615,1.21327439235055823,1.2538456164520102,0.0487140166816173864
-0.470346611972824236,0.663636788198760041,-1.46966424271859086,0.294565930199504111,-0.526408520398784718
-1.10719218747425119,-2.75591580618381826,-2.78124749805372717,-4.42574216051013636,-3.25563391366903598
-1.50038012213847383,-2.52736854228608498,-1.14967739138073166,3.98257393202628407,3.4072021449896952
-0.430675006153024953,-1.28397141352023336,-0.267444432330422088,5.0940864408039932,0.594370637277589875
-0.560288978154854456,0.978925064346895191,0.889671080207121046,-0.190170233775247444,-1.87437016148027946
-0.826856988471664445,4.4110183832542047,1.57882227306895007,-3.22189662878257588,-0.475828364390025349
0.264732398799787771,0.544417712035389023,-0.677257343044677995,-3.21374198774447573,3.69643819657474371
-1.13369109604958274,0.496984078839080967,1.42203862967508265,1.40995459646892862,3.36705035446704226
1.83903483440830517,3.1238243101492329,1.5807109523531353,1.57936214422449916,2.5122181946051696
4.32692726749244994,3.25569398161006029,1.7789524513552748,1.00540536074701614,0.112541748415196791
2.81441608247865505,1.96585200138082383,-0.478209699104977071,-2.73741368067350166,-2.47101211588910585
0.600705819452768131,-2.37974417317003839,-2.27759820572046268,-0.557023064627790276,-3.93465663610028304
2.63045688120256793,-3.09103999725942113,-1.36425609605176357,-1.77989808121682014,1.42880256401831751
-0.699889971316255299,-2.29064052652149464,0.45800014002198558,-2.21158531811961723,-1.08613345837136688
-2.76677859031572337,-2.82804982390073123,-0.923379818027920463,-1.71712460546770651,-3.21431077441665636
-0.79233283346076111,-3.30914830636603874,-0.443741922511394049,-0.0992861411826069101,-3.5651757028223261
-0.267456197970579679,-0.693979290933879556,-0.285392866992306204,0.593859636375091426,1.20741475538448251
-0.750140446504876546,1.23975905619955884,2.96093792548373491,0.793062407742390008,-2.70705154876771603
-2.62874639281488198,-0.860722176974182851,6.42265527051991736,2.49844649358875781,-0.475620843318101783
5.94994630728056872,-1.00813039295512841,5.58051957051398784,0.834406746641430885,4.22629158810128658
2.70210436372850493,3.97344484868734016,3.26220505389612647,5.45835545832521873,5.20359400236571545
-1.3451704212392499,0.747906797515525579,-4.35951429163120352,5.4112500366840921,3.14437620388668293
-6.85794561477947351,-3.47431924943628712,-2.30083438355226866,2.41499483822327576,2.57423933820942086
-2.29298423999311574,-2.97033503893588868,0.5705042488088512,-0.182382003987462848,0.372743185030244784
0.104727741939591557,-1.83843122188484598,-1.11534536855446476,-2.84858895514806232,-5.68997121602881606
0.931304716580077296,0.324578555914288913,2.54278010973728907,1.49149055603033953,-5.0424170269800852
2.46112187335567612,1.84713661508375449,3.27158430729313432,-0.241566024988121519,-0.653209245200106037
-2.6011288534629764,5.22373452731589616,-2.96222507905594545,-1.07677166540711178,-2.64356188126517999
-1.3954881579648637,3.99260583532641489,0.648743137372806977,-1.83902628565255144,-1.8887273886209115
-1.53450926192369974,3.2996329574945209,-0.523360525341472149,-1.77699206933746212,-0.737101277740508154
0.771348765680460402,-2.58266331459342924,-3.65224036760856219,-2.9025308914135155,-1.25981185310405031
1.55477113741348494,-2.44786360149821203,-3.19857217742647704,-3.5881947323667136,-1.02406162309191417
0.0757758394704329263,-2.25625676606596981,-3.26487058673354813,-2.51314607520658972,-2.50582506667895322
-0.909133022228135079,-3.16072828649161863,-1.66336385105055395,-1.85098017929932035,-0.0638160939025439744
4.84702912405026964,-1.44182333579237265,-2.45047735978552383,0.560961351389689278,3.78575305128823292
4.26493393710522906,4.37589081451147077,2.06834749445399124,3.79377265560177346,5.25322172684335165
-1.93756783925719112,0.282016688370415658,-1.88248110955303805,-2.42610679316846767,-0.845284175107482771
-4.61425942602323946,-3.20060386271203523,-3.43609112172704023,-1.40227065302863818,-0.228816621142810345
-0.288303761331195396,-2.36933726242861731,4.7877811844569047,2.54925800100655842,2.21647343752511539
1.21559845814058787,-2.61504671420204327,3.64642331548319332,5.25004328663786435,4.21862073824263195
1.68580057976073361,1.16095460508246662,-0.0347525448416329819,3.54641030529758483,1.16704064306653832
-2.15688028387673025,2.84827328508561806,-0.626469704447844888,-2.1015087785766875,-1.87301118515261567
-0.910713768712101635,0.416219529251537879,0.20326038439580757,-1.47253675126383388,-1.49533014534947695
2.73321766059203775,0.266685500113974627,-1.00531655409446952,0.877281184559253191,2.02103590780332887
2.63914860665866691,0.717039030933042332,4.427641616263573,0.679602742415851946,3.67910234721508278
-0.122359515589066603,-0.0470806264970886623,2.11898166014544298,-0.966026637697135593,-1.44380169169903394
0.910964468883206036,0.0429662279605587671,-1.23139995754916209,-4.45950933072025446,-0.388037712851407812
2.3826901458274885,0.310954503917538816,-4.23010357224866862,-0.207921397316758683,-0.98187995764185354
-2.17715900703830245,0.193741249803287607,-1.50828767558762999,-0.892828222981986941,-1.23850897515646907
-2.92619860529884424,4.10299549488374904,-0.0206136455691274811,-0.407400541156246687,-1.38810636712005175
-2.17252642075843738,1.28994807554281543,-0.106035655929294065,3.48559171602751228,0.262542257749295238
-1.9606248852890289,-1.72539051386999631,-0.871874848141562353,-3.42687238142759654,-1.14957656082717818
1.79271574887403551,0.835047982516709086,-1.0125188983076987,-0.495125950557800232,1.62561629210442415
1.22400700104225768,-2.81274459678681499,0.89238208246319406,-0.229474995037555252,3.03825368093310066
-1.53360791941109165,1.67498056427635489,0.942305117348227417,-0.100676744500280357,0.396600763361475317
-0.430109687873521551,1.29192920357792529,0.268479922489664069,1.93505332705434174,0.756376813549812677
3.10637697037135885,3.20532044831716112,-0.823871358467892834,0.623077403029834942,-1.51254613074301991
0.467086510047381998,-2.08024006068816902,-0.113150893853085729,-0.488812253127793694,-1.40881824905217301
-1.58367615287931152,-0.710546008183802758,-1.04061075908406497,-2.58437932947584947,-2.09434345877174888
3.06856966951770938,1.81192178492813794,-1.06880012518851397,-1.9568168465328899,-1.76811393201710065
4.40060477648892689,0.318610118335343695,0.854679472765085158,2.81427039302076976,1.54102633704629688
-1.95041427510760101,-0.0809450065460018409,3.84554410507640432,3.54156688977379464,1.80537380486534427
-3.0114030525487383,-2.43175756494980178,1.42873357139726731,4.76824100172772525,0.925420227367753978
-1.06515651543823076,-0.0665210906127713941,2.76793500670865189,2.80767651797191142,0.686440906202668066
-3.49368435258634724,0.155239204414641507,-0.140132984297835217,-5.10969175110510498,-2.60713468607863286
-1.450000739107006,0.915601764181259492,-3.1334442074054869,-7.12688921150714716,-3.02246985136083968
-1.26460753412887383,1.66981604546106022,-1.11129591559239427,1.34265103346934378,-2.98005378143276012
-2.35248859275390698,-2.90185862901910019,-0.756911568541924873,0.558337301187273649,-0.659261247685204554
3.19869028534315492,0.536156186174359339,0.265182823550443814,0.502909868791768133,-0.635441246076357102
3.13498278574524747,1.85541743682747873,0.421722523782137759,-1.44928623846472071,-0.393046691675881577
-0.64253801285535439,-1.36541296369187948,-2.70545183332165973,-3.21234070013882089,2.5972530761026551
-2.98855415955334269,-1.28770195115170361,-1.63986067651547285,-0.767069054107729187,3.17405723597875866
-0.961202802868737716,-0.763518025886799845,3.50261225647162711,1.11582925589835469,-1.14923448639739711
0.211957331862505677,0.21238133574807444,1.16353050588246631,1.25430069088535712,-1.05119253374000099
4.29896461741676195,2.37909251277531242,-2.16760603366471338,-0.687593896212350453,0.790175484654016769
2.91689094836381013,0.016105468203188561,-2.37705568809608536,-2.67415481227083696,-0.413275717376985652
-2.27787080663234764,0.789922949588824141,-1.51520899595423275,-1.31746475183256617,-2.39441191727640401
-2.2791021450724398,-1.84791714767685922,0.297482713948539812,-2.62170846749842212,-1.42533275579005658
0.040805179548868864,0.671915981812087781,-0.897203736665359575,1.59934917713580882,1.72660913510923364
0.144601428994683867,-1.8423974690110958,-0.926341757889056483,-0.772179182089563376,4.41557719448641706
-1.61209776477789646,1.87237420481150285,0.967026928902708027,2.6633678955143627,3.59765594647063525
-0.315688223298983606,3.62820740362373906,4.34637952335987077,5.93388324271298728,0.671934221991554059
-0.508127578533148716,3.85989050927218269,0.446749438102075513,3.98431369840006244,0.480417191406441901
2.90757163886167458,-1.16883402810043235,-1.15933988533756205,-0.344583609610118524,0.962757885532770863
-1.65895814482718462,-5.52196692897957053,-0.127757929326596131,1.21440105977746304,-0.0358145981172083294
-2.07459974005271164,-2.54936529478366314,-1.10339818555187219,-4.07360111554730953,-2.35712381710967067
-2.26574121970746534,-1.674226438292858,-1.06342607556528446,-5.21602150750355076,-2.86532178092396395
0.968530026482080642,-1.06647768903715656,-1.61426812326346991,-0.85050604965817711,-1.72713421404394718
2.14649863049201306,-0.201684721545793144,0.14960559147156377,-0.388000554913417173,3.25434957839120109
2.61678705351154184,3.65618641221210305,-0.414506441703484996,-1.94862977306572382,3.2118101365958438
1.0280564524949356,-0.673967115115854165,-0.212168130301422064,-1.84026804767745311,0.437032460518432697
-1.47154330856561488,2.40384867369513744,1.16465457922226956,-2.29635649459381774,-3.20730271431880087
-0.757591922791803207,2.07120114343711714,3.74510275931117276,0.449842237428474345,-1.34367335185424985
-0.367974626310410335,-0.543570911456258465,-0.959903290612938331,-0.971444981360464421,-3.76654298624548645
0.331320224832996058,-5.23422137807741983,0.111569372835698025,1.69603858244343408,0.0536358431524749379
-0.0696980083747601453,-2.94321516715141795,1.75388727854637128,4.46148423672885031,1.91486830432859723
0.805164065165953513,-0.828496814833057038,1.39526996718311058,4.50444176064602075,1.3367198798435862
0.381672411566220338,0.123243131733907163,0.953027779344996606,1.72396276909559498,0.191669715710354793
-1.00080384326807881,-0.239297349609617294,-2.89284186864686443,-0.578286178759492842,-1.85453891066625265
0.215537228855588903,5.42718645255289189,0.684294067992561206,1.85755980261039433,1.10805543725159406
1.94047502873422673,1.18067794658139391,-0.519207176859571073,2.17567673327262145,1.122018066625875
-1.08095659166767,-1.13138802576186026,-0.530033327610553107,-2.2103177727140455,-1.98490794948799643
3.21029259862080174,2.07070058210438157,0.212909536711337999,-1.22966487932355983,1.50870116199904158
-0.0787507153649917579,0.0210026388641737644,-0.397523029932329242,0.032074075581522421,3.5551224852569292
2.76180025034962195,0.820116202587614307,1.47714274479304031,0.539834921743716056,-0.520886058486725201
-2.23225945905176371,-2.79945164046863626,0.316503643931271617,-0.207131814670565961,-2.21661679947920076
-2.36932497092222549,-1.07981982471038829,-2.49256499703869983,0.296644880389779098,-2.97802388448967825
-0.482884260491903028,-0.639784940992973117,-0.205931216367062714,-1.13552531262963718,1.16060372097902031
3.95996116998264736,2.19412717259532242,1.14735675885972666,0.336647578480468224,5.07361378934153073
3.48905244318829766,0.904917599575690623,0.504002501891900878,2.27520516731074318,2.93997209241783475
-4.75185120172574749,-1.17859808084321172,0.430752677864428613,0.712830031541763831,0.427771589132177776
-5.12826107625162031,1.53528243314084567,0.287192293174027169,2.00313787478844674,-3.56834053246859995
-1.98618071870252977,0.0880177595336489454,2.62520040804819299,0.422085788413370966,-0.589735217378939969
0.935715237851768022,1.34678375710124199,-0.185476520132941886,1.11064253777235944,3.01645681119766973
3.49734516900515091,3.82607844576874223,1.51312833162693661,0.224335981004762819,-1.35423516169678693
0.438474116964732485,-0.431235240094148875,-0.410595504538761591,-0.0122893432084739684,-3.2797386494558376
-5.75281530210270642,-3.19728587071462034,-0.731945253024395726,0.937509670709343657,-3.7060967285259947
-0.374842648935781786,3.82335229995706039,1.91760160531804735,0.375415102502978937,-1.47015734326334035
4.57066854945662904,0.595969633377124275,2.04759865775965588,0.502100550810352764,2.7006306898387713
-2.8265604429797051,-4.92833615302647843,-0.879026024485650814,1.44528923897812378,-0.492639241925332094
-5.66631953565122348,-5.03311104010867272,-1.44073731053887366,0.976232956591247425,-3.43879247714353076
-0.59613533503490157,-3.14020397021467179,-1.12682902355661341,0.620335134781463071,-3.48682167628129625
0.517698307166371996,-1.32230142651816163,-1.40954993402790252,4.16312112738922835,1.64301294657810515
-0.457310909383977227,-2.34395085350705923,1.20736382924844099,2.50883657852953013,-0.913832889948098526
0.309555359698954202,1.53751282646965159,-1.29324235224674799,5.7101957806941277,0.898827888015465648
-0.636670128215699571,-0.554101679525986213,0.36449305782694974,0.997091558970167768,-1.20806604329683531
4.96341148169486424,-0.558920396290130239,2.05073129090858064,-1.01829929833628885,1.25790965391343756
0.844322034964087087,-0.215683874465673553,3.09466377688456218,-1.88156602250564475,0.955207064999707312
-2.37530766799189186,-1.09793113939022668,-1.76784316296298827,-2.42956403629422679,2.29440548224431717
-1.89333853200704882,-0.255723261180357986,-3.0375840956394855,-2.62821416040945488,3.08689780935190106
2.88444500620195177,1.97356378456309844,0.453849730103989213,1.51626592330223087,1.68981171057239843
2.82470628660722767,-1.39168692144938699,0.692231308234047882,-0.457480774570459214,-1.43002148544607821
-1.73400335264110406,0.2218810915836959,-1.84138910529701283,1.5644158106255559,1.66049756912173629
0.2078520156932461,-0.162518875503958216,3.94584555467995601,1.1735923910806858,-0.00144750504363199903
1.50853394876465408,0.378185502119974204,2.44711003381549652,-4.26145563460592136,1.03662491617269947
1.42597995646036346,0.452135012506428013,-2.76064566756274132,-4.57576905576955806,-0.293366094347312534
-0.964010778784695321,0.494288511735725578,0.147660036748832296,-0.418202059202625542,-0.177339286310063959
-1.28063529465449233,2.0473520324544392,2.9577405831634902,-1.87847495803770359,-0.302138834838968029
-0.38521708589320014,1.71403413239939217,-0.399858379758357807,-1.97790380322069703,-1.84207108355645954
-0.281558936665670667,0.49466034805771425,-2.36519354065557685,2.74703649478749323,0.958840615767832527
1.13621972981238972,0.582462312867044751,0.365768499018599091,2.33343227769626971,1.29005886816569371
0.180504086619201837,1.27106299443927306,-0.513570430181244153,-2.41463688864934811,-1.84109679075730193
0.32323322407801014,4.22680823442538589,0.891761371143096171,-1.49744521509871209,-1.77378528524188606
5.17695180729954529,1.67088493136635163,-0.555412338540030248,0.124157500820740951,3.07887330943249404
0.055163907216649738,2.04972826181476053,-1.83041998810680329,2.32328654960677916,1.30513583113308362
-3.10156480992006056,-0.0757872163434867713,-2.53147308370915081,-0.893862820530280211,-2.60810086339623615
-2.57980900846335981,-1.89189020965923316,-1.57255654081554286,-0.746818706289660295,1.46692228021916748
4.09215439300880313,-0.294169715135015053,-0.307257150970605686,-1.91586583449524417,0.217232269461995586
1.63516148765893221,-0.0902241025664288626,0.630928335980829869,-0.990208999899079179,-0.100479628596632911
-0.16591986071702633,-0.573552897724282973,-1.31168677720423643,-1.72640356561222674,-0.420603188650214233
-1.76671394414390659,-1.95325114521373022,0.168808187168871887,-1.46465252882983998,-1.22378985580003463
-1.96764729202050148,0.0583826124860408677,-1.17267925658082017,0.835119726416276187,3.13345980673775149
3.43748164846178161,3.81249502293563092,1.1211788461558756,3.56784490727820236,3.67329505937102807
-2.18747249436115521,-0.270844486855631006,0.725103216813738016,1.45313007225634183,-2.11576989692939765
-1.98190902314996675,-2.31328765397499092,-1.52806567957400841,-1.37118630921148266,-6.19315189153598133
-0.224366541874922498,1.61824528961238934,0.326213876625478183,-1.79420561314428828,-0.832194066094390061
-0.125901081812846483,3.55618976320646185,2.35040905233891628,-1.26303612961521705,-2.24311867439158608
-0.275714938052125935,-2.95333916948044672,-1.05133098824988425,-1.28142423479385714,-0.0660202754013615029
1.07232258520380141,-4.04529237868931268,-1.4334481140797255,-1.62142111911391651,1.16149809783275559
0.940701546361621288,-0.509449836762174701,3.38279582472145179,-1.13518062093498395,0.419802469639558307
2.0319317210456922,0.63011103287902126,0.411453058378048353,-1.1256339110844964,0.397098800610461045
6.08285666060934105,-0.158318352818043767,1.89586372868067476,0.782109666724709052,2.61303340804633066
0.130486476892461456,-1.75098449647872489,0.149773291583744306,1.71349954057233655,2.76565361239057728
0.43593233256991476,-3.33740970182359264,0.986765177323106424,0.783750915362148248,0.76641176982806325
-1.4325388110647348,-0.60531106693136183,-6.10610242211342769,-1.22757595025827282,-3.73114670119076974
-1.80224929926521571,4.15526112213438026,-2.87309886997758657,-0.816960347920688834,2.73789900916054174
-1.41828279362844789,2.96277088630007057,-2.65218932210815961,0.244865161039742846,-1.36187174815280176
0.379563907182557447,2.66303657987435294,-0.418903105957474264,-0.0057891117849831579,-1.55425528994603712
-1.27551045042904265,-0.288847051892194173,-2.74239218439902688,0.583229762269112162,-2.47915376331170778
-0.851089087333606109,-4.30723574426994471,-5.21209484010236856,-0.93824029034980716,-0.398601014854466584
-2.35459077114550519,-2.8998446085152314,0.32441268502653875,-0.698431023203418433,0.546680984622611721
1.53164355669792762,-1.40364861302475119,-1.49882499374682832,-0.317968107385531717,-1.58727635365056918
-1.02895240626295537,4.95500453115899742,1.26112845259270934,-0.966374210354491781,0.239448371720946074
-1.05396070057559732,-0.0639307406701959263,0.426753944409096087,0.484758911932861358,-0.32060925448329064
-0.578206316043659241,2.1589795979980213,-0.932920298417141525,4.37838448314186657,3.78245914997954769
3.92092915071107395,2.65278804574073979,1.72749575353899409,1.56000842846635179,3.22628441200923888
2.07095651649396473,-1.27829778498685354,-0.247355198772771567,1.69537495907887359,-1.40102186859935318
2.64447820569727288,-0.246486474754601198,-1.91006196075926749,0.261331784893972685,2.96939625259903961
1.24135124428020238,0.11859803747766437,1.01148381744271321,-1.47254759298031446,-0.0458010414875305166
-1.05792720441489241,-0.573319544081339449,-0.562268694069688491,-2.23748367930145653,-3.33029814345672381
0.295639749951616404,-1.43188084882741351,2.22693800045511026,2.86000027307117044,1.35844695350174316
1.66116981725496737,-1.55776638768856857,0.202095342088369767,1.14010917414120105,2.54032443123036167
-3.99612957126349322,-1.28690894082317864,-0.417975530972809817,-0.622350201902790112,0.904821152029193776
-2.63903127743801935,-2.3282693634572964,0.492448152570236997,-2.86499577998469457,0.0519390617083902023
-0.234237182077400019,-0.790989076131907276,-1.19511764624634242,-1.07402448493607072,-3.01191307914266782
-0.10712415686435818,-0.554381901060539861,-0.227842662602206425,-1.69891875749130095,-1.47440257612104864
-2.22767182501012728,-0.611962254668249828,-0.244372333507228423,3.69812973424336588,1.91978254600121812
0.0189872846018055846,0.175707529847776905,-0.28409613233012998,0.51069094842779883,-2.36819356041688867
3.25975446752652243,3.27999947512439194,1.13081925006446893,-0.338750318914053827,0.733352193794711393
2.93434367195296053,1.49987883330739158,2.66419383659511588,-1.2180181970359325,-0.000342076823793214385
-0.286265856142340513,0.643290755552670457,-0.0140524678498891165,1.77623210422773647,3.19613740341911612
-2.93846792513633925,-1.62738742489868193,3.59976751988674515,3.60736505324958623,4.39544904889996424
-1.15439749902799926,2.07143553491509236,3.18665228199064332,-0.391301556346123847,0.467207355882232223
-0.147877431056822328,4.04535614291168333,3.1718904156071388,-1.42618390609931045,-1.90697238244005263
-0.332750571598119105,-1.78601594647024453,1.56286091520259518,1.42103245447650428,-3.62804152634571464
0.381280690580299897,-1.90633220011790905,-0.898557211712397996,3.77520022685765255,-1.02227283345658759
-1.42058855712710197,2.26562244131182755,-0.948885965563173728,1.09732044148517516,-1.82524434437919081
0.631239010309146975,-0.706147052228608518,-1.43642397410284506,-4.01945963949139795,-2.84962726960693491
-0.587185420049967544,-0.925359123630501545,0.342077899008504716,-3.85203862082134707,3.46916763908617698
-0.0458699608868051306,-1.10898258823304308,0.00855048699454374894,-3.00047530809897278,2.39297726058888127
0.630866200729135018,0.305077579470929394,1.31993502770064541,0.550486292946216316,-4.11472661847159493
-2.96176006618968524,-2.60105022789317797,0.875130130829164132,-1.9166712298074311,0.598473460182173955
-1.62235452898359078,-1.7177928233556361,-2.45253304659331173,-2.26789169655579048,0.652778958298958933
-1.56539592930747418,0.53445962220624188,0.680914454460289198,-2.07867902821277273,-1.86660856489389326
-1.3817553791353947,-1.26130160058261676,0.395346845315748707,1.04812057272317594,-2.24332448817398822
-0.569292472577924702,-0.982172086671059597,-0.187894431113599714,3.51194595027765244,5.24152296797746953
4.20137021482311912,3.05487501842510811,-0.0676434746915802743,5.53160629717182228,-0.220958081080163349
2.45275111945738367,2.55602650129151199,4.2256679553016312,3.93058127393481582,0.718318898075523515
1.92933044474307369,1.06089192755050088,1.85648118645406646,1.33339675272009162,2.80864153829736773
-0.342163675233228048,-1.50121908940151028,-2.3469667645102561,-2.60938424598100971,2.20970250284773062
0.959194555479816913,-0.0619018549334288265,0.339680510007509484,1.91350847973408178,-3.63951570213348896
4.40722049246157077,0.728606118855169571,0.580003945740070748,0.112128180682816769,-2.01723155443908642
3.18741673615198451,2.77003800360288732,-2.32973795971630615,-5.13907627564462288,-0.920713036182425171
3.20384668475480439,0.251493408287497777,0.572459799771027233,-2.26065633662848553,-0.929293753076960716
1.8427361334438217,0.38586850960091118,-0.490477858765882124,-2.00306127355086838,-1.78480600734021033
0.061720423213031006,0.550157078809121569,-0.835009556787846274,-0.805391163265063659,0.650591636904062742
-2.68196359918627714,0.343455720226675143,-2.33207169710056927,0.110332880925605281,-0.978236638521779334
-7.83379229464884741,1.88259557756690565,3.50458528907929301,1.30066215121166384,-3.39664587507646942
-6.20695075722734746,3.19841739342388642,-0.148895759976759523,0.508374098320474976,-0.25724038887644568
-1.84753410748999447,-2.33029403547709713,-0.769668951374136712,-0.728747617691157368,-2.37753423752632376
-1.81338746316110488,-3.78813850304307076,-0.482357821915995078,-2.02660884779746686,1.85308127774848419
2.11224844024971237,-0.385356525447194675,1.22149967986910957,1.60111495636046541,0.729068053288463247
4.07055885814911367,0.416233646039217975,-1.002010228088694,2.32868480200147543,0.341388483048416125
2.7210169037977705,2.57653258486794101,0.180772487840551999,2.14075593494177463,2.51145664279662117
1.01696003869373675,0.45333701450562558,5.18682360044681179,3.27795061613474381,0.815208069652276546
-4.1675875544063814,-2.53830908402916355,-0.722849932162502706,1.87778247134803533,0.235685702704994504
-7.05504373054416956,-3.91254734530585369,-0.235344606911033427,-0.0324014274346621778,3.30726377094274993
-3.16387379733909668,2.68717717049244831,2.07429878093629982,1.91538289885320534,5.97386707244267967
-1.10739508587846558,3.02636606344740811,1.04952203543513889,4.27418575181151805,1.22966393786783179
-2.35727471990532988,-3.17962632810618695,-2.17064901587923353,2.9770265620284535,-2.37481751134382035
-0.593747307447046291,-3.98935300644623725,0.0933771681500835671,3.07448641728263139,-1.08896496846467161
4.5047658420896628,0.493674638550613554,4.00759255783058777,1.9508579139163309,0.736517693653576444
4.43220043224012716,2.72911840219598867,5.3853066322486276,2.52619557269796013,2.20598513337989877
3.81912783809882495,-1.58514824172012703,-2.20306137907801602,2.04412561071910348,1.10934052422767926
-0.741734425266812991,-2.36272448079722475,-0.933310828307606255,-3.96960295293784826,-0.803973958387742105
-1.96823378965444062,-0.333165452120507799,-0.478949087318673472,-5.17204732310171433,-2.15812226906421634
3.00803922494859677,0.182952821371998198,-0.513034268344456756,-2.06818464105131827,-0.849616618412454061
-0.466700972680849813,-0.459204652914944222,2.50924287763231924,-2.1102393814660485,0.410361790128336124
-2.4048898950861517,0.998216045578525946,1.99783679422447058,0.26275397259644856,1.05196254766197717
-2.49045376450798184,2.39713138113555857,-1.27550274851590961,1.92507901864020403,-1.17417747765598479
-1.47997478311844088,-1.52429405949647179,-4.19544830695214888,0.0431126561216872983,-0.312181866144337905
-1.75295248301282536,-6.22949443057720664,0.213205609446593614,-0.920478941919412597,-1.15925469594204977
-2.43087186358353913,-1.94616199650513377,2.2976281843997719,0.115821941165212217,-1.8981920041628344
-1.55804525085484125,-1.00543864158752672,-0.838231930372285272,-5.09601706861262915,-3.02131727427965613
1.44547627962540126,-0.474523228240617878,-3.94646854544027015,-3.86083209395374505,-0.545838285548063906
-0.589281134868038237,0.0475211768241835392,-4.35084741576542999,1.34202372893620914,2.70986364200115393
4.05077074834758566,0.425844312120210122,-1.18162106959714963,-4.43768917445842792,4.62400629090347604
2.32546897981184708,2.69223981699549775,-1.72204163858366943,-3.97027670293482027,-1.65718104906686836
1.32717493191196967,3.1764886144419413,-0.746605904076078519,-1.66909307409592134,-2.77274095344251226
5.0972026237955097,2.99190611648029092,0.385148832896310855,-1.33108060728826461,-1.09493554255540015
0.977812885006815513,1.55759300975812942,-0.673291130376075686,3.4961136411318221,-1.18132779324005188
-2.08362211775144024,-1.57434829506987084,-3.77806129612784813,-0.942743587248974557,-2.3221073043918854
0.632828442041497685,-2.35117132425237729,2.3599345401928522,1.60969669336708976,0.4818899005092242
0.499046622805515649,1.48871777996527044,1.49794021345301442,-1.20845761254105688,0.191421663264749797
1.73553055626686814,0.0726046604255580763,-0.854036092874345343,-1.46460435743159412,0.684561882603968996
1.13115454742270227,0.901279378057913139,-0.848320112058054798,-0.820947491131934437,-0.444131462854016501
-2.93386815794647138,-2.98925002067607748,-2.77705883085820338,-0.853829938205700967,4.22593290984683811
-2.60557626361365591,-0.471157313474553086,-0.490557900706976246,-0.178531268791848469,1.35138008648946339
2.58298800225415492,2.1505316555209153,1.00261157879337071,2.39920443111738857,0.537442267605878543
3.99731513939094674,1.82696676977000272,6.19535819001692545,2.90051808182035664,2.48020802504842042
3.62910893566249593,5.03314693752987363,2.2351797223475991,2.63410055544212485,1.70669946291567287
-2.56486680520128107,1.53602286925726217,-2.00349412977731767,-0.709019433005863009,-2.80147024202915595
-2.75083835437321245,-3.94513791788336388,-2.95433538626497993,-0.703183777883171657,-5.45314308047471208
-1.12510556215484181,-1.37824488071852258,-1.08812602386818225,1.59486389042901355,-4.68976581706930951
-1.19226664210354727,0.149123570672666739,0.930391228282514193,4.73786590799420537,0.199853102692723827
1.66871692707051489,0.0804980378638752714,0.162490962810390105,-1.74778943117196439,-0.555971151736048164
0.818098586098360836,2.00446861830760215,3.48373276700983858,-1.23511027420564168,0.843191562752561907
-3.09382500192273691,5.1255242236168197,4.50036508926197953,1.70244160778794673,0.692245977883095609
-0.43236014260573441,3.66014148481402257,3.37717157611687258,3.36216168915757319,-0.0202692853308465981
2.52698101177358314,0.380752910108288212,-0.410056057646753458,-2.12406660842394368,0.948439755515692262
0.710256963152460341,-1.25194968556553254,-0.658102901397297657,-4.17603058841856889,-2.86681771093895632
-4.47834882463536665,-4.7126501809394421,-2.79911691628047787,-3.6546751275538738,-3.61977715473556838
-1.37192220527554953,-3.93318030287376219,-2.22919523229150318,-0.834381484850123423,-2.30479106444723048
1.42027882161688068,2.19460731495453976,-0.728521035054995325,1.46793747873917013,-2.02641463467744742
-0.967034099464642027,1.32615872489419995,1.54628558508591829,-1.5259942364986292,-0.864192367409533091
-0.613700848069316685,-5.13822354010941762,-3.58799125116287332,0.311340414353897699,-2.09694239026260831
-0.561363535514283529,-3.72379218229232167,2.74383785207247888,1.07430851867068111,1.29793603739225727
-1.30333160714375684,-1.06925261328469912,0.541648195188445869,-0.403338352765119645,4.51016566436018529
-0.779830331533301613,1.5612981461954365,0.559745090789041555,0.238501305168562605,1.74923505825950198
1.28167994278080855,5.05991569994088142,0.823908789637767702,5.82240882382728309,2.28592853985927835
0.765168975270743901,1.33995922588504324,0.346619160892032818,1.3341096106813024,3.2736084225129658
1.248863536306837,0.503987503525280323,-0.0324139054729040005,0.885461014190963236,-1.93338930904161477
0.504035894291720354,-0.341161680802978207,-0.620801728358159943,-2.62602493842532958,-1.84105691810265926
-0.0371062024260599282,-1.66087440469216907,-0.17640559622784191,-0.135819925508129075,-2.76856407937310989
0.873369515975206734,-3.25148753220574838,-2.02066207290735678,1.91533707225833538,1.61307340603750116
0.352202487792700303,-3.4096681920197387,0.239680201283231753,0.506044838915774675,1.61556035321088998
0.287786329179932465,-0.0986026932457415017,-0.220555235063384369,-1.25919887346152382,3.85781882620413885
2.15432273062077995,1.48286163079586264,-3.01903929907990287,-0.16690099794688909,-0.666854623383369871
4.82531220880068723,0.0181064371488001696,-0.904006030070673594,-2.03064707461778005,1.03870533203124937
-1.24679873114746109,-0.480954456440346789,-2.45050374417926209,-5.20867172065952122,-1.62572000468207456
-2.05088337810780308,-1.15611932599516476,-0.774108626453440252,-2.10047169079903462,-0.982803348060017123
0.84125095393147209,-0.0697460623617996434,-0.684035901439763672,1.7418951375326055,-0.486072312418781349
-0.799132747958269829,5.28801612902065354,4.18796630935819003,3.92358768177270356,1.83494558413463116
2.01530938935531667,0.534560589495904348,5.09634522295187242,-0.290613119513502105,0.551571972627963425
2.774170513252876,0.672488238011849537,2.46303498204101068,1.22794918135329212,0.369931410657929671
2.22022695260762815,1.52852684063943989,-2.84644646055661088,-3.50309445798597174,0.339080331261765178
-2.61722859391731832,-0.504644819907357878,-3.69500050493853704,-0.765291319229244316,3.73466080161833691
-3.71793626636613661,-1.57924161532291829,0.646232171457083782,3.89577172505346825,4.2449249471642716
3.65329724301899139,1.46865711469065463,-0.100376529545314438,-1.78287220623109643,2.09140720931299029
-0.659611158078024507,-2.44458846758819792,-2.52152341178450934,-1.11136738494916565,-4.80675462825495359
-5.16274365143146952,0.14652501661348466,0.332372783405044947,-1.72182838017854212,-3.5748116041002489
-0.773984621083544821,-2.15653178285503122,-0.180844771280343874,-1.23179739648738495,-2.46686523121440082
1.06649719576878632,-0.112526652245817982,0.759935761202373605,-2.22500759491444189,-0.257717003949285484
3.82776924733799762,1.33440919470626285,0.946287805394292469,-0.388795266353064994,-0.244179268756849421
-1.35195478318378237,1.81646698052833422,-2.72438987211639239,0.00968953017146817475,1.53305054198551982
-1.01154039374308491,0.810589369535658522,-0.507937855451461417,0.688209058747034197,4.63796398054120562
2.08329303189969472,1.75056069302134176,1.12704718560807304,1.84728273920693664,-1.73775982940781115
2.49393110134739793,-0.708943649397536069,0.805943992876630322,-0.263015564045748051,-0.0657683157743814001
-2.08086228027800813,-2.63852310085915942,-0.30790996431327089,-1.31001660232371808,-1.56420094103023288
0.139109102851493777,-0.549045492662191936,-1.70516192031898028,3.40779597341790463,2.30999527112181635
-3.37452585357253865,-1.51111168668260043,-1.10461950792886898,2.9142251809704911,-0.3513541529412057
-2.86673126965872038,-0.995545188451336438,0.825532337679859118,1.40563420761752034,-0.827008235509264722
-3.00083410444726306,3.03334697869462833,0.395961444319572087,-1.56698710956779164,-0.632173843877161801
-1.3201772791764268,-1.48275826488865992,-1.03969580493902902,-3.02593437393942599,-3.48543552187470018
-0.157910407355690396,-1.63628208257236651,0.209860473897267835,2.86637864620305471,4.14272653790922707
3.13260833250282156,-0.323805247889803971,1.07689622850962885,1.74800431933208533,1.80888050948776469
3.31603526819198136,1.65692951162883917,2.18647379159096866,-4.73970429418860473,1.37606638751236354
2.11180387878616305,2.20241247354157954,-1.11345471450323452,-1.71054612598667899,0.762889234570414132
-1.00671324835617559,2.84630634839059082,2.87128545248805089,1.3992707992071749,-0.385619788274357278
-4.29005768648712049,-0.76930642100276736,4.72900724397131178,0.424362104815189378,2.16383954041302928
-2.56174687487688102,-1.06327674302344155,1.35258524280602055,0.219661698472345179,2.96445627791431665
-0.122591665926908205,-2.84555025185720956,0.118475005214170578,1.9286628252985758,-3.07521736804865542
-0.887364197382584874,-1.91156499253941758,-3.0341702392192893,-4.28132995332676369,-4.90438509954805379
-1.59830159416771855,-2.40394869871663186,-4.25466501974259348,-1.95012835373675153,-2.35124300595234947
-1.34897094208045742,-1.7057699147643639,-3.25102976272255795,1.45019070684414642,3.94309245938180997
0.0446966416336760097,-1.27194699117653309,-1.79941856145444312,3.72032260360204781,1.87195838407103876
-0.450158668858086641,-0.340601210245385866,1.54366392300132116,-0.0635848793466290974,-2.00137239893650509
0.260715275550635339,1.10836150395003807,-1.31718056609656675,-5.40546476433925527,-4.71048866680630596
-0.701025623612438253,-2.10497929747218038,-0.686940960739847561,-2.62948281101991688,-2.73081067505372665
0.99016697042235291,-0.913488133295244031,3.1213410219683988,1.0556150989426063,-0.619162446468378147
1.7449689822916632,-0.283636065818559435,-0.163220855727316566,-0.696019048855616607,0.851424933775691506
0.792299938987496732,0.59469256556146699,0.880120802462723839,0.894998555941604934,6.29946518403143951
1.28586857355298401,2.01553562809039866,0.330617243905065916,0.150142549393158242,3.20322340641556114
1.2670473130866271,4.2894672481175391,0.265938520288099722,0.125538758645758086,-2.04254934235236085
0.701482293544199664,2.36252688342872652,2.13589116944897572,0.562572013829202744,-1.9072286310786517
0.82045562583298004,2.04468059025403104,0.318864137211827547,0.199217804128151543,-0.537502201805319602
-1.68166202492672867,-2.38885284539301956,-0.922481495145875741,0.035021914287860445,-2.33916232192047158
0.182970698096928425,-2.40503926951387959,-1.83176524738216795,0.315131869487875915,1.90253736997409684
1.33758975458608531,-0.716025850404184983,-2.6105609856215044,-0.670722321194981319,4.6671038574408934
1.22224582970637186,-0.953311578313023711,1.53705483166263623,2.64329363863079125,0.611503289620476398
2.67130787162636718,0.139132852885954172,3.29481392554995089,0.555554975580351718,-2.98107090003210251
2.02375477645058188,0.851703024653459817,-3.08155922261667348,2.87087565144091261,1.79266774870386447
-0.417050633288479911,-1.30876242969884737,-2.54343962337559848,5.38981784314282475,3.53091036295831984
-0.245873550523728529,0.422074484326592281,-0.649126016653092219,-2.16064242313489752,0.339670308077034855
0.0610746659318441576,0.763079612680420238,-0.318965091793953881,-2.95123640014076694,0.239692630135121487
0.0591979868176715773,1.80435915897887522,0.934612159579132573,4.904232512478373,3.98095902262654011
-0.93988798559232134,1.79927969233498364,1.11257463123035705,-2.21947777341209562,-3.91742775952836286
-0.510624335943416496,0.829916162109636479,0.391813441177475463,0.65043535657441498,-1.54991351937036059
3.61731272545767357,1.72955876232554218,2.77092464476727729,1.0278775760336154,-0.406211171304364627
-2.29457464995098404,1.01755139817993578,0.983357609227564877,-3.99639938505259407,-3.90097122786460559
-2.25907840778938374,-1.72180727618564622,-1.8783419678959683,-1.92372407107635213,-2.94127836998731951
-0.358653133327684615,-1.6345768377385812,-1.54246244398077637,-1.13058216927641042,-1.88106953699366808
1.35493955279077949,-1.20125562014429899,-1.57718423547855191,-1.54636231502682753,-0.932613474062877756
2.48515151104021825,1.76575630275070816,1.21559604791026299,-0.173786065389609445,0.922605297898412946
-2.30030154503420192,1.02148935454550061,0.862027779843153374,1.11502880365024737,0.00758332042572959497
-1.44540878452015931,-2.38001140868056504,-0.688991329007067055,-0.0544469088275660179,-2.59045603784393208
-1.38075714225206436,-2.93740291654728924,-0.413648059822601721,-0.827181728887321666,-1.40999543485206313
2.55511873394467592,0.354634245022309169,-0.00242223556232607114,1.48373048046597789,1.46126961825530755
3.30406296288049628,2.33527270242986651,-0.921702964705710226,-1.11951474637321624,0.89247979015873713
-1.69191688183631705,0.353373751219137888,-1.96175390131489635,-1.10322141432710796,2.36433292010552432
-4.12335317630123654,-2.15424820183031107,1.19719004122249606,0.302554045256027859,-0.176837034719722425
-1.91742880516114855,-0.539880317505948337,2.6310839353818043,2.70433755929367958,-4.17302996307700624
-1.66389576027211405,3.95397316586415881,0.364462557043039481,4.04108610651201516,0.410674120860434644
1.14603853895953911,2.77036863226851215,2.81184527598401912,3.75213876749372632,1.78223317189280239
3.53422237416064577,-0.653731877716735355,-1.12838490281183979,3.19403120190921053,2.62662847454694104
-1.8778984565408241,0.529377737820114769,0.0233008853876928712,1.57139262125278001,1.83500021473851227
2.55792116643378442,-2.05211885841847197,0.782627407391229379,-4.21199083973995858,-1.95464349495225842
2.36997129574895071,1.54710285614183052,-0.19941521904920817,-4.23854460260971955,-1.67043472176528751
-2.33059008187485706,-0.945748731484064686,-1.08619354417450653,-1.94582899336492043,1.22417678430029442
-2.99537547046128161,-1.76904959125568961,0.382880618994400013,2.73241710814011673,1.46728966041460307
-1.50328046593853171,-2.27720343711603057,0.370308337377563579,3.45937786896760224,2.5833926851965221
1.0466530021805418,0.76851067050476618,3.43541159965063869,-1.2530391095640605,-0.485050501754634489
-0.118583495983978091,-0.17869390184631756,4.957709237105834,-2.32689675033797938,-0.805319375566423079
4.65578142288502406,1.16075763611249783,2.67721323154924784,-0.16886231403938784,0.81947835769739763
1.26639829191084563,3.29851809830967779,-0.714998766916153605,-3.82346643483899262,-2.84231616244486496
-2.81088607078157837,-0.00312004075368688127,-6.34725507718650839,-3.83489874169873612,-4.59347681089040272
-0.843537019450563696,-1.63498567254667848,-2.38886360011266241,-3.02964419143902486,-1.98628978117126365
3.57215791917535475,-0.715908603047705094,1.71740875737940413,-1.37754744238151505,-1.22538290241567105
2.73014147519904782,1.20045428411452582,0.853303345978727368,0.218390358737986734,0.0609040256413485859
-3.70052023584801892,2.69159406186940853,0.0250417528956919377,1.67603406421730883,-0.0255242645280645553
-0.742844651989479909,0.76399331641779944,-0.81913302581100611,0.486267429699245746,-2.17463689160670226
2.49402562668072392,1.71643153916130387,1.28304712529271714,2.19070733709614851,0.00505716892667273932
0.775837405263819391,-2.0899707715006719,0.204088121930698529,0.459188192421402019,0.204238526604580722
-4.35770468503696762,-3.26699031640643023,-4.98856529155287465,-1.35920956725953457,-1.71727850370986945
-1.91884738101161645,-2.50287672349703305,-2.24455950969796802,-1.31133504573251281,-2.0891255521119807
-1.26905803870570089,0.113475618037315373,0.0241465246060315608,0.721732479148896267,-0.775614809383167625
-0.704573484770023684,-0.134313102925180894,0.258090182069099561,-0.0264422845791278255,-0.765931926806436625
0.0894814441920483011,-1.01869409405372857,-1.56378287918813541,-0.0904938228638624692,2.97167840975863928
2.07208338973566386,-4.37346797676570187,4.3203195397139238,2.1589593217626919,1.79959016450537135
5.16763369767906067,-0.994372972924651322,-0.289673115641202406,0.727795330551440744,1.529003543707951
3.26262553462268912,2.18562304447157496,-3.65443953712719338,-2.10029555370290755,-0.382735014100527349
1.42378293655797772,1.69403911325495637,-1.71426168113540567,2.03899590105985729,1.71860425673880979
-3.12504871753788427,0.149636364698735369,-1.89886647025060262,0.258572098871459877,0.304288303884097
-4.68381553408470452,-4.27159993455477416,-2.21965658213707062,-1.12588511629936261,1.19654141434569627
-1.77465483002123769,-4.09263697534474069,1.48191105625796027,2.07054318986307528,-0.162661807837573003
2.18823756591105711,0.0115246880827844511,-0.0825743803913082108,-1.45912052888876898,-0.760213492945774449
1.93338231275197781,2.28551385857659906,-2.4586139567034051,-0.241316113153649148,2.46761876834839455
-2.3575284266300689,-0.00697206068281519542,1.55551820152856912,0.974171399649753189,1.00230033453475498
0.621146654185770752,2.3016869323504201,2.05495090326596852,-0.285162671255267008,1.57907267957099551
2.27570201378327885,4.92621115331862214,2.72705205139097728,0.922083036149133339,1.24422984308596574
-2.88603455330172842,3.93051181794497717,2.6908681926078275,0.905540769687563918,1.10036563939567245
-0.496488735108651102,-1.93542875067882081,-2.37414331552219293,-4.31151598298093663,-1.56429966486918115
1.17550397202876211,-0.681320493565050977,-0.564543713901315525,-0.655965138921893898,-1.22052269226217414
-0.313494393336529176,-0.291744254235248635,3.61169492317910912,0.734844315062676667,-0.499839205412138998
-0.457091794619538472,-2.19785910946663865,3.24460242305057545,2.22803134806033798,-0.786555887007461596
-1.60766944363347797,-0.994660904380002098,2.49279378006680741,2.37458996369156239,-0.0126210226207905882
-0.295840408053545723,0.465383016967901297,-0.908731398875676666,0.337998992582945801,0.543045169331780153
-0.0271787726305153625,0.666395884573498298,-4.04080709896581336,-1.64990293417118328,-0.661961963529452246
-1.22314766654089158,4.33989997508171133,-3.50152036145551193,-1.88598514151610819,1.12272037843717709
1.03961070446963544,-1.79567462716885395,-1.06627831226342629,-3.33404018987716588,0.392193603688246073
0.941957345025916659,2.31195580475128848,0.46409166742633845,3.24400339734492604,1.29411466492520955
0.445464950479049937,3.73680867531235394,-0.902966679286763996,5.19318612794281442,2.51384035823468022
0.515580691363589749,-2.72258190632904373,-1.64566501374758012,1.69030720252866673,2.96107117191981528
-0.20971785231060977,-3.08058040793679533,-0.988388392747132971,1.79581299066870126,1.02802183857710538
1.32093785913836692,-0.594116919413004041,-1.29320724594085701,-4.60779691972467909,-1.11171723316789728
2.51463844799836655,1.17998271945358169,2.6602548028322901,-2.55216933445243432,-0.454346724425002901
-0.132211449676897214,-1.47403311368144396,2.89695454106288031,-0.874889149472632965,0.856552107330727175
0.0176803915239399818,-3.49210550383857932,-3.33692653034814501,4.29822864034331964,1.34426206477789689
-0.90960981198013624,-0.684821321536457583,0.51193556413465624,2.39125423653829028,0.0669837545756594988
0.264541182067496217,1.99009065021916887,5.27532475516376564,1.36409305181349327,-1.12966185904632987
2.65803003118824455,2.83066356823047949,0.69551897981232369,0.569459479696375892,0.966546938503365372
-0.856056462546139763,-0.0785622402496639893,-3.84885245860534297,-0.0849566753613710257,-1.45884564720959231
1.51828370787968381,-0.0771224504029152935,-2.66954640895120665,-5.22874263003719975,-0.535297463791903239
-1.0013561183516686,-0.724246323006842219,0.489868847546096498,-3.30173640082696318,0.235830582274386441
-1.00058043411602471,1.63289958656703282,-2.13421295037160563,-1.93785854719886119,-3.0389864473337922
-1.3563040094860277,-2.64970595616237015,-2.43297031088190607,-5.0385816317601364,-2.35871623761596627
-1.88083126718100169,-1.4433925620842325,2.46366407219001893,1.15282362807006677,-0.94876272798938488
0.332476565654379996,0.242070095589410422,0.883086777690164193,1.49557681324453617,0.205436177303164963
2.86791804852978194,0.401573285953809589,-0.475648510803215907,1.89862542102498222,0.249058830834003569
2.02122919140334156,2.16635271457099465,1.44794351670613675,-2.06704722552375042,-1.95636941557963784
-1.53094923641905112,-1.01220413828548872,0.575708254726524538,-2.86831612119111634,-3.1452258230037633
-1.91267935439278358,1.70367590418017945,1.77063265021330873,-3.51830535351775486,-2.61144950302669621
-0.198512381481392358,0.633587429186828199,3.95912652886795824,0.339908389566338953,0.854203141582778991
-2.34582629370922335,-3.26357709303457444,-0.252678167640223217,-0.895428463072469594,1.29542888956810009
-1.24993955986581629,-2.09857367492560032,-2.46993799817067305,0.859807044919411512,-1.6860769662979993
-1.30627173807510366,-1.29444526312448538,-0.22594145469993912,-1.46920889666406995,1.60968326123654704
-0.841667642594042142,-1.55199792333874176,0.498274809360495508,-1.60671372759707176,3.13975719179743873
-1.4154382128921732,-2.07120564262498874,2.88652588786850206,-1.33065755908960681,0.0435197231064839221
-0.594323231497330129,3.85879822350971624,0.282434706196366014,-0.810634465275126948,-2.54577191720749285
-1.03062109506910571,-0.762718278963836149,0.607515811625855329,2.91728270111055776,-0.657736653788642656
0.978573164080161706,-2.32571983102123969,2.87734571623411206,4.82419072518416847,0.191914696230658238
3.26234082682195758,4.16524973868443649,4.08971680807926852,3.18940210392424772,0.696801243811718374
1.85427988442746638,1.63042778529412646,-1.64582712365786565,0.594976780668087013,0.90949351193106287
0.585640043591973303,-1.28406991525356284,-4.83281385178141054,-2.96007182477772846,0.53991076000676308
-1.48196282663308421,-4.6320368242929737,0.544593547502867259,-0.370497475635975959,1.48324441709857968
-0.247387282743452203,-0.984532741202502892,-0.955067177888841434,3.58975888719092628,1.14672460020322586
-0.285377205776161325,1.70318431714053697,-0.346622956267358728,0.319437450522424615,-0.449278539149857492
-1.18271302313019766,4.45458790751641676,1.33077225914923214,4.86999706937499877,1.51127623725902804
0.151552774655404204,3.20869282079217255,2.11473579279827417,2.82415210691306662,2.3845372709289081
1.93096257122574255,1.2465677663285859,-0.234975272136107499,-0.264110931804571736,-0.813878284007891195
0.994045350297308894,1.63019030029973266,-5.52684471857381077,-1.47261614753711623,0.061749292868539675
-1.70730093935643379,-0.283111840824416261,-1.15777120699809166,-1.7139773845911277,-1.5504570250390981
0.204878425143392939,-1.60143204308355092,-2.04951360915322267,-3.25844362591576608,-1.22600902222439068
-0.141104692324430431,-0.890550104244379526,-0.306398973126863372,-0.0126166594882457309,1.53044611631389094
-3.24692233948212916,-0.263669306854016516,1.32758582514499635,-0.286947135568068834,2.51534664828211874
1.69680198232146262,0.69456039455655405,5.17791563145333189,1.71231093781628596,-1.36533223185644514
1.12132037191126566,0.787772693718188921,3.45708885883753458,1.46948780904182397,-0.0232538178703479703
-0.724618326674566715,0.989676997870330255,-2.40327180309730215,-0.103513633833270252,-1.73495574313828405
0.425797060365391944,-1.31729780395954466,-4.30588494639256503,3.93271475193208575,-0.518287484558015099
-0.551878188248677182,-0.469646405946078482,-0.887112908084706331,1.28239265639869471,-0.282340141777272957
1.39949571346579749,0.449872090188317142,2.85276854363204979,0.897366443146867754,2.00292244757879123
4.63107231976154399,2.82965736237969523,2.50356604264338278,2.90958133810707809,1.90009629969834215
2.43302325400406128,3.00289973560070989,-1.95498184124217333,0.247402885921489651,0.922045712218866442
0.253571135453819652,0.8033811485180824,-2.33804153747306609,-2.99298702126074545,-0.433048110348037585
-2.19592064502726725,-0.569608776779868209,-0.14734075443183528,-1.29368880028614619,2.9040644439605332
-0.329076914573618151,-0.667405327099445889,-1.65639321211429191,-2.41985003405617061,-0.285039772222325904
-2.26938231415229597,-1.50624263645315648,-0.90739863842878965,2.30302972582479182,1.64223864117368468
-2.27527346735634683,-3.33150058390215165,3.38712105721303747,2.47320892674588233,3.32904286917875414
3.00762692292937261,2.71396309458580554,2.36577565316560046,0.270504001523399928,0.452354601884458973
5.14531338967154372,3.89991551209848097,0.332224225454761046,-1.47921551737901447,-0.266593290939635019
3.58915830713973305,4.30917863035099469,1.57138119507218921,-2.44980798104135067,-0.100180690107388615
0.533363027689486513,-0.553880598623149645,-0.910245575882817959,-1.41977157096599482,-0.0236285498019798146
-3.37352793684589347,-2.58470112472530289,-1.50892332585288425,-1.69357733984672221,-3.64998020655827426
-2.55700434608933991,-3.15586013290081047,-2.79677953492826648,2.48212195641182731,-1.68864354754811696
-2.25053227921663934,-1.06467822520268873,-1.19224731237656867,2.38324160463454593,0.540352597416121294
-2.39825137310465841,-0.111733027197504178,-1.76755568813183039,-2.78733549670523084,-0.313476159882372762
-1.7658976162407245,-0.706794849448203588,-0.0377677170570719645,-3.06643826259058105,-3.93080748581165551
-0.303093883667638342,-2.99322071021162195,-0.2372049664256978,-1.96784451392421023,-0.971843552654629295
0.822681938625863696,0.938204359796232179,3.26204310491465144,-2.13386795912367777,1.16449987539714295
3.30321390203075227,0.760291173264661002,5.47330935312412237,0.826824721400199913,6.30869402574897631
-1.27834748972400614,0.327343201095104341,-0.0444278118428022284,-1.24028654041605035,-1.60069082825969078
-2.79435328149763729,2.01432606082290411,1.01806878193717076,-0.710128624625402938,-2.5805925000781178
-2.72024649743775759,4.54215620135328813,2.53899235511760057,-0.90465508121692384,-0.902370126674148954
-0.96452458512675876,0.82301316613941955,-2.43247198105621232,-1.64133469873941396,0.331892153793281075
-0.613716042097405712,1.15495472317960179,1.49862870956971905,2.0136205707627961,5.33941431824480528
-0.489070741320476843,-0.260729336233168241,0.49015408730217791,-0.0505143324318144474,1.84801062553256079
1.58499909100395553,-2.38399019855247651,0.0204753807051492875,-0.398898545699166718,-0.93322456662797848
5.05092617842154024,0.0347789824400493303,0.581985422202223046,1.08157604402205121,4.27990357043372072
2.87277449018775721,0.501083802845079807,1.01876462446914595,-1.52633629690858585,2.50813955184275006
-0.00344806079607231503,-0.385662373984626494,-2.25476655675605508,0.701989563222794377,-1.46274331548835601
-3.69961229285130466,-4.56711841066726709,-0.194572993885293338,2.97411946463926213,-3.57169420123170323
0.442777479399635465,1.76673029947337357,3.92605037889339004,4.02960811287530341,-2.29324672438301835
-0.806595843974489357,1.44279962646174109,0.946506623611402476,0.599700363507294165,-0.781169730176658805
2.95740380011725712,-1.70571124097367521,-4.09364908651168946,3.26586295199036503,-0.66841389302070886
3.78262572642272676,-0.235861798874515749,0.350146923664372278,2.52897259378327499,0.521872552717181803
-1.49606251054143535,2.00051328448368881,2.09647876505884811,0.52436620309230042,-1.68911909224902423
-4.00108522792815435,2.28261830175182245,-0.977829610932923532,0.0965257145519458348,-3.33781841764875153
0.185043842438037592,-2.19894819634395144,0.342054190168473604,-1.31060920377789736,1.49973547065488955
2.68364581744747888,-4.7339080292651472,-4.19973640031934714,-1.87960329423000028,0.8757245710803091
-0.42080492107819617,0.121691956573485624,-2.97011978448242076,-1.03299632104733585,-1.6227191870586557
-2.74986141921751992,-0.648119717196895984,-2.80667795637054374,-1.23128346568344527,-2.60911767791609428
0.613694402444767473,-2.1211294682898596,-2.02125317090695678,-2.36364768885524645,-3.71172724754291039
-0.765716629642311686,0.673417233552218164,-1.97666243943997033,-1.49807698200792916,-0.694496497230425947
-1.78658997674849784,-0.59968772580196672,-1.98265657009606988,0.215223985825297004,-1.56956764197140552
0.290547407801914293,0.515119493200126066,2.57132017706356564,2.27304413716305653,0.86018536953926461
0.76075787370220227,0.322640045987304003,1.16318221747483119,4.47355120380200333,3.37619331783686194
3.87112101779154516,1.49567085195145699,2.44811955075164267,2.15383223876397567,2.86723926095818138
0.774200051789946109,2.22175731503308471,0.943997029041782176,-3.98279913210089687,-0.142610120016798542
0.10385171243152741,-0.318877616602602498,0.226084077938057848,-0.525742508925735597,-1.14520734679568204
-5.74303829193028115,-0.212737257856389722,-0.458623047447864418,-0.0266838486941190639,2.33419440480562068
-2.77977712742836758,-2.90417107675130204,2.09698149996156236,2.21145208987249697,-2.80548336598883941
-0.614750728272205782,-1.45575355485891977,-0.0806666302245202527,-0.059465624694163513,-1.58545637305461584
-0.212961799597876811,-1.29176704035546086,-1.379650117053973,0.982456066898225289,0.148513999277933156
-0.645029680707696174,0.137228930777841845,-0.854239367090611323,2.44134047734780291,1.32884174844279812
-1.08033922160021323,-0.966185152999939456,-0.318705489210769577,-2.19418817829425405,-1.67126292642255514
-2.57293016415392373,-0.605122088233215671,-1.26590957411240601,-4.29196726798736528,-2.74463196236702833
1.49724422385626532,0.0962187478770091531,-1.59591999341563628,-0.685739135758763552,-0.494009415507205729
1.65193783323190257,0.427803776929375101,0.459586927630002529,-1.77572256634445824,0.554160081182323072
1.79444184841873389,0.116441928463504624,0.829487956660325598,3.70162242567895072,3.80752423598463174
2.29682882365086938,2.76659319086084299,3.41112983311529128,0.577505882809376314,4.38596651817138294
-0.197838980557758448,4.26146452877874893,0.82322628211974902,-1.59488788857861707,2.33769860620083669
-0.771325508877127586,-0.670486706951749944,-0.401273793205286,5.09953672742874531,-0.85973970519508125
2.517092423695654,-1.33441195795446355,-0.766129073403776562,4.79822713155763036,1.52005030508800254
3.82485582130732071,-0.111724181755535307,3.62630527871309782,0.334433854717661405,4.59740447436522004
-1.35350287652895096,4.39923302136742045,5.37237712989684191,0.218289643499580577,-0.658508998540228263
0.25937797524852052,-1.3570110346399471,2.46500004249282201,-0.824005871753519803,-1.0184613719661928
-1.86970830047682912,-3.84080207598861101,-0.473235977933929575,-2.04341968574901189,-3.324054504517298
-2.55446341924077203,-4.51171310060760256,-1.80072924393339129,-3.28939526790081072,-3.07397521574939114
-4.2919690310337355,-1.79043552383285443,-1.20089275553098296,-0.338614885776712948,-1.91143367390161423
-1.43666715972112646,-2.99490943423805556,-0.0553869871527864557,1.74911560859450055,1.47707797647857975
-1.0331603629169106,-0.997844111097608732,-3.56591990433990214,2.88585739517432094,2.00581673455433496
-1.91514721443630331,-0.447506908580033946,-3.87009317651130047,-1.64274055679017739,-1.92828070445835209
-2.32193745803170914,-1.44159280046753313,0.823520278067021994,-1.2865897805646298,-2.80337711039910253
0.725228012665351196,0.835459942196980943,1.38570194141350589,-1.15213968519406262,4.65311370485011899
4.43638985490686721,3.20056547463834118,1.47981802174233179,-1.69700383046363368,3.38053813210973386
0.386091268094452988,-1.39470576458506978,0.694500647967886686,-0.62727000834234381,-5.60629763904143452
-2.02829027661015981,-1.70876347020605568,-1.69885054579657147,3.19416124121904943,-1.82244329771694868
0.0568440819359358196,2.27858599907179915,-0.561785118594761212,-1.2194596205453947,-0.714784886435164912
-1.18779012657877647,0.915050053647201378,-0.558405383667747945,-3.49841663010980453,-0.463549463844170451
0.538180765990554866,0.368929755035251827,-2.17691490777293994,-3.48871816903902765,1.86999190528987991
-0.588339852459354606,0.613132563927177854,-3.18082477671822428,-1.88388131482431298,1.50281107707454908
-1.0515033208330189,-0.664982057535521531,-4.6631104126832712,-1.34439483411174776,1.78048551661310928
0.17877725637225933,1.79646936333745266,-3.4621804085986887,-0.708564425043192281,1.22487820789705237
0.478119454854284254,-0.900956156060361946,1.04717386455779038,-0.421903012509980635,0.542351416071853665
4.38007857753538232,-0.3530088780251045,-0.472622270511262488,-0.158245535213993649,2.97222305523164598
1.31546841360416655,0.988365743680506337,3.64471493792555989,3.17711735810389628,0.559073105200073694
-0.535724060467491991,1.06916695931045092,3.64157616037924736,4.38340784922608506,-3.3966395517003849
-1.35586204948785305,4.58243127050004162,1.19235358739604624,0.0480320082727763026,0.0618238299128397104
3.59336162645495705,-0.0329812453459138177,-1.81182939847864888,-0.759742388146385395,-0.602151197001717708
2.42717831782956583,0.788092194925689715,-0.44567056879893463,-0.160874406554335603,-3.51240218255842329
1.92269457272430522,0.159428004571855603,2.75398366032222075,0.626093404919196295,-1.88760458321385816
-0.0734816447191783267,-1.93272579432374436,-2.32512261639557449,-1.00289285958122032,-2.45512576963412821
-2.16457311910783323,-0.697018726383139109,-2.60078074619022059,-1.91983890187987116,1.47446402202220739
4.11635762455085885,0.0889003348517528047,1.01499762677044436,0.813541101558248991,1.12246351759252616
2.57181935853867127,4.55579016099957457,3.2890072115333262,-0.519285684055497465,-1.36933392128692
-2.73622407388658484,2.49514549312148226,4.02575422289165186,0.207579879291748398,-1.07384793407313506
-3.64583117371230081,0.561258841563545108,2.07203597434809828,2.72189161143720737,-0.655690860124038433
1.12849166515661303,-3.20648474637953385,-1.69337076972208478,3.74095637924873392,1.89014233495728701
-1.54327099228144848,-3.34683485118208557,-0.573194215773623506,1.75489993499904928,1.43518584934605609
-0.360095299866163399,-1.02588523732659209,0.20415341783916327,1.12607209901095962,3.5943017644689661
-1.18826388615020639,2.94529553160238367,0.95485291924968374,3.4201190095700893,2.48053740726411265
1.28492091342869097,-1.24172138764736761,-0.889075115186094611,-4.07688658747438026,0.178211853873836951
1.95838092213534432,-0.429474886615393514,0.68640248542817961,-2.29834519227062195,-1.04337371811570634
-3.05358183996290489,-0.117247073132658641,0.350711326267492574,-1.61372439864336958,1.85029999641549536
-0.0530115830383719455,0.617416489240941724,-2.46192427612101161,-2.88044439977802202,-4.10395837405215413
-0.463552938733864994,1.61210701301710335,-4.72766289788062277,-2.40394956754587508,-2.78246850921884814
2.68430857407473678,1.00439596459648506,1.1946229763243239,-0.0594333650670273161,-0.883424250801683519
0.488566572574662628,0.399188209750420187,3.57247407200380662,-1.31179829090904709,-1.79940719244914926
-2.90063090130780488,-2.30173048309102324,0.125162796391121017,0.12136604585550495,0.202085280100520043
-0.759333415350234797,-1.76990184434342246,-0.276619566623095725,-1.49743877998019559,-0.161344967449709747
0.00121049029115349871,-2.17032548592587249,-5.98591001471279949,-2.46726437408218224,-5.29322425223386261
1.03004829723909874,-2.06899188234565701,-5.56774539469506902,0.915698067186767939,-3.81284209318296918
0.140125094931638161,-2.06152387165222661,-1.7204769361927772,-2.19459347201109312,-2.88999274663885375
1.70777197728959163,-0.794653286032770412,0.402302840587168697,3.740093187016857,1.98492451293824357
-2.37842042754856653,-1.18210434834200617,4.88870379065274996,4.04457554142538189,3.46816990906144484
-1.45455313226736171,-2.42726314932996923,1.61283975077453823,0.991595138598572068,1.07091323193159194
-0.559975505884252489,-0.186274270475686399,-3.25023703876104175,-2.10512972673293497,-2.78610733640115571
0.703501508357116556,0.57554688626807371,-3.4640037619848334,-0.217951463336472834,-2.32672221754037212
-1.72491453182636612,3.92533125350124124,2.74037074243922874,0.889975883869995932,-0.902835787670024481
-0.731866827688052557,4.51960665171529996,5.34811251241689511,2.25054369539651189,0.388254224251728064
0.826577018391652985,-0.269825230385242032,0.570292541034838285,0.570430598502987829,-0.206924367237995815
-0.239242569271195527,-1.17801854356235403,-4.33563049428752301,-3.02878768469890858,0.218617249469256064
-1.84710275043017913,-2.84525139682630934,-3.90387365897794458,-2.62156161229318529,1.02191675352983857
1.2849995237920393,-2.39843850943443204,0.535353637043412434,0.958880899792062258,1.67878466759039569
-0.656532833635064317,0.502877487700194248,0.433608588594639466,0.890369239625301345,4.33774466940914394
0.45120153141297481,-0.397375595705350693,-0.842965658172480259,-0.188569609242860675,3.89605720415450252
0.293858549281840409,1.36478211640444358,-0.489454171366137558,0.587990941662074662,-0.399674935797897368
-0.250620298926332308,3.75172709872697308,4.32108438021646446,5.06560609716090582,0.607015392795237307
-1.35156574661065521,0.89891366091318603,1.79683303055813615,1.36240028878287078,-0.0785983048336572898
0.753633266542432678,-1.7568499609179753,0.187278537718902544,1.61150325852659537,-0.178348344905682882
-0.695097113227424401,-1.44866709106697344,2.05553450794600279,-3.16359217480588883,-3.54113726021716646
0.724585121819088962,-0.623493064486046578,-1.16849059823633494,-3.88235599149210042,-1.06465006790854688
-0.443139212219364698,0.737634231785902594,-0.179236135196753549,0.283621132048936964,1.01509047766710991
-0.612068824293239722,-0.720092828783699845,1.45617517380849226,-1.60118698803832848,2.98621162636498649
0.208483894917356638,1.04619661871186564,0.429449736316557473,-0.872978355741404699,2.77920064321382787
0.138541558822537825,0.948055310277568175,0.0757555772018252138,3.51865116398868949,-1.55938307116778163
1.62760724305125093,-0.829576549782325978,-2.27730284546747663,4.31965695255140503,1.46315785148826261
4.75028900839738455,3.13777028772532685,2.29946825779794306,1.30402380936731555,-0.249251861419169579
4.13944964018846839,2.85772992759945055,0.635992481269652021,-2.87548174180212612,0.567025938745759128
-1.72516690732830269,0.616309886219754244,0.269060878398739822,-2.54476721605136857,-0.48090163184712198
0.597388194088048996,0.265770639186891422,1.18468491812001897,0.136216481039208553,0.387793397555391217
-1.31342325520634118,-0.673142460985912683,-1.881448300233038,-2.41291467562687467,-1.7915464841651394
-0.477212460260795779,-1.36162993202332583,0.911896618207573617,-0.125152272459658598,-1.28681450739831016
-1.24382624166715172,1.76361511397640691,2.30895599940064589,-0.514057601514744444,0.00586308530790369264
2.42414952952708562,1.80928463307236287,-0.116981270540047741,-2.22332030166128591,-1.39069088165551724
0.302910407184101116,2.17577259766551911,2.95616370731193268,0.262760291217093711,0.938823120855209359
-2.85843349647216538,-1.41160648676672107,2.24371103225616331,1.58094292209405785,0.7689502629351469
1.45809816809637294,-0.771892327324911753,-3.33365955946078119,2.31623210790080325,1.13750624116376042
0.767221307186996104,-0.0181966494245220448,-1.80949252257977267,4.26912332965480434,2.72470591562529307
-0.748321087096629922,-1.88080956734997495,-0.57536290804984791,-1.04975706902365062,-1.09798831397266006
-0.69826926836253489,-2.35102768058494416,-2.36327988413006773,0.269358574283858954,-0.278906738976006319
1.81401458732630494,-0.943731811565878931,0.730189583242395801,4.33932945408064707,1.25539370881736101
4.648816537037467,1.05012602395568133,0.414549956644846729,-0.4941757073978153,1.23650648199522384
2.12155769735922384,5.11274498237840813,1.37005949320531806,-0.368595768508306498,1.45033655494476155
1.13228575126982189,2.31767165270731645,1.1082082118112706,0.0954192839868797521,2.7072206636486924
-2.85166409144375921,1.27579139235423011,0.581863619200224003,-0.305760357379068759,0.347054644125110556
-3.15194763348098794,0.295454659565365207,0.185818740016146455,-2.71458221439386138,-3.14482358632514325
-1.73038786100716657,-3.07944174285590933,-2.5018776631185542,-4.33997948305561998,-2.7887188964442382
-1.54371790939109688,-3.21720398825304166,-3.83565959485689145,0.765125206211550113,-2.67179485237185332
-3.05568518958281921,-0.735504823056427504,1.18505113782008431,2.81633714646290834,1.9130698306449534
1.64892531661900699,-2.68288687005295579,2.11710367711221092,-0.253050183014408681,-1.45376806910869227
-1.5246176238604463,-2.44367669583025515,-0.760975062223777754,-3.83856890613712842,-2.41748223774787263
-0.0124370351257876155,0.542367005021153425,-1.09104440652345258,-0.0645044819116557672,-0.251222274604646301
-0.524592883552905898,-0.543154682332185224,0.903249227131664778,-1.46072109108981851,-2.31135177598927033
-0.272914146701864702,0.00464671540583971344,2.68230155000952575,-4.0791557639755176,-1.10188942391904265
-0.444473977493951899,0.0257069195781184298,3.23590837203492843,-1.23073756343242491,-0.527253161106843726
-1.95387753904636452,3.00568016317378461,-0.0403966417754858947,-0.457564676173762341,-0.671117832000440062
0.604995243001816396,0.227168213812493219,-3.17244489509334571,2.67217010978119829,2.23487871640701252
-1.36999135897876934,0.138345421419740211,5.23107780308013748,2.22381511940900989,0.205375557993720426
0.838490705160301553,0.977191943299091204,2.99021412835852196,-1.36439310363642807,-1.1567228518739463
2.04519261800566055,-0.405654515637597801,-6.61294335811861167,-2.86626763075110791,-2.06188425008885012
-0.238319627018907187,0.875012696628264863,-2.35703687955071306,-1.97984305052748777,-0.0695690353477054213
-0.687178084059071548,-0.914520565072309055,-0.354876757335865711,-1.56342275677953113,1.56868678755931179
0.979477916763263234,1.23442681123443676,3.08545267063710904,2.59118295269840404,-0.476160188799475081
1.31273202199930128,-0.376053375282791813,2.08990247254178518,1.63376129640886858,4.57566509618642758
0.631288818007419428,-0.0974327534802826856,-2.25467926391979478,-0.474082510991018002,-0.297833354488350688
-0.220459742461397212,0.411691988385128105,-3.06196026008946598,-1.57074765148741857,-3.12077594826456339
0.164798206687094551,1.49345837175217921,0.767940518546346484,3.00346582091554604,0.55136648362772045
-0.616021458997888072,2.40401121723595868,0.671446123770029213,5.47487532205434668,3.11366703599857875
1.83801663162402695,2.51444505364142401,1.02952545371364046,1.71201917184170016,0.917537808863901461
6.27764461649026995,-2.22830738217868296,-3.01085404908012055,-0.612303206660219645,-0.208770453458624605
0.705024169366551989,-2.35410350454812445,-0.903351622863764359,-2.21590604278407977,-0.485999806043714955
-1.95721327638560072,-1.26602358954858674,-0.387829470586828873,-2.45677732504805935,1.71428625514086708
-2.68274337648644945,-0.64953692951426889,-0.284172311069401717,-3.0079371129337229,4.26684027151320766
2.05025346213050819,0.826434962781298021,-0.652918362072173686,0.455191846874421435,-0.991206426940993479
-2.51123268334453442,-0.817457959434716774,1.9922450977560624,0.268015742141571478,-4.97709104866108287
-1.58156844485507864,0.0275849274603224767,-0.927688514256542085,1.48242353622139778,-3.08985912986753819
0.842558077784366422,3.23613876545916845,0.512228134641986799,-0.268573473623802295,1.28519025704585976
3.86944383505655587,0.0688053631170347235,1.01237513064404516,0.418386327465112562,2.65221743462147597
2.12331626680841534,-0.82015599552215368,0.215915336286183812,1.41163092064625784,2.50736061099558327
-4.33068213815146752,-1.77042530645424523,-0.242420237852432108,4.25128549962804403,0.0427387036034394541
-2.38290856346963942,-1.1572968626489113,-2.34326518867630762,-2.5388108832332934,-1.19298564820070885
4.05453599202899362,2.61840319567870461,-0.629145657104451139,1.40442824569590607,0.921856094078014832
1.89026732827385335,0.84131789044067673,-0.222051777687095914,3.57560905455977984,4.11623643367135372
-2.7617187716791407,0.314117175218945666,-0.0716715443163573329,0.88831419233800013,2.50743085502087615
-2.19902769460452951,-3.12831217288126107,-0.0808222783777920728,-1.04311469205444318,-0.760918721636738904
-1.64708425374951273,-1.73187240056272262,4.16646139118203163,1.24625796955984258,-4.13014865384242036
-1.8224633405163424,-2.00921421845218706,1.74896485391476153,-0.428399103481462706,-4.54012093548697671
2.46040176276866784,4.08715797431288763,-2.26624297188975588,-2.94738318029724633,-0.996526179587975403
0.718921333386076333,-0.400374599249630148,-1.07442682965324732,-0.981888148362857316,0.101521155300501237
-0.665530746898034486,2.08228977711329,1.37861743070351994,1.70180713092270897,2.26794687315625065
-0.331242093190991682,2.41713238842224376,2.71521984566862207,3.46156950625122306,5.49298463940428405
-0.0743151145079151143,-0.627677546827199229,0.762189130820076111,-1.43818889317229481,1.02147316646333586
0.438266757163103204,-2.52001657472942719,2.50499157869941058,-2.25101821007174641,-1.57748689420820143
3.52082864848761812,3.25045067510388863,0.961021702421049673,0.126669206162221909,-0.288581283304260361
4.11782718122387159,1.99221957667577287,2.50124382997288075,2.31923692627635614,2.09363789271748013
-0.702573205201652451,-3.90470246978299462,0.475789636079343048,0.509848507198063294,-2.34468263381731568
-2.53904370082445352,-6.11427172913490047,-7.11293569322986219,-3.63281230649016118,-5.14447121436742805
-1.15136669565797689,-2.19850845204840351,-4.3924620374641421,-2.79278748205062666,-1.95726510793112451
-1.06771129516805474,-0.895377982337363099,-0.8095674836857365,0.0381857202090213621,-2.83883265739388735
0.0237148795618963883,-1.60128876458259617,-1.28452500890999599,-0.432790733885266676,-0.883482812637790826
2.20863741710285311,-0.235507245415126049,-0.685091616858609642,0.468996424814380863,3.73861981286691636
3.62853235520235939,-1.25199090530173129,-0.483087317220809831,0.835794123189787186,1.78097556875183116
1.03931548326324008,0.166889252984038089,-2.55510221063273413,-0.754828128224571349,-2.7029788182978165
-3.70759634898792223,-1.88123185131995085,-3.09660283091600563,-1.25467475498925296,-3.12001356142519182
-2.02305955812034943,0.380399734995354621,-1.24824955911924551,-0.0512404790764949547,-2.7941565377545059
-0.701355300959270123,-1.34650193253176176,0.850789014885203976,1.53281897005002588,-0.507640692583685049
2.72481039607990061,1.59959386965901884,-0.232525157771361596,0.308872033205637719,2.68243795913709615
-1.89807585585579419,-0.947090980792968273,0.789440282213218492,2.19419743263046119,-0.363779088510893689
-1.69031312054417637,-2.80789886190964344,2.00432222950442984,1.89730482836893222,-0.367928940129164439
-3.13379321043177006,0.357044654408076645,3.7317305848124751,1.9486365945557278,-0.178330434412535738
3.07460377360121173,2.98061978783182147,5.05475500743723405,1.9641918858702081,3.15791903314872435
3.57490942157656955,2.15361540249298899,0.022780433204733809,1.34811639638971092,4.70256032393324475
-0.215043927687201097,2.14690399975779478,-3.81243299784966538,1.42298580397156704,0.181752442827635891
-0.745267454498603099,-1.17758961365787274,-2.86795095679676582,3.738057747275775,-1.33035773226890708
-1.41384083671632643,1.63867368346513875,0.904443445108394584,1.40335091559818403,-0.493830818730200627
-0.898808431472623015,-0.369514696212273175,-1.12473406387818775,-4.75678606422582995,-2.25421129919665875
-2.40973116589246494,-0.134468566787999538,-0.697588082681677157,-2.84790101064509793,-1.1495014089883111
-0.182550985006924793,-0.191979279782954121,3.73837336905440587,3.2956643649181796,1.07962737968179634
-1.13570747803171801,0.854792444145377917,5.52003975201633246,4.54454677681430841,1.66711053649277252
-0.00766851883999236216,-0.58925545504647292,0.949985958374656381,-2.0146897737750078,1.81198449000636841
2.74368588655847745,1.21667373455559624,-5.89253928379989844,-2.45687016026016236,4.9043063776160718
2.67873142615380155,2.81807167813254944,-0.905944036749586235,2.01043891281389842,4.04121452230804934
0.934750447542234353,0.00963678122640634904,-0.530434836980936519,-3.85096833697577479,-3.29837787568621899
-3.04575257923319498,3.1495927887061983,2.4158042525248189,-0.549842138483244147,-2.72353138547391183
-1.45636728311013242,2.63434116073135582,0.073465760634824101,1.51074410542039361,6.23604004870437656
0.803438909268790247,-3.37107895078382835,-2.25740951653765087,-3.94578828548108573,2.62984512989212638
0.589432967225631876,-2.35121443370698069,-1.69296069640476898,-3.12687619335780598,-0.107731653272286648
0.392668542206779048,-1.22202683505606724,4.27329949577564872,1.17798524509601443,-2.40701186564228564
-0.499221046447432426,-0.550128089298390743,1.04054089566677566,-0.279090875766278779,-4.5953613071954722
0.890857668628207144,5.0064538447834952,-0.214500245482196344,-2.49787918579630963,-2.08723457319623407
-0.288306485108095978,0.623668464246726839,-2.93725361466858681,-3.44716559311829096,-1.08380096804503001
-1.37685097959242242,0.170463970114032914,1.49598903125015337,1.37690601559548043,-0.99009132222633911
-1.35879963547349902,-1.4470161048514969,1.43483029605202206,1.54611063776251645,0.265144904105099832
-0.670061450840270467,0.0130196935446003775,-1.61419933553589612,-0.0587981716109446384,-2.20612757690838146
1.28464783774749813,-0.420032084711664699,0.0194762740626999581,0.902191769744023153,-0.272879925510234655
5.23367348965266999,1.7750329548818653,2.45620555284753372,1.04420642803567443,2.73577561896793586
-0.627253033404872706,-1.55798648064850132,3.15297665776513014,0.969799713368801664,1.66844745799074756
-1.11846290233493706,-1.55992437506650239,-0.724790034869940536,-1.21704900888808321,-2.30364909898476311
-0.581299030810943029,0.0118265716127091552,-2.30260752103890454,-1.39257140719777839,-1.16670567597396291
-0.21321929924173022,1.41887858693795388,0.212624078344981898,-0.540338068870388821,3.09205528024667187
-0.753429298261585556,-2.6194947515983551,4.59667657316239886,2.08299229949225229,1.75509344143178203
-2.12518383598144922,1.03967754895467279,-0.463024728210351399,0.00831132682988627858,-1.49849448279455588
2.18383995099636152,0.610805908912792073,-2.70104704501043047,-2.27447882443632166,0.807971701037858758
0.409077712235476953,1.2053148042895927,-4.2093003266614577,-2.28037560672388784,-2.02044521717125702
0.723648139487996334,-0.188955752295275003,-1.46367515321018837,-2.44318283883737442,-0.319674241258636083
-0.252255736745839343,-0.3280553778289233,-1.4532797457564528,2.25461402277971823,2.7921248710723412
1.02188033679891532,-1.24171914828139629,-2.48858143732476123,2.0661554443062089,1.25806519235230008
3.34066634287466879,1.51345698979568954,-0.374356015625601557,-2.39550091478430582,0.552187517565954522
0.507599090075633086,-0.672474451541673179,2.6687527696929596,0.362343569381388397,3.47143295428447818
-0.33563154279911267,-1.04569055995857174,3.32941660561293284,4.13437778513184817,4.09447253085762419
-0.681200946353403114,0.625321757410554513,1.38639098995149679,1.03790943733929342,1.61295791358885321
-2.25425041148608063,2.34443213930069483,1.73381461299758954,-2.94920405523973095,-2.3224637038603233
1.20743212135557609,-0.856529217288780065,-0.0842995173943751758,-0.477511275694364745,-2.5695485632921411
3.4401334289857175,1.9720666536432343,-2.38518952967716658,-2.0088907796632558,1.5444288506520425
3.25453202011894938,0.435355219440018815,0.31251768214086395,-1.5545794860417026,0.31175194069294021
-1.36485487122613725,-0.107219694673074586,3.56605814550073541,2.62313231634661292,1.08818595622677572
-3.3052161921129164,-1.11956102241342292,-0.654001450509258508,1.4021603631303432,-4.00208094294708516
-2.66075450780604861,-0.46292326153154062,-1.70543030286900832,-1.62144555612640318,-4.32872922217896061
-0.832517540405920409,-1.77695606658789673,0.609814598581046474,2.7198169823140379,1.66640496648730441
0.910209997314892272,-0.439794085738616725,0.0912396721571996777,0.316094364662043492,0.396322677810554747
3.73708767423021104,3.39316645267752826,0.642568175140889486,-0.0146269188259612881,-0.358802425235343114
2.90007771879248466,4.45511371871394601,1.11335238340078924,0.195387181984595315,0.188888747920638117
-3.58652756711145049,-0.619850177937437463,-1.32611008088869609,2.43080122182695613,-0.512437545810882522
-2.23743242662320085,-2.17044811101234547,-2.71406506923661173,-2.25407489344256495,-1.99399721511123085
-1.30807999884438297,-2.90383984149910557,-2.85452394063927795,-3.81017637764496575,-1.50657596377513592
0.0541333672870303317,-1.39010856443045161,-0.907670375621048908,-0.799511715379531918,0.388502924773577507
-1.26288392931115445,-1.68786720114045807,-1.28070569972193793,-1.8050280290666314,-1.05542629118185927
-2.48464177893856153,-1.2495630207099111,1.91997557019615073,0.311993409957317336,-0.866596784505754059
-0.7629157413709452,-1.98808706111776923,2.57770160235452472,1.47450353265904632,0.474640805263517485
0.362888389191604599,-1.81207525849391793,3.5522774982940688,0.816929692247199579,-2.05203642992516988
3.16979942261892145,0.660066184555072155,1.43984071591200014,-0.324489636436767426,1.04766361926048468
-1.74280492612017857,0.0793281500310176885,0.757341525904740909,-0.945874155180122411,2.69890411910267858
-0.128222198731826498,0.735577333695058178,0.484994366388446008,0.475902918407633713,1.2955973108645209
-1.43849895888256252,1.13601396697915624,-0.550198417982263766,-0.607122322776676437,2.41746110200306319
-0.277527012969724263,-0.627203028855188305,-0.236417818237545346,-2.16861891492811232,-1.90827786019767864
-1.41193628221447276,-0.424929683715029205,-2.44011262055955758,-0.925303745117036947,-6.02058889941839137
1.77418701788556676,-1.50970372101071204,-3.21270631928365757,-1.32884876447656763,-2.39608634222728467
0.130857019457770507,2.037745594812292,-0.920339292919549634,1.81697955615980655,0.986885413282922008
0.583882899059643856,1.91680571459985871,0.907258767730517279,3.697837043908204,1.42839963923151325
1.21076454493613839,4.05486972578895077,1.54179124801065415,3.57731002713688317,3.71574924146621877
-1.00788094485712332,-0.619667365935262837,0.0944772097676994937,-0.240470968150897219,-2.94960305241786891
1.52400898612806612,0.583267709976677429,2.13779658466575384,2.52701630997730264,1.01051427864513177
1.1255630038699882,-0.509643369909892008,0.484604989282569676,0.499906627240380264,2.65889964177060012
-0.65544971536685015,-1.60025849150220867,-0.736010354800722633,0.859560859846961733,3.4930671974295624
-0.701103503906538861,-1.83509407354835341,-0.234957441220103869,-1.99892529346600112,2.50049138735543242
-2.70847881234320731,-2.12713430877894405,-1.61315083869164932,-1.18732270351989455,-1.07969500025625864
-2.676636968961422,-0.595202965594520794,-1.17762305996658601,-0.50222229281751618,-4.8514589549829763
-2.13891064763459449,3.29009041682634207,0.353144769405850434,0.0631233164848447048,-5.52275098879180248
0.0357473467912257925,4.70130916578724634,1.92728203864133119,0.0879511927257428661,-0.841457207704195964
2.74218568148693143,-0.525773903221583128,0.350453347741658816,-2.08660487685119245,3.77552164887497899
0.78681252193683926,-0.291237683964382987,-2.21736392294789919,0.470861411151013098,4.19830522917807158
4.39563311408648083,3.85262301005777719,1.4876879329449828,1.62827701926093971,-0.481543693318055521
4.01634949386924234,2.68861068652756385,-1.46947253770319941,1.73384986846089961,-0.7857833826768994
1.61046242150398244,-2.77799863044125717,-0.817571802989648599,-2.08270381676964345,-0.966607512594261475
-3.37661181604251359,-1.59978957094134033,-1.5290969815759321,1.70788111284094946,-2.76517727182536444
-3.18792660632486635,2.61495999295696313,1.0374668855638689,-0.0017635444318757354,-1.65735821643148751
-0.890441807777956118,-2.3582399506761198,0.419281560214591176,0.524053279626565227,0.88116771010996664
1.29257837216160887,-1.66209684615395492,-0.496428499772782805,-1.29655728049287844,3.81254225410518499
1.79913801224012015,0.1249212671421321,-0.946019279903627774,0.390966642837388578,2.51897542361891258
0.884577560639286387,-0.392674275581234467,-0.657243092103565685,0.95018628916753356,-0.622231140227189394
-1.68453829924821119,-2.40869661338494101,-1.75524877379468447,-0.828396564066611552,-3.04233518265497915
-2.63766229550033904,-2.40367130988565325,-0.97721873451360497,-0.169945421321988893,3.26133381276138445
-2.29712806558934313,-1.33156703021109246,-0.548830009201505709,0.871530614481841326,0.435912024075826632
-3.3870584864859401,-1.50438821427396308,0.00984474491788733808,1.43225197364898138,-3.46589627060829475
-1.03004849457589454,0.0719963310607005941,0.381360378446857773,-0.074723226734666498,2.39909528868346733
3.06182037518575534,1.090024022638034,0.712636822582071394,3.16049374615002732,1.73504113016280548
2.39399862461539081,4.77285072853821557,4.14669616476511749,0.891041974970736006,1.50595727782946187
-0.739947460745435159,1.64740400075642768,2.02085137740763443,3.70111470129246234,0.302727352748498157
-3.66272883202252419,0.694333374909201995,1.46705762853356791,3.65796767055100647,0.526794455712487397
-2.76724182237774441,-0.39920140131101195,1.29425216662427545,-2.08674597069663292,0.0213882766914822026
-2.28194685251483831,2.16572772467133801,2.8875409209523708,-0.118548875954972904,1.0041204793559908
-2.16503289556270673,-1.71261049540656241,4.03978767851460319,-1.08907230525503795,-2.07985323847855508
-0.548059596457482034,-3.10192468252237186,-0.506531624898669652,1.98823396151760523,-2.90420913950620641
-1.09553873179022188,-1.25923919264190709,-2.8909963125817244,2.23140965426794091,0.603947588236521726
-0.58276148719646137,2.8530020127035689,-1.27179617671027079,-4.14330144372271558,0.755803679789242011
-0.558165210144560109,-1.45413003547380382,-1.04403506047416772,-4.77972960651207046,1.86031447000835892
1.25211019290848724,0.19693618161260884,2.04389998922746408,1.10932454738409136,1.40391196237971472
0.745498325082188384,2.38026558636933272,0.161175178331924629,-1.91764492748144244,1.22661579498010331
0.118711910744421972,-1.57946355241846215,-1.69593306324484749,-3.10809061897702232,-2.06501356554313276
4.73233180783612628,4.3244209014022017,0.211058272411813741,-1.46269203675974779,-0.844108088389169176
6.85623228734347112,1.8855844837173299,0.546235120389557904,-2.04934760292545048,3.97062096450419766
2.1776500522949469,-3.21550651654001518,-2.65413523416592945,0.319307908849989497,-1.44780294542806409
-0.355845842461659512,-4.39947202394306647,-3.09466553797228894,2.61969865350939957,3.40829818693342901
3.24023985095894318,-1.19277240345629587,-0.958703479427439387,2.81175775057413624,0.893938876414389627
4.44895756949607257,0.645893179108859239,-0.124883403804981974,2.07587430777161064,-0.397476512596197484
-1.4179422063010132,-1.14938731979490671,1.02071391920631083,-1.9167842666174506,-1.54816407656457211
-5.42288055738067154,-1.96517383069413221,-2.52051783716957534,-5.58088843632417397,-3.7756274965814316
-1.91347235342924571,0.733248149073690625,-0.199864561302574739,0.546602455786986408,-5.453099427250514
-1.26824965816218205,4.00487730802022401,1.18357054304003362,1.58561909927187616,-3.89358862796919247
3.91908245998197247,0.649669824350806335,1.71942139735818267,-1.7233808697993287,3.27553460044146272
0.318239475154036,-2.07810304555090664,-2.41891880380894531,-0.544084590335988216,-0.939790727824515559
1.52642009343734508,-1.41959580108520722,0.0634962367002828293,-0.230322034773066647,-1.04562661493632314
-1.82876051885848523,0.559210322157190354,-1.39323882038444768,2.31415417104498866,-0.214301893866661347
-2.36059518301528071,-1.22048235163990748,-1.02789566993758941,-0.291712481468649809,-0.195654791056433602
-1.32056521617772571,1.77380715041568804,0.412222231529380423,-1.84046142777050048,-2.49073880688679461
-0.992183972147080206,-0.234039909273754954,0.333862992639644918,-3.24830647578562548,0.54440346516142013
1.65352824470186333,0.701771668382106584,-0.286350431818356732,-0.724778341096845913,0.62377687599463616
2.05766428007893287,1.43291997344787925,1.86905503121815331,0.364786061157952868,-0.853293213861900157
-1.07504453202678318,-0.687366902982455286,0.119015891891947292,-1.0750791670844797,-0.575654613505627855
3.20854572290408502,3.69130445055398893,2.57879848832232872,0.41063931327630987,3.67945847558657135
0.102066557866052038,1.22462884305455955,1.27111051511658557,2.33305618624094047,3.03683607799783495
-1.66687981325431767,-2.83049967099860433,-1.68687062379387553,-0.750274478959156554,4.30498843816567955
4.97645335870402317,-1.35959102948275268,-0.907385607894517943,-0.359583627236043424,0.686146509336442723
2.82096533600863708,-1.29582873385668229,-1.01276921762444294,1.66819011151835461,-0.535684087332239156
0.571933991184802037,0.34013483332828609,0.804823653196686362,2.67035807912427892,4.23956135258112887
-0.586579749137860929,1.3064239373951172,6.50989987247531587,4.93047824066633922,3.69020536650652575
-1.35648505448665357,-0.987838812385024911,2.55940055870020933,1.81946643474957748,0.861502198082195636
2.43052168588268547,0.398806012842041535,0.514378610755086507,1.67521957950281464,2.48525607609379762
-1.69796180902773863,-2.8891417178645562,1.07122874496296472,0.353654697548712593,-1.09343659349746636
-3.22159469623673278,-1.20599751232234143,-3.6240780936377881,-2.96915023554478674,-5.62366004242159967
-0.00708515036831555006,0.6096682561490957,-4.66626073404321406,-0.801169632216516825,-3.71294001695172105
-3.66038596982072351,-0.980493371199522512,-1.53572772759933707,1.69617662781895739,-2.23067551265769248
-0.137095632307443677,-1.28105916215719962,-2.04322615928863716,-0.777053239613455071,-0.0975280182826543662
-1.52636071528238126,0.9508525090040304,1.20310326406630197,-1.0069020863231124,0.176116969297419462
-0.042690227979495031,-2.39391016457091155,-0.260582776653273396,-2.56169755675035749,4.02924310982385681
-0.972896696653199333,0.448877337200111359,2.14708260649854932,1.47551728627420164,0.618628219182789763
-1.50121914648000865,-1.43050755434412569,-0.352322097382806176,-1.48496674263280504,-4.8392398687911502
-1.58435072266871457,-1.23577414307568212,-2.04763976730765096,0.932923459669154576,-6.36976741476412744
-1.48598502798868881,-0.763061662409686314,0.999685710811601291,4.2754330104947238,2.69252063531383046
1.68567728217648294,-2.46278019719167496,0.879298932496042074,1.34971946457400893,1.30047012273485829
0.303437765548502048,-1.21596973492723492,-1.4929433225584936,2.4903907417167539,-2.47291575001921782
4.2442475437034437,1.93236677014406544,-2.18076979598967036,0.0524550934975339944,1.46031176403548679
-1.1435378747085414,0.648666242870326926,-2.1052060763579532,-3.31039588967896981,1.142635628389854
-0.532497680312303379,0.678264808664832408,1.29296563405040255,2.80219586155202327,1.83023394647209958
2.4144624999201354,4.85720018239149898,2.40096378519994369,0.262093527507815227,-1.93453367344096328
2.87555940178863789,3.23099197603520016,0.42300055359965838,-0.362979128967696352,2.25509333274883383
-1.29549191449256007,-1.04181640153640265,-3.19261060843865252,-0.939363177313546571,1.75382666161078693
-1.20885941278368203,-2.53677396751895534,-2.45225586985363808,-1.70016678171185043,0.516630561611235772
0.580388566665458128,-1.6221726732701085,-1.38329019053810787,0.989627331915882702,1.28346352142723652
-0.19836076778897957,0.129730096151702168,-2.02614320791154956,-0.0281968816410317069,-2.05084349681516009
2.05763551642126963,-0.705089690074656716,0.124865510089742462,-5.8313782110971486,-1.87254634714104751
0.804716022000792508,-0.047817020856692205,-0.653377924044639902,-4.30995778790625028,-1.3676082849805471
2.5407837041226764,-0.376806798271139054,0.562897468856533134,-3.26561272644800704,-2.17391343502947443
1.06047660178819436,-0.015048187864030782,1.25868249786676323,0.661504831225668055,-1.04205811849010299
-3.47747616727772746,0.845052845056608937,3.63940424022811948,-2.62710581739592941,1.4279117926812297
0.233211593405160927,-0.165756484519225089,-3.34459053587025235,-3.28209986345731819,1.82682086193932824
-2.22373550837223366,1.96409690932479464,2.29106872231294378,0.693102970864441947,-2.65827817743118766
-0.531968876127851376,3.04838490420122676,2.6458195409455767,1.09609374953653416,-1.86732372212822972
-0.58956808742063993,2.9040164914485751,4.42978134849403204,2.68029477704782426,1.01636201715635344
-0.240719120261065983,0.806146181010512497,-0.311458580286957498,4.32526677468334864,0.775609242181408365
-2.14996568141425914,-2.53766205642280962,-3.29232842176478169,1.53428186866793559,-0.122472443521229907
-0.296537001718867377,-1.18242643543436587,-0.8767363582108747,3.90121324050863905,0.130989982428317692
-2.22167752541859143,-2.37797058107185544,-0.830761842782353099,-0.790252163218793324,-0.367280775428109552
2.83628221101263112,1.99284403889713024,-1.30865300180095812,-4.44975054868042275,1.07068913774842356
0.623362764934738189,1.42629892625943278,1.45160160342300704,-1.90238885660617019,-1.0410641920973398
2.16115946807131287,0.894384332213466249,1.36463717642812776,-1.90459837513838681,-1.59836301010840831
2.335543726807638,1.53468089452453338,2.49237875586571178,-0.308933904854663322,-0.130773244346158224
0.990507920872360614,1.63851544579981079,2.80579464844205706,2.45926574687363297,2.55884511852548568
-3.93531435241737526,0.341152475767603103,-2.07654520480159999,2.38438690018196997,0.0211176206075011919
0.477138909443759529,-1.16541808893924936,-0.87090473455980133,-4.2764753839331604,-1.20291776949270535
-2.56813089559267427,-0.736621545506042419,3.43074283760835863,-0.337332278751051207,-3.36049872037623754
1.13700120692077955,2.6244754773449972,1.47120428777956436,-0.150086399332595044,0.417627657258586527
4.87901110257443005,1.36845023448934922,1.19405483128019041,-0.148504348165013456,-0.517408579224692744
-0.517800280271542013,-0.383160812785755533,-0.958747580438205071,-0.413838943809906934,-0.125587535650978716
-0.87056772796005677,0.262562558342017305,-1.09829400057070847,1.26224013619513209,0.713932537617349761
-2.86253323411560689,-2.28964101835406053,0.414541510176690886,1.41846230134246598,0.672106311112955157
-2.777630720201826,-0.660758308931436056,4.0178318023188524,2.08661791885670089,0.640660552332205757
-2.15346220071316319,0.428914183891981438,1.46856610070855886,3.26419127493983874,2.73155078018817266
-1.1364113976627479,-0.063776436833946043,-2.04917562557481325,-2.21045024935007639,0.908302858680056113
1.46573823256026636,2.30082677215752041,3.44806221059636675,0.899586230386513086,-1.16600910022686932
0.169881309859554686,-0.639725555289742842,3.46108910177950158,2.04511591071559806,-1.00473690894767542
1.86457439167225236,3.4440888318144971,-0.538925052450817121,0.00623642588847362483,-1.21305098122088451
4.17540800223866615,4.34018908105067958,1.79299696246933005,0.613423061305838124,3.04479808101502281
-0.181603998791954491,-1.37776001604193854,0.712817880729368802,-1.81846725479555271,-0.692728802028075408
-3.56891004988897631,-2.75068309343889705,-4.79947393655942367,-3.5894426804156736,-5.05083775962021786
-2.20935404827941051,-2.84564268293074596,-7.24418468288649287,-3.03346491642496119,-3.23551693280442176
-1.87749833195047633,-0.388958236085003795,-3.13424054647969985,-1.97546383299940009,-1.98082473565203765
0.114390362391152481,0.769895406967609053,-0.330124409680224218,0.464344969763154203,-0.268804095136773169
-0.843385795106478708,-1.69716780428744873,-2.89124434979842215,-1.13069681155469071,0.898798865332759211
-1.21157098752888381,-3.59590784373736794,-2.42169930894159968,0.859089208659949422,-1.45531583855941138
-0.101381981622030756,1.80600887029981894,-1.06847226080496349,-0.485491137852367527,0.831298981533658221
0.991542281909938872,0.103710629023627959,-1.31173884072229407,-0.754213240743889402,2.20894312413684979
-0.231618523486472772,-1.12424544427423712,-0.771569435294984896,0.943158103995107466,1.84309274578519688
0.513185705186373964,3.75281634720998936,3.55842789076190202,1.87334087929946858,-3.43280232873873947
1.70641040587036596,4.12119918269522056,2.19874438235973413,1.31768334818092114,1.69637912123429668
0.786198324515587244,2.49041486896748232,2.09539892562172891,2.25084669589260145,2.85996226117328556
3.84360617432304208,-1.29027073235810508,-0.883090787374308572,0.122563979695707315,-0.428727517167674543
3.45453461268732376,1.09644189869169373,1.85547268059514958,-1.11121958024709944,1.91238987796934579
4.88894053824187225,0.970504245591993553,1.62672115365022152,2.62542796256370936,2.32035843092420402
-2.20592919549661115,-0.543906528126177569,0.564051336555259186,-1.51529511638975545,-0.709876179694761911
-0.841137161393659571,-2.98138337338051906,2.44402521387307559,-0.992694021058978526,2.08927285229339832
3.72412716638526042,-1.53769450014719511,4.35660232701337247,1.29476083568411804,4.85801741051471758
-0.713571273482910717,-2.6347301253291584,-3.36486118417629898,-1.59680176761868142,3.4685808064952286
0.228257859418615705,-0.445891181087948341,-2.36509305917902779,-1.02067107875943863,0.669153883270849015
-3.96535417631158982,-5.11061707700948897,-1.89237247956993593,1.43078333289588566,-5.2039226794336999
-3.99012296717073145,-2.09127749770811144,-3.36326554615559381,2.23795474545626982,-0.278436070259200363
-0.443982769021137924,-0.0971466730776898435,0.0473597374462612769,-0.160471606796572963,-2.2670997427978663
1.00824388596076031,0.700608671441238728,-0.693870072604028332,-3.61066034593563279,0.550984108678967743
-1.66580529825197532,3.82623824321323269,1.33326537285766045,1.38139280515802199,-3.59164491168594724
1.16621101141132333,0.31522203193436904,0.829983992842161955,1.01129696032528504,1.32884774736328115
-0.663903634743797988,-2.05175073361549876,-0.115849135755603072,-1.34374249289452985,-3.33672338461687445
-3.02813003034327455,-1.52339494143426979,-0.146335204699119259,-1.78095995152696829,0.471098434356419571
-0.186932270708055737,-1.48429406426209587,-1.42551708394730658,-0.943588989492567642,2.71644320660271132
2.34555003613627688,0.929023301638951526,-1.49939951092710277,-1.15031434744648497,4.28707651597008699
2.96349795873358524,1.66440310157496985,0.187133679987066093,0.3780881269117361,2.23942083304430595
-1.22505465615065079,-0.191393937941482295,-0.47596772902846618,0.0338332085068663441,-1.07483722661285697
-1.24563918553578468,-0.891686007115385926,2.21692995728900932,1.59910572760448288,-4.14684201769219207
1.2488759730223391,1.2199629482238632,2.2284618681198709,3.7285058567025593,3.50501580547993852
-1.12988117442796598,-1.96480838246481637,2.12484156960553872,4.69946395803955319,-0.937049418303814385
-2.14468707693945904,2.72543862453782681,-0.436107021584264287,-1.35318733456971896,-2.75172573253092123
-1.650934854873082,5.07241198862517262,-0.737443893575170706,-2.17921796911983456,-3.44088305130915462
5.64829144203641853,3.11007758718556104,1.42729231305665749,1.49204519831634785,2.36393336656976727
1.76929797708507586,-0.165890945708868864,5.12227457903852823,4.60643279890481594,3.37707928351620135
-2.77190561947696379,-1.66217236207397656,-3.87689072739516938,4.30049239687355911,3.20460998736242031
-1.3500473193954301,-1.28082887545577684,-2.33641640840049947,-1.62750358702656284,-3.41526306991058171
3.02020954527550645,1.17195309542407333,0.873482593584348099,-1.41846519142623206,-4.42504996325449618
2.26740988954259093,-0.179546668903857176,-0.714108090950591579,-4.4805164159013291,-4.2884753852735491
-0.898161333842711906,5.52539916184338686,0.587141985869932714,-0.215929661527157035,-1.68818990680150982
-0.0279932804415229386,0.753008296184345949,1.98195802736244175,-0.6286268821389841,-1.6710092648590571
-2.42080989827485826,-3.70192021770207624,5.15966053651644252,0.55811260467078172,-0.715885064158337303
-1.49959865935404579,-0.202491245068706527,1.36301237915208029,3.09286190060560706,3.07010856628498541
0.278541538599425431,-1.39948929413703782,-0.112312734022723459,0.871382467801744665,4.38451883597604208
1.40848509235090535,-0.638886725864830973,1.61575353240362807,-0.367280249200070519,0.444847610871647536
-1.76360833117184557,-2.54050217705767833,-3.07848125104944925,-6.07174470084291862,-3.3867693571519486
-1.70936408125856465,-2.6609399833341314,1.12846994975582238,-0.865112746005921474,-3.70524672299796753
2.02754023935052219,1.56638504131744183,0.0978667134906844316,0.268153928028318167,0.673029272847875504
-1.74198301188147653,0.649270201697694449,-1.36705859632573912,-1.08786626241114415,-0.348438430761365436
-0.149655681063134205,2.86966683221200602,-1.98245329309311646,0.41256953595181256,0.746403607814189463
3.68235543497586582,1.31681544043505205,2.94444604283589673,1.01195106777758048,1.16377906118914076
-0.137458186308671459,-0.74227296842142565,3.61694323547100094,0.123428107479799057,3.91799704744412436
-3.92058345046853196,1.45610969058989648,-1.83966180695979098,-1.80292290819031042,4.33998804316851139
-0.548894423318006752,-4.62192596438060743,-6.20077928292695635,-2.6014885670584631,2.4191346486973897
1.16015103808626163,-1.53992582812630818,-4.33176325662318895,-0.742088288313190181,-1.75966182231296986
1.49557874490027842,-0.531856362957977891,-2.76099837460798003,-1.99153492933370502,-4.99043820067757782
0.235368875490706508,-0.710505387285891299,0.732453748489252598,0.927585658206620534,-2.69243705983853543
1.95907435330793778,1.91343390747300734,1.85134719470681919,2.74503335879445354,1.54829424144807626
0.313268886053522988,2.3349960613757732,3.7831975079133997,0.70327349988382537,-1.08664271244001887
-2.71808623399551808,3.48128208541422346,1.30576869667705964,-0.825467335696848936,-0.553680815814591276
-2.37933075957348672,-1.2343867046772421,1.56785431131244835,2.17264995721983212,-0.129367162957719939
-3.61591720782746062,-1.73995505463802402,0.00520214148889841521,-1.20827240781460321,-1.45529903830947172
-1.73347429018446908,-4.12475722575777315,-2.5083653570937896,-1.47730790142183177,0.631911888875542505
-2.08646932139142516,-1.76395703126360326,-0.586681221807962339,1.98232794189680894,0.680303917599186625
0.016182711760526991,-0.721757365166980525,2.17799227142817342,0.449627148147432043,1.11703713294158491
-1.41909093483936877,3.76097655214844728,-0.537692154026458091,-0.0914165441718590571,2.15481924336740249
0.996541673254462412,-1.14992973048719005,-5.59818612860852305,-2.56596733914329134,-0.899689941408148619
2.03670318105684345,0.396729199249577613,-0.245320770058388704,4.46875140427762574,1.51884950109930306
-0.343888947957082913,-2.50598808296699449,0.667866805760230831,3.81658380861354996,3.19725469333296841
4.38176214794574825,1.21493539288728059,-1.39055870448473007,-0.484764656809610117,-0.978975230309658939
5.33890093043177139,1.26122683222801202,0.691313807828753291,-0.771371277163487745,1.09909690839334928
-0.0821038136499245147,-0.466291073996059624,-1.1543177111918963,-4.36560072456808523,-1.39347167394984961
-2.01515432573205233,-1.61619453945437863,-2.18544716874866651,-1.49820746802448901,-1.38493168640355679
-1.32146814490107989,-2.1979232474429562,-2.33759444701976271,-2.78664388730567092,-1.18119455847621069
-0.221914431741656898,-1.14873214620260367,0.0789688785641459584,-2.2037108808584569,-1.28782645525621486
0.0293721926585638685,-1.01390499616926943,-1.55267604457108899,0.747707560274047056,-2.41700779471865967
0.994566373005695836,-0.181883316236389508,1.24146687575589842,-0.27874689849337031,0.470871499725223019
-1.01270489179362166,1.05345857949477395,-1.00132426845141786,0.339265516816926516,-0.563951453660071822
2.80544701408703734,1.75975149229266137,3.11350727511704406,2.15279508003473907,2.89168788862467974
1.46453085353175516,2.08916503075112692,6.25178915288007886,6.37273532618657867,3.96910895868083813
-0.559358312389539702,-1.17093196188681459,3.26897248360998383,1.33763400351381678,1.23112800763293984
-1.16863852656358636,0.475505402180645298,1.70785649435268905,-2.95926487777385816,1.3518885794067359
4.09249267101743719,1.33267676758571563,-2.61214016874755739,0.27357258650087668,0.888178951996678179
0.0676284001745264818,0.923837636428491482,-3.15665143356702194,-0.242004242412360071,0.698533498247944418
-2.16189553627366005,-2.71464567114207433,-2.2609495708617473,0.903745162738964325,-1.29996769931131118
-0.191990794048604058,0.36216869010529984,0.0584452840053515804,1.43423948927653955,1.78761538964760924
3.21537537724413447,2.54420961611961527,-1.10170958314693479,2.00530346062107512,0.680618736702625071
1.73752049393914398,0.473125439935333958,-1.14320614016483812,3.24451765245832568,-1.23906684301396885
-1.54242825791296845,-0.389067375665636428,-2.10755880498202064,0.550590449201133314,-2.61678873537558898
-3.91047286595460442,4.12070583556647385,3.26836748634207375,-0.258847750926553433,-0.257726622152790408
-0.611504287016662151,4.00630092927832315,4.95408350584383239,1.3346927430601716,2.35828971514901209
4.27361768210719628,3.80522154687564917,1.87074730209764351,1.05503535091182732,-0.426213603270304775
0.690252244759789746,-2.6913955099639546,-2.1998152971901912,-4.35894506285313899,0.892494055653728635
-1.75959220999141208,-1.66401579432948576,-5.49267850987370654,-1.87080742830819058,3.86955572705236506
-2.65282644244018639,1.67049630469612609,-2.64625847723012964,-1.18465811472761184,-3.04290040082733571
0.350858564094988779,-2.36793502680701229,-1.52732426777571706,2.67089374388203327,-1.87028634343787714
-0.383115827757826433,-2.14142011060546134,-1.82542295090919526,2.0095111013941529,-0.771089888547243807
-2.12794478922759822,-3.21037902365286731,3.82181191845510693,-1.19896725598794451,2.87485695101266803
-1.4042572829841744,-0.735324369086196361,3.02704101633992195,-1.71944251899174505,-0.527766287589950478
0.0262786764920537111,2.67810067476065816,-1.05033116429760187,0.631833089001800463,-2.33151096007046865
-0.574575966072555455,1.25008262528286584,-0.244758322230933689,1.53079099431241916,1.18080264651315381
-0.706345210135450707,-4.00380581913464795,1.0593654889268298,-2.19546597833066004,-1.08403245989307728
3.94775967567702812,-0.0638816917833808645,-2.03439440515778713,-2.99163462558786719,-1.61843955435616005
4.35470292092369426,0.935195094929238691,-0.0953589126464848419,2.49889971913469333,-2.52467808881107381
1.61064117639154936,-2.94600579712129829,-2.09014224924950209,-2.10800238566262399,-2.67194467474868036
-2.65307334563319763,-3.17770454416659831,-1.53073183374015143,-8.39398829523661938,-2.51500180429988252
-2.95367187027082689,-1.63589128308303944,-3.0841835351990281,-3.44134690089597983,-3.95936108393311326
-2.49932103750654555,-0.522924169659263582,-1.72696730917803487,-1.26908418298055836,-2.93420726738709448
-1.03128302765419799,-0.85413837528266412,-1.11350824052924757,-0.741372277445722538,-3.01666396402808612
0.508320168388800897,4.01485789507811219,4.5293946222442667,3.24723360555660312,3.26503034288211547
0.194042103591865217,2.99395620453360145,4.35340759585497672,2.18912114906375432,-0.554362670521051815
-0.517365278786295901,0.116230393292909198,-2.69899603318694092,-3.54113712703962547,-1.49052640862544972
-0.809940739911935492,1.39694158084495923,-1.38875412865293124,5.04896104063468432,1.99545816531642317
0.408321556851951983,0.195305734463705055,3.25812028898430217,3.46053894269718887,3.32880436477710395
-1.07808441997467108,-4.68343606548080338,-1.56449715895464592,-7.3371556054879985,-2.03002236183862594
0.846504614004472966,-2.47540309520165014,-1.24960569052109061,-0.829032886711350114,3.25129949693452769
3.1608443974149143,-0.597025153119000618,-0.435401711580468975,3.94848712085970011,2.33410147894553299
3.27468300673568047,0.263951235165531539,1.10283688729138452,3.23082983404257984,4.33357796506286519
0.356871238627575138,-2.26534808698015322,0.618209237951036328,-2.07719537052071157,0.805408015736903238
-0.0744425354633535263,1.95955742739474936,0.759391920272705634,-0.736482580758797578,3.39916522510969532
-0.591114430958724402,2.46712134999818655,4.21833693891785444,1.64921554451314467,0.626590056059958989
-1.87614661262286786,3.58139368260284829,0.896267174557722979,2.35399433663413093,-2.86759604631747589
-0.459942900299504354,-2.11245372695197986,-2.14639829559327744,-2.85669376079058068,-2.42713948375675992
-0.553111811508475659,1.50597083159827116,1.25913172486225089,0.493996722346278283,0.0275740447963617741
-3.33698717585514526,4.36489703836745857,3.12533277847540658,4.13956498435981501,-1.00054782882730264
-0.686021392460309576,-1.93796514059471781,1.74559733588337651,4.01113437662264261,2.41711910744155656
1.89442146582618065,-2.42880664146660097,1.61874814705217474,0.910868190033635505,2.14954720340314864
0.692614981501559757,-1.24768705492395626,-3.40751510743748076,-5.95522571201609363,0.455321465267731484
-0.832526510014956811,-2.45137539439713459,-2.92046450315297301,-4.88622672248176126,-1.11852592381814864
-0.232153481652282057,0.289818299131241575,-1.08433346689925258,1.86168429315933426,-0.110384584618257564
-0.106917134810865913,-0.31123712245300561,-1.79003568268914104,2.98951763820738714,0.259667210018711625
1.26380824263370473,1.56306323257502044,-1.59697704800656637,-0.637644438717640538,0.670118522216472945
0.326436603698525396,2.08647930537749593,0.167000731303446004,-3.80989735751538694,-3.48158322514561602
0.94834782126763506,1.43103781171365996,0.144844629528460833,-3.79415514748041982,-1.70279538535462094
-0.854514747635502392,-1.24163894472972558,1.70645952992790906,0.600401211753599284,-0.482861629865949993
2.33293107174264325,1.60368853586869098,1.38620599106494158,-0.36179400422129987,0.512197310347314749
2.32225475317217711,2.38083349158055313,2.48677120492116499,-2.42952760719894423,-0.27733383834656794
2.67038832882628796,1.07473560793066736,0.614698623563987523,-0.669708086944095671,3.21415970458141764
0.771077461756501714,-1.08719449528246614,-0.310360427567975272,1.40394680164300634,-0.0436667807311056921
0.0174167024150985485,-0.847113126224941282,3.41393809526943803,3.62700534241977879,-0.854613295036313891
1.68190658208901267,4.44814395135858742,3.45702075295761313,3.51292320453697604,2.35568310231188871
4.22387971833728937,5.73240848691150262,2.01135246556442304,4.23345002014595728,5.98745697444104685
0.253325532816687515,3.83693203050585208,0.585645383088450711,2.51275176060192784,4.31331482679918565
1.34470090186032953,2.68256726670806778,1.68356864991522559,-2.51829407694364393,1.80325537700634286
-2.61072823178305091,-2.31175551240432409,-0.408963463474523226,-5.4735855068277699,0.87041040195781183
-3.15895302809569589,-5.31591315666899966,-3.58672798572583718,-3.21878587593067378,-0.550037911464051898
-4.05640353417391974,-5.4236385991171554,-3.19833494991796607,-3.45270378467954897,0.91238530561820208
-2.39867385592673177,-2.46311497437487414,-2.7753336747397519,-0.616312674816365647,-0.356608855930065471
-3.40201930319873025,-2.17855945547253294,-2.48772452998453852,0.0180149162511264449,-3.72949440615085015
-1.89089173706138181,-2.67890532400466519,1.33008577647596948,1.75888172298998224,-4.28573354353610014
-0.80099027486279939,-2.38349095601117389,2.59687732031622565,2.60692966338681886,-1.54932167752853345
0.208882348744436036,1.95529981962013122,3.45495944246598086,5.30705922397881036,-0.471895852812082739
4.30572629726517064,4.01471525989553157,1.20930881139337143,4.69307525223425603,0.59538736614843546
1.30620881878205797,3.59715419738678621,2.74104687057584639,1.31296102392297631,-0.363821897156554386
-1.90776785765902135,-0.709747823212912854,-3.41502525717786298,-1.28622287191150941,-2.80569329102962595
-2.31579888119464528,-0.205788806878843017,-1.161544852233656,-4.74397765041376918,-4.28412853710462294
-1.19992295570176699,1.66321519027216302,-1.45886354548596442,-1.60837443250322809,-0.0669043238143322561
-2.30532646238781913,-1.32001940637754767,-1.23987948446366114,-3.25682959967002006,-1.85770433618555031
-1.38244047865453412,-4.67321055929784901,-3.34198102838131161,-2.5538197490230452,5.34155757761775973
4.35613375018949256,0.983537078548177068,0.305095354598242496,-0.336686338469659729,1.50888506726225935
-0.0798787984334297513,0.61820647665390227,-1.35193055168601806,-0.870586647681000469,-2.33903135368696447
-1.12528124710486188,-1.27608267624848182,-2.77991211301412955,-3.60036441625022707,-4.20068344872282484
-0.543369451549189142,-2.27396970670612308,2.10225342874831167,1.28026911694219847,4.12962879208808786
-0.80028923677183994,2.16314102668070696,3.04516011190871616,5.13261770947693119,3.94156657964657864
0.396142687050457132,3.8489896838994091,1.25105987108058936,2.21973205574260124,-0.894968556126785275
3.68429740621941715,3.68410804867205499,0.353351903306296566,-2.47773148929623099,-2.39814933116488405
4.1823966393279548,-0.745933064536620116,-0.138278055483165296,-2.02944611491507265,0.980219625629653812
5.09077286682253138,0.00139028145182443219,0.964900178506383654,0.617960949629802192,1.80437574083435792
-0.465044995101220271,0.00749207898096418412,3.00872550268918104,2.73998649887794343,1.65050926397803743
-1.25168010172418542,-2.18237786235917275,-2.01884633273982539,2.23818519480846945,-0.36837206131791661
-3.87856330806396254,-4.58013619701594532,-3.76545690554108159,2.06832672581907939,-1.85192598078606285
-1.63787208865931921,-1.1497093039769688,-1.38425335404742755,1.15334946680665662,-2.02641322939390678
-1.11986841329164721,-1.87696934138761384,-1.03515431566406302,-0.802368209533457444,0.101819998685740515
0.58648911147670757,-0.839757923708105092,-0.641009916122636136,4.50081110072432189,1.10063814594294662
-1.27492565673916625,-1.1428095520129693,-1.30169526398491664,2.86017839738784918,-0.701452487616268661
-0.0207845717363182927,-0.729744808709937076,-0.822817211007638161,-4.14776909656869641,-1.27287378406570095
-0.325901511657200715,1.46265056549275885,0.702264660955120301,-2.69627542906158268,-4.30212297504969499
1.00995321870286414,0.520177913046173113,-0.354398317444896804,-1.90439877919796063,-1.76168134486214667
0.301534391481137587,1.87732245655981367,0.0104040545972412385,-1.56597605460549572,2.13571588553822922
4.22238154521762077,3.22891482995040979,3.34516359714364331,3.37399711365312038,3.46367547582922253
-1.2260489617235657,1.73738803317844259,3.79105061993508929,4.43640278821949341,0.322685332701682703
-2.75781200877489985,2.66071049602844267,0.482457879444374294,3.04260288721214511,1.87919228960155049
-0.0967884473257224209,1.2274505212820026,1.73747089309107272,2.46449055053104171,3.54233030894524914
0.846227456933014044,-2.44637565093202047,-0.93807539579830812,-1.35396541526438519,3.41290007400267514
-1.38237767407100098,-3.64331285960912776,-0.286562936833060167,-6.2244629025368825,-1.49445606067426695
-0.999225515369335793,-2.57144244807293587,-1.37528612227663394,-4.54292128510808002,-6.52220759165283859
-1.02533446631560921,-3.16795709865090513,-1.02321874263856105,-0.796648096157498542,-0.0674089765210312553
0.841386170117989218,-0.191403190622997016,-0.554718036863311226,-2.34490975417201231,0.803675502840788036
-0.817844654878994715,1.74735339799824785,-2.13391103947841287,-1.63159986815220326,-2.16956988784713323
0.861494936650261001,2.51694640552107973,2.98545944669557972,-0.621246619352859519,-1.91171583569099779
-0.416823742462316349,-1.05185239077031634,3.39640727373430229,1.16634471065359469,-1.7176532189171998
1.05724846144332618,-1.01807457969460868,0.0177973715575216879,-0.0831876169566791723,-2.03200189525884278
0.411731140289847586,-1.85337585526552284,-3.49992593762570881,-3.14434119632029452,-1.0700439682869165
0.764480996924374767,0.691916408204189093,0.243565289004850638,1.64524606473128476,0.455088513870186784
-0.292359564104492153,1.06804248522755807,1.05864681503300928,0.525345177255634455,6.11523737498352293
0.486318281283168896,-1.30123975490430066,-3.36573444829142154,0.284407667654735741,1.40350440255054987
1.01839432277211905,-3.29605238732628569,-1.92163385700665201,2.50585604456602162,-0.555454790326591175
1.15116976820947725,-2.50828622388353262,-1.65873602715563284,0.611218598413276415,-2.21683943975929099
3.44648705386553189,0.862013911221792162,4.64609779043467253,5.46946544438798909,4.7058163721691102
4.83519552948101872,0.940084792245559187,5.02328236970759523,3.08011614272078127,3.58087300124144781
1.67113042835230408,0.97448751421468971,4.03976835411250512,5.05405883917296705,1.8455976577148383
-0.448095886647786323,0.692906077307787527,-0.668347340881065399,-0.0711852378701541555,-0.193977436721646052
-3.65532920234542713,-1.5924430121351798,0.705629884368754956,-4.4606900610802187,-4.35695541582150181
-3.37063609359790117,-0.629426788701686113,-3.04705913780770743,-4.5926247537815188,-3.11354880679993284
-1.71002734960120661,2.99791206112115427,-1.6559800630424566,-1.0820669882835956,-3.91756032169657509
-0.349439709237288509,0.52890044751468579,-2.56906499894777207,-0.838537091977954785,-0.770654553096524086
-3.55686911449109955,0.0201976846203703875,-2.69872663167190741,-0.600059834973407313,-0.432516433772058395
-0.709583916103267653,-1.38345241287441523,-2.51697469872130153,0.113593481019224646,3.07891628759230196
-0.746192576993749968,-0.82489010856457845,-1.29651507457001691,3.75743043076747929,5.06069270515392322
-1.12167596508251188,0.499605619933177425,-1.32194031464455319,4.22719415588524328,1.82038610413594437
0.879762613129560278,2.03486244575828978,2.44802423593264784,1.10108693732304186,-4.02862825457337248
-2.08867032901678673,-0.586446240936357666,2.01270715053829452,-0.987754073462618121,0.352178781578687206
-0.529837103520910513,-0.294496276442163807,-2.31344878216079053,-3.08496913010541451,0.0160762165223022682
-0.123158640375703871,3.24018086521299864,-0.975562717516190947,-2.57259291125923761,-2.81071143894926267
0.489402528634314771,1.90034668348644598,-0.470021789573028315,-1.2270681794035212,-1.44215856346265836
-1.53725515307361826,2.78502462292570385,4.16452331062921921,1.86875274678301362,0.77807925724829996
3.17881828246169107,2.91753149627747899,3.58752345370450687,1.40443379077996378,-0.822916053483543464
5.57465102936095303,-1.23613212570631958,-0.613164643221545846,2.35011385493411451,0.860080331211164006
-1.29714540499166553,-1.14823534044243525,-1.68042673486430338,-3.81897936775563318,-2.57581513233426396
-2.10296633458790527,0.128245742126669698,-1.76799515906303184,-0.460111974959911574,-3.7186085834883813
0.717693077445267336,-1.61252185083884125,0.78515937525097268,-1.46943880646131109,4.07467108000077971
0.751027623884553575,-2.31447525426276846,-0.675298170993453351,1.2830018095862441,5.06970215066749219
-1.59142668018295952,-2.33087684751496882,0.755638619470565431,-3.35259208941731002,-0.343580318630691606
2.85372167861664705,0.989651327001148884,0.0743084749112518372,-0.144647565341872675,0.756934189544461677
5.33828662018181532,4.24852472517641377,1.060691123314772,0.462288852724205557,3.75420085203888387
-4.40453916902327425,0.673669455342469581,-0.548260782612963626,-0.638830315157518536,-2.52972623305634414
-3.40296242751405176,-3.12726246902027771,-2.86430401578530835,0.76566175529071967,-4.65234572632621912
-2.18542515691554629,-3.04462595995105234,-2.02323614612000391,-0.279733549752044619,-1.6445076165404775
-1.22015719680628965,-1.66538261954637679,-1.26661605686869128,-0.831027057300277594,-0.925030045738119644
1.89186110781810291,0.522092148833544489,-0.41490651746851781,0.237418578103790467,2.7335876674162396
0.156543322395203022,-0.459864494352509201,-0.314035510117538275,1.11491277032171676,0.795112927412148118
-1.18329259737782677,0.436683796975639194,-0.337974122150615175,-0.892595121646764689,-1.77959011024779845
-2.41924849444246748,0.642039208239584269,5.35643960799376462,2.71598436263611731,5.82926240656727046
-0.261052942831882573,-0.151221325972846959,2.43038423132899783,-0.242084644044121389,4.30076931488791914
0.792709553731526295,0.448589761229606476,1.62207585871048554,2.35095275086021527,0.308902163722940437
2.2346775967742345,-0.291207031594024723,-0.190917495199678294,2.37048910770146604,-2.31478087658931209
-1.61802926291287763,3.8129570185516366,1.32219014995523731,0.557733007515564427,-3.24915287963117505
-0.0275026473103607283,3.63416186303808697,1.88904208842243748,2.62920886095734962,-0.4689733058442494
2.42643395691929387,4.79768496368407504,4.7044168061302134,3.50757894759444389,-0.616274670959383042
5.6710370582381584,0.9012805082989781,2.52924418303336962,2.09443232258236378,3.22999651481019079
2.80103362382190202,0.95627064785657967,-0.828085033121697345,1.33963576736962309,-1.13918012655769907
-0.406720404993374529,-2.57631276246543806,-5.00356613804973094,-2.27189766830322792,-0.744193606179871514
-2.42658202044157667,-4.37940463171897942,-2.77669690523059431,-0.0160873853260561916,-4.55181800088045296
1.99466032851401387,0.94566030986988836,-0.992802778691773469,-0.514658989720941928,2.21132483022601445
1.77403341436774964,-0.81847913113913906,1.10457918467305594,1.90706103581205366,4.15431665302569009
-5.61227131033510229,-1.8612006023839105,-0.728434729246032031,0.674986833934039243,-3.18443926494017804
-4.72763456821124617,0.0157503415427158455,-0.0472505214598475179,3.13622027463780206,-1.76847348047353159
-2.40125240668220874,0.661988330067111663,-0.0916794917480438787,-0.296990262011296247,5.57700276645152027
2.33701745086104573,-0.599449455211425564,1.12834907992993938,0.645365521593119773,1.68828163120881869
-0.172154492854830143,-3.04905898776017681,0.176680434904961797,0.443268232342952373,0.680076815524591649
-4.24137899868028967,-5.70868832775574919,-2.74819352508761039,-0.261054245875195601,-5.95170763391300905
-2.25216344978024186,-1.43881871685594476,-5.35057411433591845,-2.84754274258353623,-5.70025008478632333
0.0406385350381617827,-3.03615220720928836,-3.97698045389557686,-3.90922341960086239,-0.921907147740452237
0.0319837927125260491,-1.63854613793845583,-2.0968704773131317,-1.50904684491451646,-1.63502250491312839
-0.254868792760283125,-0.586437589164018114,2.135353211951454,-0.109695691180112631,-1.4927796682222485
0.827853489982484092,-0.949552248023507683,-2.3906776726080734,-0.174335553037445745,-0.83460669762952
0.496771605871073885,0.0984659759401662893,-2.24678362506474416,0.647032032922714828,1.57626095143445544
-2.41514671945765835,-0.273027615334668239,-1.41985917934233652,4.63175312345340195,2.33008686064280202
5.31038274198938076,0.483143048950071874,0.437764476231756738,3.50401372644031639,2.90890442615042755
1.32410638686600945,1.59627192859658407,-0.0633782086102287756,-1.83860087693559571,0.544366754172142087
-3.40378096577928435,6.40116011893394354,3.198614441282428,-2.04882212379306194,-2.48205865322342722
-2.05582205577559041,1.56473160314813398,1.47749816178148974,-3.5398684570054284,-0.778454461441208001
-0.0421373638357309122,-2.10542716136739072,2.02296275049410035,1.90611780007620402,1.35120114119620705
-1.09600049074624128,-0.207747729299309042,4.21706092254564879,4.20227603076655853,4.05620489773993764
-0.926289309632099656,0.0573017073059327864,0.378138873915672136,0.582385800097915851,2.08012858219363483
0.870968385350820773,0.486798404918432182,-1.1453250799843846,-0.58645596496665986,-0.607737691605174213
1.15092559846290188,0.371727817683206618,-1.44546105979420436,-1.19704180262453264,-0.274226905014312905
0.460580178801895113,0.558966475886762293,-0.235704390685046422,-0.648917388433867703,0.460256298008425491
2.72565342781412312,1.41792953154758128,-0.207512247098360997,0.479138671649051717,0.440716616759795898
5.69343941219341154,0.894995305396252272,1.58334025815556112,-5.23551389903954334,0.0843789704704704102
3.78008757016654728,2.67451263296150632,-0.359877057184875282,-4.35382748700511435,0.319401757324595303
-2.23756691220572979,0.00573509460340873578,2.51119039573836744,-5.16482502236679952,-1.58085827784528044
-2.42250347392804821,-1.00170122385488392,-2.56980259565196478,0.232255432403549955,-1.78221049559333888
1.30068177914582228,1.33384721783639093,2.16723592772758522,3.32584850040658608,2.03144941300250803
2.5839635174047797,0.457895230153254396,1.61569280963465212,-1.14247246903805499,2.69121896407046579
0.444669594521462042,0.397494325778602997,-3.36066215470166041,-1.36972233678917599,-0.0855589598276848551
-2.34268042218843675,-0.953110329074356444,-1.78954352234559,-1.43150901419892462,0.38898755815862196
2.07833251680973552,-0.340052167564860897,0.428292814405918154,-1.75957336661250618,-1.04554745211021527
3.02893055962758995,0.462542445120374568,2.55798688427083842,1.78557669207792391,2.00537384674239272
-2.78955944582576931,2.99712306323344801,2.55862822816212088,1.42919375855961195,-0.244968769464327607
-2.76633131520363662,3.41754206591565346,0.000660438409498096193,0.414254039133030327,-4.03851946400559125
-0.506720466380366719,-1.58189617729804999,-0.0848335302298424132,-0.4079117451388663,-0.0364558078826821563
-1.37776414127920566,-4.03809846181102294,-2.8018513773797733,-3.32961843670423363,-1.11522894624943381
0.389508929934986869,-1.85231849201478149,-1.88257274383772,-1.59550045629646631,0.111840489441246194
0.735660609837526347,-1.68313138508682703,-0.0422312263578987768,0.0542518950483846102,0.113644708438229547
1.91856150401804326,1.63200615282482819,1.89593367736358309,2.05122793047961327,0.0723399883303857405
-0.362637611684351158,-0.570450061131273389,3.39571462845646277,2.73503294967519128,4.00987784088880428
0.887888254164393875,-0.6747902861485785,-0.810105995903138032,1.72828801153616074,2.12981279967814041
1.78225189920363669,1.52681602875278122,-1.7122896531661489,-0.700236643296413441,1.47725618433330474
-0.296918318636445577,-0.803400963925338218,-0.354805701208085189,0.356950881757018779,1.5144886982628778
0.0507992934687583608,2.72398051678336595,4.55705441342066297,-0.141024764905323674,-0.169306515155801529
4.02327766248041652,6.30133422381793284,3.86646016567465445,1.02656840314355313,2.49825323012571987
2.18840617412100347,2.45672064718832228,-0.210820629641396806,2.22031740453558157,0.384879661246019189
-1.36850448691821835,-4.62889242736737483,-1.67901372509899227,1.38597024444297201,1.00617189629268178
-1.04541809344510295,-3.26790189903428585,-3.0141992521763683,-0.971166713571815166,-1.17917776093400484
3.26171384727251734,0.387002749090704978,-0.983879851025431962,-0.979383284359043538,-1.57806978522023678
1.48377544339598999,-0.0498314892651520458,-0.777841540480727178,-0.556146107309471116,-0.0714035701663277012
-1.32339207113142443,-0.494151224202672545,-2.44662860413989014,-1.60005941403984853,-1.48182548099080935
3.84529665544406285,1.97425020675379836,-0.111297412070232027,-1.92484702481897996,-0.763491278969292697
4.02753886675083539,5.65432053758342157,1.86981516299928363,-0.467356019721199833,-0.347439438843090309
2.31150013953872602,2.54280338561986285,1.32859779006382972,0.889319424733448494,0.941191641428141157
-3.34045773446954897,3.68067513451505324,-0.075415393925717944,-0.648445459141674285,3.31628136545975183
-6.05807555900918882,-0.0249195489532104963,0.818100638806542713,-0.929855247378766236,3.75611455687408835
1.73944875393887544,-1.16773843870706551,-2.51788650177186657,-1.85383015591349709,1.86483983991402491
2.49350320425980732,2.53042994988288905,-0.58894373131730049,2.16007813809557536,1.01850488097926739
0.358065726900638315,3.45169757884467376,2.08124223720645274,2.34670746409362696,-1.68509389298122314
1.15293100365625234,0.807233702787127139,-0.0115503833638888054,-1.25320188103648178,-1.73768307001198696
-1.43755296173671598,-6.57316662389369899,-2.29095405291188392,1.26660346028924176,0.746983346987483365
2.04269415471682381,-3.30845536425390874,-1.57369994493337884,2.06685360614602542,0.124846035351182938
-2.13592631855563653,-2.12928408498368738,0.605862766064527269,-1.20866836044204051,1.20489585997135062
-4.26118320589500321,-2.43049747937999161,-0.34503535280059322,-2.90011961337008772,1.37224426275995759
-2.74743823854603297,-3.23928143986407902,-3.07063416058674044,-0.97053947401242513,-1.32036059103943315
-3.61793253120303415,-2.85736714229338107,-0.299677237190365209,3.45770969901161118,-0.49094735359049485
-2.6610633210189425,-2.35905494781236325,1.78863757992315842,3.06163017778315982,-4.59428942673494145
-0.214492502253649325,-1.61668610647868793,2.35476974296803787,1.01966156499151794,-1.93004154189866783
3.65957094049975185,1.80634551214616579,-0.462728635481817141,-1.0505466049215022,-0.514231343714430134
3.72621616853446103,1.12931370554262211,0.390455749503378247,-2.7173122554967919,0.752276161103431207
-1.98282042518487733,-0.332910469031420075,0.485504342184192916,-1.13942707360664652,-1.8156051203810164
-2.78115830698974298,-2.40130697186241138,0.436001202655692865,0.8224534233607661,-2.82983461878330944
-1.9027159301451424,0.451871992979250625,3.68844044714654462,0.926484705576794854,-2.75120380060608705
-0.695438218791335161,0.138463079327712929,-0.1341642112027015,0.343234148846853659,-1.15099837346161538
-1.07650209922704132,2.1186857528151295,-2.88801852614650301,-4.05799803400756431,-0.774280371224034258
-1.02333651425324113,-0.67442770447996192,-1.44714240793623783,-1.71493399975739047,-1.38195037194927917
3.15444926271817394,2.03868025081191728,-0.863388547978600762,-3.00395889896806256,-0.543013837383792497
3.98967020220379132,0.296897975252359503,-0.950343066612355791,-1.89091857559310461,1.49517108737145299
-2.33206897603566299,-1.27286901149298637,0.543357373918863518,-0.824666348776186053,-0.131028068424075522
-4.47423656036206108,0.0717263178235342386,-0.834569936059891049,4.39941080272190366,-1.69490224585366533
-0.476389577628382299,-0.530351257758682082,1.56570109883975017,4.09501942246559825,3.00655362360826572
-0.672708723734190106,-2.58423978477052163,4.34778807063257133,2.75950735844441208,3.14564566322507622
0.35749694208989613,0.539926920811268696,3.88149424049123359,0.44778902082538985,1.10340753338976061
-1.94707441220766331,-0.681190292683466203,1.62293876519623415,-0.458399359141655582,-2.22172258958450763
-0.559455633154650855,-1.65985403902990369,-3.26385531244897686,-4.16219473843706123,-1.74284918123955213
1.87420573998473317,0.826677558320001671,-1.77361937838809847,1.55660507456084085,3.76728896396187984
4.2237230373419985,5.49335508329929301,-1.19869785701033726,-1.31973644596240036,0.466915100534761207
-1.14383682057866287,0.303360791216655268,-2.82256242147074676,-2.88188356198711837,-3.10752158952693947
1.00257993268612156,2.16648669902785906,-1.6472012752959666,0.177928590910567785,-3.4045180501507053
0.520770375508418315,1.68930808062036664,1.29116979696208456,0.176879631754176092,1.10862170756516498
2.2057438391976234,-1.69089496120599292,-0.919675728449822261,0.988490000351239129,-1.04693036243597626
1.68041556574225326,-0.10016983191757943,-1.80266944626066872,2.87091203125634031,-0.985635520230432993
1.58333910009742618,-1.57680231977322172,-3.01013910477134417,1.86700219119713418,1.13801289864885025
-2.08162648520910798,-0.605612059867307595,-2.87882415312663431,-2.43336005718151238,0.937992392087669602
-2.69755515874752749,-1.06192509632695598,-0.767427161256044599,-2.98803405088538288,-1.45483179760729353
-3.47671323432681678,-0.54774158192350153,-2.48203648411104671,-0.824468759833384746,-3.65602883798102107
1.06163352575572323,1.17814975009615264,0.477357056252902201,-2.02543824479293111,0.361329506271194256
-3.4352544651290966,2.19914838196706341,-0.645011946763246913,-1.13126225301987615,1.38277044824248052
-3.82438509721324049,-0.402805132403364019,0.140636418891874226,-0.727232906014125158,0.433250173021646756
-1.62480393518936439,-2.59612045158085092,-1.45146182667659951,-0.499661108800748099,0.320829950664007824
1.35666002262090801,-1.32226757337551803,-0.523960045264718843,-2.27662099709422883,-2.75217221532772438
-1.54391083161966924,-2.32816711057703962,0.785593894522461644,-0.0594542425705941735,-1.20856738447375056
-0.16465864186101839,-0.128820028898747829,0.971305114402755576,-1.43118559749936325,1.20421104460619266
-1.67101910209644666,-1.27593047262253578,0.953875090161684147,2.49083368938766192,0.465168154489551233
0.765740629458051325,-0.939142763222235666,-0.0558516953260480009,-1.7957293226912896,1.78646942298497069
1.22172895483746768,0.10537095058767422,-0.616113755542635699,1.4944195087584069,1.61896045700138358
4.17111349381508401,3.18459570794037106,3.01082521937142777,2.39653196053395234,2.41341291557723459
2.95639402836404752,-0.148312081072026536,0.2739201483888975,0.836525142578481429,-0.697766033730828905
-3.44464196286489788,-0.451129026314726178,0.154121160186000583,2.14448984495904593,-1.22829387767051479
-0.26488750751714818,-0.242361967406295897,0.204764863340458347,4.94072669579318191,-1.81793919892402789
-1.16755518305118411,2.15202594869513097,0.728775683639099947,2.52620976243222728,0.241892980221032505
-0.407020674090436518,3.18019788773679402,3.21862197460292121,-1.03892888868258626,-3.85647825633772268
1.65638603806999107,1.94289464622457309,3.74973270357207067,-0.591685913529616969,-0.0946882023778234383
0.686822658730176561,0.230540684637535853,-0.366184160452034002,-0.584261845389718371,-1.07912095442093059
-0.176622436279547906,1.48516255601940395,2.37645336161263154,2.02203202599962051,-0.917871043173259515
-0.628451689645070699,1.37135343879803817,3.76080081712766434,0.341479426199902347,0.0379842048556855993
0.798597076389781502,-0.316181430837389033,-1.15473066851931927,-1.88434832546338549,-0.39389070011466315
2.18999563001081432,-2.18846787344078075,-4.32121113530212142,-4.03718518057675269,-0.318037611655196562
-0.00292682762388099538,-1.93040439155814991,-3.53621282584831054,0.536815793455877155,-0.965527892631202089
1.08057864970634543,-0.624070988834534823,-2.53935911137217163,2.2413980369645774,1.68204412005183146
0.0967318644076098078,-2.05744530511893631,-0.935637824166482002,2.78471209308365086,2.77203958206709267
-0.2025388840395759,0.984107053217660233,-0.0485541080124285429,-0.373049902683126433,1.94583703395041763
2.02767926549205102,-0.226685191259215213,2.36668489238282831,-2.17412851524530737,0.544961463267976232
0.0591169950033548497,1.31291450481307836,4.57662828530118393,-0.214345450804148685,1.60407812194279753
-1.27789349577329703,-2.58849145816430459,1.85389535462528765,-0.748644613253129698,1.71643727359650589
-1.3381114148406632,-2.4288418579524409,-2.10872035546738257,-1.41944718765687461,-3.08764056531476694
-1.22582066914959142,1.34723455409925874,0.0357812431975576967,-0.501068275152187992,-3.77624695195639548
3.24217305634988806,3.54123642450947784,1.46524735138267093,-0.836767055505378998,0.815628185236630054
2.85339305593566017,0.54659396233269153,-0.141890581959072504,0.695141371887262549,2.32814583908549411
4.97207720545147591,1.93385902728132963,1.89180918745618065,0.131322831162756448,2.76110641661353018
-1.00063231698655897,2.48994721582990541,3.70969284462968973,2.67735339337952638,4.84438831721667107
-1.66503721070308219,-1.11439173205955022,2.13063288417306751,2.7528751678220349,4.54189078173068683
0.41735724934739088,-3.18705159869747545,-1.16482330577827198,-2.79641304672785651,-1.96883235407164681
-2.76496970831038347,-3.29640756097608589,-4.51907213931340035,-1.16853373494017454,-4.17668270142394515
-3.04932507115879181,-3.9464266668146748,0.142958037566594809,-1.87769330399660928,-0.530928884923810629
-2.07530085366843497,-1.81986913444227549,0.784058841701217979,1.67938199225886353,0.628641007639028526
-0.09534271433176085,-1.46459745460722601,0.192315929974129773,0.235477458722481714,-0.94123615921332604
1.51992845675699884,-0.705207203055922771,-2.13012227107286956,-1.29798845766122617,-3.7627558333219393
-2.64947455068704985,-1.04494514229729685,-3.37596990917977058,1.89436274406868277,-0.979972980643258662
-2.48254116109058343,-0.216641338135874884,-0.064083692492149083,-1.82741920113384571,-3.54378414921618656
-0.47783744603790318,-0.681918231540312392,-1.07412732031467861,-0.764851285450939278,-2.6408796135317032
-0.965924030744916506,-0.178736146228103576,-2.86140773230723555,-0.97944825062011609,1.29222384827816827
-1.09181624316722226,1.89722703536710657,-1.35168259184115591,1.84638506923598444,6.25224451600863329
1.97566879543086094,6.7106005325506537,3.15937888913470166,3.56074004118602172,5.88657620997784914
1.05457275989907018,1.84459674707629384,-0.313316689584133667,-2.11294679817105191,1.42592796326130888
-1.86334845519373782,-3.29095039697827607,-1.7131501133569742,3.27724817640232224,3.66327095088149379
1.47023970201374032,-1.37401301242049323,-0.269307597038210778,4.22949843208814791,0.247569526875622448
2.20327900436149138,4.2264193736604474,3.88152018567484136,0.180331892569660646,2.73928324456818517
-1.13219621673084503,0.421355658851238102,-0.364156053495099774,-4.32866330321190151,-1.15522600101505235
5.33216360955292501,1.3260246107109106,-1.20898992154935603,-1.25774737880937715,-0.514559571652737135
0.929978083538953282,-1.32159877570217832,0.592832502639472736,-0.625761646463610877,-3.75867033246654891
-0.407905114528860746,0.8742434839754335,4.96714993463437615,-1.82914373970935307,-6.8486470397246757
4.76413924248012854,2.16574446206663529,5.09123212904447531,-0.0442624949496894862,-1.14230323522029531
0.319335051820064331,0.741566462180936248,3.20087991203915889,-2.41432683152537741,-2.98134435977359269
1.10127327275530984,5.55473502856685553,1.04960789734698312,-0.636196959203300327,1.90744129711359345
-3.333120461689703,1.63937978071690704,0.706030676457406914,-0.907074120188643196,-2.11076479461250077
-2.32255856701017382,1.72846305611170514,-1.27743755976299078,0.55691921714760495,-4.92217763728332525
-0.815493407061720132,-5.73211086983083806,-2.26097537189278297,-0.121172151170552356,-1.60787534339390614
-1.40399711241174763,-4.20156016874694505,2.03482598721922736,2.18280667462197275,-2.75627883399663176
-0.162556456997413834,-1.06408628003167349,2.04623341039344897,1.09238222892547387,-1.55730245907387732
-0.77944904688897676,2.55307808714980355,1.32659877422080363,1.44351949227119492,1.11341235895240676
-0.7303321142853062,-2.17579518308823605,-2.0360001453878529,0.54203898295020192,0.755252389839159433
-0.596892493814490277,-5.35839871975543591,-2.50930344552410878,-2.07105361574431157,2.3485321160131174
-1.46841578183846244,-2.23372778030358932,-1.96196690561114595,-0.166207365392629647,5.02629519063884889
-0.816633720744766367,1.80272579296525159,-3.00527357461105948,3.49001848743392884,1.80076007585931563
1.52927888411670243,0.212169731724216715,-3.50410590823142298,3.35280153263901681,3.59945515910745817
7.03876376575523199,1.02261547162553779,-2.70226034596732267,0.22373752210876674,2.47549224363848408
1.76406914076410914,-1.26702118817936338,-1.81315646616630044,-2.51326794149067823,-3.74506923698729111
-4.88255375404851577,0.32512263851437373,-0.91708342701824308,-3.0436807653606861,-3.90956634160896721
-2.51114674024303453,-2.63045901934049775,-1.3112290194941032,-1.93128721844928175,-0.222087716177472305
3.73545859556195614,2.06300435444552699,-1.03258324118416533,0.364651891138599971,3.10648072556901855
3.34348015900712792,0.732500585818668504,2.96404858658672765,1.87047547251046442,3.04246672639612559
0.0772623135739550077,0.89762984724451822,1.73403887632499387,0.472581110749888511,1.47946704259654593
-3.08492050022707653,4.47556508061541525,2.38465596650550404,-1.18754310232365223,-1.40858385497330096
-2.45023806988126758,-2.33888354480632854,1.50066563729803182,-0.0920859522715515855,-0.0325351815202205574
0.293261927001161604,-1.47909101990952885,-0.354996978547127029,-3.34095181315832956,-2.23623800883089263
-1.81487904619652984,5.0442929888581407,-0.93276625009760139,0.599084106425684548,0.763166135758430175
0.590865638266842796,4.12590771156710989,3.83807630469763339,-1.30277697755559285,1.04272649562916286
-1.11160432661025221,0.175320939487745686,4.07663892685388429,3.45836980182506881,2.59791278720185081
-0.0114752752314307167,-1.20704142431396044,0.22208855571423905,2.81867194609392024,4.17987058703823333
1.29260953265958478,0.4235970002815998,-2.96655071302192885,1.01940263462423775,2.3038680459733647
4.44771356095579318,-2.45333808160923139,-2.45248865687239315,0.431780461666626314,-0.79136377415716741
-1.83793314653371498,-3.41943181389620587,-1.25454498259446168,-1.39841679558178789,-4.13260079985952355
-3.11165862745260924,-3.27368662539383903,-1.54010634734236573,-3.01400498003828377,-2.26944581158039682
0.460317468348131975,-2.9645194427812136,-0.962302309045560134,-1.48632655317013063,-2.68411273188013322
-0.656867645156635427,0.142136027640466456,-0.0621979289408428129,-2.54051463273524281,-4.3289114830721287
3.4578758919071948,1.30507581178179866,-0.158846663907196456,-0.196532914139769255,-0.918111429372539756
2.59103546692725795,2.0134512052597775,0.754797266078830797,0.629163385055956592,1.86471116738593756
0.360413355242531208,-1.12315376953737345,-0.907063904529885723,-1.04716813896687966,-1.8443720616053263
-1.66034626408667019,1.59565305193485485,1.36886012209741881,2.34419308765244061,-0.619595076826726543
-0.878288452939954944,-1.88280361254693895,-0.827735149626670164,3.88346316091865829,3.97996855055616017
-2.58090335080720212,-3.02345462365559436,-1.49294340935218983,0.895486655462939485,2.40049167782680106
0.497932278100479186,0.119158449623480919,1.82265923816113973,3.93851562323344151,0.082030864901474404
0.962363859252372555,-0.282479174168228486,0.24118710441552213,4.19735910728682526,0.990471881631909912
-2.66258898234396879,4.24698363413597857,0.142806006866346397,0.485969303392431717,-2.60045854060049031
0.172078262990211062,6.82901667697061754,2.33277369549523739,-1.69523600127373553,-1.33496818637431325
2.97425474314132332,2.91245883362023816,1.15491225888387961,-4.69379701513742997,1.34695606323159356
-0.365378596577784931,-1.91061850539580513,-1.20956051021465649,-1.30662822693535574,1.02855069133468291
-1.43952630418627403,-5.25880365995671983,-2.16513122937202374,0.689151098220392777,-1.20539130446323517
-2.1717604346094479,-3.76155970053704403,-0.236975453511920481,-3.17000815338666309,-1.80541244000033152
-1.21052604348162318,-0.935817316968012514,-1.24350238513495626,-6.15776766546214649,-1.25036302574111269
-1.7415056360562986,-0.369731798309783477,-0.956756999857694468,-2.3016424831096618,-0.354090619563424081
0.684377439030963375,2.1176490037767759,0.961385734473020226,-2.489103713539083,5.84883020804819687
4.27951958122923415,1.59003914206329933,-0.33160834974973119,-2.94085870912812197,1.58132383016989353
0.612151546965253757,0.792907300355428335,4.61742318289856701,0.228014625055960707,0.412413479480006784
-0.627451065796906682,0.91183884709818952,2.47241249159392407,0.279790303300177956,3.02375257234997541
-1.14907824891578314,1.85432062231126316,0.401969056885566944,1.85188436597078776,0.605926498757119236
-2.53184171766014599,-0.923866951429995087,0.191866052159030548,-0.0949975317623900223,-1.51641374590800737
0.233152050748384077,-1.376023276556817,-0.522214446271147659,-1.47055496902652094,1.02905059902327745
0.0172879546861059406,2.81642189206400584,-0.783272701082033618,-1.33372887412245267,-3.8289211971348891
-0.763835281745194439,-0.0622706507502426426,-1.69565246801663827,1.49509143691329349,-4.30766058898136706
0.559386358292443209,-2.13741676863078212,2.87783228204659558,0.883921937976325678,1.19360832698934827
2.93725956599887983,-0.287354070679981199,5.39530336529019117,3.64268882830215368,2.23660161218591025
0.504347534054274127,-0.0770787020502957249,5.01359882628922282,5.96062590300419703,-0.319474787763690593
-1.72617913739752105,0.788084347869317248,-1.02254496791895089,4.1664367540453453,-0.612802561946526714
0.0628268694042694587,-1.51430075531193675,-4.65067754954589585,2.20973052427320793,-0.776705880727857734
0.6768473366994473,-0.587634974302875146,-1.88889445780557219,-1.35054275705195326,-2.16859273604419389
1.32340949229787186,0.0241403506741961066,0.216510088749171353,-2.04685274102202941,-2.24132065522932322
4.36478104603091843,2.32849693599921537,4.2403950385029523,-2.34468763060995578,1.27978116050866464
2.40730893738301122,1.39687002660683923,3.95319723843655924,3.47035597793832284,1.60909667238455545
-0.938642505092789126,-1.48938771946525694,-2.4607687286300739,0.447058967261585227,0.00312610135725972099
-2.61710855685580412,-1.22434041097397084,-4.76668422502554012,-2.41741644184028459,-1.28298416085107059
-2.58735124913709447,0.17558372786895976,-1.92437909832685494,-2.46844323274995592,0.166883973988203815
-0.166880565819152948,0.76868258069547879,-1.85299777532722354,1.58868713837729802,1.40304672227970273
-0.399767236923151692,-1.47288225941314388,-4.67252819691979848,0.994061817226475464,2.45614490252295381
-0.230720868871907236,-0.286358511723580678,-1.74414843059202873,0.310996305484702751,-0.819686139300531469
-0.285272194040732729,2.89028509310842496,0.602032683849135219,-0.0304146902626430543,-0.79005361960248266
-1.02814970022657892,1.07281185439882587,1.45565943373180406,-1.18857497635334397,-0.809861562504105681
1.28793033061440743,-1.15127145891340366,-1.46927041342693343,1.49775765839747388,1.58302073290710843
0.55160499709811095,-2.14760321451473724,-2.02508069462596429,-1.23762595825869193,-1.34659612166100962
0.196153083890454938,-3.5301289838616623,-0.628444521550929669,-0.53691987787231632,0.655455467940919023
1.58481614924428271,-2.20176901995763075,4.29305203091163357,0.66907094929308919,-1.82842165834619585
-0.904681450089379835,0.0647847945814629539,1.4780130283214441,-0.213445044120548211,0.718090801031502024
-0.362997612679817006,-1.53720020390010559,2.18576635752004345,2.71606745134568905,3.20074317565819433
-1.20285988407389444,1.95337150826476602,5.02140274744014903,1.87076052061777376,-0.595789929331410173
5.57381039895356967,4.62125103872307275,1.40279654366137407,1.8037946877654456,1.83300195240587205
2.67846619644926598,4.13927204541630189,0.697565333535357435,2.15389006739671807,2.34285915829316149
-0.267496394593801312,2.16309802091939973,0.57472023639078873,-2.94597873730319826,2.30115867439940702
-4.54945131696000082,2.19677244613147193,-5.377432246898179,-4.19217412604182726,-1.07118482522937786
-1.21809478832238138,-1.35550655488339311,-3.74143177100113267,-2.55385171188669879,-4.93157757722473189
-1.32491315978491841,-0.868448375298671249,-1.8058069382634323,-0.526237092031958675,1.16799628061715599
0.687929603254192834,-1.13236221759879707,-2.2421671832297787,-1.37997629317001613,-2.32166422940339334
-1.52313939538905951,-3.09230369369745794,-4.53854192499301323,-2.31820241157511475,-2.07084457492781349
-1.26221362877355769,-3.88133676964849883,-2.78171678118654686,0.589665243050918719,-2.7091160117245634
0.284673269598270884,-3.72705787500495855,-1.86206278015132698,2.39285358422402972,-0.432254709882828769
-1.00522852131470608,-0.131805080772785799,-1.72428224254733831,1.14013686563178962,-3.28864060832426519
0.0899689497678970995,0.278300089402966189,3.77690079684779167,-1.41648788744833953,0.104881847228408293
1.0003164884972946,-2.21648008488910708,0.294558322864340583,1.20409951630891254,0.859056401808887871
4.98823776641479188,-0.174777937860908394,-2.36532393895137139,1.01597891056600154,1.90605366895973849
1.39329529568850652,-0.94682271561610698,-1.81005524341296065,-1.43585216587049835,-1.85585268054942931
-2.24216302746159046,-0.835046880250755019,-4.07928247100937558,-2.26754244366237812,-2.38229941553153468
-1.94742207213032992,-0.0344310329748312577,-0.782673524757554362,-4.61721492784131993,-0.935786044185784038
0.816608825804422178,-0.37393744867026163,0.825781601679917321,-0.733949594821395213,1.12278057967667633
4.91338016164517644,1.51263271650378872,1.18955788728134193,0.58934064383494289,2.14673112915477748
1.31061004213058907,2.94061208155068377,1.04950522743702113,0.714424771931120528,3.35030594364816992
-0.527994137072996583,1.45719849400639445,0.135162108905199863,-0.538474007576848823,-0.0492013245608237948
-0.0306620751010566184,0.0147724369546797102,1.31789064469881989,-0.471189306484603998,-1.22271771476063029
-2.66679622127899707,-2.73718867605502503,0.854447151530358551,1.25225744630687941,-0.674133027489900338
2.12954663029637903,2.33103114651991472,5.3755845942401308,0.128454474782381922,0.0695659750232338892
-0.234299863304094635,0.852358614452623509,4.2984844725735023,0.162172545378604482,-1.07839537725670209
-3.12361145116272043,-1.29012940699903256,-3.65898832226857396,-0.0180496512195584963,-0.553751318215491839
-2.59888687535120244,1.3472429817602638,-0.394549261290796704,0.469701470413500521,2.81584105215356706
-1.8608430074683433,0.0543670423970479683,0.404106743999487317,1.17537775881381013,-1.82213097265763602
0.346656854035271744,-0.779517015208317399,-2.35528487167553902,-1.27835509767519517,-3.46750450063389382
0.0102654001828450525,0.350463529973308929,0.653248669095450096,0.841816394455122463,0.0276570017136969215
-1.63880259826005759,0.368825522887817281,0.46158322103816618,1.93033183084357751,-0.950030794010834456
-1.40695473535685411,-0.477628555675704336,0.19453089001385615,0.635000392914559342,-0.462099142559764808
-0.6978865407179069,1.87686768462942499,1.77199423370456088,-0.16258562450536429,-1.70673805730034256
0.178951965945958025,1.97244724534366078,2.44581682693787483,-0.283204184101207179,0.814650264943304614
0.451933703898967976,1.84484726180976555,0.880991584746065759,0.957031915385270215,0.341261180804859454
1.94095649884969523,3.7027125130865195,2.71454108378053593,0.760086644692194446,0.904589100857424611
1.51445895267675601,3.60450413208663978,3.28652121265278119,2.75447827544136725,2.14173958844967771
1.12442723092159147,-0.492913105635421067,-0.0240130641211917517,2.14728225493182201,2.56314010472391729
-0.164068279111073412,-4.0360970345027205,-3.22680270844018002,-0.680784165936684338,6.37635626041843917
-0.749388996960739906,-4.17270844079534786,-1.00485633499478455,-0.855738604187946783,0.829395594357376198
0.141262105935944349,-1.45770472416476493,1.60121876467252111,-1.15544156950635468,-1.29038598853897746
0.211767465766110441,-1.80928053360420282,2.12037251585209496,-0.512841639045105491,-0.34234724939376554
-0.596465876819229357,-0.919325912074425489,-1.58407919923231466,-0.0927239413267486462,-0.657247819300831981
0.47664751631475033,1.71367855713611061,-1.31559502860101163,1.09158996375325912,-0.831146191612553986
4.25659358679669619,4.47980147886473645,0.0723455108631475691,0.408921813136375656,2.02861361920947125
2.46085466640106532,0.0310993866821266673,0.278179171984260509,0.641105490373636622,2.36142833295355103
-2.6253881382851203,-0.0892663228709114909,0.523531768643521134,2.24358474795373342,-3.55240736487184838
-2.28221250585090774,-0.433745450067337668,1.40275150116807579,1.09106701940205619,-0.21601083075845523
-1.03483417741882366,-0.654851985759687727,-1.05744160490880001,3.90839273213275851,1.85066391429463262
-1.27427918832885201,1.11641634105321574,-2.10147277587734171,-2.60793583969817089,-0.549398128313419276
-0.811782455436821704,-0.151930156770391428,-2.43301077650224373,-4.73685602530067662,-2.83602965623604675
-1.36743776225647462,-0.419042333902358566,-0.430466641764416846,-1.71441025697643212,2.71265686518578297
-1.03371520128194261,-0.905724578899783417,0.432228976291922473,0.410742184709259606,2.6133978411835006
-1.52712987835631653,-0.850065747158164964,-0.0584455954331457445,-0.00329505398154926465,-2.00003041356257283
-0.484983931665992629,0.473285585242567253,-1.28411929042232575,1.29394238184890598,1.13546598376571417
-0.42962711562866035,4.31173211283943214,1.02814437137989301,2.370278414767927,2.85721282426147161
0.267498425221600722,4.81838842443834814,3.18118201266170653,0.0312056148029901254,0.158312924921080456
2.80154476826309251,-1.3277623344217695,2.86624583412192635,1.19877727976800141,0.0569143045868031952
0.88539710895532886,0.999148076073154368,-1.20270681279866376,-1.34612120719722594,1.27607442356951739
-0.0842611618976423227,-0.410317672126329858,-0.635113209132830869,-3.87936873492026413,5.20315411989860355
0.9088915293299068,-0.418339952807420978,-1.95753875467672378,-0.889946359652798447,2.22484176786985044
-0.53264295132970163,-0.327844896033853361,1.21572799248886443,-0.406601313717667945,-2.1642529535116739
-1.04379159585878933,-0.570973893447439318,-0.147065901440387226,-2.19239907019204905,-1.39707709061576035
1.1821725052803469,-0.817703343650761916,2.29443566048483882,1.22868653700055819,2.2410711672790482
4.02506400986915924,1.89671377753184744,1.90577659212723494,-0.0511847963052496219,0.997006873428557094
0.415328894229393897,3.66487393667016059,1.75137106093341632,-3.68874652400608216,-2.88260646177802471
-4.25073559735487727,2.99274214253734216,1.22685265979866376,-0.311126825900163329,-7.02638984118414989
-2.46618808639672649,-3.05322842819301643,1.23517493921885579,-0.598092029441797512,-3.11833808417809211
-2.15754834056191624,-0.833518769378891022,0.978940905054926258,-0.268701431050593298,-2.02771234662704147
-1.48967294984881082,1.15280850135741053,1.33773885310627882,-1.50569400010095111,-0.914393572996491821
-0.47226382043820897,-3.76066325937714785,-3.00285530909188125,-2.16120225962198864,-1.69682491886274822
-1.58586552920116652,-2.62390864724090145,-1.54858591206867313,-0.302336086750924937,-4.06684382407002865
0.127847657367399226,1.30351230712145827,-1.59204344525457264,2.01770039017760228,-0.410787653582558365
0.992688006447225546,0.0542502781849958648,1.18470599571707647,1.67235464402147227,0.82631965598659074
-1.61530559362706017,-4.53251738309726093,-1.25599855479958977,0.0978195236489004666,3.49757298682569084
1.5155751594028537,2.19148477740178249,1.08738162337282573,2.24272860180151623,1.23529074765888125
1.24552256396295746,3.47610080850937564,0.0426709350572572893,2.99922719489556266,-2.59932867378817756
0.993112652929942663,3.01967794964280722,0.623049669891809543,0.939422678097546981,0.659410183876709688
0.113967485408713876,-3.74649619827837066,-1.84995229022024388,3.04159788119753349,-0.194280861351006029
-0.441540612582685621,-1.81141778877057069,-2.59974429044051858,-0.77491894022257457,-1.33957058281007302
1.48718620873367779,3.05050969368620262,0.636638091933850458,4.22102998762184001,4.55751161106064728
0.0926071529426141238,-0.71362975929027761,0.2204851930516466,0.392501101636084593,1.97776146289346233
-0.468220580496482741,-3.56533269904059802,-1.48575077237109587,-1.52322037270693555,-3.39420773976057299
-2.3003779249596481,1.06426161604506953,-0.659633201253122192,-1.09852876475540251,-0.936475481438162838
2.10757864894218239,2.75190523956325084,1.0167894953871337,0.0468272967594076245,2.300334292292602
-0.12387084428115902,0.352073010424178268,0.514764824279582589,0.111257866536387598,0.327897212995001353
0.900089602917505061,-7.18857168722304074,-0.666653758871131319,-1.20681701821137355,-0.727862840208411521
1.48697837921252951,-2.07031559357076222,-1.89831337133807043,-2.77324293162846169,2.4152361996665408
0.932198362581185935,0.930078228127069528,-0.934299143381720931,-0.240993532202717131,2.2732013075986206
2.47176735695183458,-0.381062177912196764,0.922180720337494764,2.34198517837693965,-0.615394053910892858
