epoch,score,selection_eligible,agreement,agreement_score,agreement_weight,agreement_coverage,dir_margin,margin_score,density_factor,skeleton_overlap,actual_pair_density,target_pair_density,global_asymmetry,asymmetry_score,high_conf_edges,k,guardrail_pass,guardrail_reason,guardrail_density_ratio,guardrail_required_skeleton_overlap,guardrail_peak_skeleton_overlap,adj_offdiag_mean,adj_offdiag_std,adj_offdiag_cv,adj_offdiag_min,adj_offdiag_max,adj_in_degree_mean,adj_in_degree_std,adj_parent_entropy_mean,adj_eff_parents_mean,adj_eff_parents_p90,adj_ungated_asym_mean,adj_ungated_asym_median,adj_ungated_asym_p90,dir_active_pair_frac,dir_prior_q_threshold,dir_active_reliability_mean,dir_active_reliability_median,dir_active_reliability_p10,dir_active_abs_margin_mean,dir_active_abs_margin_median,dir_active_abs_margin_p90,dir_active_abs_margin_near0_frac,dir_active_signed_raw_mean,dir_active_signed_raw_median,dir_active_signed_raw_p10,dir_active_signed_raw_frac_pos,dir_active_signed_gate_mean,dir_active_signed_gate_median,dir_active_signed_gate_p10,dir_active_signed_gate_frac_pos,cross_source_mean_cos,cross_source_p90_cos,cross_source_gt_0p7_frac,cross_pred_mean_cos,cross_pred_p90_cos,cross_pred_gt_0p7_frac,cross_target_mean_cos,cross_target_p90_cos,cross_target_gt_0p7_frac,cross_num_lags,cross_pred_target_diag_mean,cross_pred_target_offdiag_mean,cross_pred_target_diag_gap,cross_agg_max_mean,cross_agg_max_p90,cross_agg_eff_parents_mean,noise_probe_available,noise_probe_timestep,noise_probe_patel_loss,noise_probe_blend50_loss,noise_probe_learned_loss,noise_probe_delta_blend50_minus_patel,noise_probe_delta_learned_minus_patel,noise_probe_ratio_blend50_over_patel,noise_probe_ratio_learned_over_patel,noise_probe_guide_l1_mean,msg_dir_mode_is_causal,msg_dir_raw_diag_mean,msg_dir_raw_offdiag_mean,msg_dir_raw_diag_gap,msg_dir_causal_diag_mean,msg_dir_causal_offdiag_mean,msg_dir_causal_diag_gap,msg_dir_active_diag_gap,msg_dir_gap_delta_causal_minus_raw,msg_dir_prefers_causal,directional_kappa_gate_enabled,directional_kappa_gate_quantile,directional_kappa_gate_threshold,directional_kappa_gate_pair_frac,main_loss_weight,directional_loss_active,directional_loss_end_epoch,directional_loss_deactivated_from_epoch,dir_loss_raw,dir_loss_weighted,dir_lambda_current,direction_lr_multiplier,direction_lr_current,direction_branch_frozen,freeze_direction_after_epoch,direction_branch_frozen_from_epoch,cross_loss_raw,cross_loss_weighted,cross_lambda_current,cross_fixed_weight_target,anti_collapse_raw,anti_collapse_weighted,anti_collapse_lambda_current,anti_collapse_margin,anti_collapse_mode,ortho_loss_raw,ortho_loss_weighted,parent_entropy_raw,parent_entropy_weighted,parent_entropy_lambda_current,parent_cap_raw,parent_cap_weighted,parent_cap_lambda_current,parent_cap_target,ungated_symmetry_raw,ungated_symmetry_weighted,ungated_symmetry_lambda_current,gradient_alignment_probe_enabled,gradient_alignment_probe_seed,grad_probe_available,grad_probe_lambda_dir,grad_probe_diff_norm,grad_probe_dir_norm_raw,grad_probe_dir_norm_weighted,grad_probe_dir_to_diff_norm_ratio,grad_probe_cosine,grad_probe_cosine_negative
1,0.401322,0,0.750000,0.666667,0.000000,0.666667,0.080564,0.311544,0.000000,1.000000,0.000000,0.171429,0.013811,0.091813,12,18,0,before_selection_start,0.000000,0.500000,0.000000,0.023496,0.056088,2.387092,0.000000,0.240777,0.328951,0.110671,0.293572,2.248420,3.482721,0.000000,0.000000,0.000000,0.106667,0.013223,0.328300,0.325000,0.270400,0.772046,0.550636,1.382884,0.000000,0.612019,0.294946,-0.056493,0.833333,0.251697,0.146048,-0.028239,0.833333,0.157186,0.361872,0.000000,0.357678,0.657575,0.068398,0.150137,0.382991,0.000000,3.000000,-0.032594,-0.007146,-0.025448,0.573641,0.716541,2.157708,1.000000,500.000000,1.350451,1.348044,1.347273,-0.002407,-0.003178,0.998218,0.997647,0.060076,0.000000,0.219367,0.124064,0.095303,0.206221,0.127160,0.079061,0.095303,-0.016242,0.000000,1,0.500000,0.063121,0.373333,1.000000,1,-1,-1,0.626930,0.000000,0.000000,1.000000,0.001000,0,-1,-1,0.739537,0.073561,0.100000,0.100000,0.028048,0.007111,0.100000,0.020000,signed_gate,0.061478,0.000000,0.293572,0.000000,0.000000,0.000000,0.000000,0.000000,0.000000,0.000000,0.000000,0.000000,0,0,0.000000,0.000000,0.000000,0.000000,0.000000,0.000000,0.000000,0.000000
2,0.398473,0,0.833333,0.722222,0.000000,0.666667,0.075827,0.294336,0.000000,1.000000,0.000000,0.171429,0.012999,0.086443,12,18,0,before_selection_start,0.000000,0.500000,0.000000,0.021816,0.052152,2.390566,0.000000,0.224886,0.305420,0.095283,0.293212,2.245495,3.485763,0.000000,0.000000,0.000000,0.106667,0.013223,0.328300,0.325000,0.270400,0.751656,0.325662,1.535053,0.000000,0.716219,0.325662,0.147882,0.916667,0.298557,0.161334,0.073806,0.916667,0.157186,0.361872,0.000000,0.363073,0.653104,0.076190,0.150137,0.382991,0.000000,3.000000,-0.032566,-0.007245,-0.025321,0.575608,0.698158,2.152209,1.000000,500.000000,1.321134,1.321752,1.321190,0.000618,0.000057,1.000468,1.000043,0.061758,0.000000,0.219352,0.123757,0.095594,0.205515,0.127589,0.077926,0.095594,-0.017668,0.000000,1,0.500000,0.063121,0.373333,1.000000,1,-1,-1,0.560193,0.000000,0.000000,1.000000,0.001000,0,-1,-1,0.739553,0.073565,0.100000,0.100000,0.006291,0.001552,0.100000,0.020000,signed_gate,0.060344,0.000000,0.293212,0.000000,0.000000,0.000000,0.000000,0.000000,0.000000,0.000000,0.000000,0.000000,0,0,0.000000,0.000000,0.000000,0.000000,0.000000,0.000000,0.000000,0.000000
3,0.396838,0,0.750000,0.666667,0.000000,0.666667,0.073132,0.284458,0.000000,1.000000,0.000000,0.171429,0.012537,0.083385,12,18,0,before_selection_start,0.000000,0.500000,0.000000,0.021063,0.050403,2.393031,0.000000,0.217702,0.294876,0.089703,0.293365,2.245664,3.500021,0.000000,0.000000,0.000000,0.106667,0.013223,0.328300,0.325000,0.270400,0.749930,0.352652,1.561826,0.000000,0.749930,0.352652,0.186151,1.000000,0.317332,0.174517,0.092808,1.000000,0.157186,0.361872,0.000000,0.365800,0.653020,0.076190,0.150137,0.382991,0.000000,3.000000,-0.032625,-0.007268,-0.025356,0.576994,0.692531,2.150254,1.000000,500.000000,1.324014,1.323295,1.324165,-0.000719,0.000151,0.999457,1.000114,0.062550,0.000000,0.219607,0.123606,0.096001,0.204891,0.127640,0.077251,0.096001,-0.018750,0.000000,1,0.500000,0.063121,0.373333,1.000000,1,-1,-1,0.532352,0.000000,0.000000,1.000000,0.001000,0,-1,-1,0.739751,0.073563,0.100000,0.100000,0.000000,0.000106,0.100000,0.020000,signed_gate,0.059595,0.000000,0.293365,0.000000,0.000000,0.000000,0.000000,0.000000,0.000000,0.000000,0.000000,0.000000,0,0,0.000000,0.000000,0.000000,0.000000,0.000000,0.000000,0.000000,0.000000
4,0.396385,0,0.750000,0.666667,0.000000,0.666667,0.072387,0.281720,0.000000,1.000000,0.000000,0.171429,0.012409,0.082540,12,18,0,before_selection_start,0.000000,0.500000,0.000000,0.020632,0.049558,2.402042,0.000000,0.211197,0.288842,0.086063,0.293118,2.244735,3.503736,0.000000,0.000000,0.000000,0.106667,0.013223,0.328300,0.325000,0.270400,0.735249,0.357776,1.473439,0.000000,0.735249,0.357776,0.179928,1.000000,0.313676,0.177003,0.089722,1.000000,0.157186,0.361872,0.000000,0.364882,0.657644,0.066667,0.150137,0.382991,0.000000,3.000000,-0.032827,-0.007402,-0.025425,0.580684,0.706115,2.147183,1.000000,500.000000,1.326391,1.325974,1.326995,-0.000416,0.000604,0.999686,1.000455,0.063006,0.000000,0.219954,0.123320,0.096634,0.204459,0.127448,0.077011,0.096634,-0.019623,0.000000,1,0.500000,0.063121,0.373333,1.000000,1,-1,-1,0.529320,0.000000,0.000000,1.000000,0.001000,0,-1,-1,0.739778,0.073560,0.100000,0.100000,0.000000,0.000000,0.100000,0.020000,signed_gate,0.059294,0.000000,0.293118,0.000000,0.000000,0.000000,0.000000,0.000000,0.000000,0.000000,0.000000,0.000000,0,0,0.000000,0.000000,0.000000,0.000000,0.000000,0.000000,0.000000,0.000000
5,0.392031,0,0.750000,0.666667,0.000000,0.666667,0.065291,0.255382,0.000000,1.000000,0.000000,0.171429,0.011193,0.074480,12,18,0,before_selection_start,0.000000,0.500000,0.000000,0.019949,0.047551,2.383675,0.000000,0.197026,0.279282,0.086323,0.295193,2.259047,3.559147,0.000000,0.000000,0.000000,0.106667,0.013223,0.328300,0.325000,0.270400,0.689838,0.360123,1.291288,0.000000,0.689838,0.360123,0.193167,1.000000,0.299651,0.178099,0.096284,1.000000,0.157186,0.361872,0.000000,0.366672,0.674588,0.066667,0.150137,0.382991,0.000000,3.000000,-0.033061,-0.008077,-0.024984,0.575518,0.693809,2.168182,1.000000,500.000000,1.331836,1.327263,1.328019,-0.004573,-0.003817,0.996566,0.997134,0.063786,0.000000,0.218707,0.123909,0.094798,0.205771,0.127985,0.077786,0.094798,-0.017013,0.000000,1,0.500000,0.063121,0.373333,1.000000,1,-1,-1,0.544542,0.000000,0.000000,1.000000,0.001000,0,-1,-1,0.740206,0.073558,0.100000,0.100000,0.000000,0.000000,0.100000,0.020000,signed_gate,0.058895,0.000000,0.295193,0.000000,0.000000,0.000000,0.000000,0.000000,0.000000,0.000000,0.000000,0.000000,0,0,0.000000,0.000000,0.000000,0.000000,0.000000,0.000000,0.000000,0.000000
6,0.391319,1,0.750000,0.666667,0.000000,0.666667,0.064139,0.251071,0.000000,1.000000,0.000000,0.171429,0.010995,0.073171,12,18,0,low_density_factor|density_ratio_out_of_range,0.000000,0.500000,0.000000,0.019874,0.047359,2.383017,0.000000,0.195262,0.278232,0.080172,0.295668,2.264068,3.599892,0.000000,0.000000,0.000000,0.106667,0.013223,0.328300,0.325000,0.270400,0.695769,0.514939,1.090472,0.000000,0.695769,0.514939,0.269722,1.000000,0.309075,0.251787,0.134049,1.000000,0.157186,0.361872,0.000000,0.364672,0.680036,0.066667,0.150137,0.382991,0.000000,3.000000,-0.033009,-0.007971,-0.025039,0.576428,0.691199,2.173958,1.000000,500.000000,1.303833,1.303959,1.302477,0.000126,-0.001356,1.000097,0.998960,0.063814,0.000000,0.218366,0.123240,0.095125,0.206487,0.127818,0.078670,0.095125,-0.016455,0.000000,1,0.500000,0.063121,0.373333,1.000000,1,-1,-1,0.477804,0.000778,0.002377,1.000000,0.001000,0,-1,-1,0.740470,0.073549,0.100000,0.100000,0.000000,0.000000,0.100000,0.020000,signed_gate,0.058476,0.000397,0.295668,0.000000,0.000000,0.000000,0.000000,0.000000,0.000000,0.000000,0.000000,0.000000,0,0,0.000000,0.002377,0.000000,0.000000,0.000000,0.000000,0.000000,0.000000
7,0.397770,1,0.666667,0.611111,0.000000,0.666667,0.074667,0.290092,0.000000,1.000000,0.000000,0.171429,0.012800,0.085127,12,18,0,low_density_factor|density_ratio_out_of_range,0.000000,0.850000,1.000000,0.020309,0.049025,2.413994,0.000000,0.194621,0.284323,0.078041,0.291425,2.239610,3.535281,0.000000,0.000000,0.000000,0.106667,0.013223,0.328300,0.325000,0.270400,0.867587,0.814753,1.088544,0.000000,0.867587,0.814753,0.485569,1.000000,0.391137,0.383965,0.238124,1.000000,0.157186,0.361872,0.000000,0.357960,0.669506,0.076190,0.150137,0.382991,0.000000,3.000000,-0.032765,-0.007722,-0.025044,0.584500,0.729345,2.135397,1.000000,500.000000,1.297356,1.295712,1.297165,-0.001643,-0.000191,0.998733,0.999853,0.063303,0.000000,0.217786,0.121823,0.095964,0.205946,0.126783,0.079163,0.095964,-0.016801,0.000000,1,0.500000,0.063121,0.373333,1.000000,1,-1,-1,0.227483,0.001982,0.008951,1.000000,0.001000,0,-1,-1,0.740795,0.073542,0.100000,0.100000,0.000000,0.000000,0.100000,0.020000,signed_gate,0.057653,0.001097,0.291425,0.000000,0.000000,0.000000,0.000000,0.000000,0.000000,0.000000,0.000000,0.000000,0,0,0.000000,0.008951,0.000000,0.000000,0.000000,0.000000,0.000000,0.000000
8,0.408745,1,0.666667,0.611111,0.000000,0.666667,0.093154,0.356279,0.000000,1.000000,0.000000,0.171429,0.015969,0.106062,12,18,0,low_density_factor|density_ratio_out_of_range,0.000000,0.850000,1.000000,0.019824,0.049932,2.518744,0.000000,0.218293,0.277537,0.082894,0.279227,2.173138,3.453786,0.000000,0.000000,0.000000,0.106667,0.013223,0.328300,0.325000,0.270400,1.255279,1.198820,1.269934,0.000000,1.255279,1.198820,1.191856,1.000000,0.552761,0.536629,0.534146,1.000000,0.157186,0.361872,0.000000,0.345645,0.654520,0.066667,0.150137,0.382991,0.000000,3.000000,-0.031544,-0.007596,-0.023948,0.616049,0.771964,2.044650,1.000000,500.000000,1.302024,1.298030,1.300217,-0.003994,-0.001807,0.996932,0.998612,0.063929,0.000000,0.213163,0.119606,0.093556,0.206724,0.124016,0.082708,0.093556,-0.010848,0.000000,1,0.500000,0.063121,0.373333,1.000000,1,-1,-1,0.005646,0.002207,0.267655,1.000000,0.001000,0,-1,-1,0.740548,0.073542,0.100000,0.100000,0.000000,0.000000,0.100000,0.020000,signed_gate,0.056392,0.001687,0.279227,0.000000,0.000000,0.000000,0.000000,0.000000,0.000000,0.000000,0.000000,0.000000,0,0,0.000000,0.267655,0.000000,0.000000,0.000000,0.000000,0.000000,0.000000
9,0.426853,1,0.750000,0.666667,0.000000,0.666667,0.125837,0.464746,0.000000,1.000000,0.000000,0.171429,0.021572,0.142830,12,18,0,low_density_factor|density_ratio_out_of_range,0.000000,0.850000,1.000000,0.018962,0.052686,2.778532,0.000000,0.256151,0.265468,0.104439,0.229304,1.913623,2.831574,0.000000,0.000000,0.000000,0.106667,0.013223,0.328300,0.325000,0.270400,2.341245,2.341905,2.356120,0.000000,2.341245,2.341905,2.326680,1.000000,0.824465,0.824577,0.822125,1.000000,0.157186,0.361872,0.000000,0.317711,0.622234,0.066667,0.150137,0.382991,0.000000,3.000000,-0.029628,-0.006607,-0.023021,0.697122,0.919118,1.767488,1.000000,500.000000,1.301140,1.295475,1.294768,-0.005664,-0.006371,0.995647,0.995103,0.065207,0.000000,0.207678,0.114638,0.093041,0.199466,0.118445,0.081021,0.093041,-0.012020,0.000000,1,0.500000,0.063121,0.373333,1.000000,1,-1,-1,0.000855,0.000634,0.498803,1.000000,0.001000,0,-1,-1,0.739924,0.073507,0.100000,0.100000,0.000000,0.000000,0.100000,0.020000,signed_gate,0.054600,0.002289,0.229304,0.000000,0.000000,0.000000,0.000000,0.000000,0.000000,0.000000,0.000000,0.000000,0,0,0.000000,0.498803,0.000000,0.000000,0.000000,0.000000,0.000000,0.000000
10,0.435355,1,0.750000,0.666667,0.000000,0.666667,0.142459,0.515239,0.000000,1.000000,0.000000,0.171429,0.024422,0.161387,12,18,0,low_density_factor|density_ratio_out_of_range,0.000000,0.850000,1.000000,0.019027,0.055501,2.916917,0.000000,0.296076,0.266380,0.118825,0.190155,1.740206,2.418109,0.000000,0.000000,0.000000,0.106667,0.013223,0.328300,0.325000,0.270400,3.348840,3.345598,3.363842,0.000000,3.348840,3.345598,3.338889,1.000000,0.932131,0.931921,0.931478,1.000000,0.157186,0.361872,0.000000,0.302078,0.612429,0.057143,0.150137,0.382991,0.000000,3.000000,-0.028824,-0.006158,-0.022666,0.737539,0.969703,1.635884,1.000000,500.000000,1.286512,1.288077,1.291730,0.001565,0.005218,1.001217,1.004056,0.065331,0.000000,0.204854,0.112055,0.092799,0.196322,0.115429,0.080893,0.092799,-0.011906,0.000000,1,0.500000,0.063121,0.373333,1.000000,1,-1,-1,0.000415,0.000369,0.499994,1.000000,0.001000,0,-1,-1,0.739427,0.073469,0.100000,0.100000,0.000000,0.000000,0.100000,0.020000,signed_gate,0.053395,0.002880,0.190155,0.000000,0.000000,0.000000,0.000000,0.000000,0.000000,0.000000,0.000000,0.000000,0,0,0.000000,0.499994,0.000000,0.000000,0.000000,0.000000,0.000000,0.000000
11,0.436177,1,0.833333,0.722222,0.000000,0.666667,0.144119,0.520101,0.000000,1.000000,0.000000,0.171429,0.024706,0.163235,12,18,0,low_density_factor|density_ratio_out_of_range,0.000000,0.850000,1.000000,0.018594,0.055196,2.968511,0.000000,0.291946,0.260313,0.120249,0.165733,1.645609,2.184005,0.000000,0.000000,0.000000,0.106667,0.013223,0.328300,0.325000,0.270400,4.391387,4.386700,4.412431,0.000000,4.391387,4.386700,4.379149,1.000000,0.975534,0.975422,0.975238,1.000000,0.157186,0.361872,0.000000,0.295375,0.610374,0.085714,0.150137,0.382991,0.000000,3.000000,-0.028479,-0.006046,-0.022433,0.752975,0.990138,1.583134,1.000000,500.000000,1.285296,1.288059,1.287592,0.002763,0.002296,1.002150,1.001787,0.065873,0.000000,0.203391,0.111254,0.092137,0.195407,0.114316,0.081091,0.092137,-0.011046,0.000000,1,0.500000,0.063121,0.373333,1.000000,1,-1,-1,0.000759,0.000440,0.500000,1.000000,0.001000,0,-1,-1,0.739174,0.073447,0.100000,0.100000,0.000000,0.000000,0.100000,0.020000,signed_gate,0.052231,0.003485,0.165733,0.000000,0.000000,0.000000,0.000000,0.000000,0.000000,0.000000,0.000000,0.000000,0,0,0.000000,0.500000,0.000000,0.000000,0.000000,0.000000,0.000000,0.000000
12,0.435938,1,0.750000,0.666667,0.000000,0.666667,0.143635,0.518685,0.000000,1.000000,0.000000,0.171429,0.024623,0.162695,12,18,0,low_density_factor|density_ratio_out_of_range,0.000000,0.850000,1.000000,0.018015,0.054130,3.004743,0.000000,0.286186,0.252207,0.119529,0.153129,1.599678,2.066860,0.000000,0.000000,0.000000,0.106667,0.013223,0.328300,0.325000,0.270400,5.523139,5.522039,5.537125,0.000000,5.523139,5.522039,5.507289,1.000000,0.992045,0.992036,0.991919,1.000000,0.157186,0.361872,0.000000,0.292832,0.609652,0.081385,0.150137,0.382991,0.000000,3.000000,-0.028119,-0.005963,-0.022156,0.762355,0.997093,1.559994,1.000000,500.000000,1.288985,1.285977,1.283969,-0.003008,-0.005016,0.997666,0.996109,0.066572,0.000000,0.202525,0.111226,0.091298,0.195071,0.113993,0.081078,0.091298,-0.010220,0.000000,1,0.500000,0.063121,0.373333,1.000000,1,-1,-1,0.001018,0.000344,0.500000,1.000000,0.001000,0,-1,-1,0.738930,0.073433,0.100000,0.100000,0.000000,0.000000,0.100000,0.020000,signed_gate,0.050937,0.004068,0.153129,0.000000,0.000000,0.000000,0.000000,0.000000,0.000000,0.000000,0.000000,0.000000,0,0,0.000000,0.500000,0.000000,0.000000,0.000000,0.000000,0.000000,0.000000
13,0.436611,1,0.750000,0.666667,0.000000,0.666667,0.145001,0.522670,0.000000,1.000000,0.000000,0.171429,0.024857,0.164215,12,18,0,low_density_factor|density_ratio_out_of_range,0.000000,0.850000,1.000000,0.018004,0.054878,3.048049,0.000000,0.325838,0.252058,0.120819,0.147057,1.577293,2.017794,0.000000,0.000000,0.000000,0.106667,0.013223,0.328300,0.325000,0.270400,6.740172,6.739861,6.747180,0.000000,6.740172,6.739861,6.731515,1.000000,0.997638,0.997637,0.997617,1.000000,0.157186,0.361872,0.000000,0.291981,0.620672,0.076190,0.150137,0.382991,0.000000,3.000000,-0.027926,-0.005810,-0.022117,0.768779,0.999193,1.546378,1.000000,500.000000,1.291400,1.285834,1.289478,-0.005566,-0.001923,0.995690,0.998511,0.066606,0.000000,0.201762,0.110521,0.091241,0.194777,0.113811,0.080966,0.091241,-0.010275,0.000000,1,0.500000,0.063121,0.373333,1.000000,1,-1,-1,0.001814,0.000361,0.500000,1.000000,0.001000,0,-1,-1,0.738734,0.073430,0.100000,0.100000,0.000000,0.000000,0.100000,0.020000,signed_gate,0.049750,0.004629,0.147057,0.000000,0.000000,0.000000,0.000000,0.000000,0.000000,0.000000,0.000000,0.000000,0,0,0.000000,0.500000,0.000000,0.000000,0.000000,0.000000,0.000000,0.000000
14,0.434844,1,0.750000,0.666667,0.000000,0.666667,0.141431,0.512212,0.000000,1.000000,0.000000,0.171429,0.024245,0.160242,12,18,0,low_density_factor|density_ratio_out_of_range,0.000000,0.850000,1.000000,0.017713,0.055046,3.107582,0.000000,0.369896,0.247989,0.123093,0.145125,1.571105,2.002035,0.000000,0.000000,0.000000,0.106667,0.013223,0.328300,0.325000,0.270400,8.054855,8.053059,8.066299,0.000000,8.054855,8.053059,8.046855,1.000000,0.999365,0.999364,0.999360,1.000000,0.157186,0.361872,0.000000,0.292063,0.613622,0.076190,0.150137,0.382991,0.000000,3.000000,-0.028126,-0.005935,-0.022191,0.770835,0.999797,1.544948,1.000000,500.000000,1.283767,1.287207,1.288253,0.003440,0.004486,1.002680,1.003494,0.066987,0.000000,0.201508,0.110027,0.091481,0.194998,0.113892,0.081106,0.091481,-0.010375,0.000000,1,0.500000,0.063121,0.373333,1.000000,1,-1,-1,0.000506,0.000382,0.500000,1.000000,0.001000,0,-1,-1,0.738883,0.073430,0.100000,0.100000,0.000000,0.000000,0.100000,0.020000,signed_gate,0.048133,0.005162,0.145125,0.000000,0.000000,0.000000,0.000000,0.000000,0.000000,0.000000,0.000000,0.000000,0,0,0.000000,0.500000,0.000000,0.000000,0.000000,0.000000,0.000000,0.000000
15,0.434509,1,0.833333,0.722222,0.000000,0.666667,0.140759,0.510227,0.000000,1.000000,0.000000,0.171429,0.024130,0.159494,12,18,0,low_density_factor|density_ratio_out_of_range,0.000000,0.850000,1.000000,0.017415,0.055181,3.168485,0.000000,0.389043,0.243816,0.129328,0.144748,1.570398,1.998160,0.000000,0.000000,0.000000,0.106667,0.013223,0.328300,0.325000,0.270400,9.455604,9.455254,9.467577,0.000000,9.455604,9.455254,9.444308,1.000000,0.999844,0.999843,0.999842,1.000000,0.157186,0.361872,0.000000,0.291417,0.607380,0.076190,0.150137,0.382991,0.000000,3.000000,-0.028280,-0.006031,-0.022249,0.771017,0.999953,1.546743,1.000000,500.000000,1.282175,1.285510,1.284560,0.003335,0.002385,1.002601,1.001861,0.067440,0.000000,0.201758,0.109673,0.092085,0.195179,0.113998,0.081180,0.092085,-0.010905,0.000000,1,0.500000,0.063121,0.373333,1.000000,1,-1,-1,0.000544,0.000412,0.500000,1.000000,0.001000,0,-1,-1,0.739085,0.073428,0.100000,0.100000,0.000000,0.000000,0.100000,0.020000,signed_gate,0.046066,0.005754,0.144748,0.000000,0.000000,0.000000,0.000000,0.000000,0.000000,0.000000,0.000000,0.000000,0,0,0.000000,0.500000,0.000000,0.000000,0.000000,0.000000,0.000000,0.000000
16,0.434251,1,0.833333,0.722222,0.000000,0.666667,0.140243,0.508699,0.000000,1.000000,0.000000,0.171429,0.024042,0.158919,12,18,0,low_density_factor|density_ratio_out_of_range,0.000000,0.850000,1.000000,0.017075,0.055321,3.239826,0.000000,0.407375,0.239055,0.135599,0.144170,1.567153,1.992377,0.000000,0.000000,0.000000,0.106667,0.013223,0.328300,0.325000,0.270400,10.948963,10.948718,10.959273,0.000000,10.948963,10.948718,10.941833,1.000000,0.999965,0.999965,0.999965,1.000000,0.157186,0.361872,0.000000,0.290825,0.599357,0.076190,0.150137,0.382991,0.000000,3.000000,-0.028247,-0.005965,-0.022282,0.776314,0.999990,1.541294,1.000000,500.000000,1.290815,1.293190,1.291777,0.002375,0.000962,1.001840,1.000745,0.067966,0.000000,0.201403,0.109475,0.091928,0.195403,0.113959,0.081444,0.091928,-0.010484,0.000000,1,0.500000,0.063121,0.373333,1.000000,1,-1,-1,0.000350,0.000453,0.500000,1.000000,0.001000,0,-1,-1,0.738993,0.073427,0.100000,0.100000,0.000000,0.000000,0.100000,0.020000,signed_gate,0.044166,0.005802,0.144170,0.000000,0.000000,0.000000,0.000000,0.000000,0.000000,0.000000,0.000000,0.000000,0,0,0.000000,0.500000,0.000000,0.000000,0.000000,0.000000,0.000000,0.000000
17,0.434326,1,0.833333,0.722222,0.000000,0.666667,0.140393,0.509143,0.000000,1.000000,0.000000,0.171429,0.024067,0.159086,12,18,0,low_density_factor|density_ratio_out_of_range,0.000000,0.850000,1.000000,0.016797,0.055200,3.286367,0.000000,0.420763,0.235155,0.138777,0.143598,1.564049,1.988781,0.000000,0.000000,0.000000,0.106667,0.013223,0.328300,0.325000,0.270400,12.000000,12.000000,12.000000,0.000000,12.000000,12.000000,12.000000,1.000000,0.999988,0.999988,0.999988,1.000000,0.157186,0.361872,0.000000,0.290008,0.583727,0.076190,0.150137,0.382991,0.000000,3.000000,-0.028313,-0.005783,-0.022530,0.780097,0.999996,1.536301,1.000000,500.000000,1.269257,1.272455,1.268680,0.003198,-0.000577,1.002520,0.999546,0.068367,0.000000,0.201258,0.109199,0.092060,0.195462,0.113734,0.081728,0.092060,-0.010332,0.000000,1,0.500000,0.063121,0.373333,1.000000,1,-1,-1,0.000000,0.000798,0.500000,1.000000,0.001000,0,-1,-1,0.738898,0.073428,0.100000,0.100000,0.000000,0.000000,0.100000,0.020000,signed_gate,0.041818,0.005772,0.143598,0.000000,0.000000,0.000000,0.000000,0.000000,0.000000,0.000000,0.000000,0.000000,0,0,0.000000,0.500000,0.000000,0.000000,0.000000,0.000000,0.000000,0.000000
18,0.431838,1,0.833333,0.722222,0.000000,0.666667,0.135464,0.494393,0.000000,1.000000,0.000000,0.171429,0.023222,0.153591,12,18,0,low_density_factor|density_ratio_out_of_range,0.000000,0.850000,1.000000,0.016823,0.054940,3.265726,0.000000,0.423837,0.235525,0.137966,0.143991,1.566865,1.996042,0.000000,0.000000,0.000000,0.106667,0.013223,0.328300,0.325000,0.270400,12.000000,12.000000,12.000000,0.000000,12.000000,12.000000,12.000000,1.000000,0.999988,0.999988,0.999988,1.000000,0.157186,0.361872,0.000000,0.291785,0.620295,0.066667,0.150137,0.382991,0.000000,3.000000,-0.028696,-0.006063,-0.022633,0.774026,0.999997,1.542552,1.000000,500.000000,1.268144,1.270077,1.269517,0.001933,0.001373,1.001524,1.001082,0.068288,0.000000,0.202015,0.109317,0.092698,0.195254,0.113975,0.081279,0.092698,-0.011419,0.000000,1,0.500000,0.063121,0.373333,1.000000,1,-1,-1,0.000000,0.000000,0.500000,1.000000,0.001000,0,-1,-1,0.739228,0.073427,0.100000,0.100000,0.000000,0.000000,0.100000,0.020000,signed_gate,0.040131,0.005714,0.143991,0.000000,0.000000,0.000000,0.000000,0.000000,0.000000,0.000000,0.000000,0.000000,0,0,0.000000,0.500000,0.000000,0.000000,0.000000,0.000000,0.000000,0.000000
19,0.427893,1,0.833333,0.722222,0.000000,0.666667,0.127819,0.470939,0.000000,1.000000,0.000000,0.171429,0.021912,0.145048,12,18,0,low_density_factor|density_ratio_out_of_range,0.000000,0.850000,1.000000,0.016394,0.053381,3.256117,0.000000,0.415564,0.229519,0.132407,0.144321,1.568480,1.992211,0.000000,0.000000,0.000000,0.106667,0.013223,0.328300,0.325000,0.270400,12.000000,12.000000,12.000000,0.000000,12.000000,12.000000,12.000000,1.000000,0.999988,0.999988,0.999988,1.000000,0.157186,0.361872,0.000000,0.293149,0.618257,0.066667,0.150137,0.382991,0.000000,3.000000,-0.028955,-0.006191,-0.022765,0.775383,0.999997,1.544306,1.000000,500.000000,1.276222,1.280424,1.278716,0.004201,0.002494,1.003292,1.001954,0.068722,0.000000,0.202004,0.109228,0.092775,0.195523,0.114085,0.081439,0.092775,-0.011337,0.000000,1,0.500000,0.063121,0.373333,1.000000,1,-1,-1,0.000000,0.000000,0.500000,1.000000,0.001000,0,-1,-1,0.739336,0.073421,0.100000,0.100000,0.000000,0.000000,0.100000,0.020000,signed_gate,0.038258,0.005667,0.144321,0.000000,0.000000,0.000000,0.000000,0.000000,0.000000,0.000000,0.000000,0.000000,0,0,0.000000,0.500000,0.000000,0.000000,0.000000,0.000000,0.000000,0.000000
20,0.425458,1,0.833333,0.722222,0.000000,0.666667,0.123198,0.456429,0.000000,1.000000,0.000000,0.171429,0.021120,0.139874,12,18,0,low_density_factor|density_ratio_out_of_range,0.000000,0.850000,1.000000,0.016127,0.052676,3.266351,0.000000,0.421785,0.225775,0.130712,0.144422,1.568859,1.988813,0.000000,0.000000,0.000000,0.106667,0.013223,0.328300,0.325000,0.270400,12.000000,12.000000,12.000000,0.000000,12.000000,12.000000,12.000000,1.000000,0.999988,0.999988,0.999988,1.000000,0.157186,0.361872,0.000000,0.294038,0.631108,0.066667,0.150137,0.382991,0.000000,3.000000,-0.029280,-0.006066,-0.023214,0.777396,0.999997,1.544220,1.000000,500.000000,1.267921,1.270111,1.267979,0.002190,0.000058,1.001727,1.000046,0.069032,0.000000,0.201730,0.109357,0.092373,0.195527,0.114029,0.081498,0.092373,-0.010875,0.000000,1,0.500000,0.063121,0.373333,1.000000,1,-1,-1,0.000000,0.000000,0.500000,1.000000,0.001000,0,-1,-1,0.739404,0.073419,0.100000,0.100000,0.000000,0.000000,0.100000,0.020000,signed_gate,0.036393,0.005636,0.144422,0.000000,0.000000,0.000000,0.000000,0.000000,0.000000,0.000000,0.000000,0.000000,0,0,0.000000,0.500000,0.000000,0.000000,0.000000,0.000000,0.000000,0.000000
21,0.420980,1,0.833333,0.722222,0.000000,0.666667,0.114877,0.429684,0.000000,1.000000,0.000000,0.171429,0.019693,0.130539,12,18,0,low_density_factor|density_ratio_out_of_range,0.000000,0.850000,1.000000,0.015985,0.052021,3.254447,0.000000,0.415123,0.223785,0.126297,0.143616,1.564912,1.980480,0.000000,0.000000,0.000000,0.106667,0.013223,0.328300,0.325000,0.270400,12.000000,12.000000,12.000000,0.000000,12.000000,12.000000,12.000000,1.000000,0.999988,0.999988,0.999988,1.000000,0.157186,0.361872,0.000000,0.295547,0.615125,0.076190,0.150137,0.382991,0.000000,3.000000,-0.029523,-0.006231,-0.023293,0.781794,0.999997,1.537821,1.000000,500.000000,1.267908,1.271494,1.269675,0.003586,0.001767,1.002828,1.001393,0.069131,0.000000,0.200630,0.109209,0.091421,0.195356,0.114019,0.081337,0.091421,-0.010084,0.000000,1,0.500000,0.063121,0.373333,1.000000,1,-1,-1,0.000000,0.000000,0.500000,1.000000,0.001000,0,-1,-1,0.739465,0.073414,0.100000,0.100000,0.000000,0.000000,0.100000,0.020000,signed_gate,0.035111,0.005557,0.143616,0.000000,0.000000,0.000000,0.000000,0.000000,0.000000,0.000000,0.000000,0.000000,0,0,0.000000,0.500000,0.000000,0.000000,0.000000,0.000000,0.000000,0.000000
22,0.417796,1,0.833333,0.722222,0.000000,0.666667,0.109091,0.410626,0.000000,1.000000,0.000000,0.171429,0.018701,0.124033,12,18,0,low_density_factor|density_ratio_out_of_range,0.000000,0.850000,1.000000,0.015495,0.050825,3.280031,0.000000,0.423006,0.216934,0.124547,0.144005,1.567138,1.980713,0.000000,0.000000,0.000000,0.106667,0.013223,0.328300,0.325000,0.270400,12.000000,12.000000,12.000000,0.000000,12.000000,12.000000,12.000000,1.000000,0.999988,0.999988,0.999988,1.000000,0.157186,0.361872,0.000000,0.297155,0.623339,0.085714,0.150137,0.382991,0.000000,3.000000,-0.029904,-0.006243,-0.023660,0.780606,0.999997,1.541188,1.000000,500.000000,1.244770,1.252334,1.246993,0.007564,0.002223,1.006076,1.001786,0.069719,0.000000,0.200086,0.109267,0.090818,0.195037,0.114106,0.080931,0.090818,-0.009887,0.000000,1,0.500000,0.063121,0.373333,1.000000,1,-1,-1,0.000000,0.000000,0.500000,1.000000,0.001000,0,-1,-1,0.739735,0.073414,0.100000,0.100000,0.000000,0.000000,0.100000,0.020000,signed_gate,0.033446,0.005512,0.144005,0.000000,0.000000,0.000000,0.000000,0.000000,0.000000,0.000000,0.000000,0.000000,0,0,0.000000,0.500000,0.000000,0.000000,0.000000,0.000000,0.000000,0.000000
23,0.412726,1,0.833333,0.722222,0.000000,0.666667,0.100077,0.380213,0.000000,1.000000,0.000000,0.171429,0.017156,0.113878,12,18,0,low_density_factor|density_ratio_out_of_range,0.000000,0.850000,1.000000,0.014581,0.047568,3.262392,0.000000,0.390597,0.204128,0.115522,0.143894,1.567031,1.980492,0.000000,0.000000,0.000000,0.106667,0.013223,0.328300,0.325000,0.270400,12.000000,12.000000,12.000000,0.000000,12.000000,12.000000,12.000000,1.000000,0.999988,0.999988,0.999988,1.000000,0.157186,0.361872,0.000000,0.297202,0.628744,0.077922,0.150137,0.382991,0.000000,3.000000,-0.029975,-0.006412,-0.023563,0.779496,0.999998,1.542062,1.000000,500.000000,1.257252,1.258730,1.258036,0.001477,0.000783,1.001175,1.000623,0.070764,0.000000,0.199376,0.109088,0.090288,0.194929,0.114136,0.080793,0.090288,-0.009495,0.000000,1,0.500000,0.063121,0.373333,1.000000,1,-1,-1,0.000000,0.000000,0.500000,1.000000,0.001000,0,-1,-1,0.739880,0.073412,0.100000,0.100000,0.000000,0.000000,0.100000,0.020000,signed_gate,0.031663,0.005467,0.143894,0.000000,0.000000,0.000000,0.000000,0.000000,0.000000,0.000000,0.000000,0.000000,0,0,0.000000,0.500000,0.000000,0.000000,0.000000,0.000000,0.000000,0.000000
24,0.409730,1,0.833333,0.722222,0.000000,0.666667,0.094856,0.362206,0.000000,1.000000,0.000000,0.171429,0.016261,0.107984,12,18,0,low_density_factor|density_ratio_out_of_range,0.000000,0.850000,1.000000,0.014710,0.048165,3.274298,0.000000,0.395727,0.205942,0.112677,0.143609,1.565354,1.985904,0.000000,0.000000,0.000000,0.106667,0.013223,0.328300,0.325000,0.270400,12.000000,12.000000,12.000000,0.000000,12.000000,12.000000,12.000000,1.000000,0.999988,0.999988,0.999988,1.000000,0.157186,0.361872,0.000000,0.297695,0.618900,0.076190,0.150137,0.382991,0.000000,3.000000,-0.030061,-0.006409,-0.023652,0.781169,0.999998,1.538690,1.000000,500.000000,1.257639,1.254835,1.257158,-0.002804,-0.000481,0.997771,0.999618,0.070557,0.000000,0.198359,0.108827,0.089531,0.195086,0.114096,0.080990,0.089531,-0.008541,0.000000,1,0.500000,0.063121,0.373333,1.000000,1,-1,-1,0.000000,0.000000,0.500000,1.000000,0.001000,0,-1,-1,0.739819,0.073411,0.100000,0.100000,0.000000,0.000000,0.100000,0.020000,signed_gate,0.030695,0.005395,0.143609,0.000000,0.000000,0.000000,0.000000,0.000000,0.000000,0.000000,0.000000,0.000000,0,0,0.000000,0.500000,0.000000,0.000000,0.000000,0.000000,0.000000,0.000000
25,0.406246,1,0.833333,0.722222,0.000000,0.666667,0.088872,0.341233,0.000000,1.000000,0.000000,0.171429,0.015235,0.101220,12,18,0,low_density_factor|density_ratio_out_of_range,0.000000,0.850000,1.000000,0.014232,0.046446,3.263523,0.000000,0.375751,0.199246,0.107013,0.143407,1.564055,1.986829,0.000000,0.000000,0.000000,0.106667,0.013223,0.328300,0.325000,0.270400,12.000000,12.000000,12.000000,0.000000,12.000000,12.000000,12.000000,1.000000,0.999988,0.999988,0.999988,1.000000,0.157186,0.361872,0.000000,0.298252,0.622064,0.076190,0.150137,0.382991,0.000000,3.000000,-0.030201,-0.006288,-0.023913,0.783513,0.999998,1.535455,1.000000,500.000000,1.230534,1.235684,1.236442,0.005150,0.005909,1.004185,1.004802,0.071104,0.000000,0.198078,0.108760,0.089318,0.195134,0.114013,0.081121,0.089318,-0.008197,0.000000,1,0.500000,0.063121,0.373333,1.000000,1,-1,-1,0.000000,0.000000,0.500000,1.000000,0.001000,0,-1,-1,0.739776,0.073410,0.100000,0.100000,0.000000,0.000000,0.100000,0.020000,signed_gate,0.029210,0.005332,0.143407,0.000000,0.000000,0.000000,0.000000,0.000000,0.000000,0.000000,0.000000,0.000000,0,0,0.000000,0.500000,0.000000,0.000000,0.000000,0.000000,0.000000,0.000000
26,0.404088,1,0.833333,0.722222,0.000000,0.666667,0.085210,0.328227,0.000000,1.000000,0.000000,0.171429,0.014607,0.097076,12,18,0,low_density_factor|density_ratio_out_of_range,0.000000,0.850000,1.000000,0.014018,0.045597,3.252806,0.000000,0.365132,0.196248,0.106262,0.143280,1.563419,1.989433,0.000000,0.000000,0.000000,0.106667,0.013223,0.328300,0.325000,0.270400,12.000000,12.000000,12.000000,0.000000,12.000000,12.000000,12.000000,1.000000,0.999988,0.999988,0.999988,1.000000,0.157186,0.361872,0.000000,0.298175,0.635473,0.066667,0.150137,0.382991,0.000000,3.000000,-0.030417,-0.006240,-0.024177,0.783860,0.999998,1.534123,1.000000,500.000000,1.241272,1.241047,1.243456,-0.000225,0.002184,0.999819,1.001759,0.071376,0.000000,0.197978,0.108805,0.089172,0.195222,0.113936,0.081286,0.089172,-0.007886,0.000000,1,0.500000,0.063121,0.373333,1.000000,1,-1,-1,0.000000,0.000000,0.500000,1.000000,0.001000,0,-1,-1,0.739875,0.073409,0.100000,0.100000,0.000000,0.000000,0.100000,0.020000,signed_gate,0.028006,0.005252,0.143280,0.000000,0.000000,0.000000,0.000000,0.000000,0.000000,0.000000,0.000000,0.000000,0,0,0.000000,0.500000,0.000000,0.000000,0.000000,0.000000,0.000000,0.000000
27,0.401215,1,0.750000,0.666667,0.000000,0.666667,0.080384,0.310894,0.000000,1.000000,0.000000,0.171429,0.013780,0.091610,12,18,0,low_density_factor|density_ratio_out_of_range,0.000000,0.850000,1.000000,0.013730,0.044312,3.227259,0.000000,0.338940,0.192226,0.101261,0.142559,1.559786,1.989936,0.000000,0.000000,0.000000,0.106667,0.013223,0.328300,0.325000,0.270400,12.000000,12.000000,12.000000,0.000000,12.000000,12.000000,12.000000,1.000000,0.999988,0.999988,0.999988,1.000000,0.157186,0.361872,0.000000,0.296648,0.630534,0.066667,0.150137,0.382991,0.000000,3.000000,-0.030366,-0.006172,-0.024194,0.786774,0.999998,1.528038,1.000000,500.000000,1.221815,1.222836,1.231816,0.001021,0.010001,1.000836,1.008185,0.071693,0.000000,0.197916,0.108587,0.089329,0.195369,0.113724,0.081645,0.089329,-0.007684,0.000000,1,0.500000,0.063121,0.373333,1.000000,1,-1,-1,0.000000,0.000000,0.500000,1.000000,0.001000,0,-1,-1,0.739766,0.073405,0.100000,0.100000,0.000000,0.000000,0.100000,0.020000,signed_gate,0.026942,0.005221,0.142559,0.000000,0.000000,0.000000,0.000000,0.000000,0.000000,0.000000,0.000000,0.000000,0,0,0.000000,0.500000,0.000000,0.000000,0.000000,0.000000,0.000000,0.000000
28,0.398505,1,0.750000,0.666667,0.000000,0.666667,0.075880,0.294531,0.000000,1.000000,0.000000,0.171429,0.013008,0.086504,12,18,0,low_density_factor|density_ratio_out_of_range,0.000000,0.850000,1.000000,0.013349,0.042769,3.203958,0.000000,0.313703,0.186882,0.097642,0.141668,1.555500,1.993446,0.000000,0.000000,0.000000,0.106667,0.013223,0.328300,0.325000,0.270400,12.000000,12.000000,12.000000,0.000000,12.000000,12.000000,12.000000,1.000000,0.999988,0.999988,0.999988,1.000000,0.157186,0.361872,0.000000,0.296301,0.617741,0.066667,0.150137,0.382991,0.000000,3.000000,-0.030491,-0.006242,-0.024250,0.788835,0.999998,1.521287,1.000000,500.000000,1.214417,1.220031,1.219935,0.005614,0.005518,1.004623,1.004544,0.072152,0.000000,0.197635,0.108622,0.089013,0.195426,0.113569,0.081857,0.089013,-0.007156,0.000000,1,0.500000,0.063121,0.373333,1.000000,1,-1,-1,0.000000,0.000000,0.500000,1.000000,0.001000,0,-1,-1,0.739782,0.073403,0.100000,0.100000,0.000000,0.000000,0.100000,0.020000,signed_gate,0.025760,0.005138,0.141668,0.000000,0.000000,0.000000,0.000000,0.000000,0.000000,0.000000,0.000000,0.000000,0,0,0.000000,0.500000,0.000000,0.000000,0.000000,0.000000,0.000000,0.000000
29,0.396211,1,0.833333,0.722222,0.000000,0.666667,0.072102,0.280670,0.000000,1.000000,0.000000,0.171429,0.012360,0.082217,12,18,0,low_density_factor|density_ratio_out_of_range,0.000000,0.850000,1.000000,0.012679,0.040354,3.182697,0.000000,0.291701,0.177507,0.092768,0.142406,1.559395,1.992041,0.000000,0.000000,0.000000,0.106667,0.013223,0.328300,0.325000,0.270400,12.000000,12.000000,12.000000,0.000000,12.000000,12.000000,12.000000,1.000000,0.999988,0.999988,0.999988,1.000000,0.157186,0.361872,0.000000,0.296181,0.623086,0.066667,0.150137,0.382991,0.000000,3.000000,-0.030644,-0.006293,-0.024350,0.785684,0.999998,1.527764,1.000000,500.000000,1.240248,1.236898,1.238821,-0.003351,-0.001427,0.997298,0.998849,0.072992,0.000000,0.198054,0.108848,0.089206,0.195639,0.113634,0.082005,0.089206,-0.007200,0.000000,1,0.500000,0.063121,0.373333,1.000000,1,-1,-1,0.000000,0.000000,0.500000,1.000000,0.001000,0,-1,-1,0.739964,0.073399,0.100000,0.100000,0.000000,0.000000,0.100000,0.020000,signed_gate,0.024220,0.005073,0.142406,0.000000,0.000000,0.000000,0.000000,0.000000,0.000000,0.000000,0.000000,0.000000,0,0,0.000000,0.500000,0.000000,0.000000,0.000000,0.000000,0.000000,0.000000
30,0.394789,1,0.750000,0.666667,0.000000,0.666667,0.069775,0.272070,0.000000,1.000000,0.000000,0.171429,0.011961,0.079574,12,18,0,low_density_factor|density_ratio_out_of_range,0.000000,0.850000,1.000000,0.012870,0.040870,3.175500,0.000000,0.291848,0.180184,0.090553,0.142768,1.561013,1.995648,0.000000,0.000000,0.000000,0.106667,0.013223,0.328300,0.325000,0.270400,12.000000,12.000000,12.000000,0.000000,12.000000,12.000000,12.000000,1.000000,0.999988,0.999988,0.999988,1.000000,0.157186,0.361872,0.000000,0.297888,0.623648,0.066667,0.150137,0.382991,0.000000,3.000000,-0.030763,-0.006204,-0.024559,0.783774,0.999998,1.530165,1.000000,500.000000,1.236985,1.235598,1.244291,-0.001387,0.007307,0.998879,1.005907,0.072703,0.000000,0.197455,0.108700,0.088755,0.195536,0.113699,0.081837,0.088755,-0.006918,0.000000,1,0.500000,0.063121,0.373333,1.000000,1,-1,-1,0.000000,0.000000,0.500000,1.000000,0.001000,0,-1,-1,0.739906,0.073402,0.100000,0.100000,0.000000,0.000000,0.100000,0.020000,signed_gate,0.023238,0.005008,0.142768,0.000000,0.000000,0.000000,0.000000,0.000000,0.000000,0.000000,0.000000,0.000000,0,0,0.000000,0.500000,0.000000,0.000000,0.000000,0.000000,0.000000,0.000000
31,0.393772,1,0.833333,0.722222,0.000000,0.666667,0.068116,0.265916,0.000000,1.000000,0.000000,0.171429,0.011677,0.077690,12,18,0,low_density_factor|density_ratio_out_of_range,0.000000,0.850000,1.000000,0.012425,0.039612,3.187965,0.000000,0.278192,0.173956,0.088630,0.143134,1.563105,1.996378,0.000000,0.000000,0.000000,0.106667,0.013223,0.328300,0.325000,0.270400,12.000000,12.000000,12.000000,0.000000,12.000000,12.000000,12.000000,1.000000,0.999988,0.999988,0.999988,1.000000,0.157186,0.361872,0.000000,0.297717,0.627821,0.066667,0.150137,0.382991,0.000000,3.000000,-0.031081,-0.006148,-0.024934,0.780993,0.999998,1.534023,1.000000,500.000000,1.211994,1.210953,1.222509,-0.001041,0.010515,0.999141,1.008676,0.073286,0.000000,0.197432,0.108649,0.088784,0.195429,0.113645,0.081784,0.088784,-0.006999,0.000000,1,0.500000,0.063121,0.373333,1.000000,1,-1,-1,0.000000,0.000000,0.500000,1.000000,0.001000,0,-1,-1,0.740146,0.073403,0.100000,0.100000,0.000000,0.000000,0.100000,0.020000,signed_gate,0.022153,0.004913,0.143134,0.000000,0.000000,0.000000,0.000000,0.000000,0.000000,0.000000,0.000000,0.000000,0,0,0.000000,0.500000,0.000000,0.000000,0.000000,0.000000,0.000000,0.000000
32,0.391473,1,0.833333,0.722222,0.000000,0.666667,0.064388,0.252003,0.000000,1.000000,0.000000,0.171429,0.011038,0.073453,12,18,0,low_density_factor|density_ratio_out_of_range,0.000000,0.850000,1.000000,0.012330,0.039319,3.188910,0.000000,0.277756,0.172619,0.084478,0.143451,1.564856,1.997604,0.000000,0.000000,0.000000,0.106667,0.013223,0.328300,0.325000,0.270400,12.000000,12.000000,12.000000,0.000000,12.000000,12.000000,12.000000,1.000000,0.999988,0.999988,0.999988,1.000000,0.157186,0.361872,0.000000,0.299105,0.628007,0.066667,0.150137,0.382991,0.000000,3.000000,-0.031239,-0.006377,-0.024863,0.778361,0.999998,1.537236,1.000000,500.000000,1.219630,1.219252,1.230582,-0.000378,0.010952,0.999690,1.008980,0.073367,0.000000,0.197011,0.108506,0.088506,0.195480,0.113773,0.081707,0.088506,-0.006799,0.000000,1,0.500000,0.063121,0.373333,1.000000,1,-1,-1,0.000000,0.000000,0.500000,1.000000,0.001000,0,-1,-1,0.740275,0.073402,0.100000,0.100000,0.000000,0.000000,0.100000,0.020000,signed_gate,0.021339,0.004822,0.143451,0.000000,0.000000,0.000000,0.000000,0.000000,0.000000,0.000000,0.000000,0.000000,0,0,0.000000,0.500000,0.000000,0.000000,0.000000,0.000000,0.000000,0.000000
33,0.390978,1,0.833333,0.722222,0.000000,0.666667,0.063587,0.249003,0.000000,1.000000,0.000000,0.171429,0.010901,0.072544,12,18,0,low_density_factor|density_ratio_out_of_range,0.000000,0.850000,1.000000,0.011986,0.037951,3.166240,0.000000,0.256731,0.167807,0.082541,0.142620,1.560577,1.996732,0.000000,0.000000,0.000000,0.106667,0.013223,0.328300,0.325000,0.270400,12.000000,12.000000,12.000000,0.000000,12.000000,12.000000,12.000000,1.000000,0.999988,0.999988,0.999988,1.000000,0.157186,0.361872,0.000000,0.297944,0.627761,0.066667,0.150137,0.382991,0.000000,3.000000,-0.031114,-0.006228,-0.024886,0.782888,0.999998,1.529890,1.000000,500.000000,1.229310,1.227266,1.231684,-0.002044,0.002374,0.998337,1.001931,0.073817,0.000000,0.197482,0.108633,0.088849,0.195498,0.113637,0.081861,0.088849,-0.006988,0.000000,1,0.500000,0.063121,0.373333,1.000000,1,-1,-1,0.000000,0.000000,0.500000,1.000000,0.001000,0,-1,-1,0.740165,0.073401,0.100000,0.100000,0.000000,0.000000,0.100000,0.020000,signed_gate,0.020286,0.004751,0.142620,0.000000,0.000000,0.000000,0.000000,0.000000,0.000000,0.000000,0.000000,0.000000,0,0,0.000000,0.500000,0.000000,0.000000,0.000000,0.000000,0.000000,0.000000
34,0.389339,1,0.833333,0.722222,0.000000,0.666667,0.060949,0.239077,0.000000,1.000000,0.000000,0.171429,0.010448,0.069543,12,18,0,low_density_factor|density_ratio_out_of_range,0.000000,0.850000,1.000000,0.012175,0.038272,3.143384,0.000000,0.248612,0.170455,0.085007,0.142005,1.557486,1.999378,0.000000,0.000000,0.000000,0.106667,0.013223,0.328300,0.325000,0.270400,12.000000,12.000000,12.000000,0.000000,12.000000,12.000000,12.000000,1.000000,0.999988,0.999988,0.999988,1.000000,0.157186,0.361872,0.000000,0.299645,0.645728,0.066667,0.150137,0.382991,0.000000,3.000000,-0.031387,-0.006228,-0.025158,0.783633,0.999998,1.524996,1.000000,500.000000,1.220351,1.224884,1.230205,0.004533,0.009854,1.003715,1.008075,0.073581,0.000000,0.196964,0.108524,0.088440,0.195241,0.113577,0.081664,0.088440,-0.006776,0.000000,1,0.500000,0.063121,0.373333,1.000000,1,-1,-1,0.000000,0.000000,0.500000,1.000000,0.001000,0,-1,-1,0.740170,0.073399,0.100000,0.100000,0.000000,0.000000,0.100000,0.020000,signed_gate,0.019576,0.004672,0.142005,0.000000,0.000000,0.000000,0.000000,0.000000,0.000000,0.000000,0.000000,0.000000,0,0,0.000000,0.500000,0.000000,0.000000,0.000000,0.000000,0.000000,0.000000
35,0.387489,1,0.750000,0.666667,0.000000,0.666667,0.057985,0.227867,0.000000,1.000000,0.000000,0.171429,0.009940,0.066171,12,18,0,low_density_factor|density_ratio_out_of_range,0.000000,0.850000,1.000000,0.012083,0.038002,3.145077,0.000000,0.238792,0.169162,0.080628,0.142289,1.558942,1.999365,0.000000,0.000000,0.000000,0.106667,0.013223,0.328300,0.325000,0.270400,12.000000,12.000000,12.000000,0.000000,12.000000,12.000000,12.000000,1.000000,0.999988,0.999988,0.999988,1.000000,0.157186,0.361872,0.000000,0.299812,0.640693,0.066667,0.150137,0.382991,0.000000,3.000000,-0.031380,-0.006230,-0.025150,0.781714,0.999998,1.527534,1.000000,500.000000,1.213988,1.216261,1.224059,0.002273,0.010072,1.001873,1.008296,0.073660,0.000000,0.196938,0.108563,0.088375,0.195395,0.113589,0.081806,0.088375,-0.006568,0.000000,1,0.500000,0.063121,0.373333,1.000000,1,-1,-1,0.000000,0.000000,0.500000,1.000000,0.001000,0,-1,-1,0.740149,0.073401,0.100000,0.100000,0.000000,0.000000,0.100000,0.020000,signed_gate,0.018622,0.004607,0.142289,0.000000,0.000000,0.000000,0.000000,0.000000,0.000000,0.000000,0.000000,0.000000,0,0,0.000000,0.500000,0.000000,0.000000,0.000000,0.000000,0.000000,0.000000
36,0.385712,1,0.750000,0.666667,0.000000,0.666667,0.055151,0.217095,0.000000,1.000000,0.000000,0.171429,0.009455,0.062947,12,18,0,low_density_factor|density_ratio_out_of_range,0.000000,0.850000,1.000000,0.011460,0.035961,3.138036,0.000000,0.218101,0.160438,0.074542,0.141691,1.556260,1.998069,0.000000,0.000000,0.000000,0.106667,0.013223,0.328300,0.325000,0.270400,12.000000,12.000000,12.000000,0.000000,12.000000,12.000000,12.000000,1.000000,0.999988,0.999988,0.999988,1.000000,0.157186,0.361872,0.000000,0.297894,0.641824,0.066667,0.150137,0.382991,0.000000,3.000000,-0.031469,-0.006411,-0.025058,0.783881,0.999998,1.524029,1.000000,500.000000,1.247323,1.247129,1.252293,-0.000194,0.004971,0.999845,1.003985,0.074456,0.000000,0.197505,0.108812,0.088693,0.195762,0.113465,0.082298,0.088693,-0.006395,0.000000,1,0.500000,0.063121,0.373333,1.000000,1,-1,-1,0.000000,0.000000,0.500000,1.000000,0.001000,0,-1,-1,0.740319,0.073397,0.100000,0.100000,0.000000,0.000000,0.100000,0.020000,signed_gate,0.017454,0.004513,0.141691,0.000000,0.000000,0.000000,0.000000,0.000000,0.000000,0.000000,0.000000,0.000000,0,0,0.000000,0.500000,0.000000,0.000000,0.000000,0.000000,0.000000,0.000000
37,0.385511,1,0.750000,0.666667,0.000000,0.666667,0.054833,0.215880,0.000000,1.000000,0.000000,0.171429,0.009400,0.062584,12,18,0,low_density_factor|density_ratio_out_of_range,0.000000,0.850000,1.000000,0.011659,0.036482,3.129082,0.000000,0.220983,0.163227,0.077094,0.141775,1.556620,1.998629,0.000000,0.000000,0.000000,0.106667,0.013223,0.328300,0.325000,0.270400,12.000000,12.000000,12.000000,0.000000,12.000000,12.000000,12.000000,1.000000,0.999988,0.999988,0.999988,1.000000,0.157186,0.361872,0.000000,0.299749,0.646906,0.066667,0.150137,0.382991,0.000000,3.000000,-0.031648,-0.006411,-0.025237,0.783736,0.999998,1.524472,1.000000,500.000000,1.221934,1.221318,1.230843,-0.000616,0.008909,0.999496,1.007291,0.074206,0.000000,0.197421,0.108876,0.088545,0.195818,0.113513,0.082304,0.088545,-0.006241,0.000000,1,0.500000,0.063121,0.373333,1.000000,1,-1,-1,0.000000,0.000000,0.500000,1.000000,0.001000,0,-1,-1,0.740272,0.073395,0.100000,0.100000,0.000000,0.000000,0.100000,0.020000,signed_gate,0.016626,0.004415,0.141775,0.000000,0.000000,0.000000,0.000000,0.000000,0.000000,0.000000,0.000000,0.000000,0,0,0.000000,0.500000,0.000000,0.000000,0.000000,0.000000,0.000000,0.000000
38,0.385621,1,0.750000,0.666667,0.000000,0.666667,0.055008,0.216547,0.000000,1.000000,0.000000,0.171429,0.009430,0.062783,12,18,0,low_density_factor|density_ratio_out_of_range,0.000000,0.850000,1.000000,0.011836,0.037268,3.148782,0.000000,0.216369,0.165701,0.076933,0.141790,1.556255,1.997149,0.000000,0.000000,0.000000,0.106667,0.013223,0.328300,0.325000,0.270400,12.000000,12.000000,12.000000,0.000000,12.000000,12.000000,12.000000,1.000000,0.999988,0.999988,0.999988,1.000000,0.157186,0.361872,0.000000,0.299238,0.645207,0.066667,0.150137,0.382991,0.000000,3.000000,-0.031449,-0.006250,-0.025199,0.785687,0.999998,1.523071,1.000000,500.000000,1.208983,1.212902,1.207000,0.003919,-0.001983,1.003242,0.998360,0.073964,0.000000,0.197271,0.108533,0.088738,0.195889,0.113470,0.082419,0.088738,-0.006319,0.000000,1,0.500000,0.063121,0.373333,1.000000,1,-1,-1,0.000000,0.000000,0.500000,1.000000,0.001000,0,-1,-1,0.740054,0.073396,0.100000,0.100000,0.000000,0.000000,0.100000,0.020000,signed_gate,0.015978,0.004332,0.141790,0.000000,0.000000,0.000000,0.000000,0.000000,0.000000,0.000000,0.000000,0.000000,0,0,0.000000,0.500000,0.000000,0.000000,0.000000,0.000000,0.000000,0.000000
39,0.384297,1,0.750000,0.666667,0.000000,0.666667,0.052905,0.208517,0.000000,1.000000,0.000000,0.171429,0.009069,0.060390,12,18,0,low_density_factor|density_ratio_out_of_range,0.000000,0.850000,1.000000,0.011580,0.036420,3.145027,0.000000,0.212901,0.162124,0.075939,0.141276,1.554081,1.998036,0.000000,0.000000,0.000000,0.106667,0.013223,0.328300,0.325000,0.270400,12.000000,12.000000,12.000000,0.000000,12.000000,12.000000,12.000000,1.000000,0.999988,0.999988,0.999988,1.000000,0.157186,0.361872,0.000000,0.298651,0.657076,0.066667,0.150137,0.382991,0.000000,3.000000,-0.031653,-0.006241,-0.025413,0.785409,0.999998,1.520283,1.000000,500.000000,1.214876,1.213033,1.224861,-0.001843,0.009985,0.998483,1.008219,0.074306,0.000000,0.196897,0.108434,0.088462,0.195502,0.113289,0.082212,0.088462,-0.006250,0.000000,1,0.500000,0.063121,0.373333,1.000000,1,-1,-1,0.000000,0.000000,0.500000,1.000000,0.001000,0,-1,-1,0.740201,0.073395,0.100000,0.100000,0.000000,0.000000,0.100000,0.020000,signed_gate,0.014959,0.004234,0.141276,0.000000,0.000000,0.000000,0.000000,0.000000,0.000000,0.000000,0.000000,0.000000,0,0,0.000000,0.500000,0.000000,0.000000,0.000000,0.000000,0.000000,0.000000
40,0.383559,1,0.750000,0.666667,0.000000,0.666667,0.051737,0.204043,0.000000,1.000000,0.000000,0.171429,0.008869,0.059059,12,18,0,low_density_factor|density_ratio_out_of_range,0.000000,0.850000,1.000000,0.011624,0.036737,3.160481,0.000000,0.206710,0.162734,0.075088,0.140849,1.551868,1.996990,0.000000,0.000000,0.000000,0.106667,0.013223,0.328300,0.325000,0.270400,12.000000,12.000000,12.000000,0.000000,12.000000,12.000000,12.000000,1.000000,0.999988,0.999988,0.999988,1.000000,0.157186,0.361872,0.000000,0.298258,0.654879,0.066667,0.150137,0.382991,0.000000,3.000000,-0.031633,-0.006274,-0.025360,0.787863,0.999998,1.516484,1.000000,500.000000,1.189037,1.191579,1.191737,0.002543,0.002700,1.002138,1.002271,0.074238,0.000000,0.196450,0.108342,0.088107,0.195532,0.113241,0.082291,0.088107,-0.005816,0.000000,1,0.500000,0.063121,0.373333,1.000000,1,-1,-1,0.000000,0.000000,0.500000,1.000000,0.001000,0,-1,-1,0.740142,0.073393,0.100000,0.100000,0.000000,0.000000,0.100000,0.020000,signed_gate,0.014198,0.004118,0.140849,0.000000,0.000000,0.000000,0.000000,0.000000,0.000000,0.000000,0.000000,0.000000,0,0,0.000000,0.500000,0.000000,0.000000,0.000000,0.000000,0.000000,0.000000
41,0.383798,1,0.666667,0.611111,0.000000,0.666667,0.052115,0.205491,0.000000,1.000000,0.000000,0.171429,0.008934,0.059490,12,18,0,low_density_factor|density_ratio_out_of_range,0.000000,0.850000,1.000000,0.011158,0.034983,3.135256,0.000000,0.192923,0.156212,0.070970,0.140777,1.551188,1.994849,0.000000,0.000000,0.000000,0.106667,0.013223,0.328300,0.325000,0.270400,12.000000,12.000000,12.000000,0.000000,12.000000,12.000000,12.000000,1.000000,0.999988,0.999988,0.999988,1.000000,0.157186,0.361872,0.000000,0.298017,0.650205,0.066667,0.150137,0.382991,0.000000,3.000000,-0.031418,-0.006155,-0.025263,0.789485,0.999998,1.514790,1.000000,500.000000,1.183419,1.186472,1.184609,0.003053,0.001189,1.002579,1.001005,0.074844,0.000000,0.196990,0.108508,0.088482,0.195567,0.113192,0.082376,0.088482,-0.006107,0.000000,1,0.500000,0.063121,0.373333,1.000000,1,-1,-1,0.000000,0.000000,0.500000,1.000000,0.001000,0,-1,-1,0.739884,0.073389,0.100000,0.100000,0.000000,0.000000,0.100000,0.020000,signed_gate,0.012924,0.004087,0.140777,0.000000,0.000000,0.000000,0.000000,0.000000,0.000000,0.000000,0.000000,0.000000,0,0,0.000000,0.500000,0.000000,0.000000,0.000000,0.000000,0.000000,0.000000
42,0.381914,1,0.666667,0.611111,0.000000,0.666667,0.049138,0.194061,0.000000,1.000000,0.000000,0.171429,0.008424,0.056099,12,18,0,low_density_factor|density_ratio_out_of_range,0.000000,0.850000,1.000000,0.011150,0.034956,3.135082,0.000000,0.196767,0.156101,0.071075,0.140979,1.552443,1.995370,0.000000,0.000000,0.000000,0.106667,0.013223,0.328300,0.325000,0.270400,12.000000,12.000000,12.000000,0.000000,12.000000,12.000000,12.000000,1.000000,0.999988,0.999988,0.999988,1.000000,0.157186,0.361872,0.000000,0.299062,0.661309,0.066667,0.150137,0.382991,0.000000,3.000000,-0.031645,-0.006338,-0.025307,0.788742,0.999998,1.517086,1.000000,500.000000,1.189734,1.191223,1.191260,0.001489,0.001526,1.001251,1.001283,0.074857,0.000000,0.196627,0.108522,0.088104,0.195617,0.113292,0.082325,0.088104,-0.005779,0.000000,1,0.500000,0.063121,0.373333,1.000000,1,-1,-1,0.000000,0.000000,0.500000,1.000000,0.001000,0,-1,-1,0.740085,0.073391,0.100000,0.100000,0.000000,0.000000,0.100000,0.020000,signed_gate,0.012112,0.003968,0.140979,0.000000,0.000000,0.000000,0.000000,0.000000,0.000000,0.000000,0.000000,0.000000,0,0,0.000000,0.500000,0.000000,0.000000,0.000000,0.000000,0.000000,0.000000
43,0.381369,1,0.750000,0.666667,0.000000,0.666667,0.048280,0.190754,0.000000,1.000000,0.000000,0.171429,0.008277,0.055121,12,18,0,low_density_factor|density_ratio_out_of_range,0.000000,0.850000,1.000000,0.010907,0.034379,3.152045,0.000000,0.194243,0.152698,0.069880,0.140635,1.550689,1.993625,0.000000,0.000000,0.000000,0.106667,0.013223,0.328300,0.325000,0.270400,12.000000,12.000000,12.000000,0.000000,12.000000,12.000000,12.000000,1.000000,0.999988,0.999988,0.999988,1.000000,0.157186,0.361872,0.000000,0.298235,0.662467,0.066667,0.150137,0.382991,0.000000,3.000000,-0.031711,-0.006312,-0.025398,0.790438,0.999998,1.514263,1.000000,500.000000,1.200845,1.201252,1.201611,0.000408,0.000766,1.000339,1.000638,0.075188,0.000000,0.196659,0.108336,0.088323,0.195700,0.113195,0.082505,0.088323,-0.005818,0.000000,1,0.500000,0.063121,0.373333,1.000000,1,-1,-1,0.000000,0.000000,0.500000,1.000000,0.001000,0,-1,-1,0.740105,0.073391,0.100000,0.100000,0.000000,0.000000,0.100000,0.020000,signed_gate,0.011282,0.003843,0.140635,0.000000,0.000000,0.000000,0.000000,0.000000,0.000000,0.000000,0.000000,0.000000,0,0,0.000000,0.500000,0.000000,0.000000,0.000000,0.000000,0.000000,0.000000
44,0.379769,1,0.666667,0.611111,0.000000,0.666667,0.045765,0.181044,0.000000,1.000000,0.000000,0.171429,0.007845,0.052256,12,18,0,low_density_factor|density_ratio_out_of_range,0.000000,0.850000,1.000000,0.010722,0.033853,3.157437,0.000000,0.185544,0.150102,0.068538,0.140317,1.549242,1.992109,0.000000,0.000000,0.000000,0.106667,0.013223,0.328300,0.325000,0.270400,12.000000,12.000000,12.000000,0.000000,12.000000,12.000000,12.000000,1.000000,0.999988,0.999988,0.999988,1.000000,0.157186,0.361872,0.000000,0.297839,0.665575,0.066667,0.150137,0.382991,0.000000,3.000000,-0.031796,-0.006389,-0.025407,0.791495,0.999998,1.512183,1.000000,500.000000,1.219997,1.216700,1.216244,-0.003298,-0.003754,0.997297,0.996923,0.075438,0.000000,0.196426,0.108105,0.088322,0.195799,0.113110,0.082689,0.088322,-0.005633,0.000000,1,0.500000,0.063121,0.373333,1.000000,1,-1,-1,0.000000,0.000000,0.500000,1.000000,0.001000,0,-1,-1,0.740137,0.073388,0.100000,0.100000,0.000000,0.000000,0.100000,0.020000,signed_gate,0.010498,0.003755,0.140317,0.000000,0.000000,0.000000,0.000000,0.000000,0.000000,0.000000,0.000000,0.000000,0,0,0.000000,0.500000,0.000000,0.000000,0.000000,0.000000,0.000000,0.000000
45,0.380020,1,0.750000,0.666667,0.000000,0.666667,0.046158,0.182564,0.000000,1.000000,0.000000,0.171429,0.007913,0.052704,12,18,0,low_density_factor|density_ratio_out_of_range,0.000000,0.850000,1.000000,0.010717,0.033691,3.143590,0.000000,0.179636,0.150043,0.067470,0.140026,1.547668,1.993225,0.000000,0.000000,0.000000,0.106667,0.013223,0.328300,0.325000,0.270400,12.000000,12.000000,12.000000,0.000000,12.000000,12.000000,12.000000,1.000000,0.999988,0.999988,0.999988,1.000000,0.157186,0.361872,0.000000,0.297888,0.670102,0.066667,0.150137,0.382991,0.000000,3.000000,-0.031739,-0.006344,-0.025396,0.793512,0.999998,1.509436,1.000000,500.000000,1.210133,1.211704,1.207194,0.001571,-0.002939,1.001298,0.997571,0.075431,0.000000,0.196585,0.107994,0.088592,0.195750,0.113022,0.082728,0.088592,-0.005863,0.000000,1,0.500000,0.063121,0.373333,1.000000,1,-1,-1,0.000000,0.000000,0.500000,1.000000,0.001000,0,-1,-1,0.739982,0.073385,0.100000,0.100000,0.000000,0.000000,0.100000,0.020000,signed_gate,0.009673,0.003679,0.140026,0.000000,0.000000,0.000000,0.000000,0.000000,0.000000,0.000000,0.000000,0.000000,0,0,0.000000,0.500000,0.000000,0.000000,0.000000,0.000000,0.000000,0.000000
46,0.380768,1,0.666667,0.611111,0.000000,0.666667,0.047334,0.187107,0.000000,1.000000,0.000000,0.171429,0.008114,0.054044,12,18,0,low_density_factor|density_ratio_out_of_range,0.000000,0.850000,1.000000,0.010776,0.033758,3.132558,0.000000,0.177929,0.150869,0.067675,0.139067,1.542957,1.991216,0.000000,0.000000,0.000000,0.106667,0.013223,0.328300,0.325000,0.270400,12.000000,12.000000,12.000000,0.000000,12.000000,12.000000,12.000000,1.000000,0.999988,0.999988,0.999988,1.000000,0.157186,0.361872,0.000000,0.298111,0.671780,0.066667,0.150137,0.382991,0.000000,3.000000,-0.031620,-0.006333,-0.025287,0.797562,0.999998,1.502133,1.000000,500.000000,1.209877,1.209087,1.206705,-0.000790,-0.003171,0.999347,0.997379,0.075350,0.000000,0.196445,0.107894,0.088551,0.195569,0.112884,0.082685,0.088551,-0.005866,0.000000,1,0.500000,0.063121,0.373333,1.000000,1,-1,-1,0.000000,0.000000,0.500000,1.000000,0.001000,0,-1,-1,0.739764,0.073385,0.100000,0.100000,0.000000,0.000000,0.100000,0.020000,signed_gate,0.008972,0.003593,0.139067,0.000000,0.000000,0.000000,0.000000,0.000000,0.000000,0.000000,0.000000,0.000000,0,0,0.000000,0.500000,0.000000,0.000000,0.000000,0.000000,0.000000,0.000000
47,0.382459,1,0.666667,0.611111,0.000000,0.666667,0.049998,0.197368,0.000000,1.000000,0.000000,0.171429,0.008571,0.057079,12,18,0,low_density_factor|density_ratio_out_of_range,0.000000,0.850000,1.000000,0.010332,0.032595,3.154658,0.000000,0.178494,0.144653,0.066096,0.138632,1.540941,1.993098,0.000000,0.000000,0.000000,0.106667,0.013223,0.328300,0.325000,0.270400,12.000000,12.000000,12.000000,0.000000,12.000000,12.000000,12.000000,1.000000,0.999988,0.999988,0.999988,1.000000,0.157186,0.361872,0.000000,0.296593,0.672414,0.066667,0.150137,0.382991,0.000000,3.000000,-0.031687,-0.006113,-0.025574,0.798405,0.999998,1.499188,1.000000,500.000000,1.209615,1.204159,1.209598,-0.005457,-0.000017,0.995489,0.999986,0.075968,0.000000,0.196418,0.107567,0.088851,0.195306,0.112632,0.082674,0.088851,-0.006177,0.000000,1,0.500000,0.063121,0.373333,1.000000,1,-1,-1,0.000000,0.000000,0.500000,1.000000,0.001000,0,-1,-1,0.739752,0.073383,0.100000,0.100000,0.000000,0.000000,0.100000,0.020000,signed_gate,0.008118,0.003458,0.138632,0.000000,0.000000,0.000000,0.000000,0.000000,0.000000,0.000000,0.000000,0.000000,0,0,0.000000,0.500000,0.000000,0.000000,0.000000,0.000000,0.000000,0.000000
48,0.380986,1,0.666667,0.611111,0.000000,0.666667,0.047677,0.188430,0.000000,1.000000,0.000000,0.171429,0.008173,0.054435,12,18,0,low_density_factor|density_ratio_out_of_range,0.000000,0.850000,1.000000,0.010567,0.033469,3.167462,0.000000,0.184368,0.147931,0.066335,0.138431,1.540247,1.993836,0.000000,0.000000,0.000000,0.106667,0.013223,0.328300,0.325000,0.270400,12.000000,12.000000,12.000000,0.000000,12.000000,12.000000,12.000000,1.000000,0.999988,0.999988,0.999988,1.000000,0.157186,0.361872,0.000000,0.295653,0.671660,0.057143,0.150137,0.382991,0.000000,3.000000,-0.031856,-0.006416,-0.025439,0.797686,0.999998,1.498516,1.000000,500.000000,1.236868,1.226607,1.234427,-0.010261,-0.002441,0.991704,0.998026,0.075636,0.000000,0.196618,0.107361,0.089258,0.195993,0.112597,0.083396,0.089258,-0.005862,0.000000,1,0.500000,0.063121,0.373333,1.000000,1,-1,-1,0.000000,0.000000,0.500000,1.000000,0.001000,0,-1,-1,0.739932,0.073381,0.100000,0.100000,0.000000,0.000000,0.100000,0.020000,signed_gate,0.007663,0.003402,0.138431,0.000000,0.000000,0.000000,0.000000,0.000000,0.000000,0.000000,0.000000,0.000000,0,0,0.000000,0.500000,0.000000,0.000000,0.000000,0.000000,0.000000,0.000000
49,0.381880,1,0.583333,0.555556,0.000000,0.666667,0.049085,0.193854,0.000000,1.000000,0.000000,0.171429,0.008415,0.056038,12,18,0,low_density_factor|density_ratio_out_of_range,0.000000,0.850000,1.000000,0.010686,0.033703,3.153829,0.000000,0.186035,0.149608,0.066352,0.138043,1.538348,1.993999,0.000000,0.000000,0.000000,0.106667,0.013223,0.328300,0.325000,0.270400,12.000000,12.000000,12.000000,0.000000,12.000000,12.000000,12.000000,1.000000,0.999988,0.999988,0.999988,1.000000,0.157186,0.361872,0.000000,0.294698,0.664998,0.057143,0.150137,0.382991,0.000000,3.000000,-0.031781,-0.006507,-0.025274,0.798915,0.999998,1.495503,1.000000,500.000000,1.214398,1.215442,1.208666,0.001043,-0.005733,1.000859,0.995280,0.075465,0.000000,0.197030,0.107348,0.089682,0.196339,0.112502,0.083837,0.089682,-0.005845,0.000000,1,0.500000,0.063121,0.373333,1.000000,1,-1,-1,0.000000,0.000000,0.500000,1.000000,0.001000,0,-1,-1,0.739843,0.073376,0.100000,0.100000,0.000000,0.000000,0.100000,0.020000,signed_gate,0.007043,0.003290,0.138043,0.000000,0.000000,0.000000,0.000000,0.000000,0.000000,0.000000,0.000000,0.000000,0,0,0.000000,0.500000,0.000000,0.000000,0.000000,0.000000,0.000000,0.000000
50,0.381617,1,0.666667,0.611111,0.000000,0.666667,0.048670,0.192257,0.000000,1.000000,0.000000,0.171429,0.008343,0.055566,12,18,0,low_density_factor|density_ratio_out_of_range,0.000000,0.850000,1.000000,0.010531,0.033298,3.162031,0.000000,0.181413,0.147430,0.065851,0.137327,1.534742,1.994565,0.000000,0.000000,0.000000,0.106667,0.013223,0.328300,0.325000,0.270400,12.000000,12.000000,12.000000,0.000000,12.000000,12.000000,12.000000,1.000000,0.999988,0.999988,0.999988,1.000000,0.157186,0.361872,0.000000,0.293365,0.662056,0.057143,0.150137,0.382991,0.000000,3.000000,-0.031690,-0.006325,-0.025365,0.801699,0.999998,1.489864,1.000000,500.000000,1.208730,1.213899,1.205923,0.005168,-0.002808,1.004276,0.997677,0.075682,0.000000,0.196936,0.107139,0.089797,0.196248,0.112314,0.083934,0.089797,-0.005863,0.000000,1,0.500000,0.063121,0.373333,1.000000,1,-1,-1,0.000000,0.000000,0.500000,1.000000,0.001000,0,-1,-1,0.739698,0.073376,0.100000,0.100000,0.000000,0.000000,0.100000,0.020000,signed_gate,0.006437,0.003141,0.137327,0.000000,0.000000,0.000000,0.000000,0.000000,0.000000,0.000000,0.000000,0.000000,0,0,0.000000,0.500000,0.000000,0.000000,0.000000,0.000000,0.000000,0.000000
51,0.379471,1,0.666667,0.611111,0.000000,0.666667,0.045298,0.179235,0.000000,1.000000,0.000000,0.171429,0.007765,0.051723,12,18,0,low_density_factor|density_ratio_out_of_range,0.000000,0.850000,1.000000,0.010235,0.032509,3.176380,0.000000,0.172141,0.143286,0.063467,0.137050,1.533157,1.993388,0.000000,0.000000,0.000000,0.106667,0.013223,0.328300,0.325000,0.270400,12.000000,12.000000,12.000000,0.000000,12.000000,12.000000,12.000000,1.000000,0.999988,0.999988,0.999988,1.000000,0.157186,0.361872,0.000000,0.292286,0.636686,0.057143,0.150137,0.382991,0.000000,3.000000,-0.031515,-0.006259,-0.025256,0.803590,0.999998,1.487107,1.000000,500.000000,1.205724,1.200740,1.195723,-0.004984,-0.010001,0.995867,0.991706,0.076083,0.000000,0.197084,0.106905,0.090179,0.196582,0.112293,0.084289,0.090179,-0.005890,0.000000,1,0.500000,0.063121,0.373333,1.000000,1,-1,-1,0.000000,0.000000,0.500000,1.000000,0.001000,0,-1,-1,0.739574,0.073373,0.100000,0.100000,0.000000,0.000000,0.100000,0.020000,signed_gate,0.005909,0.002994,0.137050,0.000000,0.000000,0.000000,0.000000,0.000000,0.000000,0.000000,0.000000,0.000000,0,0,0.000000,0.500000,0.000000,0.000000,0.000000,0.000000,0.000000,0.000000
52,0.377398,1,0.583333,0.555556,0.000000,0.666667,0.042054,0.166645,0.000000,1.000000,0.000000,0.171429,0.007209,0.048024,12,18,0,low_density_factor|density_ratio_out_of_range,0.000000,0.850000,1.000000,0.010213,0.032358,3.168362,0.000000,0.168765,0.142981,0.064787,0.136405,1.530547,1.993252,0.000000,0.000000,0.000000,0.106667,0.013223,0.328300,0.325000,0.270400,12.000000,12.000000,12.000000,0.000000,12.000000,12.000000,12.000000,1.000000,0.999988,0.999988,0.999988,1.000000,0.157186,0.361872,0.000000,0.291918,0.647389,0.057143,0.150137,0.382991,0.000000,3.000000,-0.031868,-0.006474,-0.025394,0.803064,0.999998,1.484365,1.000000,500.000000,1.180462,1.178509,1.175939,-0.001953,-0.004523,0.998346,0.996168,0.076126,0.000000,0.196384,0.106655,0.089730,0.196460,0.112136,0.084324,0.089730,-0.005406,0.000000,1,0.500000,0.063121,0.373333,1.000000,1,-1,-1,0.000000,0.000000,0.500000,1.000000,0.001000,0,-1,-1,0.739850,0.073372,0.100000,0.100000,0.000000,0.000000,0.100000,0.020000,signed_gate,0.005415,0.002791,0.136405,0.000000,0.000000,0.000000,0.000000,0.000000,0.000000,0.000000,0.000000,0.000000,0,0,0.000000,0.500000,0.000000,0.000000,0.000000,0.000000,0.000000,0.000000
53,0.378671,1,0.666667,0.611111,0.000000,0.666667,0.044045,0.174378,0.000000,1.000000,0.000000,0.171429,0.007551,0.050294,12,18,0,low_density_factor|density_ratio_out_of_range,0.000000,0.850000,1.000000,0.010036,0.031931,3.181731,0.000000,0.169616,0.140499,0.065443,0.136296,1.529709,1.990945,0.000000,0.000000,0.000000,0.106667,0.013223,0.328300,0.325000,0.270400,12.000000,12.000000,12.000000,0.000000,12.000000,12.000000,12.000000,1.000000,0.999988,0.999988,0.999988,1.000000,0.157186,0.361872,0.000000,0.291468,0.646295,0.057143,0.150137,0.382991,0.000000,3.000000,-0.031741,-0.006349,-0.025392,0.804951,0.999998,1.482498,1.000000,500.000000,1.203948,1.202432,1.210858,-0.001516,0.006909,0.998741,1.005739,0.076387,0.000000,0.196366,0.106570,0.089795,0.196558,0.112172,0.084387,0.089795,-0.005409,0.000000,1,0.500000,0.063121,0.373333,1.000000,1,-1,-1,0.000000,0.000000,0.500000,1.000000,0.001000,0,-1,-1,0.739727,0.073371,0.100000,0.100000,0.000000,0.000000,0.100000,0.020000,signed_gate,0.004920,0.002594,0.136296,0.000000,0.000000,0.000000,0.000000,0.000000,0.000000,0.000000,0.000000,0.000000,0,0,0.000000,0.500000,0.000000,0.000000,0.000000,0.000000,0.000000,0.000000
54,0.378118,1,0.666667,0.611111,0.000000,0.666667,0.043178,0.171016,0.000000,1.000000,0.000000,0.171429,0.007402,0.049307,12,18,0,low_density_factor|density_ratio_out_of_range,0.000000,0.850000,1.000000,0.009952,0.031916,3.207118,0.000000,0.169852,0.139323,0.064531,0.135048,1.524211,1.990757,0.000000,0.000000,0.000000,0.106667,0.013223,0.328300,0.325000,0.270400,12.000000,12.000000,12.000000,0.000000,12.000000,12.000000,12.000000,1.000000,0.999988,0.999988,0.999988,1.000000,0.157186,0.361872,0.000000,0.290614,0.657523,0.057143,0.150137,0.382991,0.000000,3.000000,-0.031754,-0.006323,-0.025431,0.807118,0.999999,1.475451,1.000000,500.000000,1.191486,1.184825,1.187226,-0.006660,-0.004259,0.994410,0.996425,0.076503,0.000000,0.195982,0.106422,0.089560,0.196244,0.111914,0.084330,0.089560,-0.005230,0.000000,1,0.500000,0.063121,0.373333,1.000000,1,-1,-1,0.000000,0.000000,0.500000,1.000000,0.001000,0,-1,-1,0.739706,0.073368,0.100000,0.100000,0.000000,0.000000,0.100000,0.020000,signed_gate,0.004564,0.002387,0.135048,0.000000,0.000000,0.000000,0.000000,0.000000,0.000000,0.000000,0.000000,0.000000,0,0,0.000000,0.500000,0.000000,0.000000,0.000000,0.000000,0.000000,0.000000
55,0.377712,1,0.583333,0.555556,0.000000,0.666667,0.042544,0.168550,0.000000,1.000000,0.000000,0.171429,0.007293,0.048583,12,18,0,low_density_factor|density_ratio_out_of_range,0.000000,0.850000,1.000000,0.009978,0.031871,3.194117,0.000000,0.164682,0.139693,0.064526,0.134422,1.521444,1.990896,0.000000,0.000000,0.000000,0.106667,0.013223,0.328300,0.325000,0.270400,12.000000,12.000000,12.000000,0.000000,12.000000,12.000000,12.000000,1.000000,0.999988,0.999988,0.999988,1.000000,0.157186,0.361872,0.000000,0.289491,0.646352,0.057143,0.150137,0.382991,0.000000,3.000000,-0.031635,-0.006414,-0.025222,0.808196,0.999999,1.472036,1.000000,500.000000,1.186084,1.184635,1.190297,-0.001449,0.004213,0.998778,1.003552,0.076465,0.000000,0.195815,0.106260,0.089554,0.196259,0.111777,0.084482,0.089554,-0.005073,0.000000,1,0.500000,0.063121,0.373333,1.000000,1,-1,-1,0.000000,0.000000,0.500000,1.000000,0.001000,0,-1,-1,0.739667,0.073366,0.100000,0.100000,0.000000,0.000000,0.100000,0.020000,signed_gate,0.004204,0.002201,0.134422,0.000000,0.000000,0.000000,0.000000,0.000000,0.000000,0.000000,0.000000,0.000000,0,0,0.000000,0.500000,0.000000,0.000000,0.000000,0.000000,0.000000,0.000000
56,0.377932,1,0.583333,0.555556,0.000000,0.666667,0.042888,0.169888,0.000000,1.000000,0.000000,0.171429,0.007352,0.048975,12,18,0,low_density_factor|density_ratio_out_of_range,0.000000,0.850000,1.000000,0.010177,0.032606,3.203793,0.000000,0.168501,0.142480,0.065822,0.133488,1.517164,1.991833,0.000000,0.000000,0.000000,0.106667,0.013223,0.328300,0.325000,0.270400,12.000000,12.000000,12.000000,0.000000,12.000000,12.000000,12.000000,1.000000,0.999988,0.999988,0.999988,1.000000,0.157186,0.361872,0.000000,0.288540,0.645829,0.057143,0.150137,0.382991,0.000000,3.000000,-0.031592,-0.006322,-0.025270,0.810624,0.999999,1.466598,1.000000,500.000000,1.175999,1.180708,1.172316,0.004709,-0.003682,1.004005,0.996869,0.076191,0.000000,0.195612,0.106067,0.089545,0.196091,0.111621,0.084470,0.089545,-0.005075,0.000000,1,0.500000,0.063121,0.373333,1.000000,1,-1,-1,0.000000,0.000000,0.500000,1.000000,0.001000,0,-1,-1,0.739615,0.073364,0.100000,0.100000,0.000000,0.000000,0.100000,0.020000,signed_gate,0.003926,0.002028,0.133488,0.000000,0.000000,0.000000,0.000000,0.000000,0.000000,0.000000,0.000000,0.000000,0,0,0.000000,0.500000,0.000000,0.000000,0.000000,0.000000,0.000000,0.000000
57,0.377388,1,0.583333,0.555556,0.000000,0.666667,0.042038,0.166585,0.000000,1.000000,0.000000,0.171429,0.007206,0.048006,12,18,0,low_density_factor|density_ratio_out_of_range,0.000000,0.850000,1.000000,0.009905,0.031707,3.201252,0.000000,0.167787,0.138663,0.064388,0.132880,1.514093,1.989619,0.000000,0.000000,0.000000,0.106667,0.013223,0.328300,0.325000,0.270400,12.000000,12.000000,12.000000,0.000000,12.000000,12.000000,12.000000,1.000000,0.999988,0.999988,0.999988,1.000000,0.157186,0.361872,0.000000,0.287254,0.645181,0.057143,0.150137,0.382991,0.000000,3.000000,-0.031542,-0.006435,-0.025108,0.814158,0.999999,1.461650,1.000000,500.000000,1.200820,1.195660,1.190724,-0.005160,-0.010096,0.995703,0.991592,0.076570,0.000000,0.196132,0.105925,0.090208,0.196670,0.111540,0.085130,0.090208,-0.005077,0.000000,1,0.500000,0.063121,0.373333,1.000000,1,-1,-1,0.000000,0.000000,0.500000,1.000000,0.001000,0,-1,-1,0.739550,0.073361,0.100000,0.100000,0.000000,0.000000,0.100000,0.020000,signed_gate,0.003577,0.001867,0.132880,0.000000,0.000000,0.000000,0.000000,0.000000,0.000000,0.000000,0.000000,0.000000,0,0,0.000000,0.500000,0.000000,0.000000,0.000000,0.000000,0.000000,0.000000
58,0.376446,1,0.666667,0.611111,0.000000,0.666667,0.040567,0.160860,0.000000,1.000000,0.000000,0.171429,0.006954,0.046330,12,18,0,low_density_factor|density_ratio_out_of_range,0.000000,0.850000,1.000000,0.009661,0.031213,3.230867,0.000000,0.169657,0.135250,0.063081,0.132901,1.514259,1.988365,0.000000,0.000000,0.000000,0.106667,0.013223,0.328300,0.325000,0.270400,12.000000,12.000000,12.000000,0.000000,12.000000,12.000000,12.000000,1.000000,0.999988,0.999988,0.999988,1.000000,0.157186,0.361872,0.000000,0.286448,0.635798,0.057143,0.150137,0.382991,0.000000,3.000000,-0.031657,-0.006526,-0.025132,0.813619,0.999999,1.461908,1.000000,500.000000,1.187018,1.188527,1.183242,0.001509,-0.003776,1.001272,0.996819,0.076912,0.000000,0.195954,0.105756,0.090198,0.196922,0.111471,0.085451,0.090198,-0.004746,0.000000,1,0.500000,0.063121,0.373333,1.000000,1,-1,-1,0.000000,0.000000,0.500000,1.000000,0.001000,0,-1,-1,0.739660,0.073357,0.100000,0.100000,0.000000,0.000000,0.100000,0.020000,signed_gate,0.003324,0.001735,0.132901,0.000000,0.000000,0.000000,0.000000,0.000000,0.000000,0.000000,0.000000,0.000000,0,0,0.000000,0.500000,0.000000,0.000000,0.000000,0.000000,0.000000,0.000000
59,0.375893,1,0.666667,0.611111,0.000000,0.666667,0.039707,0.157505,0.000000,1.000000,0.000000,0.171429,0.006807,0.045348,12,18,0,low_density_factor|density_ratio_out_of_range,0.000000,0.850000,1.000000,0.009753,0.031444,3.223961,0.000000,0.161931,0.136547,0.064564,0.133202,1.515358,1.985065,0.000000,0.000000,0.000000,0.106667,0.013223,0.328300,0.325000,0.270400,12.000000,12.000000,12.000000,0.000000,12.000000,12.000000,12.000000,1.000000,0.999988,0.999988,0.999988,1.000000,0.157186,0.361872,0.000000,0.287511,0.637051,0.057143,0.150137,0.382991,0.000000,3.000000,-0.031385,-0.006477,-0.024909,0.814925,0.999999,1.462458,1.000000,500.000000,1.177507,1.177299,1.177790,-0.000208,0.000283,0.999823,1.000240,0.076792,0.000000,0.195495,0.105661,0.089833,0.196968,0.111638,0.085330,0.089833,-0.004503,0.000000,1,0.500000,0.063121,0.373333,1.000000,1,-1,-1,0.000000,0.000000,0.500000,1.000000,0.001000,0,-1,-1,0.739431,0.073359,0.100000,0.100000,0.000000,0.000000,0.100000,0.020000,signed_gate,0.003157,0.001624,0.133202,0.000000,0.000000,0.000000,0.000000,0.000000,0.000000,0.000000,0.000000,0.000000,0,0,0.000000,0.500000,0.000000,0.000000,0.000000,0.000000,0.000000,0.000000
60,0.376989,1,0.583333,0.555556,0.000000,0.666667,0.041415,0.164160,0.000000,1.000000,0.000000,0.171429,0.007100,0.047296,12,18,0,low_density_factor|density_ratio_out_of_range,0.000000,0.850000,1.000000,0.009908,0.031869,3.216627,0.000000,0.162568,0.138705,0.065558,0.132740,1.513442,1.986336,0.000000,0.000000,0.000000,0.106667,0.013223,0.328300,0.325000,0.270400,12.000000,12.000000,12.000000,0.000000,12.000000,12.000000,12.000000,1.000000,0.999988,0.999988,0.999988,1.000000,0.157186,0.361872,0.000000,0.287563,0.641163,0.057143,0.150137,0.382991,0.000000,3.000000,-0.031427,-0.006497,-0.024929,0.814783,0.999999,1.460548,1.000000,500.000000,1.184385,1.183435,1.181964,-0.000950,-0.002421,0.999198,0.997956,0.076579,0.000000,0.195312,0.105677,0.089636,0.196660,0.111562,0.085098,0.089636,-0.004537,0.000000,1,0.500000,0.063121,0.373333,1.000000,1,-1,-1,0.000000,0.000000,0.500000,1.000000,0.001000,0,-1,-1,0.739459,0.073360,0.100000,0.100000,0.000000,0.000000,0.100000,0.020000,signed_gate,0.002911,0.001524,0.132740,0.000000,0.000000,0.000000,0.000000,0.000000,0.000000,0.000000,0.000000,0.000000,0,0,0.000000,0.500000,0.000000,0.000000,0.000000,0.000000,0.000000,0.000000
61,0.376550,1,0.583333,0.555556,0.000000,0.666667,0.040730,0.161493,0.000000,1.000000,0.000000,0.171429,0.006982,0.046515,12,18,0,low_density_factor|density_ratio_out_of_range,0.000000,0.850000,1.000000,0.009573,0.030913,3.229321,0.000000,0.165746,0.134016,0.062670,0.133135,1.515360,1.984102,0.000000,0.000000,0.000000,0.106667,0.013223,0.328300,0.325000,0.270400,12.000000,12.000000,12.000000,0.000000,12.000000,12.000000,12.000000,1.000000,0.999988,0.999988,0.999988,1.000000,0.157186,0.361872,0.000000,0.286579,0.620903,0.057143,0.150137,0.382991,0.000000,3.000000,-0.031253,-0.006537,-0.024716,0.814147,0.999999,1.463210,1.000000,500.000000,1.223317,1.222563,1.221489,-0.000755,-0.001828,0.999383,0.998505,0.077038,0.000000,0.195552,0.105835,0.089717,0.196910,0.111576,0.085333,0.089717,-0.004384,0.000000,1,0.500000,0.063121,0.373333,1.000000,1,-1,-1,0.000000,0.000000,0.500000,1.000000,0.001000,0,-1,-1,0.739458,0.073358,0.100000,0.100000,0.000000,0.000000,0.100000,0.020000,signed_gate,0.002733,0.001402,0.133135,0.000000,0.000000,0.000000,0.000000,0.000000,0.000000,0.000000,0.000000,0.000000,0,0,0.000000,0.500000,0.000000,0.000000,0.000000,0.000000,0.000000,0.000000
62,0.376103,1,0.583333,0.555556,0.000000,0.666667,0.040034,0.158781,0.000000,1.000000,0.000000,0.171429,0.006863,0.045721,12,18,0,low_density_factor|density_ratio_out_of_range,0.000000,0.850000,1.000000,0.009608,0.031157,3.242707,0.000000,0.166220,0.134515,0.064748,0.132520,1.512253,1.983677,0.000000,0.000000,0.000000,0.106667,0.013223,0.328300,0.325000,0.270400,12.000000,12.000000,12.000000,0.000000,12.000000,12.000000,12.000000,1.000000,0.999988,0.999988,0.999988,1.000000,0.157186,0.361872,0.000000,0.286645,0.629836,0.057143,0.150137,0.382991,0.000000,3.000000,-0.031266,-0.006476,-0.024790,0.816869,0.999999,1.458512,1.000000,500.000000,1.177969,1.176789,1.177854,-0.001180,-0.000116,0.998998,0.999902,0.077007,0.000000,0.195332,0.105726,0.089606,0.196923,0.111555,0.085368,0.089606,-0.004238,0.000000,1,0.500000,0.063121,0.373333,1.000000,1,-1,-1,0.000000,0.000000,0.500000,1.000000,0.001000,0,-1,-1,0.739395,0.073360,0.100000,0.100000,0.000000,0.000000,0.100000,0.020000,signed_gate,0.002597,0.001322,0.132520,0.000000,0.000000,0.000000,0.000000,0.000000,0.000000,0.000000,0.000000,0.000000,0,0,0.000000,0.500000,0.000000,0.000000,0.000000,0.000000,0.000000,0.000000
63,0.374335,1,0.583333,0.555556,0.000000,0.666667,0.037284,0.148042,0.000000,1.000000,0.000000,0.171429,0.006392,0.042585,12,18,0,low_density_factor|density_ratio_out_of_range,0.000000,0.850000,1.000000,0.009246,0.030079,3.253034,0.000000,0.158527,0.129450,0.060295,0.132122,1.510529,1.983318,0.000000,0.000000,0.000000,0.106667,0.013223,0.328300,0.325000,0.270400,12.000000,12.000000,12.000000,0.000000,12.000000,12.000000,12.000000,1.000000,0.999988,0.999988,0.999988,1.000000,0.157186,0.361872,0.000000,0.284910,0.615189,0.057143,0.150137,0.382991,0.000000,3.000000,-0.031317,-0.006567,-0.024750,0.817837,0.999999,1.456405,1.000000,500.000000,1.202060,1.200487,1.199956,-0.001572,-0.002104,0.998692,0.998250,0.077492,0.000000,0.195616,0.105349,0.090267,0.197244,0.111395,0.085849,0.090267,-0.004418,0.000000,1,0.500000,0.063121,0.373333,1.000000,1,-1,-1,0.000000,0.000000,0.500000,1.000000,0.001000,0,-1,-1,0.739450,0.073357,0.100000,0.100000,0.000000,0.000000,0.100000,0.020000,signed_gate,0.002392,0.001248,0.132122,0.000000,0.000000,0.000000,0.000000,0.000000,0.000000,0.000000,0.000000,0.000000,0,0,0.000000,0.500000,0.000000,0.000000,0.000000,0.000000,0.000000,0.000000
64,0.375535,1,0.666667,0.611111,0.000000,0.666667,0.039150,0.155331,0.000000,1.000000,0.000000,0.171429,0.006711,0.044713,12,18,0,low_density_factor|density_ratio_out_of_range,0.000000,0.850000,1.000000,0.009514,0.030814,3.238843,0.000000,0.160566,0.133196,0.061911,0.132338,1.511253,1.983431,0.000000,0.000000,0.000000,0.106667,0.013223,0.328300,0.325000,0.270400,12.000000,12.000000,12.000000,0.000000,12.000000,12.000000,12.000000,1.000000,0.999988,0.999988,0.999988,1.000000,0.157186,0.361872,0.000000,0.286440,0.633660,0.057143,0.150137,0.382991,0.000000,3.000000,-0.031375,-0.006627,-0.024748,0.817768,0.999999,1.456697,1.000000,500.000000,1.183257,1.169574,1.172439,-0.013683,-0.010819,0.988436,0.990857,0.077115,0.000000,0.195857,0.105618,0.090239,0.197291,0.111550,0.085742,0.090239,-0.004497,0.000000,1,0.500000,0.063121,0.373333,1.000000,1,-1,-1,0.000000,0.000000,0.500000,1.000000,0.001000,0,-1,-1,0.739445,0.073355,0.100000,0.100000,0.000000,0.000000,0.100000,0.020000,signed_gate,0.002257,0.001175,0.132338,0.000000,0.000000,0.000000,0.000000,0.000000,0.000000,0.000000,0.000000,0.000000,0,0,0.000000,0.500000,0.000000,0.000000,0.000000,0.000000,0.000000,0.000000
65,0.376776,1,0.666667,0.611111,0.000000,0.666667,0.041084,0.162871,0.000000,1.000000,0.000000,0.171429,0.007043,0.046918,12,18,0,low_density_factor|density_ratio_out_of_range,0.000000,0.850000,1.000000,0.009391,0.030254,3.221706,0.000000,0.158578,0.131468,0.061189,0.132172,1.510416,1.984126,0.000000,0.000000,0.000000,0.106667,0.013223,0.328300,0.325000,0.270400,12.000000,12.000000,12.000000,0.000000,12.000000,12.000000,12.000000,1.000000,0.999988,0.999988,0.999988,1.000000,0.157186,0.361872,0.000000,0.286251,0.628645,0.057143,0.150137,0.382991,0.000000,3.000000,-0.031244,-0.006553,-0.024691,0.818574,0.999999,1.455460,1.000000,500.000000,1.182193,1.181486,1.188067,-0.000707,0.005874,0.999402,1.004969,0.077287,0.000000,0.196057,0.105571,0.090485,0.197192,0.111489,0.085702,0.090485,-0.004783,0.000000,1,0.500000,0.063121,0.373333,1.000000,1,-1,-1,0.000000,0.000000,0.500000,1.000000,0.001000,0,-1,-1,0.739298,0.073357,0.100000,0.100000,0.000000,0.000000,0.100000,0.020000,signed_gate,0.002063,0.001082,0.132172,0.000000,0.000000,0.000000,0.000000,0.000000,0.000000,0.000000,0.000000,0.000000,0,0,0.000000,0.500000,0.000000,0.000000,0.000000,0.000000,0.000000,0.000000
66,0.375642,1,0.583333,0.555556,0.000000,0.666667,0.039316,0.155981,0.000000,1.000000,0.000000,0.171429,0.006740,0.044903,12,18,0,low_density_factor|density_ratio_out_of_range,0.000000,0.850000,1.000000,0.009254,0.029757,3.215572,0.000000,0.156915,0.129558,0.060334,0.132767,1.513218,1.982250,0.000000,0.000000,0.000000,0.106667,0.013223,0.328300,0.325000,0.270400,12.000000,12.000000,12.000000,0.000000,12.000000,12.000000,12.000000,1.000000,0.999988,0.999988,0.999988,1.000000,0.157186,0.361872,0.000000,0.286656,0.621677,0.057143,0.150137,0.382991,0.000000,3.000000,-0.031293,-0.006716,-0.024577,0.817197,0.999999,1.459035,1.000000,500.000000,1.195859,1.191746,1.196103,-0.004113,0.000244,0.996561,1.000204,0.077478,0.000000,0.196044,0.105545,0.090499,0.197518,0.111570,0.085948,0.090499,-0.004551,0.000000,1,0.500000,0.063121,0.373333,1.000000,1,-1,-1,0.000000,0.000000,0.500000,1.000000,0.001000,0,-1,-1,0.739340,0.073357,0.100000,0.100000,0.000000,0.000000,0.100000,0.020000,signed_gate,0.001932,0.001013,0.132767,0.000000,0.000000,0.000000,0.000000,0.000000,0.000000,0.000000,0.000000,0.000000,0,0,0.000000,0.500000,0.000000,0.000000,0.000000,0.000000,0.000000,0.000000
67,0.375155,1,0.666667,0.611111,0.000000,0.666667,0.038558,0.153020,0.000000,1.000000,0.000000,0.171429,0.006610,0.044038,12,18,0,low_density_factor|density_ratio_out_of_range,0.000000,0.850000,1.000000,0.009521,0.030755,3.230149,0.000000,0.159664,0.133297,0.061810,0.132068,1.510215,1.980727,0.000000,0.000000,0.000000,0.106667,0.013223,0.328300,0.325000,0.270400,12.000000,12.000000,12.000000,0.000000,12.000000,12.000000,12.000000,1.000000,0.999988,0.999988,0.999988,1.000000,0.157186,0.361872,0.000000,0.285876,0.615464,0.057143,0.150137,0.382991,0.000000,3.000000,-0.031243,-0.006710,-0.024532,0.818459,0.999999,1.455675,1.000000,500.000000,1.162877,1.164540,1.166260,0.001663,0.003383,1.001430,1.002909,0.077103,0.000000,0.195594,0.105336,0.090258,0.197315,0.111458,0.085857,0.090258,-0.004401,0.000000,1,0.500000,0.063121,0.373333,1.000000,1,-1,-1,0.000000,0.000000,0.500000,1.000000,0.001000,0,-1,-1,0.739340,0.073357,0.100000,0.100000,0.000000,0.000000,0.100000,0.020000,signed_gate,0.001880,0.000964,0.132068,0.000000,0.000000,0.000000,0.000000,0.000000,0.000000,0.000000,0.000000,0.000000,0,0,0.000000,0.500000,0.000000,0.000000,0.000000,0.000000,0.000000,0.000000
68,0.374852,1,0.583333,0.555556,0.000000,0.666667,0.038087,0.151181,0.000000,1.000000,0.000000,0.171429,0.006529,0.043501,12,18,0,low_density_factor|density_ratio_out_of_range,0.000000,0.850000,1.000000,0.009358,0.030113,3.217869,0.000000,0.157721,0.131012,0.061397,0.131319,1.506783,1.976825,0.000000,0.000000,0.000000,0.106667,0.013223,0.328300,0.325000,0.270400,12.000000,12.000000,12.000000,0.000000,12.000000,12.000000,12.000000,1.000000,0.999988,0.999988,0.999988,1.000000,0.157186,0.361872,0.000000,0.284807,0.609812,0.057143,0.150137,0.382991,0.000000,3.000000,-0.031390,-0.006897,-0.024493,0.820021,0.999999,1.451087,1.000000,500.000000,1.162576,1.166320,1.157091,0.003744,-0.005485,1.003220,0.995282,0.077337,0.000000,0.195780,0.105374,0.090407,0.197557,0.111341,0.086216,0.090407,-0.004190,0.000000,1,0.500000,0.063121,0.373333,1.000000,1,-1,-1,0.000000,0.000000,0.500000,1.000000,0.001000,0,-1,-1,0.739475,0.073351,0.100000,0.100000,0.000000,0.000000,0.100000,0.020000,signed_gate,0.001749,0.000912,0.131319,0.000000,0.000000,0.000000,0.000000,0.000000,0.000000,0.000000,0.000000,0.000000,0,0,0.000000,0.500000,0.000000,0.000000,0.000000,0.000000,0.000000,0.000000
69,0.375647,1,0.666667,0.611111,0.000000,0.666667,0.039324,0.156012,0.000000,1.000000,0.000000,0.171429,0.006741,0.044912,12,18,0,low_density_factor|density_ratio_out_of_range,0.000000,0.850000,1.000000,0.009475,0.030587,3.228184,0.000000,0.162095,0.132652,0.063554,0.130832,1.504295,1.977679,0.000000,0.000000,0.000000,0.106667,0.013223,0.328300,0.325000,0.270400,12.000000,12.000000,12.000000,0.000000,12.000000,12.000000,12.000000,1.000000,0.999988,0.999988,0.999988,1.000000,0.157186,0.361872,0.000000,0.284509,0.617303,0.057143,0.150137,0.382991,0.000000,3.000000,-0.031399,-0.006858,-0.024541,0.822080,0.999999,1.447238,1.000000,500.000000,1.155261,1.161968,1.147504,0.006708,-0.007757,1.005806,0.993286,0.077186,0.000000,0.195741,0.105110,0.090631,0.197669,0.111295,0.086374,0.090631,-0.004257,0.000000,1,0.500000,0.063121,0.373333,1.000000,1,-1,-1,0.000000,0.000000,0.500000,1.000000,0.001000,0,-1,-1,0.739422,0.073350,0.100000,0.100000,0.000000,0.000000,0.100000,0.020000,signed_gate,0.001678,0.000860,0.130832,0.000000,0.000000,0.000000,0.000000,0.000000,0.000000,0.000000,0.000000,0.000000,0,0,0.000000,0.500000,0.000000,0.000000,0.000000,0.000000,0.000000,0.000000
70,0.375838,1,0.583333,0.555556,0.000000,0.666667,0.039620,0.157168,0.000000,1.000000,0.000000,0.171429,0.006792,0.045249,12,18,0,low_density_factor|density_ratio_out_of_range,0.000000,0.850000,1.000000,0.009340,0.030172,3.230321,0.000000,0.164875,0.130763,0.060542,0.130758,1.504250,1.978957,0.000000,0.000000,0.000000,0.106667,0.013223,0.328300,0.325000,0.270400,12.000000,12.000000,12.000000,0.000000,12.000000,12.000000,12.000000,1.000000,0.999988,0.999988,0.999988,1.000000,0.157186,0.361872,0.000000,0.284432,0.619308,0.057143,0.150137,0.382991,0.000000,3.000000,-0.031352,-0.006859,-0.024493,0.821054,0.999999,1.447775,1.000000,500.000000,1.178179,1.187184,1.187570,0.009005,0.009391,1.007643,1.007971,0.077354,0.000000,0.195652,0.105176,0.090475,0.197524,0.111220,0.086304,0.090475,-0.004171,0.000000,1,0.500000,0.063121,0.373333,1.000000,1,-1,-1,0.000000,0.000000,0.500000,1.000000,0.001000,0,-1,-1,0.739378,0.073350,0.100000,0.100000,0.000000,0.000000,0.100000,0.020000,signed_gate,0.001568,0.000806,0.130758,0.000000,0.000000,0.000000,0.000000,0.000000,0.000000,0.000000,0.000000,0.000000,0,0,0.000000,0.500000,0.000000,0.000000,0.000000,0.000000,0.000000,0.000000
71,0.375218,1,0.666667,0.611111,0.000000,0.666667,0.038656,0.153404,0.000000,1.000000,0.000000,0.171429,0.006627,0.044150,12,18,0,low_density_factor|density_ratio_out_of_range,0.000000,0.850000,1.000000,0.009083,0.029283,3.223911,0.000000,0.156238,0.127161,0.058926,0.131372,1.506928,1.978981,0.000000,0.000000,0.000000,0.106667,0.013223,0.328300,0.325000,0.270400,12.000000,12.000000,12.000000,0.000000,12.000000,12.000000,12.000000,1.000000,0.999988,0.999988,0.999988,1.000000,0.157186,0.361872,0.000000,0.285223,0.619257,0.057143,0.150137,0.382991,0.000000,3.000000,-0.031195,-0.006680,-0.024515,0.820322,0.999999,1.451031,1.000000,500.000000,1.190430,1.196734,1.197200,0.006304,0.006770,1.005295,1.005687,0.077717,0.000000,0.195939,0.105430,0.090509,0.197257,0.111377,0.085880,0.090509,-0.004629,0.000000,1,0.500000,0.063121,0.373333,1.000000,1,-1,-1,0.000000,0.000000,0.500000,1.000000,0.001000,0,-1,-1,0.739307,0.073353,0.100000,0.100000,0.000000,0.000000,0.100000,0.020000,signed_gate,0.001497,0.000769,0.131372,0.000000,0.000000,0.000000,0.000000,0.000000,0.000000,0.000000,0.000000,0.000000,0,0,0.000000,0.500000,0.000000,0.000000,0.000000,0.000000,0.000000,0.000000
72,0.374190,1,0.750000,0.666667,0.000000,0.666667,0.037058,0.147155,0.000000,1.000000,0.000000,0.171429,0.006353,0.042326,12,18,0,low_density_factor|density_ratio_out_of_range,0.000000,0.850000,1.000000,0.009070,0.029143,3.213049,0.000000,0.153987,0.126981,0.059745,0.131751,1.508786,1.978812,0.000000,0.000000,0.000000,0.106667,0.013223,0.328300,0.325000,0.270400,12.000000,12.000000,12.000000,0.000000,12.000000,12.000000,12.000000,1.000000,0.999988,0.999988,0.999988,1.000000,0.157186,0.361872,0.000000,0.285655,0.618199,0.057143,0.150137,0.382991,0.000000,3.000000,-0.031363,-0.006895,-0.024468,0.818907,0.999999,1.453773,1.000000,500.000000,1.205416,1.200633,1.191765,-0.004783,-0.013651,0.996032,0.988675,0.077742,0.000000,0.195305,0.105248,0.090057,0.197486,0.111448,0.086038,0.090057,-0.004018,0.000000,1,0.500000,0.063121,0.373333,1.000000,1,-1,-1,0.000000,0.000000,0.500000,1.000000,0.001000,0,-1,-1,0.739442,0.073352,0.100000,0.100000,0.000000,0.000000,0.100000,0.020000,signed_gate,0.001410,0.000740,0.131751,0.000000,0.000000,0.000000,0.000000,0.000000,0.000000,0.000000,0.000000,0.000000,0,0,0.000000,0.500000,0.000000,0.000000,0.000000,0.000000,0.000000,0.000000
73,0.374929,1,0.750000,0.666667,0.000000,0.666667,0.038207,0.151649,0.000000,1.000000,0.000000,0.171429,0.006550,0.043637,12,18,0,low_density_factor|density_ratio_out_of_range,0.000000,0.850000,1.000000,0.009077,0.029464,3.245890,0.000000,0.152877,0.127082,0.060158,0.131069,1.505420,1.976531,0.000000,0.000000,0.000000,0.106667,0.013223,0.328300,0.325000,0.270400,12.000000,12.000000,12.000000,0.000000,12.000000,12.000000,12.000000,1.000000,0.999988,0.999988,0.999988,1.000000,0.157186,0.361872,0.000000,0.283804,0.609965,0.057143,0.150137,0.382991,0.000000,3.000000,-0.031163,-0.006715,-0.024448,0.821996,0.999999,1.448638,1.000000,500.000000,1.180432,1.180553,1.182239,0.000121,0.001806,1.000102,1.001530,0.077738,0.000000,0.195320,0.104973,0.090347,0.197624,0.111276,0.086348,0.090347,-0.003999,0.000000,1,0.500000,0.063121,0.373333,1.000000,1,-1,-1,0.000000,0.000000,0.500000,1.000000,0.001000,0,-1,-1,0.739287,0.073352,0.100000,0.100000,0.000000,0.000000,0.100000,0.020000,signed_gate,0.001380,0.000701,0.131069,0.000000,0.000000,0.000000,0.000000,0.000000,0.000000,0.000000,0.000000,0.000000,0,0,0.000000,0.500000,0.000000,0.000000,0.000000,0.000000,0.000000,0.000000
74,0.374890,1,0.666667,0.611111,0.000000,0.666667,0.038146,0.151412,0.000000,1.000000,0.000000,0.171429,0.006539,0.043568,12,18,0,low_density_factor|density_ratio_out_of_range,0.000000,0.850000,1.000000,0.008913,0.028899,3.242446,0.000000,0.152788,0.124778,0.057459,0.129270,1.497515,1.975897,0.000000,0.000000,0.000000,0.106667,0.013223,0.328300,0.325000,0.270400,12.000000,12.000000,12.000000,0.000000,12.000000,12.000000,12.000000,1.000000,0.999988,0.999988,0.999988,1.000000,0.157186,0.361872,0.000000,0.282353,0.608934,0.057143,0.150137,0.382991,0.000000,3.000000,-0.031151,-0.006795,-0.024356,0.824763,0.999999,1.439076,1.000000,500.000000,1.168825,1.174970,1.173942,0.006145,0.005117,1.005257,1.004378,0.077956,0.000000,0.195308,0.104989,0.090319,0.197473,0.110932,0.086541,0.090319,-0.003779,0.000000,1,0.500000,0.063121,0.373333,1.000000,1,-1,-1,0.000000,0.000000,0.500000,1.000000,0.001000,0,-1,-1,0.739203,0.073351,0.100000,0.100000,0.000000,0.000000,0.100000,0.020000,signed_gate,0.001292,0.000667,0.129270,0.000000,0.000000,0.000000,0.000000,0.000000,0.000000,0.000000,0.000000,0.000000,0,0,0.000000,0.500000,0.000000,0.000000,0.000000,0.000000,0.000000,0.000000
75,0.374729,1,0.750000,0.666667,0.000000,0.666667,0.037895,0.150430,0.000000,1.000000,0.000000,0.171429,0.006496,0.043282,12,18,0,low_density_factor|density_ratio_out_of_range,0.000000,0.850000,1.000000,0.008987,0.029360,3.267000,0.000000,0.155894,0.125815,0.059173,0.129521,1.498560,1.978386,0.000000,0.000000,0.000000,0.106667,0.013223,0.328300,0.325000,0.270400,12.000000,12.000000,12.000000,0.000000,12.000000,12.000000,12.000000,1.000000,0.999988,0.999988,0.999988,1.000000,0.157186,0.361872,0.000000,0.282956,0.616057,0.057143,0.150137,0.382991,0.000000,3.000000,-0.031078,-0.006616,-0.024463,0.824919,0.999999,1.440511,1.000000,500.000000,1.163275,1.152460,1.168208,-0.010815,0.004932,0.990703,1.004240,0.077864,0.000000,0.194796,0.104724,0.090072,0.197193,0.111043,0.086149,0.090072,-0.003923,0.000000,1,0.500000,0.063121,0.373333,1.000000,1,-1,-1,0.000000,0.000000,0.500000,1.000000,0.001000,0,-1,-1,0.739168,0.073346,0.100000,0.100000,0.000000,0.000000,0.100000,0.020000,signed_gate,0.001280,0.000651,0.129521,0.000000,0.000000,0.000000,0.000000,0.000000,0.000000,0.000000,0.000000,0.000000,0,0,0.000000,0.500000,0.000000,0.000000,0.000000,0.000000,0.000000,0.000000
76,0.374341,1,0.583333,0.555556,0.000000,0.666667,0.037294,0.148077,0.000000,1.000000,0.000000,0.171429,0.006393,0.042595,12,18,0,low_density_factor|density_ratio_out_of_range,0.000000,0.850000,1.000000,0.008924,0.029135,3.264742,0.000000,0.157689,0.124938,0.057863,0.129190,1.497316,1.978517,0.000000,0.000000,0.000000,0.106667,0.013223,0.328300,0.325000,0.270400,12.000000,12.000000,12.000000,0.000000,12.000000,12.000000,12.000000,1.000000,0.999988,0.999988,0.999988,1.000000,0.157186,0.361872,0.000000,0.282803,0.619843,0.057143,0.150137,0.382991,0.000000,3.000000,-0.031104,-0.006683,-0.024422,0.824349,0.999999,1.439485,1.000000,500.000000,1.146366,1.156901,1.153592,0.010534,0.007226,1.009189,1.006303,0.077944,0.000000,0.194667,0.104780,0.089888,0.197064,0.110966,0.086099,0.089888,-0.003789,0.000000,1,0.500000,0.063121,0.373333,1.000000,1,-1,-1,0.000000,0.000000,0.500000,1.000000,0.001000,0,-1,-1,0.739189,0.073348,0.100000,0.100000,0.000000,0.000000,0.100000,0.020000,signed_gate,0.001217,0.000632,0.129190,0.000000,0.000000,0.000000,0.000000,0.000000,0.000000,0.000000,0.000000,0.000000,0,0,0.000000,0.500000,0.000000,0.000000,0.000000,0.000000,0.000000,0.000000
77,0.373877,1,0.666667,0.611111,0.000000,0.666667,0.036572,0.145253,0.000000,1.000000,0.000000,0.171429,0.006269,0.041772,12,18,0,low_density_factor|density_ratio_out_of_range,0.000000,0.850000,1.000000,0.009085,0.029888,3.289893,0.000000,0.157892,0.127186,0.060049,0.128534,1.494303,1.979198,0.000000,0.000000,0.000000,0.106667,0.013223,0.328300,0.325000,0.270400,12.000000,12.000000,12.000000,0.000000,12.000000,12.000000,12.000000,1.000000,0.999988,0.999988,0.999988,1.000000,0.157186,0.361872,0.000000,0.283094,0.626192,0.057143,0.150137,0.382991,0.000000,3.000000,-0.031078,-0.006629,-0.024449,0.825571,0.999999,1.435707,1.000000,500.000000,1.157385,1.152651,1.153611,-0.004735,-0.003775,0.995909,0.996739,0.077729,0.000000,0.194057,0.104472,0.089585,0.196809,0.110924,0.085885,0.089585,-0.003700,0.000000,1,0.500000,0.063121,0.373333,1.000000,1,-1,-1,0.000000,0.000000,0.500000,1.000000,0.001000,0,-1,-1,0.739128,0.073348,0.100000,0.100000,0.000000,0.000000,0.100000,0.020000,signed_gate,0.001232,0.000613,0.128534,0.000000,0.000000,0.000000,0.000000,0.000000,0.000000,0.000000,0.000000,0.000000,0,0,0.000000,0.500000,0.000000,0.000000,0.000000,0.000000,0.000000,0.000000
78,0.373080,1,0.666667,0.611111,0.000000,0.666667,0.035337,0.140413,0.000000,1.000000,0.000000,0.171429,0.006058,0.040363,12,18,0,low_density_factor|density_ratio_out_of_range,0.000000,0.850000,1.000000,0.008982,0.029403,3.273510,0.000000,0.151778,0.125749,0.059921,0.129668,1.499325,1.979231,0.000000,0.000000,0.000000,0.106667,0.013223,0.328300,0.325000,0.270400,12.000000,12.000000,12.000000,0.000000,12.000000,12.000000,12.000000,1.000000,0.999988,0.999988,0.999988,1.000000,0.157186,0.361872,0.000000,0.284544,0.630634,0.057143,0.150137,0.382991,0.000000,3.000000,-0.031179,-0.006764,-0.024416,0.823587,0.999999,1.441744,1.000000,500.000000,1.133136,1.139263,1.143903,0.006127,0.010767,1.005407,1.009502,0.077878,0.000000,0.194095,0.104505,0.089590,0.197055,0.111156,0.085898,0.089590,-0.003692,0.000000,1,0.500000,0.063121,0.373333,1.000000,1,-1,-1,0.000000,0.000000,0.500000,1.000000,0.001000,0,-1,-1,0.739197,0.073349,0.100000,0.100000,0.000000,0.000000,0.100000,0.020000,signed_gate,0.001172,0.000597,0.129668,0.000000,0.000000,0.000000,0.000000,0.000000,0.000000,0.000000,0.000000,0.000000,0,0,0.000000,0.500000,0.000000,0.000000,0.000000,0.000000,0.000000,0.000000
79,0.372707,1,0.583333,0.555556,0.000000,0.666667,0.034759,0.138146,0.000000,1.000000,0.000000,0.171429,0.005959,0.039703,12,18,0,low_density_factor|density_ratio_out_of_range,0.000000,0.850000,1.000000,0.008672,0.028371,3.271444,0.000000,0.151511,0.121411,0.057989,0.129370,1.498204,1.975716,0.000000,0.000000,0.000000,0.106667,0.013223,0.328300,0.325000,0.270400,12.000000,12.000000,12.000000,0.000000,12.000000,12.000000,12.000000,1.000000,0.999988,0.999988,0.999988,1.000000,0.157186,0.361872,0.000000,0.284160,0.632362,0.057143,0.150137,0.382991,0.000000,3.000000,-0.031259,-0.006874,-0.024385,0.823206,0.999999,1.440682,1.000000,500.000000,1.251233,1.251403,1.257248,0.000170,0.006015,1.000136,1.004807,0.078319,0.000000,0.194070,0.104643,0.089427,0.197015,0.111098,0.085917,0.089427,-0.003510,0.000000,1,0.500000,0.063121,0.373333,1.000000,1,-1,-1,0.000000,0.000000,0.500000,1.000000,0.001000,0,-1,-1,0.739307,0.073349,0.100000,0.100000,0.000000,0.000000,0.100000,0.020000,signed_gate,0.001107,0.000566,0.129370,0.000000,0.000000,0.000000,0.000000,0.000000,0.000000,0.000000,0.000000,0.000000,0,0,0.000000,0.500000,0.000000,0.000000,0.000000,0.000000,0.000000,0.000000
80,0.373511,1,0.750000,0.666667,0.000000,0.666667,0.036004,0.143030,0.000000,1.000000,0.000000,0.171429,0.006172,0.041125,12,18,0,low_density_factor|density_ratio_out_of_range,0.000000,0.850000,1.000000,0.008581,0.028117,3.276743,0.000000,0.150406,0.120131,0.059696,0.129072,1.496257,1.970996,0.000000,0.000000,0.000000,0.106667,0.013223,0.328300,0.325000,0.270400,12.000000,12.000000,12.000000,0.000000,12.000000,12.000000,12.000000,1.000000,0.999988,0.999988,0.999988,1.000000,0.157186,0.361872,0.000000,0.284034,0.632718,0.057143,0.150137,0.382991,0.000000,3.000000,-0.031199,-0.006864,-0.024335,0.826143,0.999999,1.436613,1.000000,500.000000,1.194591,1.183199,1.190516,-0.011391,-0.004075,0.990464,0.996589,0.078472,0.000000,0.194122,0.104520,0.089603,0.197303,0.111126,0.086177,0.089603,-0.003425,0.000000,1,0.500000,0.063121,0.373333,1.000000,1,-1,-1,0.000000,0.000000,0.500000,1.000000,0.001000,0,-1,-1,0.739217,0.073347,0.100000,0.100000,0.000000,0.000000,0.100000,0.020000,signed_gate,0.001079,0.000552,0.129072,0.000000,0.000000,0.000000,0.000000,0.000000,0.000000,0.000000,0.000000,0.000000,0,0,0.000000,0.500000,0.000000,0.000000,0.000000,0.000000,0.000000,0.000000
81,0.372114,1,0.750000,0.666667,0.000000,0.666667,0.033841,0.134543,0.000000,1.000000,0.000000,0.171429,0.005801,0.038656,12,18,0,low_density_factor|density_ratio_out_of_range,0.000000,0.850000,1.000000,0.008666,0.028529,3.291921,0.000000,0.151528,0.121328,0.060335,0.130415,1.502381,1.973340,0.000000,0.000000,0.000000,0.106667,0.013223,0.328300,0.325000,0.270400,12.000000,12.000000,12.000000,0.000000,12.000000,12.000000,12.000000,1.000000,0.999988,0.999988,0.999988,1.000000,0.157186,0.361872,0.000000,0.285215,0.637254,0.057143,0.150137,0.382991,0.000000,3.000000,-0.031371,-0.006941,-0.024429,0.822601,0.999999,1.444581,1.000000,500.000000,1.182199,1.171713,1.181026,-0.010486,-0.001173,0.991130,0.999007,0.078351,0.000000,0.193832,0.104309,0.089523,0.197441,0.111333,0.086108,0.089523,-0.003415,0.000000,1,0.500000,0.063121,0.373333,1.000000,1,-1,-1,0.000000,0.000000,0.500000,1.000000,0.001000,0,-1,-1,0.739371,0.073347,0.100000,0.100000,0.000000,0.000000,0.100000,0.020000,signed_gate,0.001058,0.000529,0.130415,0.000000,0.000000,0.000000,0.000000,0.000000,0.000000,0.000000,0.000000,0.000000,0,0,0.000000,0.500000,0.000000,0.000000,0.000000,0.000000,0.000000,0.000000
82,0.372043,1,0.666667,0.611111,0.000000,0.666667,0.033730,0.134108,0.000000,1.000000,0.000000,0.171429,0.005782,0.038530,12,18,0,low_density_factor|density_ratio_out_of_range,0.000000,0.850000,1.000000,0.008701,0.028564,3.282604,0.000000,0.157711,0.121821,0.059655,0.130216,1.501795,1.971721,0.000000,0.000000,0.000000,0.106667,0.013223,0.328300,0.325000,0.270400,12.000000,12.000000,12.000000,0.000000,12.000000,12.000000,12.000000,1.000000,0.999988,0.999988,0.999988,1.000000,0.157186,0.361872,0.000000,0.285335,0.633501,0.057143,0.150137,0.382991,0.000000,3.000000,-0.031387,-0.007171,-0.024216,0.822186,0.999999,1.444471,1.000000,500.000000,1.165359,1.155108,1.157452,-0.010251,-0.007908,0.991203,0.993215,0.078291,0.000000,0.193661,0.104440,0.089221,0.197605,0.111313,0.086293,0.089221,-0.002929,0.000000,1,0.500000,0.063121,0.373333,1.000000,1,-1,-1,0.000000,0.000000,0.500000,1.000000,0.001000,0,-1,-1,0.739406,0.073349,0.100000,0.100000,0.000000,0.000000,0.100000,0.020000,signed_gate,0.001025,0.000503,0.130216,0.000000,0.000000,0.000000,0.000000,0.000000,0.000000,0.000000,0.000000,0.000000,0,0,0.000000,0.500000,0.000000,0.000000,0.000000,0.000000,0.000000,0.000000
83,0.372023,1,0.750000,0.666667,0.000000,0.666667,0.033699,0.133986,0.000000,1.000000,0.000000,0.171429,0.005777,0.038494,12,18,0,low_density_factor|density_ratio_out_of_range,0.000000,0.850000,1.000000,0.008428,0.027737,3.290968,0.000000,0.150689,0.117996,0.058432,0.129674,1.499134,1.970739,0.000000,0.000000,0.000000,0.106667,0.013223,0.328300,0.325000,0.270400,12.000000,12.000000,12.000000,0.000000,12.000000,12.000000,12.000000,1.000000,0.999988,0.999988,0.999988,1.000000,0.157186,0.361872,0.000000,0.284302,0.627608,0.057143,0.150137,0.382991,0.000000,3.000000,-0.031195,-0.006980,-0.024215,0.824405,0.999999,1.440473,1.000000,500.000000,1.147290,1.149288,1.157005,0.001999,0.009715,1.001742,1.008468,0.078690,0.000000,0.194087,0.104497,0.089589,0.197507,0.111197,0.086310,0.089589,-0.003279,0.000000,1,0.500000,0.063121,0.373333,1.000000,1,-1,-1,0.000000,0.000000,0.500000,1.000000,0.001000,0,-1,-1,0.739257,0.073347,0.100000,0.100000,0.000000,0.000000,0.100000,0.020000,signed_gate,0.001003,0.000456,0.129674,0.000000,0.000000,0.000000,0.000000,0.000000,0.000000,0.000000,0.000000,0.000000,0,0,0.000000,0.500000,0.000000,0.000000,0.000000,0.000000,0.000000,0.000000
84,0.371662,1,0.666667,0.611111,0.000000,0.666667,0.033141,0.131791,0.000000,1.000000,0.000000,0.171429,0.005681,0.037857,12,18,0,low_density_factor|density_ratio_out_of_range,0.000000,0.850000,1.000000,0.008472,0.027930,3.296677,0.000000,0.146260,0.118609,0.056992,0.128697,1.494878,1.973489,0.000000,0.000000,0.000000,0.106667,0.013223,0.328300,0.325000,0.270400,12.000000,12.000000,12.000000,0.000000,12.000000,12.000000,12.000000,1.000000,0.999988,0.999988,0.999988,1.000000,0.157186,0.361872,0.000000,0.283400,0.626270,0.057143,0.150137,0.382991,0.000000,3.000000,-0.031150,-0.006977,-0.024173,0.825888,0.999999,1.435547,1.000000,500.000000,1.164792,1.162231,1.180876,-0.002561,0.016084,0.997801,1.013808,0.078611,0.000000,0.193973,0.104389,0.089584,0.197462,0.110984,0.086478,0.089584,-0.003106,0.000000,1,0.500000,0.063121,0.373333,1.000000,1,-1,-1,0.000000,0.000000,0.500000,1.000000,0.001000,0,-1,-1,0.739152,0.073345,0.100000,0.100000,0.000000,0.000000,0.100000,0.020000,signed_gate,0.000965,0.000407,0.128697,0.000000,0.000000,0.000000,0.000000,0.000000,0.000000,0.000000,0.000000,0.000000,0,0,0.000000,0.500000,0.000000,0.000000,0.000000,0.000000,0.000000,0.000000
85,0.372021,1,0.666667,0.611111,0.000000,0.666667,0.033697,0.133976,0.000000,1.000000,0.000000,0.171429,0.005777,0.038491,12,18,0,low_density_factor|density_ratio_out_of_range,0.000000,0.850000,1.000000,0.008334,0.027327,3.279187,0.000000,0.144922,0.116669,0.054999,0.128609,1.494825,1.969521,0.000000,0.000000,0.000000,0.106667,0.013223,0.328300,0.325000,0.270400,12.000000,12.000000,12.000000,0.000000,12.000000,12.000000,12.000000,1.000000,0.999988,0.999988,0.999988,1.000000,0.157186,0.361872,0.000000,0.282074,0.602834,0.057143,0.150137,0.382991,0.000000,3.000000,-0.031260,-0.007243,-0.024017,0.826244,0.999999,1.436322,1.000000,500.000000,1.158220,1.158195,1.159213,-0.000025,0.000993,0.999979,1.000858,0.078799,0.000000,0.194371,0.104650,0.089721,0.197815,0.110918,0.086897,0.089721,-0.002824,0.000000,1,0.500000,0.063121,0.373333,1.000000,1,-1,-1,0.000000,0.000000,0.500000,1.000000,0.001000,0,-1,-1,0.739362,0.073343,0.100000,0.100000,0.000000,0.000000,0.100000,0.020000,signed_gate,0.000926,0.000358,0.128609,0.000000,0.000000,0.000000,0.000000,0.000000,0.000000,0.000000,0.000000,0.000000,0,0,0.000000,0.500000,0.000000,0.000000,0.000000,0.000000,0.000000,0.000000
86,0.372502,1,0.666667,0.611111,0.000000,0.666667,0.034442,0.136902,0.000000,1.000000,0.000000,0.171429,0.005904,0.039342,12,18,0,low_density_factor|density_ratio_out_of_range,0.000000,0.850000,1.000000,0.008566,0.028226,3.294959,0.000000,0.153810,0.119931,0.058490,0.128469,1.493628,1.968088,0.000000,0.000000,0.000000,0.106667,0.013223,0.328300,0.325000,0.270400,12.000000,12.000000,12.000000,0.000000,12.000000,12.000000,12.000000,1.000000,0.999988,0.999988,0.999988,1.000000,0.157186,0.361872,0.000000,0.282538,0.610574,0.057143,0.150137,0.382991,0.000000,3.000000,-0.030979,-0.007006,-0.023973,0.828579,0.999999,1.433446,1.000000,500.000000,1.155168,1.159093,1.164101,0.003925,0.008933,1.003398,1.007733,0.078483,0.000000,0.193751,0.104119,0.089632,0.197688,0.111033,0.086655,0.089632,-0.002977,0.000000,1,0.500000,0.063121,0.373333,1.000000,1,-1,-1,0.000000,0.000000,0.500000,1.000000,0.001000,0,-1,-1,0.739084,0.073343,0.100000,0.100000,0.000000,0.000000,0.100000,0.020000,signed_gate,0.000917,0.000314,0.128469,0.000000,0.000000,0.000000,0.000000,0.000000,0.000000,0.000000,0.000000,0.000000,0,0,0.000000,0.500000,0.000000,0.000000,0.000000,0.000000,0.000000,0.000000
87,0.371185,1,0.583333,0.555556,0.000000,0.666667,0.032404,0.128894,0.000000,1.000000,0.000000,0.171429,0.005555,0.037016,12,18,0,low_density_factor|density_ratio_out_of_range,0.000000,0.850000,1.000000,0.008504,0.028119,3.306467,0.000000,0.148862,0.119059,0.056759,0.128654,1.494428,1.959826,0.000000,0.000000,0.000000,0.106667,0.013223,0.328300,0.325000,0.270400,12.000000,12.000000,12.000000,0.000000,12.000000,12.000000,12.000000,1.000000,0.999988,0.999988,0.999988,1.000000,0.157186,0.361872,0.000000,0.282523,0.599475,0.057143,0.150137,0.382991,0.000000,3.000000,-0.030917,-0.007131,-0.023786,0.828565,0.999999,1.433986,1.000000,500.000000,1.194069,1.182244,1.189030,-0.011825,-0.005038,0.990097,0.995780,0.078561,0.000000,0.193508,0.104164,0.089344,0.197825,0.111075,0.086750,0.089344,-0.002594,0.000000,1,0.500000,0.063121,0.373333,1.000000,1,-1,-1,0.000000,0.000000,0.500000,1.000000,0.001000,0,-1,-1,0.739104,0.073344,0.100000,0.100000,0.000000,0.000000,0.100000,0.020000,signed_gate,0.000911,0.000271,0.128654,0.000000,0.000000,0.000000,0.000000,0.000000,0.000000,0.000000,0.000000,0.000000,0,0,0.000000,0.500000,0.000000,0.000000,0.000000,0.000000,0.000000,0.000000
88,0.372108,1,0.666667,0.611111,0.000000,0.666667,0.033831,0.134503,0.000000,1.000000,0.000000,0.171429,0.005800,0.038644,12,18,0,low_density_factor|density_ratio_out_of_range,0.000000,0.850000,1.000000,0.008624,0.028418,3.295295,0.000000,0.148487,0.120731,0.060756,0.128207,1.492000,1.960179,0.000000,0.000000,0.000000,0.106667,0.013223,0.328300,0.325000,0.270400,12.000000,12.000000,12.000000,0.000000,12.000000,12.000000,12.000000,1.000000,0.999988,0.999988,0.999988,1.000000,0.157186,0.361872,0.000000,0.282640,0.613977,0.057143,0.150137,0.382991,0.000000,3.000000,-0.031032,-0.007085,-0.023947,0.830159,0.999999,1.430085,1.000000,500.000000,1.136688,1.116444,1.127356,-0.020244,-0.009332,0.982190,0.991790,0.078419,0.000000,0.193452,0.104080,0.089372,0.197809,0.111048,0.086761,0.089372,-0.002611,0.000000,1,0.500000,0.063121,0.373333,1.000000,1,-1,-1,0.000000,0.000000,0.500000,1.000000,0.001000,0,-1,-1,0.739120,0.073342,0.100000,0.100000,0.000000,0.000000,0.100000,0.020000,signed_gate,0.000899,0.000235,0.128207,0.000000,0.000000,0.000000,0.000000,0.000000,0.000000,0.000000,0.000000,0.000000,0,0,0.000000,0.500000,0.000000,0.000000,0.000000,0.000000,0.000000,0.000000
89,0.371146,1,0.750000,0.666667,0.000000,0.666667,0.032344,0.128657,0.000000,1.000000,0.000000,0.171429,0.005545,0.036947,12,18,0,low_density_factor|density_ratio_out_of_range,0.000000,0.850000,1.000000,0.008366,0.027476,3.284281,0.000000,0.142632,0.117124,0.058433,0.128027,1.491751,1.962109,0.000000,0.000000,0.000000,0.106667,0.013223,0.328300,0.325000,0.270400,12.000000,12.000000,12.000000,0.000000,12.000000,12.000000,12.000000,1.000000,0.999988,0.999988,0.999988,1.000000,0.157186,0.361872,0.000000,0.282761,0.626054,0.057143,0.150137,0.382991,0.000000,3.000000,-0.031255,-0.007167,-0.024088,0.828173,0.999999,1.431162,1.000000,500.000000,1.144977,1.148962,1.159161,0.003985,0.014184,1.003480,1.012388,0.078781,0.000000,0.193705,0.104445,0.089260,0.197646,0.110999,0.086648,0.089260,-0.002612,0.000000,1,0.500000,0.063121,0.373333,1.000000,1,-1,-1,0.000000,0.000000,0.500000,1.000000,0.001000,0,-1,-1,0.739331,0.073340,0.100000,0.100000,0.000000,0.000000,0.100000,0.020000,signed_gate,0.000866,0.000196,0.128027,0.000000,0.000000,0.000000,0.000000,0.000000,0.000000,0.000000,0.000000,0.000000,0,0,0.000000,0.500000,0.000000,0.000000,0.000000,0.000000,0.000000,0.000000
90,0.370757,1,0.666667,0.611111,0.000000,0.666667,0.031743,0.126293,0.000000,1.000000,0.000000,0.171429,0.005442,0.036261,12,18,0,low_density_factor|density_ratio_out_of_range,0.000000,0.850000,1.000000,0.008292,0.027429,3.307746,0.000000,0.145356,0.116092,0.056076,0.127707,1.490335,1.962367,0.000000,0.000000,0.000000,0.106667,0.013223,0.328300,0.325000,0.270400,12.000000,12.000000,12.000000,0.000000,12.000000,12.000000,12.000000,1.000000,0.999988,0.999988,0.999988,1.000000,0.157186,0.361872,0.000000,0.282449,0.627396,0.057143,0.150137,0.382991,0.000000,3.000000,-0.031100,-0.007154,-0.023946,0.828755,0.999999,1.429341,1.000000,500.000000,1.181695,1.194116,1.193086,0.012421,0.011392,1.010511,1.009640,0.078871,0.000000,0.193421,0.104214,0.089206,0.197640,0.110921,0.086720,0.089206,-0.002486,0.000000,1,0.500000,0.063121,0.373333,1.000000,1,-1,-1,0.000000,0.000000,0.500000,1.000000,0.001000,0,-1,-1,0.739182,0.073341,0.100000,0.100000,0.000000,0.000000,0.100000,0.020000,signed_gate,0.000875,0.000164,0.127707,0.000000,0.000000,0.000000,0.000000,0.000000,0.000000,0.000000,0.000000,0.000000,0,0,0.000000,0.500000,0.000000,0.000000,0.000000,0.000000,0.000000,0.000000
91,0.372819,1,0.666667,0.611111,0.000000,0.666667,0.034933,0.138828,0.000000,1.000000,0.000000,0.171429,0.005988,0.039902,12,18,0,low_density_factor|density_ratio_out_of_range,0.000000,0.850000,1.000000,0.008250,0.027446,3.326989,0.000000,0.153809,0.115494,0.057972,0.127642,1.489787,1.962614,0.000000,0.000000,0.000000,0.106667,0.013223,0.328300,0.325000,0.270400,12.000000,12.000000,12.000000,0.000000,12.000000,12.000000,12.000000,1.000000,0.999988,0.999988,0.999988,1.000000,0.157186,0.361872,0.000000,0.282892,0.634803,0.057143,0.150137,0.382991,0.000000,3.000000,-0.031092,-0.007066,-0.024026,0.829680,0.999999,1.428156,1.000000,500.000000,1.178366,1.156962,1.169199,-0.021403,-0.009167,0.981837,0.992221,0.078954,0.000000,0.193365,0.104056,0.089309,0.197494,0.110964,0.086530,0.089309,-0.002779,0.000000,1,0.500000,0.063121,0.373333,1.000000,1,-1,-1,0.000000,0.000000,0.500000,1.000000,0.001000,0,-1,-1,0.739143,0.073341,0.100000,0.100000,0.000000,0.000000,0.100000,0.020000,signed_gate,0.000871,0.000133,0.127642,0.000000,0.000000,0.000000,0.000000,0.000000,0.000000,0.000000,0.000000,0.000000,0,0,0.000000,0.500000,0.000000,0.000000,0.000000,0.000000,0.000000,0.000000
92,0.371318,1,0.583333,0.555556,0.000000,0.666667,0.032610,0.129704,0.000000,1.000000,0.000000,0.171429,0.005590,0.037251,12,18,0,low_density_factor|density_ratio_out_of_range,0.000000,0.850000,1.000000,0.008215,0.027185,3.309227,0.000000,0.144374,0.115010,0.056185,0.126222,1.483766,1.958430,0.000000,0.000000,0.000000,0.106667,0.013223,0.328300,0.325000,0.270400,12.000000,12.000000,12.000000,0.000000,12.000000,12.000000,12.000000,1.000000,0.999988,0.999988,0.999988,1.000000,0.157186,0.361872,0.000000,0.282175,0.639056,0.057143,0.150137,0.382991,0.000000,3.000000,-0.031203,-0.007232,-0.023971,0.831559,0.999999,1.421435,1.000000,500.000000,1.180635,1.164732,1.177076,-0.015903,-0.003559,0.986530,0.996985,0.078988,0.000000,0.192907,0.104117,0.088790,0.197413,0.110771,0.086642,0.088790,-0.002148,0.000000,1,0.500000,0.063121,0.373333,1.000000,1,-1,-1,0.000000,0.000000,0.500000,1.000000,0.001000,0,-1,-1,0.739200,0.073336,0.100000,0.100000,0.000000,0.000000,0.100000,0.020000,signed_gate,0.000868,0.000107,0.126222,0.000000,0.000000,0.000000,0.000000,0.000000,0.000000,0.000000,0.000000,0.000000,0,0,0.000000,0.500000,0.000000,0.000000,0.000000,0.000000,0.000000,0.000000
93,0.370841,1,0.750000,0.666667,0.000000,0.666667,0.031873,0.126806,0.000000,1.000000,0.000000,0.171429,0.005464,0.036410,12,18,0,low_density_factor|density_ratio_out_of_range,0.000000,0.850000,1.000000,0.008027,0.026738,3.330780,0.000000,0.147402,0.112384,0.056970,0.127316,1.488389,1.958324,0.000000,0.000000,0.000000,0.106667,0.013223,0.328300,0.325000,0.270400,12.000000,12.000000,12.000000,0.000000,12.000000,12.000000,12.000000,1.000000,0.999988,0.999988,0.999988,1.000000,0.157186,0.361872,0.000000,0.282846,0.640939,0.057143,0.150137,0.382991,0.000000,3.000000,-0.031147,-0.007133,-0.024014,0.829782,0.999999,1.426392,1.000000,500.000000,1.171559,1.166767,1.161541,-0.004792,-0.010018,0.995910,0.991449,0.079281,0.000000,0.192995,0.104106,0.088888,0.197464,0.110919,0.086545,0.088888,-0.002343,0.000000,1,0.500000,0.063121,0.373333,1.000000,1,-1,-1,0.000000,0.000000,0.500000,1.000000,0.001000,0,-1,-1,0.739186,0.073340,0.100000,0.100000,0.000000,0.000000,0.100000,0.020000,signed_gate,0.000907,0.000082,0.127316,0.000000,0.000000,0.000000,0.000000,0.000000,0.000000,0.000000,0.000000,0.000000,0,0,0.000000,0.500000,0.000000,0.000000,0.000000,0.000000,0.000000,0.000000
94,0.371054,1,0.750000,0.666667,0.000000,0.666667,0.032202,0.128101,0.000000,1.000000,0.000000,0.171429,0.005520,0.036786,12,18,0,low_density_factor|density_ratio_out_of_range,0.000000,0.850000,1.000000,0.008069,0.026766,3.316995,0.000000,0.148757,0.112970,0.057124,0.126668,1.485855,1.955783,0.000000,0.000000,0.000000,0.106667,0.013223,0.328300,0.325000,0.270400,12.000000,12.000000,12.000000,0.000000,12.000000,12.000000,12.000000,1.000000,0.999988,0.999988,0.999988,1.000000,0.157186,0.361872,0.000000,0.281893,0.638694,0.057143,0.150137,0.382991,0.000000,3.000000,-0.031228,-0.007235,-0.023993,0.830325,0.999999,1.424260,1.000000,500.000000,1.168012,1.163760,1.161118,-0.004252,-0.006894,0.996359,0.994098,0.079218,0.000000,0.193111,0.104084,0.089027,0.197410,0.110834,0.086576,0.089027,-0.002451,0.000000,1,0.500000,0.063121,0.373333,1.000000,1,-1,-1,0.000000,0.000000,0.500000,1.000000,0.001000,0,-1,-1,0.739313,0.073338,0.100000,0.100000,0.000000,0.000000,0.100000,0.020000,signed_gate,0.000880,0.000061,0.126668,0.000000,0.000000,0.000000,0.000000,0.000000,0.000000,0.000000,0.000000,0.000000,0,0,0.000000,0.500000,0.000000,0.000000,0.000000,0.000000,0.000000,0.000000
95,0.371281,1,0.750000,0.666667,0.000000,0.666667,0.032553,0.129479,0.000000,1.000000,0.000000,0.171429,0.005580,0.037186,12,18,0,low_density_factor|density_ratio_out_of_range,0.000000,0.850000,1.000000,0.008050,0.026668,3.312851,0.000000,0.143919,0.112697,0.057786,0.126677,1.485566,1.953687,0.000000,0.000000,0.000000,0.106667,0.013223,0.328300,0.325000,0.270400,12.000000,12.000000,12.000000,0.000000,12.000000,12.000000,12.000000,1.000000,0.999988,0.999988,0.999988,1.000000,0.157186,0.361872,0.000000,0.282743,0.647125,0.057143,0.150137,0.382991,0.000000,3.000000,-0.031204,-0.007214,-0.023990,0.831095,0.999999,1.423075,1.000000,500.000000,1.182502,1.180947,1.174506,-0.001556,-0.007996,0.998685,0.993238,0.079253,0.000000,0.192866,0.103961,0.088905,0.197315,0.110903,0.086413,0.088905,-0.002493,0.000000,1,0.500000,0.063121,0.373333,1.000000,1,-1,-1,0.000000,0.000000,0.500000,1.000000,0.001000,0,-1,-1,0.739244,0.073336,0.100000,0.100000,0.000000,0.000000,0.100000,0.020000,signed_gate,0.000897,0.000043,0.126677,0.000000,0.000000,0.000000,0.000000,0.000000,0.000000,0.000000,0.000000,0.000000,0,0,0.000000,0.500000,0.000000,0.000000,0.000000,0.000000,0.000000,0.000000
96,0.370360,1,0.583333,0.555556,0.000000,0.666667,0.031129,0.123878,0.000000,1.000000,0.000000,0.171429,0.005336,0.035561,12,18,0,low_density_factor|density_ratio_out_of_range,0.000000,0.850000,1.000000,0.008075,0.026831,3.322711,0.000000,0.145435,0.113052,0.056974,0.127156,1.487715,1.956107,0.000000,0.000000,0.000000,0.106667,0.013223,0.328300,0.325000,0.270400,12.000000,12.000000,12.000000,0.000000,12.000000,12.000000,12.000000,1.000000,0.999988,0.999988,0.999988,1.000000,0.157186,0.361872,0.000000,0.282669,0.633692,0.057143,0.150137,0.382991,0.000000,3.000000,-0.031065,-0.007241,-0.023823,0.830875,0.999999,1.425701,1.000000,500.000000,1.129726,1.133842,1.125334,0.004116,-0.004393,1.003643,0.996112,0.079207,0.000000,0.192586,0.103636,0.088950,0.197564,0.110947,0.086616,0.088950,-0.002334,0.000000,1,0.500000,0.063121,0.373333,1.000000,1,-1,-1,0.000000,0.000000,0.500000,1.000000,0.001000,0,-1,-1,0.739141,0.073337,0.100000,0.100000,0.000000,0.000000,0.100000,0.020000,signed_gate,0.000910,0.000028,0.127156,0.000000,0.000000,0.000000,0.000000,0.000000,0.000000,0.000000,0.000000,0.000000,0,0,0.000000,0.500000,0.000000,0.000000,0.000000,0.000000,0.000000,0.000000
97,0.370245,1,0.666667,0.611111,0.000000,0.666667,0.030952,0.123179,0.000000,1.000000,0.000000,0.171429,0.005306,0.035359,12,18,0,low_density_factor|density_ratio_out_of_range,0.000000,0.850000,1.000000,0.008065,0.026848,3.329085,0.000000,0.145920,0.112907,0.057250,0.126527,1.485146,1.954802,0.000000,0.000000,0.000000,0.106667,0.013223,0.328300,0.325000,0.270400,12.000000,12.000000,12.000000,0.000000,12.000000,12.000000,12.000000,1.000000,0.999988,0.999988,0.999988,1.000000,0.157186,0.361872,0.000000,0.282046,0.635775,0.057143,0.150137,0.382991,0.000000,3.000000,-0.031064,-0.007209,-0.023855,0.831156,0.999999,1.423073,1.000000,500.000000,1.139954,1.129948,1.151703,-0.010007,0.011749,0.991222,1.010307,0.079226,0.000000,0.192306,0.103632,0.088674,0.197326,0.110819,0.086507,0.088674,-0.002167,0.000000,1,0.500000,0.063121,0.373333,1.000000,1,-1,-1,0.000000,0.000000,0.500000,1.000000,0.001000,0,-1,-1,0.739160,0.073338,0.100000,0.100000,0.000000,0.000000,0.100000,0.020000,signed_gate,0.000925,0.000016,0.126527,0.000000,0.000000,0.000000,0.000000,0.000000,0.000000,0.000000,0.000000,0.000000,0,0,0.000000,0.500000,0.000000,0.000000,0.000000,0.000000,0.000000,0.000000
98,0.369824,1,0.583333,0.555556,0.000000,0.666667,0.030303,0.120621,0.000000,1.000000,0.000000,0.171429,0.005195,0.034618,12,18,0,low_density_factor|density_ratio_out_of_range,0.000000,0.850000,1.000000,0.007810,0.026065,3.337482,0.000000,0.145317,0.109336,0.054959,0.126087,1.483327,1.954230,0.000000,0.000000,0.000000,0.106667,0.013223,0.328300,0.325000,0.270400,12.000000,12.000000,12.000000,0.000000,12.000000,12.000000,12.000000,1.000000,0.999988,0.999988,0.999988,1.000000,0.157186,0.361872,0.000000,0.281414,0.635409,0.057143,0.150137,0.382991,0.000000,3.000000,-0.031169,-0.007311,-0.023858,0.830797,0.999999,1.421157,1.000000,500.000000,1.154073,1.160372,1.151666,0.006299,-0.002407,1.005458,0.997914,0.079592,0.000000,0.192225,0.103705,0.088520,0.197410,0.110696,0.086715,0.088520,-0.001805,0.000000,1,0.500000,0.063121,0.373333,1.000000,1,-1,-1,0.000000,0.000000,0.500000,1.000000,0.001000,0,-1,-1,0.739236,0.073336,0.100000,0.100000,0.000000,0.000000,0.100000,0.020000,signed_gate,0.000949,0.000008,0.126087,0.000000,0.000000,0.000000,0.000000,0.000000,0.000000,0.000000,0.000000,0.000000,0,0,0.000000,0.500000,0.000000,0.000000,0.000000,0.000000,0.000000,0.000000
99,0.369769,1,0.750000,0.666667,0.000000,0.666667,0.030219,0.120289,0.000000,1.000000,0.000000,0.171429,0.005180,0.034522,12,18,0,low_density_factor|density_ratio_out_of_range,0.000000,0.850000,1.000000,0.008029,0.026919,3.352887,0.000000,0.144893,0.112400,0.058042,0.126649,1.485346,1.952770,0.000000,0.000000,0.000000,0.106667,0.013223,0.328300,0.325000,0.270400,12.000000,12.000000,12.000000,0.000000,12.000000,12.000000,12.000000,1.000000,0.999988,0.999988,0.999988,1.000000,0.157186,0.361872,0.000000,0.281767,0.631239,0.057143,0.150137,0.382991,0.000000,3.000000,-0.031056,-0.007212,-0.023843,0.832110,0.999999,1.422406,1.000000,500.000000,1.159049,1.132114,1.140636,-0.026935,-0.018413,0.976761,0.984114,0.079290,0.000000,0.192191,0.103305,0.088886,0.197587,0.110835,0.086752,0.088886,-0.002134,0.000000,1,0.500000,0.063121,0.373333,1.000000,1,-1,-1,0.000000,0.000000,0.500000,1.000000,0.001000,0,-1,-1,0.739140,0.073337,0.100000,0.100000,0.000000,0.000000,0.100000,0.020000,signed_gate,0.000989,0.000002,0.126649,0.000000,0.000000,0.000000,0.000000,0.000000,0.000000,0.000000,0.000000,0.000000,0,0,0.000000,0.500000,0.000000,0.000000,0.000000,0.000000,0.000000,0.000000
100,0.369579,1,0.750000,0.666667,0.000000,0.666667,0.029925,0.119130,0.000000,1.000000,0.000000,0.171429,0.005130,0.034186,12,18,0,low_density_factor|density_ratio_out_of_range,0.000000,0.850000,1.000000,0.007717,0.025650,3.323668,0.000000,0.136731,0.108044,0.056678,0.125786,1.481728,1.951643,0.000000,0.000000,0.000000,0.106667,0.013223,0.328300,0.325000,0.270400,12.000000,12.000000,12.000000,0.000000,12.000000,12.000000,12.000000,1.000000,0.999988,0.999988,0.999988,1.000000,0.157186,0.361872,0.000000,0.281268,0.634347,0.057143,0.150137,0.382991,0.000000,3.000000,-0.031304,-0.007361,-0.023943,0.832480,0.999999,1.418569,1.000000,500.000000,1.175946,1.172665,1.171941,-0.003281,-0.004005,0.997210,0.996594,0.079747,0.000000,0.192514,0.103579,0.088936,0.197652,0.110691,0.086960,0.088936,-0.001975,0.000000,1,0.500000,0.063121,0.373333,1.000000,1,-1,-1,0.000000,0.000000,0.002577,1.000000,0.001000,0,-1,-1,0.739316,0.073336,0.100000,0.100000,0.000000,0.000000,0.100000,0.020000,signed_gate,0.000982,0.000000,0.125786,0.000000,0.000000,0.000000,0.000000,0.000000,0.000000,0.000000,0.000000,0.000000,0,0,0.000000,0.002577,0.000000,0.000000,0.000000,0.000000,0.000000,0.000000
