epoch,score,selection_eligible,agreement,agreement_score,agreement_weight,agreement_coverage,dir_margin,margin_score,density_factor,skeleton_overlap,actual_pair_density,target_pair_density,global_asymmetry,asymmetry_score,high_conf_edges,k,guardrail_pass,guardrail_reason,guardrail_density_ratio,guardrail_required_skeleton_overlap,guardrail_peak_skeleton_overlap,adj_offdiag_mean,adj_offdiag_std,adj_offdiag_cv,adj_offdiag_min,adj_offdiag_max,adj_in_degree_mean,adj_in_degree_std,adj_parent_entropy_mean,adj_eff_parents_mean,adj_eff_parents_p90,adj_ungated_asym_mean,adj_ungated_asym_median,adj_ungated_asym_p90,dir_active_pair_frac,dir_prior_q_threshold,dir_active_abs_margin_mean,dir_active_abs_margin_median,dir_active_abs_margin_p90,dir_active_abs_margin_near0_frac,dir_active_signed_raw_mean,dir_active_signed_raw_median,dir_active_signed_raw_p10,dir_active_signed_raw_frac_pos,dir_active_signed_gate_mean,dir_active_signed_gate_median,dir_active_signed_gate_p10,dir_active_signed_gate_frac_pos,cross_source_mean_cos,cross_source_p90_cos,cross_source_gt_0p7_frac,cross_pred_mean_cos,cross_pred_p90_cos,cross_pred_gt_0p7_frac,cross_target_mean_cos,cross_target_p90_cos,cross_target_gt_0p7_frac,cross_num_lags,cross_pred_target_diag_mean,cross_pred_target_offdiag_mean,cross_pred_target_diag_gap,cross_agg_max_mean,cross_agg_max_p90,cross_agg_eff_parents_mean,noise_probe_available,noise_probe_timestep,noise_probe_patel_loss,noise_probe_blend50_loss,noise_probe_learned_loss,noise_probe_delta_blend50_minus_patel,noise_probe_delta_learned_minus_patel,noise_probe_ratio_blend50_over_patel,noise_probe_ratio_learned_over_patel,noise_probe_guide_l1_mean,msg_dir_mode_is_causal,msg_dir_raw_diag_mean,msg_dir_raw_offdiag_mean,msg_dir_raw_diag_gap,msg_dir_causal_diag_mean,msg_dir_causal_offdiag_mean,msg_dir_causal_diag_gap,msg_dir_active_diag_gap,msg_dir_gap_delta_causal_minus_raw,msg_dir_prefers_causal,directional_kappa_gate_enabled,directional_kappa_gate_quantile,directional_kappa_gate_threshold,directional_kappa_gate_pair_frac,main_loss_weight,directional_loss_active,directional_loss_end_epoch,directional_loss_deactivated_from_epoch,dir_loss_raw,dir_loss_weighted,dir_lambda_current,direction_lr_multiplier,direction_lr_current,direction_branch_frozen,freeze_direction_after_epoch,direction_branch_frozen_from_epoch,cross_loss_raw,cross_loss_weighted,cross_lambda_current,cross_fixed_weight_target,anti_collapse_raw,anti_collapse_weighted,anti_collapse_lambda_current,anti_collapse_margin,anti_collapse_mode,ortho_loss_raw,ortho_loss_weighted,parent_entropy_raw,parent_entropy_weighted,parent_entropy_lambda_current,parent_cap_raw,parent_cap_weighted,parent_cap_lambda_current,parent_cap_target,ungated_symmetry_raw,ungated_symmetry_weighted,ungated_symmetry_lambda_current,gradient_alignment_probe_enabled,gradient_alignment_probe_seed,grad_probe_available,grad_probe_lambda_dir,grad_probe_diff_norm,grad_probe_dir_norm_raw,grad_probe_dir_norm_weighted,grad_probe_dir_to_diff_norm_ratio,grad_probe_cosine,grad_probe_cosine_negative
1,0.403434,0,0.750000,0.666667,0.000000,0.666667,0.084107,0.324284,0.000000,1.000000,0.000000,0.171429,0.014418,0.095827,12,18,0,before_selection_start,0.000000,0.500000,0.000000,0.023543,0.056347,2.393334,0.000000,0.236575,0.329607,0.113371,0.291267,2.238144,3.492466,0.000000,0.000000,0.000000,0.044444,0.019331,0.297559,0.191611,0.701850,0.000000,0.278056,0.191611,-0.048759,0.800000,0.135702,0.095513,-0.024375,0.800000,0.157186,0.361872,0.000000,0.353894,0.652825,0.077922,0.150137,0.382991,0.000000,3.000000,-0.032808,-0.007026,-0.025782,0.578994,0.738178,2.142658,1.000000,500.000000,1.350734,1.348433,1.347733,-0.002301,-0.003001,0.998296,0.997778,0.060053,0.000000,0.219934,0.123960,0.095974,0.204954,0.126864,0.078090,0.095974,-0.017884,0.000000,1,0.500000,0.063121,0.373333,1.000000,1,-1,-1,0.693912,0.000000,0.000000,1.000000,0.001000,0,-1,-1,0.739825,0.073560,0.100000,0.100000,0.008332,0.006252,0.100000,0.020000,signed_gate,0.061479,0.000000,0.291267,0.000000,0.000000,0.000000,0.000000,0.000000,0.000000,0.000000,0.000000,0.000000,0,0,0.000000,0.000000,0.000000,0.000000,0.000000,0.000000,0.000000,0.000000
2,0.402285,0,0.833333,0.722222,0.000000,0.666667,0.082175,0.317351,0.000000,1.000000,0.000000,0.171429,0.014087,0.093639,12,18,0,before_selection_start,0.000000,0.500000,0.000000,0.021832,0.052414,2.400809,0.000000,0.220426,0.305647,0.104584,0.289850,2.232324,3.501677,0.000000,0.000000,0.000000,0.044444,0.019331,0.317394,0.197984,0.637759,0.000000,0.317394,0.197984,0.191593,1.000000,0.156041,0.098670,0.095505,1.000000,0.157186,0.361872,0.000000,0.354248,0.647369,0.076190,0.150137,0.382991,0.000000,3.000000,-0.032538,-0.007158,-0.025379,0.582464,0.750406,2.134480,1.000000,500.000000,1.327145,1.327462,1.326815,0.000317,-0.000330,1.000239,0.999751,0.061832,0.000000,0.219224,0.123875,0.095349,0.204832,0.127039,0.077793,0.095349,-0.017556,0.000000,1,0.500000,0.063121,0.373333,1.000000,1,-1,-1,0.663766,0.000000,0.000000,1.000000,0.001000,0,-1,-1,0.739790,0.073557,0.100000,0.100000,0.000000,0.000058,0.100000,0.020000,signed_gate,0.060352,0.000000,0.289850,0.000000,0.000000,0.000000,0.000000,0.000000,0.000000,0.000000,0.000000,0.000000,0,0,0.000000,0.000000,0.000000,0.000000,0.000000,0.000000,0.000000,0.000000
3,0.399926,0,0.833333,0.722222,0.000000,0.666667,0.078237,0.303115,0.000000,1.000000,0.000000,0.171429,0.013412,0.089176,12,18,0,before_selection_start,0.000000,0.500000,0.000000,0.020985,0.050435,2.403338,0.000000,0.212320,0.293793,0.101616,0.289870,2.233555,3.507497,0.000000,0.000000,0.000000,0.044444,0.019331,0.315525,0.201212,0.648764,0.000000,0.315525,0.201212,0.198076,1.000000,0.155084,0.100268,0.098715,1.000000,0.157186,0.361872,0.000000,0.354401,0.649739,0.070996,0.150137,0.382991,0.000000,3.000000,-0.032449,-0.007217,-0.025231,0.586877,0.742835,2.134321,1.000000,500.000000,1.325016,1.324106,1.325231,-0.000911,0.000215,0.999313,1.000162,0.062755,0.000000,0.219395,0.123939,0.095456,0.204805,0.126942,0.077863,0.095456,-0.017593,0.000000,1,0.500000,0.063121,0.373333,1.000000,1,-1,-1,0.667356,0.000000,0.000000,1.000000,0.001000,0,-1,-1,0.739914,0.073556,0.100000,0.100000,0.000000,0.000000,0.100000,0.020000,signed_gate,0.059571,0.000000,0.289870,0.000000,0.000000,0.000000,0.000000,0.000000,0.000000,0.000000,0.000000,0.000000,0,0,0.000000,0.000000,0.000000,0.000000,0.000000,0.000000,0.000000,0.000000
4,0.399575,0,0.750000,0.666667,0.000000,0.666667,0.077653,0.300995,0.000000,1.000000,0.000000,0.171429,0.013312,0.088514,12,18,0,before_selection_start,0.000000,0.500000,0.000000,0.020747,0.049983,2.409189,0.000000,0.210152,0.290453,0.098188,0.290011,2.235035,3.515004,0.000000,0.000000,0.000000,0.044444,0.019331,0.322656,0.191586,0.713240,0.000000,0.322656,0.191586,0.180358,1.000000,0.157962,0.095501,0.089935,1.000000,0.157186,0.361872,0.000000,0.353517,0.659961,0.066667,0.150137,0.382991,0.000000,3.000000,-0.032526,-0.007329,-0.025197,0.589614,0.734805,2.134621,1.000000,500.000000,1.336495,1.333369,1.336877,-0.003126,0.000383,0.997661,1.000286,0.062996,0.000000,0.219681,0.123685,0.095995,0.204730,0.126734,0.077996,0.095995,-0.017999,0.000000,1,0.500000,0.063121,0.373333,1.000000,1,-1,-1,0.657513,0.000000,0.000000,1.000000,0.001000,0,-1,-1,0.739876,0.073553,0.100000,0.100000,0.000000,0.000000,0.100000,0.020000,signed_gate,0.059265,0.000000,0.290011,0.000000,0.000000,0.000000,0.000000,0.000000,0.000000,0.000000,0.000000,0.000000,0,0,0.000000,0.000000,0.000000,0.000000,0.000000,0.000000,0.000000,0.000000
5,0.393828,0,0.833333,0.722222,0.000000,0.666667,0.068207,0.266253,0.000000,1.000000,0.000000,0.171429,0.011693,0.077793,12,18,0,before_selection_start,0.000000,0.500000,0.000000,0.020156,0.048132,2.388011,0.000000,0.200320,0.282180,0.096885,0.292939,2.254307,3.572619,0.000000,0.000000,0.000000,0.044444,0.019331,0.299777,0.248276,0.608322,0.000000,0.299777,0.248276,0.185997,1.000000,0.147684,0.123504,0.092731,1.000000,0.157186,0.361872,0.000000,0.355039,0.672232,0.066667,0.150137,0.382991,0.000000,3.000000,-0.032726,-0.007895,-0.024831,0.583584,0.701678,2.162537,1.000000,500.000000,1.327594,1.324393,1.324507,-0.003202,-0.003087,0.997588,0.997675,0.063654,0.000000,0.218727,0.124301,0.094426,0.206429,0.127234,0.079195,0.094426,-0.015230,0.000000,1,0.500000,0.063121,0.373333,1.000000,1,-1,-1,0.690877,0.000000,0.000000,1.000000,0.001000,0,-1,-1,0.740362,0.073551,0.100000,0.100000,0.000000,0.000000,0.100000,0.020000,signed_gate,0.058893,0.000000,0.292939,0.000000,0.000000,0.000000,0.000000,0.000000,0.000000,0.000000,0.000000,0.000000,0,0,0.000000,0.000000,0.000000,0.000000,0.000000,0.000000,0.000000,0.000000
6,0.391900,1,0.833333,0.722222,0.000000,0.666667,0.065078,0.254587,0.000000,1.000000,0.000000,0.171429,0.011156,0.074238,12,18,0,low_density_factor|density_ratio_out_of_range,0.000000,0.500000,0.000000,0.019936,0.047531,2.384142,0.000000,0.211229,0.279108,0.089601,0.293949,2.263237,3.621942,0.000000,0.000000,0.000000,0.044444,0.019331,0.390007,0.326485,0.595877,0.000000,0.390007,0.326485,0.223769,1.000000,0.191402,0.161808,0.111420,1.000000,0.157186,0.361872,0.000000,0.354838,0.681110,0.076190,0.150137,0.382991,0.000000,3.000000,-0.033027,-0.008018,-0.025009,0.582694,0.700834,2.174022,1.000000,500.000000,1.306964,1.308690,1.307358,0.001726,0.000395,1.001321,1.000302,0.063833,0.000000,0.218536,0.123499,0.095038,0.207438,0.127102,0.080335,0.095038,-0.014702,0.000000,1,0.500000,0.063121,0.373333,1.000000,1,-1,-1,0.591816,0.000775,0.001891,1.000000,0.001000,0,-1,-1,0.740683,0.073541,0.100000,0.100000,0.000000,0.000000,0.100000,0.020000,signed_gate,0.058416,0.000396,0.293949,0.000000,0.000000,0.000000,0.000000,0.000000,0.000000,0.000000,0.000000,0.000000,0,0,0.000000,0.001891,0.000000,0.000000,0.000000,0.000000,0.000000,0.000000
7,0.395627,1,0.750000,0.666667,0.000000,0.666667,0.071145,0.277137,0.000000,1.000000,0.000000,0.171429,0.012196,0.081129,12,18,0,low_density_factor|density_ratio_out_of_range,0.000000,0.850000,1.000000,0.020275,0.048777,2.405795,0.000000,0.207300,0.283847,0.087107,0.291237,2.248308,3.569490,0.000000,0.000000,0.000000,0.044444,0.019331,0.733709,0.588628,1.109635,0.000000,0.733709,0.588628,0.371563,1.000000,0.343609,0.286100,0.183673,1.000000,0.157186,0.361872,0.000000,0.349828,0.685492,0.077922,0.150137,0.382991,0.000000,3.000000,-0.033262,-0.008052,-0.025210,0.584198,0.754737,2.151536,1.000000,500.000000,1.298827,1.296604,1.296795,-0.002223,-0.002032,0.998288,0.998436,0.063424,0.000000,0.218970,0.122078,0.096891,0.206989,0.126458,0.080532,0.096891,-0.016360,0.000000,1,0.500000,0.063121,0.373333,1.000000,1,-1,-1,0.277748,0.001971,0.007489,1.000000,0.001000,0,-1,-1,0.741119,0.073533,0.100000,0.100000,0.000000,0.000000,0.100000,0.020000,signed_gate,0.057506,0.001098,0.291237,0.000000,0.000000,0.000000,0.000000,0.000000,0.000000,0.000000,0.000000,0.000000,0,0,0.000000,0.007489,0.000000,0.000000,0.000000,0.000000,0.000000,0.000000
8,0.397382,1,0.666667,0.611111,0.000000,0.666667,0.074027,0.287747,0.000000,1.000000,0.000000,0.171429,0.012690,0.084401,12,18,0,low_density_factor|density_ratio_out_of_range,0.000000,0.850000,1.000000,0.019700,0.048291,2.451381,0.000000,0.215385,0.275794,0.086345,0.285233,2.222820,3.572805,0.000000,0.000000,0.000000,0.044444,0.019331,1.224018,1.215694,1.273965,0.000000,1.224018,1.215694,1.197861,1.000000,0.545473,0.542610,0.536288,1.000000,0.157186,0.361872,0.000000,0.339567,0.653260,0.066667,0.150137,0.382991,0.000000,3.000000,-0.033240,-0.008626,-0.024613,0.600773,0.806744,2.119744,1.000000,500.000000,1.293715,1.291556,1.294660,-0.002159,0.000944,0.998331,1.000730,0.064098,0.000000,0.214891,0.121067,0.093824,0.209135,0.124181,0.084954,0.093824,-0.008869,0.000000,1,0.500000,0.063121,0.373333,1.000000,1,-1,-1,0.001421,0.002143,0.159262,1.000000,0.001000,0,-1,-1,0.741049,0.073535,0.100000,0.100000,0.000000,0.000000,0.100000,0.020000,signed_gate,0.056103,0.001688,0.285233,0.000000,0.000000,0.000000,0.000000,0.000000,0.000000,0.000000,0.000000,0.000000,0,0,0.000000,0.159262,0.000000,0.000000,0.000000,0.000000,0.000000,0.000000
9,0.403857,1,0.833333,0.722222,0.000000,0.666667,0.084820,0.326834,0.000000,1.000000,0.000000,0.171429,0.014541,0.096635,12,18,0,low_density_factor|density_ratio_out_of_range,0.000000,0.850000,1.000000,0.018898,0.048887,2.586891,0.000000,0.248533,0.264572,0.096135,0.255059,2.080241,3.365333,0.000000,0.000000,0.000000,0.044444,0.019331,2.612779,2.611699,2.639758,0.000000,2.612779,2.611699,2.592528,1.000000,0.863342,0.863221,0.860758,1.000000,0.157186,0.361872,0.000000,0.320287,0.667956,0.066667,0.150137,0.382991,0.000000,3.000000,-0.033096,-0.008776,-0.024321,0.649031,0.909768,1.966948,1.000000,500.000000,1.295110,1.291588,1.291616,-0.003522,-0.003495,0.997281,0.997302,0.065174,0.000000,0.206855,0.116185,0.090671,0.205128,0.120574,0.084554,0.090671,-0.006117,0.000000,1,0.500000,0.063121,0.373333,1.000000,1,-1,-1,0.000839,0.000625,0.497875,1.000000,0.001000,0,-1,-1,0.740750,0.073506,0.100000,0.100000,0.000000,0.000000,0.100000,0.020000,signed_gate,0.054327,0.002287,0.255059,0.000000,0.000000,0.000000,0.000000,0.000000,0.000000,0.000000,0.000000,0.000000,0,0,0.000000,0.497875,0.000000,0.000000,0.000000,0.000000,0.000000,0.000000
10,0.406919,1,0.833333,0.722222,0.000000,0.666667,0.090020,0.345286,0.000000,1.000000,0.000000,0.171429,0.015432,0.102519,12,18,0,low_density_factor|density_ratio_out_of_range,0.000000,0.850000,1.000000,0.018950,0.050456,2.662580,0.000000,0.294623,0.265302,0.102895,0.235733,2.007340,3.318188,0.000000,0.000000,0.000000,0.044444,0.019331,3.878664,3.875697,3.887548,0.000000,3.878664,3.875697,3.874524,1.000000,0.959480,0.959363,0.959316,1.000000,0.157186,0.361872,0.000000,0.312152,0.660005,0.076190,0.150137,0.382991,0.000000,3.000000,-0.033101,-0.008768,-0.024333,0.665635,0.972370,1.918547,1.000000,500.000000,1.275032,1.279668,1.280914,0.004636,0.005882,1.003636,1.004614,0.065209,0.000000,0.201842,0.113909,0.087933,0.203640,0.119191,0.084449,0.087933,-0.003484,0.000000,1,0.500000,0.063121,0.373333,1.000000,1,-1,-1,0.000176,0.000477,0.499989,1.000000,0.001000,0,-1,-1,0.740777,0.073467,0.100000,0.100000,0.000000,0.000000,0.100000,0.020000,signed_gate,0.053244,0.002871,0.235733,0.000000,0.000000,0.000000,0.000000,0.000000,0.000000,0.000000,0.000000,0.000000,0,0,0.000000,0.499989,0.000000,0.000000,0.000000,0.000000,0.000000,0.000000
11,0.405043,1,0.750000,0.666667,0.000000,0.666667,0.086826,0.333984,0.000000,1.000000,0.000000,0.171429,0.014885,0.098906,12,18,0,low_density_factor|density_ratio_out_of_range,0.000000,0.850000,1.000000,0.018663,0.050325,2.696561,0.000000,0.304054,0.261279,0.102724,0.227800,1.982108,3.315947,0.000000,0.000000,0.000000,0.044444,0.019331,5.095692,5.093827,5.122588,0.000000,5.095692,5.093827,5.082326,1.000000,0.987827,0.987806,0.987666,1.000000,0.157186,0.361872,0.000000,0.310808,0.671874,0.066667,0.150137,0.382991,0.000000,3.000000,-0.033526,-0.008910,-0.024615,0.664942,0.991830,1.911059,1.000000,500.000000,1.271562,1.271684,1.271523,0.000122,-0.000039,1.000096,0.999969,0.065556,0.000000,0.201679,0.113386,0.088292,0.202868,0.118990,0.083878,0.088292,-0.004414,0.000000,1,0.500000,0.063121,0.373333,1.000000,1,-1,-1,0.000228,0.000427,0.500000,1.000000,0.001000,0,-1,-1,0.740891,0.073454,0.100000,0.100000,0.000000,0.000000,0.100000,0.020000,signed_gate,0.052277,0.003464,0.227800,0.000000,0.000000,0.000000,0.000000,0.000000,0.000000,0.000000,0.000000,0.000000,0,0,0.000000,0.500000,0.000000,0.000000,0.000000,0.000000,0.000000,0.000000
12,0.404759,1,0.666667,0.611111,0.000000,0.666667,0.086345,0.332272,0.000000,1.000000,0.000000,0.171429,0.014802,0.098361,12,18,0,low_density_factor|density_ratio_out_of_range,0.000000,0.850000,1.000000,0.018132,0.049848,2.749232,0.000000,0.323329,0.253844,0.105821,0.224276,1.971862,3.338424,0.000000,0.000000,0.000000,0.044444,0.019331,6.326211,6.318309,6.360817,0.000000,6.326211,6.318309,6.298157,1.000000,0.996428,0.996401,0.996327,1.000000,0.157186,0.361872,0.000000,0.309145,0.684435,0.057143,0.150137,0.382991,0.000000,3.000000,-0.033906,-0.008915,-0.024991,0.666335,0.997793,1.908548,1.000000,500.000000,1.277190,1.277159,1.274302,-0.000031,-0.002888,0.999976,0.997739,0.066240,0.000000,0.200986,0.113519,0.087467,0.202687,0.118762,0.083925,0.087467,-0.003542,0.000000,1,0.500000,0.063121,0.373333,1.000000,1,-1,-1,0.004021,0.000523,0.500000,1.000000,0.001000,0,-1,-1,0.741117,0.073438,0.100000,0.100000,0.000000,0.000000,0.100000,0.020000,signed_gate,0.051371,0.004042,0.224276,0.000000,0.000000,0.000000,0.000000,0.000000,0.000000,0.000000,0.000000,0.000000,0,0,0.000000,0.500000,0.000000,0.000000,0.000000,0.000000,0.000000,0.000000
13,0.408619,1,0.666667,0.611111,0.000000,0.666667,0.092937,0.355521,0.000000,1.000000,0.000000,0.171429,0.015932,0.105816,12,18,0,low_density_factor|density_ratio_out_of_range,0.000000,0.850000,1.000000,0.018489,0.052808,2.856158,0.000000,0.383916,0.258847,0.110401,0.222097,1.964358,3.345064,0.000000,0.000000,0.000000,0.044444,0.019331,7.591394,7.592149,7.598106,0.000000,7.591394,7.592149,7.582000,1.000000,0.998991,0.998992,0.998981,1.000000,0.157186,0.361872,0.000000,0.309441,0.685583,0.076190,0.150137,0.382991,0.000000,3.000000,-0.034212,-0.008546,-0.025666,0.673097,0.999499,1.901627,1.000000,500.000000,1.271441,1.267074,1.269809,-0.004367,-0.001631,0.996565,0.998717,0.065868,0.000000,0.202010,0.112596,0.089414,0.201068,0.118557,0.082511,0.089414,-0.006903,0.000000,1,0.500000,0.063121,0.373333,1.000000,1,-1,-1,0.001702,0.000905,0.500000,1.000000,0.001000,0,-1,-1,0.741263,0.073428,0.100000,0.100000,0.000000,0.000000,0.100000,0.020000,signed_gate,0.050568,0.004583,0.222097,0.000000,0.000000,0.000000,0.000000,0.000000,0.000000,0.000000,0.000000,0.000000,0,0,0.000000,0.500000,0.000000,0.000000,0.000000,0.000000,0.000000,0.000000
14,0.410014,1,0.666667,0.611111,0.000000,0.666667,0.095348,0.363916,0.000000,1.000000,0.000000,0.171429,0.016345,0.108540,12,18,0,low_density_factor|density_ratio_out_of_range,0.000000,0.850000,1.000000,0.018311,0.054054,2.952001,0.000000,0.414473,0.256355,0.115552,0.220939,1.958997,3.353768,0.000000,0.000000,0.000000,0.044444,0.019331,8.903179,8.894096,8.923933,0.000000,8.903179,8.894096,8.887895,1.000000,0.999728,0.999726,0.999724,1.000000,0.157186,0.361872,0.000000,0.308180,0.680112,0.076190,0.150137,0.382991,0.000000,3.000000,-0.034925,-0.008445,-0.026480,0.679006,0.999885,1.894963,1.000000,500.000000,1.273955,1.279029,1.274732,0.005075,0.000777,1.003983,1.000610,0.066151,0.000000,0.203069,0.111924,0.091145,0.200169,0.118324,0.081844,0.091145,-0.009301,0.000000,1,0.500000,0.063121,0.373333,1.000000,1,-1,-1,0.000652,0.000648,0.500000,1.000000,0.001000,0,-1,-1,0.741518,0.073417,0.100000,0.100000,0.000000,0.000000,0.100000,0.020000,signed_gate,0.049859,0.005121,0.220939,0.000000,0.000000,0.000000,0.000000,0.000000,0.000000,0.000000,0.000000,0.000000,0,0,0.000000,0.500000,0.000000,0.000000,0.000000,0.000000,0.000000,0.000000
15,0.409916,1,0.666667,0.611111,0.000000,0.666667,0.095178,0.363325,0.000000,1.000000,0.000000,0.171429,0.016316,0.108348,12,18,0,low_density_factor|density_ratio_out_of_range,0.000000,0.850000,1.000000,0.017870,0.053797,3.010503,0.000000,0.417816,0.250175,0.119048,0.219108,1.948265,3.317070,0.000000,0.000000,0.000000,0.044444,0.019331,10.268350,10.267762,10.288450,0.000000,10.268350,10.267762,10.255951,1.000000,0.999931,0.999931,0.999930,1.000000,0.157186,0.361872,0.000000,0.305738,0.679240,0.076190,0.150137,0.382991,0.000000,3.000000,-0.035558,-0.008365,-0.027193,0.683142,0.999971,1.878948,1.000000,500.000000,1.277171,1.280880,1.278219,0.003709,0.001048,1.002904,1.000821,0.066745,0.000000,0.203046,0.111879,0.091167,0.199487,0.117766,0.081722,0.091167,-0.009445,0.000000,1,0.500000,0.063121,0.373333,1.000000,1,-1,-1,0.000557,0.000593,0.500000,1.000000,0.001000,0,-1,-1,0.742041,0.073407,0.100000,0.100000,0.000000,0.000000,0.100000,0.020000,signed_gate,0.048906,0.005730,0.219108,0.000000,0.000000,0.000000,0.000000,0.000000,0.000000,0.000000,0.000000,0.000000,0,0,0.000000,0.500000,0.000000,0.000000,0.000000,0.000000,0.000000,0.000000
16,0.410325,1,0.666667,0.611111,0.000000,0.666667,0.095887,0.365786,0.000000,1.000000,0.000000,0.171429,0.016438,0.109149,12,18,0,low_density_factor|density_ratio_out_of_range,0.000000,0.850000,1.000000,0.017769,0.054837,3.086201,0.000000,0.440319,0.248760,0.123349,0.217508,1.940043,3.316729,0.000000,0.000000,0.000000,0.044444,0.019331,11.686584,11.675363,11.727673,0.000000,11.686584,11.675363,11.674177,1.000000,0.999983,0.999983,0.999983,1.000000,0.157186,0.361872,0.000000,0.304496,0.679026,0.076190,0.150137,0.382991,0.000000,3.000000,-0.036186,-0.008435,-0.027751,0.690710,0.999993,1.865961,1.000000,500.000000,1.277704,1.280567,1.279749,0.002863,0.002044,1.002240,1.001600,0.066935,0.000000,0.203300,0.111284,0.092016,0.198481,0.117494,0.080986,0.092016,-0.011030,0.000000,1,0.500000,0.063121,0.373333,1.000000,1,-1,-1,0.000088,0.001044,0.500000,1.000000,0.001000,0,-1,-1,0.742339,0.073393,0.100000,0.100000,0.000000,0.000000,0.100000,0.020000,signed_gate,0.048210,0.005780,0.217508,0.000000,0.000000,0.000000,0.000000,0.000000,0.000000,0.000000,0.000000,0.000000,0,0,0.000000,0.500000,0.000000,0.000000,0.000000,0.000000,0.000000,0.000000
17,0.411863,1,0.666667,0.611111,0.000000,0.666667,0.098565,0.375027,0.000000,1.000000,0.000000,0.171429,0.016897,0.112172,12,18,0,low_density_factor|density_ratio_out_of_range,0.000000,0.850000,1.000000,0.017582,0.055538,3.158794,0.000000,0.458005,0.246147,0.130015,0.216021,1.931426,3.272808,0.000000,0.000000,0.000000,0.044444,0.019331,12.000000,12.000000,12.000000,0.000000,12.000000,12.000000,12.000000,1.000000,0.999988,0.999988,0.999988,1.000000,0.157186,0.361872,0.000000,0.301147,0.676352,0.076190,0.150137,0.382991,0.000000,3.000000,-0.036589,-0.008426,-0.028163,0.694624,0.999995,1.854552,1.000000,500.000000,1.265200,1.264515,1.263182,-0.000686,-0.002018,0.999458,0.998405,0.067274,0.000000,0.201928,0.111604,0.090324,0.199452,0.116952,0.082499,0.090324,-0.007824,0.000000,1,0.500000,0.063121,0.373333,1.000000,1,-1,-1,0.000000,0.000223,0.500000,1.000000,0.001000,0,-1,-1,0.742523,0.073377,0.100000,0.100000,0.000000,0.000000,0.100000,0.020000,signed_gate,0.046911,0.005757,0.216021,0.000000,0.000000,0.000000,0.000000,0.000000,0.000000,0.000000,0.000000,0.000000,0,0,0.000000,0.500000,0.000000,0.000000,0.000000,0.000000,0.000000,0.000000
18,0.408032,1,0.666667,0.611111,0.000000,0.666667,0.091928,0.351990,0.000000,1.000000,0.000000,0.171429,0.015759,0.104676,12,18,0,low_density_factor|density_ratio_out_of_range,0.000000,0.850000,1.000000,0.017745,0.055754,3.141944,0.000000,0.452346,0.248429,0.125751,0.216551,1.938942,3.318378,0.000000,0.000000,0.000000,0.044444,0.019331,12.000000,12.000000,12.000000,0.000000,12.000000,12.000000,12.000000,1.000000,0.999988,0.999988,0.999988,1.000000,0.157186,0.361872,0.000000,0.302258,0.679336,0.076190,0.150137,0.382991,0.000000,3.000000,-0.037396,-0.008650,-0.028747,0.689868,0.999996,1.867798,1.000000,500.000000,1.251817,1.253085,1.250799,0.001268,-0.001017,1.001013,0.999187,0.066995,0.000000,0.201930,0.111212,0.090718,0.199495,0.116773,0.082722,0.090718,-0.007996,0.000000,1,0.500000,0.063121,0.373333,1.000000,1,-1,-1,0.000000,0.000000,0.500000,1.000000,0.001000,0,-1,-1,0.742950,0.073375,0.100000,0.100000,0.000000,0.000000,0.100000,0.020000,signed_gate,0.046302,0.005675,0.216551,0.000000,0.000000,0.000000,0.000000,0.000000,0.000000,0.000000,0.000000,0.000000,0,0,0.000000,0.500000,0.000000,0.000000,0.000000,0.000000,0.000000,0.000000
19,0.407098,1,0.666667,0.611111,0.000000,0.666667,0.090327,0.346366,0.000000,1.000000,0.000000,0.171429,0.015485,0.102866,12,18,0,low_density_factor|density_ratio_out_of_range,0.000000,0.850000,1.000000,0.017298,0.054542,3.153045,0.000000,0.431674,0.242173,0.122173,0.217003,1.941886,3.365314,0.000000,0.000000,0.000000,0.044444,0.019331,12.000000,12.000000,12.000000,0.000000,12.000000,12.000000,12.000000,1.000000,0.999988,0.999988,0.999988,1.000000,0.157186,0.361872,0.000000,0.303105,0.682838,0.076190,0.150137,0.382991,0.000000,3.000000,-0.037374,-0.008485,-0.028889,0.688484,0.999996,1.873316,1.000000,500.000000,1.261776,1.264101,1.263417,0.002325,0.001641,1.001843,1.001300,0.067483,0.000000,0.202026,0.110941,0.091085,0.199618,0.116770,0.082848,0.091085,-0.008237,0.000000,1,0.500000,0.063121,0.373333,1.000000,1,-1,-1,0.000000,0.000000,0.500000,1.000000,0.001000,0,-1,-1,0.742765,0.073373,0.100000,0.100000,0.000000,0.000000,0.100000,0.020000,signed_gate,0.044987,0.005634,0.217003,0.000000,0.000000,0.000000,0.000000,0.000000,0.000000,0.000000,0.000000,0.000000,0,0,0.000000,0.500000,0.000000,0.000000,0.000000,0.000000,0.000000,0.000000
20,0.407059,1,0.666667,0.611111,0.000000,0.666667,0.090260,0.346129,0.000000,1.000000,0.000000,0.171429,0.015473,0.102790,12,18,0,low_density_factor|density_ratio_out_of_range,0.000000,0.850000,1.000000,0.017526,0.055278,3.154079,0.000000,0.436192,0.245361,0.123938,0.217395,1.943760,3.362767,0.000000,0.000000,0.000000,0.044444,0.019331,12.000000,12.000000,12.000000,0.000000,12.000000,12.000000,12.000000,1.000000,0.999988,0.999988,0.999988,1.000000,0.157186,0.361872,0.000000,0.301532,0.676688,0.076190,0.150137,0.382991,0.000000,3.000000,-0.037722,-0.008586,-0.029137,0.689823,0.999996,1.874741,1.000000,500.000000,1.239741,1.238458,1.236739,-0.001282,-0.003002,0.998966,0.997579,0.067226,0.000000,0.201819,0.110783,0.091035,0.200287,0.116573,0.083713,0.091035,-0.007322,0.000000,1,0.500000,0.063121,0.373333,1.000000,1,-1,-1,0.000000,0.000000,0.500000,1.000000,0.001000,0,-1,-1,0.742751,0.073376,0.100000,0.100000,0.000000,0.000000,0.100000,0.020000,signed_gate,0.043949,0.005601,0.217395,0.000000,0.000000,0.000000,0.000000,0.000000,0.000000,0.000000,0.000000,0.000000,0,0,0.000000,0.500000,0.000000,0.000000,0.000000,0.000000,0.000000,0.000000
21,0.403617,1,0.666667,0.611111,0.000000,0.666667,0.084415,0.325387,0.000000,1.000000,0.000000,0.171429,0.014471,0.096176,12,18,0,low_density_factor|density_ratio_out_of_range,0.000000,0.850000,1.000000,0.017317,0.054800,3.164528,0.000000,0.434440,0.242435,0.118229,0.216331,1.942181,3.372557,0.000000,0.000000,0.000000,0.044444,0.019331,12.000000,12.000000,12.000000,0.000000,12.000000,12.000000,12.000000,1.000000,0.999988,0.999988,0.999988,1.000000,0.157186,0.361872,0.000000,0.301137,0.677349,0.085714,0.150137,0.382991,0.000000,3.000000,-0.038185,-0.008559,-0.029625,0.688479,0.999997,1.875154,1.000000,500.000000,1.238012,1.238937,1.238242,0.000925,0.000230,1.000747,1.000186,0.067395,0.000000,0.201607,0.110115,0.091492,0.200143,0.115983,0.084161,0.091492,-0.007332,0.000000,1,0.500000,0.063121,0.373333,1.000000,1,-1,-1,0.000000,0.000000,0.500000,1.000000,0.001000,0,-1,-1,0.742806,0.073368,0.100000,0.100000,0.000000,0.000000,0.100000,0.020000,signed_gate,0.043652,0.005514,0.216331,0.000000,0.000000,0.000000,0.000000,0.000000,0.000000,0.000000,0.000000,0.000000,0,0,0.000000,0.500000,0.000000,0.000000,0.000000,0.000000,0.000000,0.000000
22,0.401926,1,0.750000,0.666667,0.000000,0.666667,0.081574,0.315188,0.000000,1.000000,0.000000,0.171429,0.013984,0.092958,12,18,0,low_density_factor|density_ratio_out_of_range,0.000000,0.850000,1.000000,0.017058,0.054308,3.183612,0.000000,0.448643,0.238818,0.116057,0.216285,1.941518,3.368081,0.000000,0.000000,0.000000,0.044444,0.019331,12.000000,12.000000,12.000000,0.000000,12.000000,12.000000,12.000000,1.000000,0.999988,0.999988,0.999988,1.000000,0.157186,0.361872,0.000000,0.301060,0.675361,0.078788,0.150137,0.382991,0.000000,3.000000,-0.038737,-0.008887,-0.029849,0.690746,0.999997,1.873884,1.000000,500.000000,1.217187,1.224161,1.223422,0.006974,0.006235,1.005730,1.005123,0.067675,0.000000,0.200791,0.110053,0.090738,0.200340,0.115628,0.084712,0.090738,-0.006026,0.000000,1,0.500000,0.063121,0.373333,1.000000,1,-1,-1,0.000000,0.000000,0.500000,1.000000,0.001000,0,-1,-1,0.743033,0.073361,0.100000,0.100000,0.000000,0.000000,0.100000,0.020000,signed_gate,0.042813,0.005480,0.216285,0.000000,0.000000,0.000000,0.000000,0.000000,0.000000,0.000000,0.000000,0.000000,0,0,0.000000,0.500000,0.000000,0.000000,0.000000,0.000000,0.000000,0.000000
23,0.399457,1,0.666667,0.611111,0.000000,0.666667,0.077457,0.300280,0.000000,1.000000,0.000000,0.171429,0.013278,0.088292,12,18,0,low_density_factor|density_ratio_out_of_range,0.000000,0.850000,1.000000,0.016289,0.051615,3.168678,0.000000,0.417583,0.228049,0.109849,0.215552,1.939005,3.347020,0.000000,0.000000,0.000000,0.044444,0.019331,12.000000,12.000000,12.000000,0.000000,12.000000,12.000000,12.000000,1.000000,0.999988,0.999988,0.999988,1.000000,0.157186,0.361872,0.000000,0.301535,0.668391,0.078788,0.150137,0.382991,0.000000,3.000000,-0.038798,-0.008890,-0.029907,0.693199,0.999997,1.871423,1.000000,500.000000,1.225506,1.226433,1.224699,0.000927,-0.000807,1.000756,0.999341,0.068543,0.000000,0.200853,0.109944,0.090909,0.199894,0.115566,0.084328,0.090909,-0.006581,0.000000,1,0.500000,0.063121,0.373333,1.000000,1,-1,-1,0.000000,0.000000,0.500000,1.000000,0.001000,0,-1,-1,0.743081,0.073356,0.100000,0.100000,0.000000,0.000000,0.100000,0.020000,signed_gate,0.041572,0.005420,0.215552,0.000000,0.000000,0.000000,0.000000,0.000000,0.000000,0.000000,0.000000,0.000000,0,0,0.000000,0.500000,0.000000,0.000000,0.000000,0.000000,0.000000,0.000000
24,0.398785,1,0.666667,0.611111,0.000000,0.666667,0.076343,0.296222,0.000000,1.000000,0.000000,0.171429,0.013087,0.087029,12,18,0,low_density_factor|density_ratio_out_of_range,0.000000,0.850000,1.000000,0.016421,0.052340,3.187423,0.000000,0.424474,0.229891,0.109096,0.214162,1.932286,3.346162,0.000000,0.000000,0.000000,0.044444,0.019331,12.000000,12.000000,12.000000,0.000000,12.000000,12.000000,12.000000,1.000000,0.999988,0.999988,0.999988,1.000000,0.157186,0.361872,0.000000,0.299595,0.664142,0.076190,0.150137,0.382991,0.000000,3.000000,-0.039301,-0.008980,-0.030321,0.697733,0.999997,1.861561,1.000000,500.000000,1.225678,1.224897,1.227363,-0.000781,0.001685,0.999363,1.001375,0.068365,0.000000,0.200261,0.109594,0.090667,0.199707,0.115090,0.084617,0.090667,-0.006050,0.000000,1,0.500000,0.063121,0.373333,1.000000,1,-1,-1,0.000000,0.000000,0.500000,1.000000,0.001000,0,-1,-1,0.743495,0.073354,0.100000,0.100000,0.000000,0.000000,0.100000,0.020000,signed_gate,0.041155,0.005332,0.214162,0.000000,0.000000,0.000000,0.000000,0.000000,0.000000,0.000000,0.000000,0.000000,0,0,0.000000,0.500000,0.000000,0.000000,0.000000,0.000000,0.000000,0.000000
25,0.396665,1,0.666667,0.611111,0.000000,0.666667,0.072847,0.283414,0.000000,1.000000,0.000000,0.171429,0.012488,0.083062,12,18,0,low_density_factor|density_ratio_out_of_range,0.000000,0.850000,1.000000,0.016127,0.051065,3.166378,0.000000,0.409364,0.225781,0.104808,0.213330,1.926759,3.327605,0.000000,0.000000,0.000000,0.044444,0.019331,12.000000,12.000000,12.000000,0.000000,12.000000,12.000000,12.000000,1.000000,0.999988,0.999988,0.999988,1.000000,0.157186,0.361872,0.000000,0.298253,0.659816,0.076190,0.150137,0.382991,0.000000,3.000000,-0.039296,-0.009086,-0.030210,0.703758,0.999997,1.850968,1.000000,500.000000,1.201475,1.205606,1.207407,0.004131,0.005931,1.003438,1.004937,0.068675,0.000000,0.199586,0.109605,0.089981,0.199973,0.114820,0.085153,0.089981,-0.004828,0.000000,1,0.500000,0.063121,0.373333,1.000000,1,-1,-1,0.000000,0.000000,0.500000,1.000000,0.001000,0,-1,-1,0.743351,0.073350,0.100000,0.100000,0.000000,0.000000,0.100000,0.020000,signed_gate,0.040166,0.005286,0.213330,0.000000,0.000000,0.000000,0.000000,0.000000,0.000000,0.000000,0.000000,0.000000,0,0,0.000000,0.500000,0.000000,0.000000,0.000000,0.000000,0.000000,0.000000
26,0.396369,1,0.666667,0.611111,0.000000,0.666667,0.072360,0.281621,0.000000,1.000000,0.000000,0.171429,0.012405,0.082510,12,18,0,low_density_factor|density_ratio_out_of_range,0.000000,0.850000,1.000000,0.016039,0.050626,3.156375,0.000000,0.400429,0.224551,0.103591,0.212120,1.921201,3.323783,0.000000,0.000000,0.000000,0.044444,0.019331,12.000000,12.000000,12.000000,0.000000,12.000000,12.000000,12.000000,1.000000,0.999988,0.999988,0.999988,1.000000,0.157186,0.361872,0.000000,0.296817,0.654655,0.069264,0.150137,0.382991,0.000000,3.000000,-0.039622,-0.009126,-0.030496,0.706364,0.999997,1.843295,1.000000,500.000000,1.206967,1.202826,1.207624,-0.004141,0.000658,0.996569,1.000545,0.068768,0.000000,0.199346,0.109519,0.089827,0.199873,0.114342,0.085531,0.089827,-0.004295,0.000000,1,0.500000,0.063121,0.373333,1.000000,1,-1,-1,0.000000,0.000000,0.500000,1.000000,0.001000,0,-1,-1,0.743607,0.073342,0.100000,0.100000,0.000000,0.000000,0.100000,0.020000,signed_gate,0.039364,0.005204,0.212120,0.000000,0.000000,0.000000,0.000000,0.000000,0.000000,0.000000,0.000000,0.000000,0,0,0.000000,0.500000,0.000000,0.000000,0.000000,0.000000,0.000000,0.000000
27,0.394560,1,0.583333,0.555556,0.000000,0.666667,0.069401,0.270685,0.000000,1.000000,0.000000,0.171429,0.011897,0.079149,12,18,0,low_density_factor|density_ratio_out_of_range,0.000000,0.850000,1.000000,0.015920,0.049842,3.130853,0.000000,0.382360,0.222874,0.099656,0.211686,1.919772,3.317992,0.000000,0.000000,0.000000,0.044444,0.019331,12.000000,12.000000,12.000000,0.000000,12.000000,12.000000,12.000000,1.000000,0.999988,0.999988,0.999988,1.000000,0.157186,0.361872,0.000000,0.296159,0.655480,0.078788,0.150137,0.382991,0.000000,3.000000,-0.039453,-0.009088,-0.030366,0.707878,0.999997,1.840824,1.000000,500.000000,1.182644,1.187406,1.195513,0.004763,0.012869,1.004027,1.010882,0.068863,0.000000,0.199077,0.109363,0.089714,0.200087,0.114053,0.086034,0.089714,-0.003680,0.000000,1,0.500000,0.063121,0.373333,1.000000,1,-1,-1,0.000000,0.000000,0.500000,1.000000,0.001000,0,-1,-1,0.743509,0.073337,0.100000,0.100000,0.000000,0.000000,0.100000,0.020000,signed_gate,0.038515,0.005152,0.211686,0.000000,0.000000,0.000000,0.000000,0.000000,0.000000,0.000000,0.000000,0.000000,0,0,0.000000,0.500000,0.000000,0.000000,0.000000,0.000000,0.000000,0.000000
28,0.392479,1,0.666667,0.611111,0.000000,0.666667,0.066015,0.258090,0.000000,1.000000,0.000000,0.171429,0.011317,0.075303,12,18,0,low_density_factor|density_ratio_out_of_range,0.000000,0.850000,1.000000,0.015680,0.048513,3.093943,0.000000,0.361760,0.219520,0.096231,0.211662,1.920085,3.326838,0.000000,0.000000,0.000000,0.044444,0.019331,12.000000,12.000000,12.000000,0.000000,12.000000,12.000000,12.000000,1.000000,0.999988,0.999988,0.999988,1.000000,0.157186,0.361872,0.000000,0.296546,0.655174,0.076190,0.150137,0.382991,0.000000,3.000000,-0.039478,-0.009161,-0.030316,0.709577,0.999997,1.840830,1.000000,500.000000,1.179788,1.180560,1.180518,0.000772,0.000730,1.000654,1.000619,0.069126,0.000000,0.198339,0.109644,0.088695,0.200779,0.113999,0.086781,0.088695,-0.001915,0.000000,1,0.500000,0.063121,0.373333,1.000000,1,-1,-1,0.000000,0.000000,0.500000,1.000000,0.001000,0,-1,-1,0.743515,0.073339,0.100000,0.100000,0.000000,0.000000,0.100000,0.020000,signed_gate,0.037571,0.005089,0.211662,0.000000,0.000000,0.000000,0.000000,0.000000,0.000000,0.000000,0.000000,0.000000,0,0,0.000000,0.500000,0.000000,0.000000,0.000000,0.000000,0.000000,0.000000
29,0.390356,1,0.666667,0.611111,0.000000,0.666667,0.062584,0.245236,0.000000,1.000000,0.000000,0.171429,0.010729,0.071403,12,18,0,low_density_factor|density_ratio_out_of_range,0.000000,0.850000,1.000000,0.015094,0.046274,3.065725,0.000000,0.340512,0.211317,0.091143,0.211164,1.916068,3.304482,0.000000,0.000000,0.000000,0.044444,0.019331,12.000000,12.000000,12.000000,0.000000,12.000000,12.000000,12.000000,1.000000,0.999988,0.999988,0.999988,1.000000,0.157186,0.361872,0.000000,0.294906,0.645295,0.076190,0.150137,0.382991,0.000000,3.000000,-0.039554,-0.009356,-0.030198,0.711805,0.999997,1.833882,1.000000,500.000000,1.197127,1.196491,1.201793,-0.000636,0.004665,0.999469,1.003897,0.069810,0.000000,0.197874,0.109766,0.088107,0.201087,0.113853,0.087234,0.088107,-0.000873,0.000000,1,0.500000,0.063121,0.373333,1.000000,1,-1,-1,0.000000,0.000000,0.500000,1.000000,0.001000,0,-1,-1,0.743557,0.073336,0.100000,0.100000,0.000000,0.000000,0.100000,0.020000,signed_gate,0.036580,0.005032,0.211164,0.000000,0.000000,0.000000,0.000000,0.000000,0.000000,0.000000,0.000000,0.000000,0,0,0.000000,0.500000,0.000000,0.000000,0.000000,0.000000,0.000000,0.000000
30,0.389895,1,0.666667,0.611111,0.000000,0.666667,0.061843,0.242448,0.000000,1.000000,0.000000,0.171429,0.010602,0.070561,12,18,0,low_density_factor|density_ratio_out_of_range,0.000000,0.850000,1.000000,0.015151,0.046412,3.063268,0.000000,0.332850,0.212114,0.089533,0.210542,1.915516,3.314374,0.000000,0.000000,0.000000,0.044444,0.019331,12.000000,12.000000,12.000000,0.000000,12.000000,12.000000,12.000000,1.000000,0.999988,0.999988,0.999988,1.000000,0.157186,0.361872,0.000000,0.294133,0.649816,0.069264,0.150137,0.382991,0.000000,3.000000,-0.039544,-0.009215,-0.030329,0.712398,0.999997,1.833985,1.000000,500.000000,1.195132,1.193582,1.202371,-0.001550,0.007239,0.998703,1.006057,0.069712,0.000000,0.198304,0.109272,0.089032,0.200600,0.113627,0.086974,0.089032,-0.002058,0.000000,1,0.500000,0.063121,0.373333,1.000000,1,-1,-1,0.000000,0.000000,0.500000,1.000000,0.001000,0,-1,-1,0.743600,0.073333,0.100000,0.100000,0.000000,0.000000,0.100000,0.020000,signed_gate,0.036030,0.004956,0.210542,0.000000,0.000000,0.000000,0.000000,0.000000,0.000000,0.000000,0.000000,0.000000,0,0,0.000000,0.500000,0.000000,0.000000,0.000000,0.000000,0.000000,0.000000
31,0.388680,1,0.666667,0.611111,0.000000,0.666667,0.059892,0.235088,0.000000,1.000000,0.000000,0.171429,0.010267,0.068341,12,18,0,low_density_factor|density_ratio_out_of_range,0.000000,0.850000,1.000000,0.014810,0.045468,3.069998,0.000000,0.327472,0.207344,0.087463,0.210539,1.917030,3.333913,0.000000,0.000000,0.000000,0.044444,0.019331,12.000000,12.000000,12.000000,0.000000,12.000000,12.000000,12.000000,1.000000,0.999988,0.999988,0.999988,1.000000,0.157186,0.361872,0.000000,0.293117,0.645520,0.076190,0.150137,0.382991,0.000000,3.000000,-0.039627,-0.009103,-0.030525,0.712961,0.999997,1.836804,1.000000,500.000000,1.157694,1.160367,1.166216,0.002673,0.008522,1.002309,1.007361,0.070125,0.000000,0.197606,0.109266,0.088341,0.201023,0.113540,0.087483,0.088341,-0.000858,0.000000,1,0.500000,0.063121,0.373333,1.000000,1,-1,-1,0.000000,0.000000,0.500000,1.000000,0.001000,0,-1,-1,0.743756,0.073336,0.100000,0.100000,0.000000,0.000000,0.100000,0.020000,signed_gate,0.035290,0.004852,0.210539,0.000000,0.000000,0.000000,0.000000,0.000000,0.000000,0.000000,0.000000,0.000000,0,0,0.000000,0.500000,0.000000,0.000000,0.000000,0.000000,0.000000,0.000000
32,0.387329,1,0.583333,0.555556,0.000000,0.666667,0.057730,0.226900,0.000000,1.000000,0.000000,0.171429,0.009897,0.065881,12,18,0,low_density_factor|density_ratio_out_of_range,0.000000,0.850000,1.000000,0.014939,0.045847,3.069002,0.000000,0.325968,0.209141,0.085112,0.209010,1.909855,3.330854,0.000000,0.000000,0.000000,0.044444,0.019331,12.000000,12.000000,12.000000,0.000000,12.000000,12.000000,12.000000,1.000000,0.999988,0.999988,0.999988,1.000000,0.157186,0.361872,0.000000,0.291532,0.640654,0.076190,0.150137,0.382991,0.000000,3.000000,-0.039884,-0.009271,-0.030613,0.716839,0.999998,1.826070,1.000000,500.000000,1.178163,1.173075,1.187097,-0.005088,0.008934,0.995682,1.007583,0.069926,0.000000,0.196744,0.108928,0.087815,0.201013,0.113118,0.087895,0.087815,0.000079,1.000000,1,0.500000,0.063121,0.373333,1.000000,1,-1,-1,0.000000,0.000000,0.500000,1.000000,0.001000,0,-1,-1,0.743868,0.073336,0.100000,0.100000,0.000000,0.000000,0.100000,0.020000,signed_gate,0.035134,0.004752,0.209010,0.000000,0.000000,0.000000,0.000000,0.000000,0.000000,0.000000,0.000000,0.000000,0,0,0.000000,0.500000,0.000000,0.000000,0.000000,0.000000,0.000000,0.000000
33,0.386729,1,0.583333,0.555556,0.000000,0.666667,0.056773,0.223266,0.000000,1.000000,0.000000,0.171429,0.009732,0.064792,12,18,0,low_density_factor|density_ratio_out_of_range,0.000000,0.850000,1.000000,0.014305,0.043912,3.069691,0.000000,0.312606,0.200268,0.083363,0.207787,1.904413,3.321362,0.000000,0.000000,0.000000,0.044444,0.019331,12.000000,12.000000,12.000000,0.000000,12.000000,12.000000,12.000000,1.000000,0.999988,0.999988,0.999988,1.000000,0.157186,0.361872,0.000000,0.288627,0.625128,0.069264,0.150137,0.382991,0.000000,3.000000,-0.039746,-0.009220,-0.030526,0.722161,0.999998,1.818148,1.000000,500.000000,1.191400,1.192952,1.191541,0.001553,0.000141,1.001303,1.000119,0.070731,0.000000,0.196513,0.108916,0.087597,0.200826,0.112969,0.087856,0.087597,0.000260,1.000000,1,0.500000,0.063121,0.373333,1.000000,1,-1,-1,0.000000,0.000000,0.500000,1.000000,0.001000,0,-1,-1,0.743818,0.073329,0.100000,0.100000,0.000000,0.000000,0.100000,0.020000,signed_gate,0.034549,0.004685,0.207787,0.000000,0.000000,0.000000,0.000000,0.000000,0.000000,0.000000,0.000000,0.000000,0,0,0.000000,0.500000,0.000000,0.000000,0.000000,0.000000,0.000000,0.000000
34,0.385348,1,0.583333,0.555556,0.000000,0.666667,0.054574,0.214893,0.000000,1.000000,0.000000,0.171429,0.009356,0.062289,12,18,0,low_density_factor|density_ratio_out_of_range,0.000000,0.850000,1.000000,0.014444,0.043811,3.033115,0.000000,0.300422,0.202219,0.080885,0.207627,1.904644,3.315545,0.000000,0.000000,0.000000,0.044444,0.019331,12.000000,12.000000,12.000000,0.000000,12.000000,12.000000,12.000000,1.000000,0.999988,0.999988,0.999988,1.000000,0.157186,0.361872,0.000000,0.290934,0.644581,0.076190,0.150137,0.382991,0.000000,3.000000,-0.039866,-0.009315,-0.030551,0.719893,0.999998,1.819623,1.000000,500.000000,1.189930,1.191550,1.190581,0.001621,0.000652,1.001362,1.000548,0.070518,0.000000,0.195943,0.108685,0.087259,0.200597,0.113069,0.087529,0.087259,0.000270,1.000000,1,0.500000,0.063121,0.373333,1.000000,1,-1,-1,0.000000,0.000000,0.500000,1.000000,0.001000,0,-1,-1,0.743848,0.073327,0.100000,0.100000,0.000000,0.000000,0.100000,0.020000,signed_gate,0.034193,0.004601,0.207627,0.000000,0.000000,0.000000,0.000000,0.000000,0.000000,0.000000,0.000000,0.000000,0,0,0.000000,0.500000,0.000000,0.000000,0.000000,0.000000,0.000000,0.000000
35,0.383527,1,0.583333,0.555556,0.000000,0.666667,0.051686,0.203849,0.000000,1.000000,0.000000,0.171429,0.008861,0.059002,12,18,0,low_density_factor|density_ratio_out_of_range,0.000000,0.850000,1.000000,0.014494,0.043577,3.006436,0.000000,0.295775,0.202923,0.077262,0.207823,1.904224,3.294835,0.000000,0.000000,0.000000,0.044444,0.019331,12.000000,12.000000,12.000000,0.000000,12.000000,12.000000,12.000000,1.000000,0.999988,0.999988,0.999988,1.000000,0.157186,0.361872,0.000000,0.290865,0.652813,0.069264,0.150137,0.382991,0.000000,3.000000,-0.039651,-0.009195,-0.030456,0.720464,0.999998,1.818758,1.000000,500.000000,1.183117,1.187215,1.191047,0.004099,0.007931,1.003464,1.006703,0.070410,0.000000,0.195841,0.108708,0.087133,0.200758,0.113148,0.087610,0.087133,0.000476,1.000000,1,0.500000,0.063121,0.373333,1.000000,1,-1,-1,0.000000,0.000000,0.500000,1.000000,0.001000,0,-1,-1,0.743750,0.073333,0.100000,0.100000,0.000000,0.000000,0.100000,0.020000,signed_gate,0.033628,0.004582,0.207823,0.000000,0.000000,0.000000,0.000000,0.000000,0.000000,0.000000,0.000000,0.000000,0,0,0.000000,0.500000,0.000000,0.000000,0.000000,0.000000,0.000000,0.000000
36,0.382375,1,0.666667,0.611111,0.000000,0.666667,0.049866,0.196860,0.000000,1.000000,0.000000,0.171429,0.008548,0.056928,12,18,0,low_density_factor|density_ratio_out_of_range,0.000000,0.850000,1.000000,0.013883,0.041885,3.016918,0.000000,0.293034,0.194369,0.075804,0.206570,1.898973,3.297971,0.000000,0.000000,0.000000,0.044444,0.019331,12.000000,12.000000,12.000000,0.000000,12.000000,12.000000,12.000000,1.000000,0.999988,0.999988,0.999988,1.000000,0.157186,0.361872,0.000000,0.289498,0.650886,0.076190,0.150137,0.382991,0.000000,3.000000,-0.039937,-0.009194,-0.030743,0.722142,0.999998,1.812251,1.000000,500.000000,1.226752,1.228193,1.234833,0.001441,0.008081,1.001175,1.006587,0.071199,0.000000,0.196332,0.109107,0.087224,0.200588,0.112799,0.087789,0.087224,0.000564,1.000000,1,0.500000,0.063121,0.373333,1.000000,1,-1,-1,0.000000,0.000000,0.500000,1.000000,0.001000,0,-1,-1,0.744048,0.073330,0.100000,0.100000,0.000000,0.000000,0.100000,0.020000,signed_gate,0.033001,0.004457,0.206570,0.000000,0.000000,0.000000,0.000000,0.000000,0.000000,0.000000,0.000000,0.000000,0,0,0.000000,0.500000,0.000000,0.000000,0.000000,0.000000,0.000000,0.000000
37,0.381314,1,0.666667,0.611111,0.000000,0.666667,0.048194,0.190422,0.000000,1.000000,0.000000,0.171429,0.008262,0.055023,12,18,0,low_density_factor|density_ratio_out_of_range,0.000000,0.850000,1.000000,0.014227,0.042261,2.970478,0.000000,0.278783,0.199179,0.074860,0.207565,1.903402,3.288926,0.000000,0.000000,0.000000,0.044444,0.019331,12.000000,12.000000,12.000000,0.000000,12.000000,12.000000,12.000000,1.000000,0.999988,0.999988,0.999988,1.000000,0.157186,0.361872,0.000000,0.291948,0.661340,0.076190,0.150137,0.382991,0.000000,3.000000,-0.039976,-0.009419,-0.030557,0.718748,0.999998,1.817763,1.000000,500.000000,1.180277,1.180067,1.186197,-0.000210,0.005920,0.999822,1.005016,0.070735,0.000000,0.195888,0.109188,0.086700,0.200614,0.113208,0.087406,0.086700,0.000706,1.000000,1,0.500000,0.063121,0.373333,1.000000,1,-1,-1,0.000000,0.000000,0.500000,1.000000,0.001000,0,-1,-1,0.744052,0.073328,0.100000,0.100000,0.000000,0.000000,0.100000,0.020000,signed_gate,0.032613,0.004362,0.207565,0.000000,0.000000,0.000000,0.000000,0.000000,0.000000,0.000000,0.000000,0.000000,0,0,0.000000,0.500000,0.000000,0.000000,0.000000,0.000000,0.000000,0.000000
38,0.379636,1,0.666667,0.611111,0.000000,0.666667,0.045556,0.180232,0.000000,1.000000,0.000000,0.171429,0.007810,0.052017,12,18,0,low_density_factor|density_ratio_out_of_range,0.000000,0.850000,1.000000,0.014335,0.042701,2.978810,0.000000,0.281146,0.200689,0.072028,0.205339,1.892842,3.290960,0.000000,0.000000,0.000000,0.044444,0.019331,12.000000,12.000000,12.000000,0.000000,12.000000,12.000000,12.000000,1.000000,0.999988,0.999988,0.999988,1.000000,0.157186,0.361872,0.000000,0.287253,0.644314,0.076190,0.150137,0.382991,0.000000,3.000000,-0.039943,-0.009452,-0.030491,0.726391,0.999998,1.802879,1.000000,500.000000,1.178543,1.181944,1.177639,0.003401,-0.000904,1.002886,0.999233,0.070562,0.000000,0.195049,0.108820,0.086228,0.201356,0.112536,0.088819,0.086228,0.002591,1.000000,1,0.500000,0.063121,0.373333,1.000000,1,-1,-1,0.000000,0.000000,0.500000,1.000000,0.001000,0,-1,-1,0.744074,0.073329,0.100000,0.100000,0.000000,0.000000,0.100000,0.020000,signed_gate,0.032692,0.004272,0.205339,0.000000,0.000000,0.000000,0.000000,0.000000,0.000000,0.000000,0.000000,0.000000,0,0,0.000000,0.500000,0.000000,0.000000,0.000000,0.000000,0.000000,0.000000
39,0.379480,1,0.666667,0.611111,0.000000,0.666667,0.045311,0.179286,0.000000,1.000000,0.000000,0.171429,0.007768,0.051738,12,18,0,low_density_factor|density_ratio_out_of_range,0.000000,0.850000,1.000000,0.014106,0.042027,2.979292,0.000000,0.276675,0.197488,0.072072,0.204527,1.889236,3.288354,0.000000,0.000000,0.000000,0.044444,0.019331,12.000000,12.000000,12.000000,0.000000,12.000000,12.000000,12.000000,1.000000,0.999988,0.999988,0.999988,1.000000,0.157186,0.361872,0.000000,0.286135,0.649365,0.076190,0.150137,0.382991,0.000000,3.000000,-0.039984,-0.009444,-0.030540,0.727563,0.999998,1.798510,1.000000,500.000000,1.185134,1.184134,1.197061,-0.001000,0.011927,0.999156,1.010064,0.070862,0.000000,0.194417,0.108895,0.085523,0.201337,0.112469,0.088869,0.085523,0.003346,1.000000,1,0.500000,0.063121,0.373333,1.000000,1,-1,-1,0.000000,0.000000,0.500000,1.000000,0.001000,0,-1,-1,0.744106,0.073324,0.100000,0.100000,0.000000,0.000000,0.100000,0.020000,signed_gate,0.032349,0.004179,0.204527,0.000000,0.000000,0.000000,0.000000,0.000000,0.000000,0.000000,0.000000,0.000000,0,0,0.000000,0.500000,0.000000,0.000000,0.000000,0.000000,0.000000,0.000000
40,0.377944,1,0.666667,0.611111,0.000000,0.666667,0.042906,0.169960,0.000000,1.000000,0.000000,0.171429,0.007355,0.048997,12,18,0,low_density_factor|density_ratio_out_of_range,0.000000,0.850000,1.000000,0.014139,0.042004,2.970692,0.000000,0.274811,0.197952,0.071438,0.203920,1.886966,3.289993,0.000000,0.000000,0.000000,0.044444,0.019331,12.000000,12.000000,12.000000,0.000000,12.000000,12.000000,12.000000,1.000000,0.999988,0.999988,0.999988,1.000000,0.157186,0.361872,0.000000,0.285882,0.660481,0.076190,0.150137,0.382991,0.000000,3.000000,-0.039922,-0.009414,-0.030508,0.726611,0.999998,1.796015,1.000000,500.000000,1.139745,1.143674,1.147844,0.003929,0.008100,1.003448,1.007107,0.070815,0.000000,0.194572,0.109026,0.085546,0.201173,0.112402,0.088771,0.085546,0.003225,1.000000,1,0.500000,0.063121,0.373333,1.000000,1,-1,-1,0.000000,0.000000,0.500000,1.000000,0.001000,0,-1,-1,0.744102,0.073325,0.100000,0.100000,0.000000,0.000000,0.100000,0.020000,signed_gate,0.032209,0.004070,0.203920,0.000000,0.000000,0.000000,0.000000,0.000000,0.000000,0.000000,0.000000,0.000000,0,0,0.000000,0.500000,0.000000,0.000000,0.000000,0.000000,0.000000,0.000000
41,0.376824,1,0.666667,0.611111,0.000000,0.666667,0.041157,0.163157,0.000000,1.000000,0.000000,0.171429,0.007055,0.047002,12,18,0,low_density_factor|density_ratio_out_of_range,0.000000,0.850000,1.000000,0.013852,0.040793,2.944818,0.000000,0.255225,0.193934,0.068473,0.204916,1.891536,3.294235,0.000000,0.000000,0.000000,0.044444,0.019331,12.000000,12.000000,12.000000,0.000000,12.000000,12.000000,12.000000,1.000000,0.999988,0.999988,0.999988,1.000000,0.157186,0.361872,0.000000,0.287959,0.664275,0.076190,0.150137,0.382991,0.000000,3.000000,-0.039755,-0.009359,-0.030396,0.725540,0.999998,1.800858,1.000000,500.000000,1.144423,1.150669,1.150227,0.006246,0.005804,1.005458,1.005071,0.071161,0.000000,0.194577,0.108986,0.085592,0.200882,0.112724,0.088158,0.085592,0.002567,1.000000,1,0.500000,0.063121,0.373333,1.000000,1,-1,-1,0.000000,0.000000,0.500000,1.000000,0.001000,0,-1,-1,0.743870,0.073326,0.100000,0.100000,0.000000,0.000000,0.100000,0.020000,signed_gate,0.031481,0.004076,0.204916,0.000000,0.000000,0.000000,0.000000,0.000000,0.000000,0.000000,0.000000,0.000000,0,0,0.000000,0.500000,0.000000,0.000000,0.000000,0.000000,0.000000,0.000000
42,0.375317,1,0.583333,0.555556,0.000000,0.666667,0.038810,0.154003,0.000000,1.000000,0.000000,0.171429,0.006653,0.044325,12,18,0,low_density_factor|density_ratio_out_of_range,0.000000,0.850000,1.000000,0.013680,0.040222,2.940113,0.000000,0.256119,0.191526,0.066115,0.203601,1.885096,3.297761,0.000000,0.000000,0.000000,0.044444,0.019331,12.000000,12.000000,12.000000,0.000000,12.000000,12.000000,12.000000,1.000000,0.999988,0.999988,0.999988,1.000000,0.157186,0.361872,0.000000,0.286310,0.669859,0.066667,0.150137,0.382991,0.000000,3.000000,-0.039757,-0.009392,-0.030364,0.728280,0.999998,1.792374,1.000000,500.000000,1.151227,1.153240,1.148815,0.002013,-0.002411,1.001749,0.997905,0.071362,0.000000,0.193939,0.109113,0.084826,0.200628,0.112319,0.088309,0.084826,0.003483,1.000000,1,0.500000,0.063121,0.373333,1.000000,1,-1,-1,0.000000,0.000000,0.500000,1.000000,0.001000,0,-1,-1,0.743975,0.073329,0.100000,0.100000,0.000000,0.000000,0.100000,0.020000,signed_gate,0.031193,0.003930,0.203601,0.000000,0.000000,0.000000,0.000000,0.000000,0.000000,0.000000,0.000000,0.000000,0,0,0.000000,0.500000,0.000000,0.000000,0.000000,0.000000,0.000000,0.000000
43,0.375024,1,0.583333,0.555556,0.000000,0.666667,0.038354,0.152224,0.000000,1.000000,0.000000,0.171429,0.006575,0.043805,12,18,0,low_density_factor|density_ratio_out_of_range,0.000000,0.850000,1.000000,0.013221,0.038877,2.940513,0.000000,0.244451,0.185094,0.064456,0.203127,1.881665,3.288984,0.000000,0.000000,0.000000,0.044444,0.019331,12.000000,12.000000,12.000000,0.000000,12.000000,12.000000,12.000000,1.000000,0.999988,0.999988,0.999988,1.000000,0.157186,0.361872,0.000000,0.285318,0.674218,0.066667,0.150137,0.382991,0.000000,3.000000,-0.039469,-0.009223,-0.030245,0.733523,0.999998,1.786039,1.000000,500.000000,1.176735,1.178674,1.187221,0.001938,0.010486,1.001647,1.008911,0.071957,0.000000,0.194178,0.109099,0.085079,0.200236,0.112428,0.087808,0.085079,0.002729,1.000000,1,0.500000,0.063121,0.373333,1.000000,1,-1,-1,0.000000,0.000000,0.500000,1.000000,0.001000,0,-1,-1,0.743749,0.073328,0.100000,0.100000,0.000000,0.000000,0.100000,0.020000,signed_gate,0.030744,0.003794,0.203127,0.000000,0.000000,0.000000,0.000000,0.000000,0.000000,0.000000,0.000000,0.000000,0,0,0.000000,0.500000,0.000000,0.000000,0.000000,0.000000,0.000000,0.000000
44,0.372875,1,0.583333,0.555556,0.000000,0.666667,0.035018,0.139165,0.000000,1.000000,0.000000,0.171429,0.006003,0.040000,12,18,0,low_density_factor|density_ratio_out_of_range,0.000000,0.850000,1.000000,0.013320,0.039394,2.957553,0.000000,0.254191,0.186478,0.062304,0.200102,1.868134,3.293818,0.000000,0.000000,0.000000,0.044444,0.019331,12.000000,12.000000,12.000000,0.000000,12.000000,12.000000,12.000000,1.000000,0.999988,0.999988,0.999988,1.000000,0.157186,0.361872,0.000000,0.280768,0.642371,0.066667,0.150137,0.382991,0.000000,3.000000,-0.039902,-0.009522,-0.030380,0.739301,0.999998,1.768916,1.000000,500.000000,1.182339,1.180728,1.183488,-0.001611,0.001148,0.998637,1.000971,0.071803,0.000000,0.193179,0.108847,0.084332,0.200876,0.111536,0.089341,0.084332,0.005009,1.000000,1,0.500000,0.063121,0.373333,1.000000,1,-1,-1,0.000000,0.000000,0.500000,1.000000,0.001000,0,-1,-1,0.744015,0.073325,0.100000,0.100000,0.000000,0.000000,0.100000,0.020000,signed_gate,0.031033,0.003725,0.200102,0.000000,0.000000,0.000000,0.000000,0.000000,0.000000,0.000000,0.000000,0.000000,0,0,0.000000,0.500000,0.000000,0.000000,0.000000,0.000000,0.000000,0.000000
45,0.373131,1,0.583333,0.555556,0.000000,0.666667,0.035416,0.140724,0.000000,1.000000,0.000000,0.171429,0.006071,0.040453,12,18,0,low_density_factor|density_ratio_out_of_range,0.000000,0.850000,1.000000,0.013033,0.038389,2.945450,0.000000,0.237827,0.182466,0.061212,0.200395,1.868628,3.291588,0.000000,0.000000,0.000000,0.044444,0.019331,12.000000,12.000000,12.000000,0.000000,12.000000,12.000000,12.000000,1.000000,0.999988,0.999988,0.999988,1.000000,0.157186,0.361872,0.000000,0.280633,0.647473,0.066667,0.150137,0.382991,0.000000,3.000000,-0.039592,-0.009357,-0.030236,0.741147,0.999998,1.767324,1.000000,500.000000,1.172103,1.185457,1.176192,0.013353,0.004089,1.011393,1.003488,0.072176,0.000000,0.193109,0.108830,0.084278,0.200708,0.111803,0.088905,0.084278,0.004626,1.000000,1,0.500000,0.063121,0.373333,1.000000,1,-1,-1,0.000000,0.000000,0.500000,1.000000,0.001000,0,-1,-1,0.743738,0.073320,0.100000,0.100000,0.000000,0.000000,0.100000,0.020000,signed_gate,0.030496,0.003645,0.200395,0.000000,0.000000,0.000000,0.000000,0.000000,0.000000,0.000000,0.000000,0.000000,0,0,0.000000,0.500000,0.000000,0.000000,0.000000,0.000000,0.000000,0.000000
46,0.372166,1,0.583333,0.555556,0.000000,0.666667,0.033921,0.134858,0.000000,1.000000,0.000000,0.171429,0.005815,0.038748,12,18,0,low_density_factor|density_ratio_out_of_range,0.000000,0.850000,1.000000,0.013070,0.038133,2.917561,0.000000,0.236884,0.182984,0.060488,0.200107,1.866188,3.290576,0.000000,0.000000,0.000000,0.044444,0.019331,12.000000,12.000000,12.000000,0.000000,12.000000,12.000000,12.000000,1.000000,0.999988,0.999988,0.999988,1.000000,0.157186,0.361872,0.000000,0.281371,0.654176,0.061472,0.150137,0.382991,0.000000,3.000000,-0.039459,-0.009396,-0.030063,0.742909,0.999998,1.763173,1.000000,500.000000,1.166937,1.168970,1.169472,0.002034,0.002536,1.001743,1.002173,0.072119,0.000000,0.192850,0.109030,0.083820,0.200761,0.111802,0.088958,0.083820,0.005139,1.000000,1,0.500000,0.063121,0.373333,1.000000,1,-1,-1,0.000000,0.000000,0.500000,1.000000,0.001000,0,-1,-1,0.743651,0.073323,0.100000,0.100000,0.000000,0.000000,0.100000,0.020000,signed_gate,0.030232,0.003579,0.200107,0.000000,0.000000,0.000000,0.000000,0.000000,0.000000,0.000000,0.000000,0.000000,0,0,0.000000,0.500000,0.000000,0.000000,0.000000,0.000000,0.000000,0.000000
47,0.373952,1,0.583333,0.555556,0.000000,0.666667,0.036688,0.145709,0.000000,1.000000,0.000000,0.171429,0.006289,0.041905,12,18,0,low_density_factor|density_ratio_out_of_range,0.000000,0.850000,1.000000,0.012745,0.037634,2.952834,0.000000,0.229886,0.178432,0.059356,0.199297,1.861619,3.283705,0.000000,0.000000,0.000000,0.044444,0.019331,12.000000,12.000000,12.000000,0.000000,12.000000,12.000000,12.000000,1.000000,0.999988,0.999988,0.999988,1.000000,0.157186,0.361872,0.000000,0.280823,0.638093,0.057143,0.150137,0.382991,0.000000,3.000000,-0.039357,-0.009058,-0.030299,0.747036,0.999998,1.756115,1.000000,500.000000,1.176823,1.172153,1.185302,-0.004669,0.008479,0.996032,1.007205,0.072547,0.000000,0.193658,0.108598,0.085060,0.199868,0.111710,0.088159,0.085060,0.003099,1.000000,1,0.500000,0.063121,0.373333,1.000000,1,-1,-1,0.000000,0.000000,0.500000,1.000000,0.001000,0,-1,-1,0.743651,0.073324,0.100000,0.100000,0.000000,0.000000,0.100000,0.020000,signed_gate,0.030023,0.003422,0.199297,0.000000,0.000000,0.000000,0.000000,0.000000,0.000000,0.000000,0.000000,0.000000,0,0,0.000000,0.500000,0.000000,0.000000,0.000000,0.000000,0.000000,0.000000
48,0.370809,1,0.500000,0.500000,0.000000,0.666667,0.031824,0.126612,0.000000,1.000000,0.000000,0.171429,0.005455,0.036354,12,18,0,low_density_factor|density_ratio_out_of_range,0.000000,0.850000,1.000000,0.012965,0.038087,2.937745,0.000000,0.222833,0.181508,0.056859,0.198545,1.855576,3.281110,0.000000,0.000000,0.000000,0.044444,0.019331,12.000000,12.000000,12.000000,0.000000,12.000000,12.000000,12.000000,1.000000,0.999988,0.999988,0.999988,1.000000,0.157186,0.361872,0.000000,0.279471,0.634938,0.057143,0.150137,0.382991,0.000000,3.000000,-0.039523,-0.009385,-0.030138,0.751239,0.999998,1.743588,1.000000,500.000000,1.200088,1.191546,1.197934,-0.008541,-0.002154,0.992883,0.998205,0.072228,0.000000,0.192228,0.108511,0.083716,0.200874,0.111536,0.089338,0.083716,0.005622,1.000000,1,0.500000,0.063121,0.373333,1.000000,1,-1,-1,0.000000,0.000000,0.500000,1.000000,0.001000,0,-1,-1,0.743565,0.073326,0.100000,0.100000,0.000000,0.000000,0.100000,0.020000,signed_gate,0.030181,0.003373,0.198545,0.000000,0.000000,0.000000,0.000000,0.000000,0.000000,0.000000,0.000000,0.000000,0,0,0.000000,0.500000,0.000000,0.000000,0.000000,0.000000,0.000000,0.000000
49,0.370658,1,0.500000,0.500000,0.000000,0.666667,0.031590,0.125692,0.000000,1.000000,0.000000,0.171429,0.005415,0.036087,12,18,0,low_density_factor|density_ratio_out_of_range,0.000000,0.850000,1.000000,0.013136,0.038295,2.915196,0.000000,0.221517,0.183908,0.057715,0.197694,1.848706,3.269993,0.000000,0.000000,0.000000,0.044444,0.019331,12.000000,12.000000,12.000000,0.000000,12.000000,12.000000,12.000000,1.000000,0.999988,0.999988,0.999988,1.000000,0.157186,0.361872,0.000000,0.278681,0.617068,0.057143,0.150137,0.382991,0.000000,3.000000,-0.039527,-0.009601,-0.029926,0.755160,0.999998,1.730696,1.000000,500.000000,1.174815,1.171957,1.167388,-0.002857,-0.007427,0.997568,0.993678,0.072005,0.000000,0.191314,0.108594,0.082720,0.201047,0.111437,0.089611,0.082720,0.006891,1.000000,1,0.500000,0.063121,0.373333,1.000000,1,-1,-1,0.000000,0.000000,0.500000,1.000000,0.001000,0,-1,-1,0.743447,0.073318,0.100000,0.100000,0.000000,0.000000,0.100000,0.020000,signed_gate,0.030174,0.003262,0.197694,0.000000,0.000000,0.000000,0.000000,0.000000,0.000000,0.000000,0.000000,0.000000,0,0,0.000000,0.500000,0.000000,0.000000,0.000000,0.000000,0.000000,0.000000
50,0.369040,1,0.583333,0.555556,0.000000,0.666667,0.029094,0.115855,0.000000,1.000000,0.000000,0.171429,0.004988,0.033238,12,18,0,low_density_factor|density_ratio_out_of_range,0.000000,0.850000,1.000000,0.012949,0.038081,2.940913,0.000000,0.219141,0.181282,0.053887,0.196510,1.842644,3.271251,0.000000,0.000000,0.000000,0.044444,0.019331,12.000000,12.000000,12.000000,0.000000,12.000000,12.000000,12.000000,1.000000,0.999988,0.999988,0.999988,1.000000,0.157186,0.361872,0.000000,0.276870,0.586124,0.051948,0.150137,0.382991,0.000000,3.000000,-0.039314,-0.009309,-0.030005,0.758956,0.999998,1.721060,1.000000,500.000000,1.153559,1.169782,1.157502,0.016222,0.003943,1.014063,1.003418,0.072223,0.000000,0.191820,0.107959,0.083861,0.200111,0.111231,0.088880,0.083861,0.005018,1.000000,1,0.500000,0.063121,0.373333,1.000000,1,-1,-1,0.000000,0.000000,0.500000,1.000000,0.001000,0,-1,-1,0.743339,0.073317,0.100000,0.100000,0.000000,0.000000,0.100000,0.020000,signed_gate,0.030240,0.003138,0.196510,0.000000,0.000000,0.000000,0.000000,0.000000,0.000000,0.000000,0.000000,0.000000,0,0,0.000000,0.500000,0.000000,0.000000,0.000000,0.000000,0.000000,0.000000
51,0.369118,1,0.583333,0.555556,0.000000,0.666667,0.029214,0.116326,0.000000,1.000000,0.000000,0.171429,0.005008,0.033375,12,18,0,low_density_factor|density_ratio_out_of_range,0.000000,0.850000,1.000000,0.012659,0.037305,2.946966,0.000000,0.218274,0.177224,0.054184,0.194222,1.829319,3.246540,0.000000,0.000000,0.000000,0.044444,0.019331,12.000000,12.000000,12.000000,0.000000,12.000000,12.000000,12.000000,1.000000,0.999988,0.999988,0.999988,1.000000,0.157186,0.361872,0.000000,0.274424,0.570473,0.047619,0.150137,0.382991,0.000000,3.000000,-0.039284,-0.009230,-0.030054,0.765310,0.999998,1.701314,1.000000,500.000000,1.176617,1.166681,1.169680,-0.009936,-0.006937,0.991556,0.994104,0.072617,0.000000,0.191886,0.107809,0.084077,0.199495,0.110807,0.088688,0.084077,0.004611,1.000000,1,0.500000,0.063121,0.373333,1.000000,1,-1,-1,0.000000,0.000000,0.500000,1.000000,0.001000,0,-1,-1,0.743244,0.073315,0.100000,0.100000,0.000000,0.000000,0.100000,0.020000,signed_gate,0.030126,0.003055,0.194222,0.000000,0.000000,0.000000,0.000000,0.000000,0.000000,0.000000,0.000000,0.000000,0,0,0.000000,0.500000,0.000000,0.000000,0.000000,0.000000,0.000000,0.000000
52,0.368176,1,0.583333,0.555556,0.000000,0.666667,0.027763,0.110598,0.000000,1.000000,0.000000,0.171429,0.004759,0.031718,12,18,0,low_density_factor|density_ratio_out_of_range,0.000000,0.850000,1.000000,0.012619,0.037260,2.952639,0.000000,0.212036,0.176668,0.050518,0.192629,1.821897,3.224067,0.000000,0.000000,0.000000,0.044444,0.019331,12.000000,12.000000,12.000000,0.000000,12.000000,12.000000,12.000000,1.000000,0.999988,0.999988,0.999988,1.000000,0.157186,0.361872,0.000000,0.273436,0.576553,0.057143,0.150137,0.382991,0.000000,3.000000,-0.039458,-0.009135,-0.030323,0.769991,0.999999,1.691733,1.000000,500.000000,1.130146,1.127469,1.133612,-0.002677,0.003466,0.997631,1.003067,0.072638,0.000000,0.191207,0.107317,0.083890,0.199055,0.110509,0.088546,0.083890,0.004656,1.000000,1,0.500000,0.063121,0.373333,1.000000,1,-1,-1,0.000000,0.000000,0.500000,1.000000,0.001000,0,-1,-1,0.743268,0.073311,0.100000,0.100000,0.000000,0.000000,0.100000,0.020000,signed_gate,0.030246,0.002948,0.192629,0.000000,0.000000,0.000000,0.000000,0.000000,0.000000,0.000000,0.000000,0.000000,0,0,0.000000,0.500000,0.000000,0.000000,0.000000,0.000000,0.000000,0.000000
53,0.368141,1,0.583333,0.555556,0.000000,0.666667,0.027709,0.110386,0.000000,1.000000,0.000000,0.171429,0.004750,0.031657,12,18,0,low_density_factor|density_ratio_out_of_range,0.000000,0.850000,1.000000,0.012511,0.036912,2.950334,0.000000,0.208869,0.175157,0.052382,0.190193,1.807291,3.206165,0.000000,0.000000,0.000000,0.044444,0.019331,12.000000,12.000000,12.000000,0.000000,12.000000,12.000000,12.000000,1.000000,0.999988,0.999988,0.999988,1.000000,0.157186,0.361872,0.000000,0.270873,0.575644,0.057143,0.150137,0.382991,0.000000,3.000000,-0.039436,-0.009209,-0.030227,0.776818,0.999998,1.669706,1.000000,500.000000,1.156541,1.153028,1.160221,-0.003513,0.003680,0.996963,1.003182,0.072800,0.000000,0.190413,0.107293,0.083120,0.199256,0.110112,0.089144,0.083120,0.006024,1.000000,1,0.500000,0.063121,0.373333,1.000000,1,-1,-1,0.000000,0.000000,0.500000,1.000000,0.001000,0,-1,-1,0.743159,0.073308,0.100000,0.100000,0.000000,0.000000,0.100000,0.020000,signed_gate,0.030225,0.002865,0.190193,0.000000,0.000000,0.000000,0.000000,0.000000,0.000000,0.000000,0.000000,0.000000,0,0,0.000000,0.500000,0.000000,0.000000,0.000000,0.000000,0.000000,0.000000
54,0.368165,1,0.583333,0.555556,0.000000,0.666667,0.027747,0.110533,0.000000,1.000000,0.000000,0.171429,0.004757,0.031700,12,18,0,low_density_factor|density_ratio_out_of_range,0.000000,0.850000,1.000000,0.012305,0.036724,2.984514,0.000000,0.203446,0.172266,0.050674,0.187740,1.793657,3.200367,0.000000,0.000000,0.000000,0.044444,0.019331,12.000000,12.000000,12.000000,0.000000,12.000000,12.000000,12.000000,1.000000,0.999988,0.999988,0.999988,1.000000,0.157186,0.361872,0.000000,0.268095,0.576745,0.047619,0.150137,0.382991,0.000000,3.000000,-0.039408,-0.009129,-0.030279,0.782999,0.999999,1.649027,1.000000,500.000000,1.150121,1.147704,1.144783,-0.002417,-0.005338,0.997898,0.995359,0.073068,0.000000,0.190022,0.106701,0.083321,0.198710,0.109713,0.088997,0.083321,0.005676,1.000000,1,0.500000,0.063121,0.373333,1.000000,1,-1,-1,0.000000,0.000000,0.500000,1.000000,0.001000,0,-1,-1,0.743021,0.073301,0.100000,0.100000,0.000000,0.000000,0.100000,0.020000,signed_gate,0.030495,0.002693,0.187740,0.000000,0.000000,0.000000,0.000000,0.000000,0.000000,0.000000,0.000000,0.000000,0,0,0.000000,0.500000,0.000000,0.000000,0.000000,0.000000,0.000000,0.000000
55,0.367122,1,0.583333,0.555556,0.000000,0.666667,0.026143,0.104193,0.000000,1.000000,0.000000,0.171429,0.004482,0.029869,12,18,0,low_density_factor|density_ratio_out_of_range,0.000000,0.850000,1.000000,0.012499,0.037205,2.976597,0.000000,0.204759,0.174989,0.051510,0.184599,1.774349,3.114083,0.000000,0.000000,0.000000,0.044444,0.019331,12.000000,12.000000,12.000000,0.000000,12.000000,12.000000,12.000000,1.000000,0.999988,0.999988,0.999988,1.000000,0.157186,0.361872,0.000000,0.264970,0.582424,0.047619,0.150137,0.382991,0.000000,3.000000,-0.039302,-0.009140,-0.030162,0.790484,0.999999,1.620878,1.000000,500.000000,1.144115,1.145584,1.144843,0.001469,0.000728,1.001284,1.000636,0.072810,0.000000,0.189051,0.106436,0.082615,0.198418,0.109272,0.089146,0.082615,0.006530,1.000000,1,0.500000,0.063121,0.373333,1.000000,1,-1,-1,0.000000,0.000000,0.500000,1.000000,0.001000,0,-1,-1,0.742852,0.073300,0.100000,0.100000,0.000000,0.000000,0.100000,0.020000,signed_gate,0.030902,0.002666,0.184599,0.000000,0.000000,0.000000,0.000000,0.000000,0.000000,0.000000,0.000000,0.000000,0,0,0.000000,0.500000,0.000000,0.000000,0.000000,0.000000,0.000000,0.000000
56,0.366633,1,0.583333,0.555556,0.000000,0.666667,0.025391,0.101216,0.000000,1.000000,0.000000,0.171429,0.004353,0.029010,12,18,0,low_density_factor|density_ratio_out_of_range,0.000000,0.850000,1.000000,0.012683,0.037903,2.988535,0.000000,0.204048,0.177560,0.051482,0.181638,1.759709,3.095737,0.000000,0.000000,0.000000,0.044444,0.019331,12.000000,12.000000,12.000000,0.000000,12.000000,12.000000,12.000000,1.000000,0.999988,0.999988,0.999988,1.000000,0.157186,0.361872,0.000000,0.261816,0.584961,0.047619,0.150137,0.382991,0.000000,3.000000,-0.039374,-0.009166,-0.030208,0.796708,0.999999,1.602852,1.000000,500.000000,1.111156,1.118541,1.113249,0.007385,0.002093,1.006647,1.001884,0.072561,0.000000,0.188214,0.106175,0.082040,0.198544,0.108701,0.089843,0.082040,0.007803,1.000000,1,0.500000,0.063121,0.373333,1.000000,1,-1,-1,0.000000,0.000000,0.500000,1.000000,0.001000,0,-1,-1,0.742841,0.073292,0.100000,0.100000,0.000000,0.000000,0.100000,0.020000,signed_gate,0.031256,0.002546,0.181638,0.000000,0.000000,0.000000,0.000000,0.000000,0.000000,0.000000,0.000000,0.000000,0,0,0.000000,0.500000,0.000000,0.000000,0.000000,0.000000,0.000000,0.000000
57,0.366344,1,0.583333,0.555556,0.000000,0.666667,0.024947,0.099460,0.000000,1.000000,0.000000,0.171429,0.004277,0.028504,12,18,0,low_density_factor|density_ratio_out_of_range,0.000000,0.850000,1.000000,0.012028,0.036243,3.013184,0.000000,0.198430,0.168395,0.048315,0.180006,1.749036,3.051790,0.000000,0.000000,0.000000,0.044444,0.019331,12.000000,12.000000,12.000000,0.000000,12.000000,12.000000,12.000000,1.000000,0.999988,0.999988,0.999988,1.000000,0.157186,0.361872,0.000000,0.260250,0.586793,0.047619,0.150137,0.382991,0.000000,3.000000,-0.039202,-0.009068,-0.030135,0.800559,0.999999,1.587355,1.000000,500.000000,1.149330,1.144834,1.145048,-0.004496,-0.004282,0.996088,0.996274,0.073427,0.000000,0.187848,0.105841,0.082007,0.198257,0.108528,0.089730,0.082007,0.007722,1.000000,1,0.500000,0.063121,0.373333,1.000000,1,-1,-1,0.000000,0.000000,0.500000,1.000000,0.001000,0,-1,-1,0.742656,0.073288,0.100000,0.100000,0.000000,0.000000,0.100000,0.020000,signed_gate,0.031043,0.002467,0.180006,0.000000,0.000000,0.000000,0.000000,0.000000,0.000000,0.000000,0.000000,0.000000,0,0,0.000000,0.500000,0.000000,0.000000,0.000000,0.000000,0.000000,0.000000
58,0.365400,1,0.500000,0.500000,0.000000,0.666667,0.023499,0.093719,0.000000,1.000000,0.000000,0.171429,0.004028,0.026849,12,18,0,low_density_factor|density_ratio_out_of_range,0.000000,0.850000,1.000000,0.012000,0.036049,3.004156,0.000000,0.192285,0.167995,0.048077,0.178182,1.736593,3.012389,0.000000,0.000000,0.000000,0.044444,0.019331,12.000000,12.000000,12.000000,0.000000,12.000000,12.000000,12.000000,1.000000,0.999988,0.999988,0.999988,1.000000,0.157186,0.361872,0.000000,0.258617,0.578297,0.047619,0.150137,0.382991,0.000000,3.000000,-0.039356,-0.009244,-0.030112,0.805049,0.999999,1.569011,1.000000,500.000000,1.129330,1.139188,1.128390,0.009858,-0.000940,1.008729,0.999168,0.073464,0.000000,0.187480,0.105721,0.081758,0.197762,0.108182,0.089580,0.081758,0.007822,1.000000,1,0.500000,0.063121,0.373333,1.000000,1,-1,-1,0.000000,0.000000,0.500000,1.000000,0.001000,0,-1,-1,0.742663,0.073283,0.100000,0.100000,0.000000,0.000000,0.100000,0.020000,signed_gate,0.031123,0.002374,0.178182,0.000000,0.000000,0.000000,0.000000,0.000000,0.000000,0.000000,0.000000,0.000000,0,0,0.000000,0.500000,0.000000,0.000000,0.000000,0.000000,0.000000,0.000000
59,0.365467,1,0.583333,0.555556,0.000000,0.666667,0.023601,0.094125,0.000000,1.000000,0.000000,0.171429,0.004046,0.026966,12,18,0,low_density_factor|density_ratio_out_of_range,0.000000,0.850000,1.000000,0.012072,0.036397,3.014998,0.000000,0.189732,0.169006,0.045860,0.177347,1.733060,3.009005,0.000000,0.000000,0.000000,0.044444,0.019331,12.000000,12.000000,12.000000,0.000000,12.000000,12.000000,12.000000,1.000000,0.999988,0.999988,0.999988,1.000000,0.157186,0.361872,0.000000,0.258311,0.581824,0.047619,0.150137,0.382991,0.000000,3.000000,-0.039421,-0.009192,-0.030229,0.806501,0.999999,1.565535,1.000000,500.000000,1.132122,1.128838,1.126896,-0.003284,-0.005225,0.997099,0.995384,0.073347,0.000000,0.186981,0.105349,0.081631,0.197615,0.108138,0.089477,0.081631,0.007845,1.000000,1,0.500000,0.063121,0.373333,1.000000,1,-1,-1,0.000000,0.000000,0.500000,1.000000,0.001000,0,-1,-1,0.742714,0.073279,0.100000,0.100000,0.000000,0.000000,0.100000,0.020000,signed_gate,0.031293,0.002273,0.177347,0.000000,0.000000,0.000000,0.000000,0.000000,0.000000,0.000000,0.000000,0.000000,0,0,0.000000,0.500000,0.000000,0.000000,0.000000,0.000000,0.000000,0.000000
60,0.366191,1,0.500000,0.500000,0.000000,0.666667,0.024713,0.098531,0.000000,1.000000,0.000000,0.171429,0.004236,0.028236,12,18,0,low_density_factor|density_ratio_out_of_range,0.000000,0.850000,1.000000,0.012288,0.037135,3.022062,0.000000,0.193900,0.172029,0.048021,0.175028,1.718052,2.947871,0.000000,0.000000,0.000000,0.044444,0.019331,12.000000,12.000000,12.000000,0.000000,12.000000,12.000000,12.000000,1.000000,0.999988,0.999988,0.999988,1.000000,0.157186,0.361872,0.000000,0.256635,0.584206,0.047619,0.150137,0.382991,0.000000,3.000000,-0.039434,-0.009219,-0.030215,0.811785,0.999999,1.544939,1.000000,500.000000,1.130351,1.127160,1.135879,-0.003190,0.005528,0.997178,1.004890,0.073068,0.000000,0.186842,0.105211,0.081632,0.196806,0.107743,0.089063,0.081632,0.007431,1.000000,1,0.500000,0.063121,0.373333,1.000000,1,-1,-1,0.000000,0.000000,0.500000,1.000000,0.001000,0,-1,-1,0.742651,0.073273,0.100000,0.100000,0.000000,0.000000,0.100000,0.020000,signed_gate,0.031520,0.002159,0.175028,0.000000,0.000000,0.000000,0.000000,0.000000,0.000000,0.000000,0.000000,0.000000,0,0,0.000000,0.500000,0.000000,0.000000,0.000000,0.000000,0.000000,0.000000
61,0.364802,1,0.583333,0.555556,0.000000,0.666667,0.022581,0.090079,0.000000,1.000000,0.000000,0.171429,0.003871,0.025801,12,18,0,low_density_factor|density_ratio_out_of_range,0.000000,0.850000,1.000000,0.012072,0.036651,3.036071,0.000000,0.191222,0.169006,0.044546,0.173980,1.715985,2.945223,0.000000,0.000000,0.000000,0.044444,0.019331,12.000000,12.000000,12.000000,0.000000,12.000000,12.000000,12.000000,1.000000,0.999988,0.999988,0.999988,1.000000,0.157186,0.361872,0.000000,0.254872,0.575985,0.047619,0.150137,0.382991,0.000000,3.000000,-0.039348,-0.009146,-0.030203,0.813209,0.999999,1.544226,1.000000,500.000000,1.182521,1.182358,1.185517,-0.000163,0.002997,0.999862,1.002534,0.073338,0.000000,0.186279,0.104841,0.081438,0.197141,0.107536,0.089605,0.081438,0.008167,1.000000,1,0.500000,0.063121,0.373333,1.000000,1,-1,-1,0.000000,0.000000,0.500000,1.000000,0.001000,0,-1,-1,0.742557,0.073273,0.100000,0.100000,0.000000,0.000000,0.100000,0.020000,signed_gate,0.031562,0.002080,0.173980,0.000000,0.000000,0.000000,0.000000,0.000000,0.000000,0.000000,0.000000,0.000000,0,0,0.000000,0.500000,0.000000,0.000000,0.000000,0.000000,0.000000,0.000000
62,0.364569,1,0.583333,0.555556,0.000000,0.666667,0.022224,0.088662,0.000000,1.000000,0.000000,0.171429,0.003810,0.025393,12,18,0,low_density_factor|density_ratio_out_of_range,0.000000,0.850000,1.000000,0.012312,0.037556,3.050424,0.000000,0.193196,0.172365,0.047211,0.170157,1.693635,2.858041,0.000000,0.000000,0.000000,0.044444,0.019331,12.000000,12.000000,12.000000,0.000000,12.000000,12.000000,12.000000,1.000000,0.999988,0.999988,0.999988,1.000000,0.157186,0.361872,0.000000,0.251399,0.565550,0.047619,0.150137,0.382991,0.000000,3.000000,-0.039305,-0.009176,-0.030129,0.820457,0.999999,1.516204,1.000000,500.000000,1.129279,1.128816,1.127714,-0.000463,-0.001566,0.999590,0.998614,0.073030,0.000000,0.185514,0.104439,0.081074,0.196591,0.107000,0.089591,0.081074,0.008516,1.000000,1,0.500000,0.063121,0.373333,1.000000,1,-1,-1,0.000000,0.000000,0.500000,1.000000,0.001000,0,-1,-1,0.742440,0.073271,0.100000,0.100000,0.000000,0.000000,0.100000,0.020000,signed_gate,0.032072,0.001990,0.170157,0.000000,0.000000,0.000000,0.000000,0.000000,0.000000,0.000000,0.000000,0.000000,0,0,0.000000,0.500000,0.000000,0.000000,0.000000,0.000000,0.000000,0.000000
63,0.363916,1,0.583333,0.555556,0.000000,0.666667,0.021224,0.084691,0.000000,1.000000,0.000000,0.171429,0.003638,0.024251,12,18,0,low_density_factor|density_ratio_out_of_range,0.000000,0.850000,1.000000,0.011840,0.036464,3.079791,0.000000,0.182848,0.165757,0.043606,0.169081,1.687631,2.862936,0.000000,0.000000,0.000000,0.044444,0.019331,12.000000,12.000000,12.000000,0.000000,12.000000,12.000000,12.000000,1.000000,0.999988,0.999988,0.999988,1.000000,0.157186,0.361872,0.000000,0.249568,0.570862,0.047619,0.150137,0.382991,0.000000,3.000000,-0.039311,-0.009205,-0.030106,0.821938,0.999999,1.508608,1.000000,500.000000,1.148962,1.145470,1.151307,-0.003492,0.002344,0.996960,1.002040,0.073652,0.000000,0.185411,0.104198,0.081212,0.196525,0.106757,0.089768,0.081212,0.008555,1.000000,1,0.500000,0.063121,0.373333,1.000000,1,-1,-1,0.000000,0.000000,0.500000,1.000000,0.001000,0,-1,-1,0.742461,0.073265,0.100000,0.100000,0.000000,0.000000,0.100000,0.020000,signed_gate,0.032075,0.001872,0.169081,0.000000,0.000000,0.000000,0.000000,0.000000,0.000000,0.000000,0.000000,0.000000,0,0,0.000000,0.500000,0.000000,0.000000,0.000000,0.000000,0.000000,0.000000
64,0.363584,1,0.583333,0.555556,0.000000,0.666667,0.020715,0.082672,0.000000,1.000000,0.000000,0.171429,0.003551,0.023670,12,18,0,low_density_factor|density_ratio_out_of_range,0.000000,0.850000,1.000000,0.011823,0.036361,3.075452,0.000000,0.183788,0.165521,0.044616,0.168053,1.678907,2.800596,0.000000,0.000000,0.000000,0.044444,0.019331,12.000000,12.000000,12.000000,0.000000,12.000000,12.000000,12.000000,1.000000,0.999988,0.999988,0.999988,1.000000,0.157186,0.361872,0.000000,0.249381,0.566517,0.038095,0.150137,0.382991,0.000000,3.000000,-0.039367,-0.009239,-0.030129,0.825082,0.999999,1.496162,1.000000,500.000000,1.117190,1.115766,1.106998,-0.001424,-0.010192,0.998726,0.990877,0.073682,0.000000,0.185451,0.104121,0.081330,0.195771,0.106642,0.089129,0.081330,0.007799,1.000000,1,0.500000,0.063121,0.373333,1.000000,1,-1,-1,0.000000,0.000000,0.500000,1.000000,0.001000,0,-1,-1,0.742430,0.073259,0.100000,0.100000,0.000000,0.000000,0.100000,0.020000,signed_gate,0.032063,0.001816,0.168053,0.000000,0.000000,0.000000,0.000000,0.000000,0.000000,0.000000,0.000000,0.000000,0,0,0.000000,0.500000,0.000000,0.000000,0.000000,0.000000,0.000000,0.000000
65,0.362939,1,0.750000,0.666667,0.000000,0.666667,0.019728,0.078748,0.000000,1.000000,0.000000,0.171429,0.003382,0.022542,12,18,0,low_density_factor|density_ratio_out_of_range,0.000000,0.850000,1.000000,0.011741,0.036005,3.066600,0.000000,0.178928,0.164374,0.044904,0.167799,1.675026,2.777875,0.000000,0.000000,0.000000,0.044444,0.019331,12.000000,12.000000,12.000000,0.000000,12.000000,12.000000,12.000000,1.000000,0.999988,0.999988,0.999988,1.000000,0.157186,0.361872,0.000000,0.249238,0.574051,0.028571,0.150137,0.382991,0.000000,3.000000,-0.039426,-0.009254,-0.030172,0.826277,0.999999,1.489497,1.000000,500.000000,1.105737,1.103851,1.107611,-0.001886,0.001873,0.998294,1.001694,0.073797,0.000000,0.185467,0.104032,0.081435,0.195191,0.106537,0.088655,0.081435,0.007219,1.000000,1,0.500000,0.063121,0.373333,1.000000,1,-1,-1,0.000000,0.000000,0.500000,1.000000,0.001000,0,-1,-1,0.742402,0.073257,0.100000,0.100000,0.000000,0.000000,0.100000,0.020000,signed_gate,0.031916,0.001741,0.167799,0.000000,0.000000,0.000000,0.000000,0.000000,0.000000,0.000000,0.000000,0.000000,0,0,0.000000,0.500000,0.000000,0.000000,0.000000,0.000000,0.000000,0.000000
66,0.362790,1,0.666667,0.611111,0.000000,0.666667,0.019499,0.077840,0.000000,1.000000,0.000000,0.171429,0.003343,0.022281,12,18,0,low_density_factor|density_ratio_out_of_range,0.000000,0.850000,1.000000,0.011502,0.035478,3.084462,0.000000,0.178950,0.161031,0.043473,0.166497,1.668916,2.776214,0.000000,0.000000,0.000000,0.044444,0.019331,12.000000,12.000000,12.000000,0.000000,12.000000,12.000000,12.000000,1.000000,0.999988,0.999988,0.999988,1.000000,0.157186,0.361872,0.000000,0.247065,0.567003,0.028571,0.150137,0.382991,0.000000,3.000000,-0.039507,-0.009437,-0.030069,0.828017,0.999999,1.483005,1.000000,500.000000,1.179514,1.172557,1.177317,-0.006958,-0.002198,0.994101,0.998137,0.074117,0.000000,0.184757,0.103948,0.080809,0.195831,0.106232,0.089599,0.080809,0.008790,1.000000,1,0.500000,0.063121,0.373333,1.000000,1,-1,-1,0.000000,0.000000,0.500000,1.000000,0.001000,0,-1,-1,0.742436,0.073254,0.100000,0.100000,0.000000,0.000000,0.100000,0.020000,signed_gate,0.031919,0.001619,0.166497,0.000000,0.000000,0.000000,0.000000,0.000000,0.000000,0.000000,0.000000,0.000000,0,0,0.000000,0.500000,0.000000,0.000000,0.000000,0.000000,0.000000,0.000000
67,0.361345,1,0.750000,0.666667,0.000000,0.666667,0.017290,0.069050,0.000000,1.000000,0.000000,0.171429,0.002964,0.019758,12,18,0,low_density_factor|density_ratio_out_of_range,0.000000,0.850000,1.000000,0.011960,0.036943,3.088986,0.000000,0.180118,0.167433,0.043520,0.163883,1.653974,2.701607,0.000000,0.000000,0.000000,0.044444,0.019331,12.000000,12.000000,12.000000,0.000000,12.000000,12.000000,12.000000,1.000000,0.999988,0.999988,0.999988,1.000000,0.157186,0.361872,0.000000,0.245339,0.552819,0.028571,0.150137,0.382991,0.000000,3.000000,-0.039395,-0.009322,-0.030073,0.833029,0.999999,1.465874,1.000000,500.000000,1.091157,1.090455,1.089535,-0.000701,-0.001622,0.999357,0.998514,0.073486,0.000000,0.184103,0.103462,0.080641,0.195223,0.105980,0.089243,0.080641,0.008602,1.000000,1,0.500000,0.063121,0.373333,1.000000,1,-1,-1,0.000000,0.000000,0.500000,1.000000,0.001000,0,-1,-1,0.742283,0.073252,0.100000,0.100000,0.000000,0.000000,0.100000,0.020000,signed_gate,0.032532,0.001540,0.163883,0.000000,0.000000,0.000000,0.000000,0.000000,0.000000,0.000000,0.000000,0.000000,0,0,0.000000,0.500000,0.000000,0.000000,0.000000,0.000000,0.000000,0.000000
68,0.361079,1,0.750000,0.666667,0.000000,0.666667,0.016883,0.067429,0.000000,1.000000,0.000000,0.171429,0.002894,0.019292,12,18,0,low_density_factor|density_ratio_out_of_range,0.000000,0.850000,1.000000,0.011721,0.036013,3.072444,0.000000,0.171962,0.164098,0.044251,0.163850,1.655355,2.741246,0.000000,0.000000,0.000000,0.044444,0.019331,12.000000,12.000000,12.000000,0.000000,12.000000,12.000000,12.000000,1.000000,0.999988,0.999988,0.999988,1.000000,0.157186,0.361872,0.000000,0.244761,0.547549,0.028571,0.150137,0.382991,0.000000,3.000000,-0.039612,-0.009443,-0.030169,0.832835,0.999999,1.467870,1.000000,500.000000,1.101236,1.107853,1.095700,0.006617,-0.005537,1.006008,0.994972,0.073818,0.000000,0.183708,0.103586,0.080122,0.195490,0.105841,0.089650,0.080122,0.009528,1.000000,1,0.500000,0.063121,0.373333,1.000000,1,-1,-1,0.000000,0.000000,0.500000,1.000000,0.001000,0,-1,-1,0.742344,0.073246,0.100000,0.100000,0.000000,0.000000,0.100000,0.020000,signed_gate,0.032288,0.001455,0.163850,0.000000,0.000000,0.000000,0.000000,0.000000,0.000000,0.000000,0.000000,0.000000,0,0,0.000000,0.500000,0.000000,0.000000,0.000000,0.000000,0.000000,0.000000
69,0.360966,1,0.750000,0.666667,0.000000,0.666667,0.016710,0.066739,0.000000,1.000000,0.000000,0.171429,0.002864,0.019094,12,18,0,low_density_factor|density_ratio_out_of_range,0.000000,0.850000,1.000000,0.011691,0.035980,3.077543,0.000000,0.169741,0.163678,0.042815,0.163429,1.651893,2.709316,0.000000,0.000000,0.000000,0.044444,0.019331,12.000000,12.000000,12.000000,0.000000,12.000000,12.000000,12.000000,1.000000,0.999988,0.999988,0.999988,1.000000,0.157186,0.361872,0.000000,0.244703,0.551932,0.028571,0.150137,0.382991,0.000000,3.000000,-0.039594,-0.009423,-0.030171,0.833763,0.999999,1.463654,1.000000,500.000000,1.100319,1.105818,1.091800,0.005499,-0.008519,1.004997,0.992258,0.073849,0.000000,0.183994,0.103583,0.080410,0.195307,0.105791,0.089516,0.080410,0.009105,1.000000,1,0.500000,0.063121,0.373333,1.000000,1,-1,-1,0.000000,0.000000,0.500000,1.000000,0.001000,0,-1,-1,0.742357,0.073244,0.100000,0.100000,0.000000,0.000000,0.100000,0.020000,signed_gate,0.032301,0.001402,0.163429,0.000000,0.000000,0.000000,0.000000,0.000000,0.000000,0.000000,0.000000,0.000000,0,0,0.000000,0.500000,0.000000,0.000000,0.000000,0.000000,0.000000,0.000000
70,0.361369,1,0.666667,0.611111,0.000000,0.666667,0.017326,0.069194,0.000000,1.000000,0.000000,0.171429,0.002970,0.019799,12,18,0,low_density_factor|density_ratio_out_of_range,0.000000,0.850000,1.000000,0.011755,0.036396,3.096198,0.000000,0.174290,0.164570,0.041730,0.163102,1.651133,2.750459,0.000000,0.000000,0.000000,0.044444,0.019331,12.000000,12.000000,12.000000,0.000000,12.000000,12.000000,12.000000,1.000000,0.999988,0.999988,0.999988,1.000000,0.157186,0.361872,0.000000,0.244596,0.551837,0.028571,0.150137,0.382991,0.000000,3.000000,-0.039713,-0.009417,-0.030296,0.833917,0.999999,1.463169,1.000000,500.000000,1.127532,1.129145,1.137483,0.001613,0.009951,1.001430,1.008825,0.073754,0.000000,0.184176,0.103262,0.080914,0.194812,0.105684,0.089128,0.080914,0.008214,1.000000,1,0.500000,0.063121,0.373333,1.000000,1,-1,-1,0.000000,0.000000,0.500000,1.000000,0.001000,0,-1,-1,0.742481,0.073246,0.100000,0.100000,0.000000,0.000000,0.100000,0.020000,signed_gate,0.032445,0.001302,0.163102,0.000000,0.000000,0.000000,0.000000,0.000000,0.000000,0.000000,0.000000,0.000000,0,0,0.000000,0.500000,0.000000,0.000000,0.000000,0.000000,0.000000,0.000000
71,0.360901,1,0.666667,0.611111,0.000000,0.666667,0.016611,0.066345,0.000000,1.000000,0.000000,0.171429,0.002848,0.018981,12,18,0,low_density_factor|density_ratio_out_of_range,0.000000,0.850000,1.000000,0.011464,0.035403,3.088083,0.000000,0.169017,0.160503,0.040974,0.163295,1.650411,2.702958,0.000000,0.000000,0.000000,0.044444,0.019331,12.000000,12.000000,12.000000,0.000000,12.000000,12.000000,12.000000,1.000000,0.999988,0.999988,0.999988,1.000000,0.157186,0.361872,0.000000,0.245177,0.558002,0.028571,0.150137,0.382991,0.000000,3.000000,-0.039599,-0.009291,-0.030309,0.834269,0.999999,1.461420,1.000000,500.000000,1.143045,1.151115,1.148046,0.008070,0.005001,1.007060,1.004375,0.074151,0.000000,0.184595,0.103311,0.081284,0.194390,0.105815,0.088575,0.081284,0.007291,1.000000,1,0.500000,0.063121,0.373333,1.000000,1,-1,-1,0.000000,0.000000,0.500000,1.000000,0.001000,0,-1,-1,0.742383,0.073245,0.100000,0.100000,0.000000,0.000000,0.100000,0.020000,signed_gate,0.032195,0.001254,0.163295,0.000000,0.000000,0.000000,0.000000,0.000000,0.000000,0.000000,0.000000,0.000000,0,0,0.000000,0.500000,0.000000,0.000000,0.000000,0.000000,0.000000,0.000000
72,0.360566,1,0.666667,0.611111,0.000000,0.666667,0.016099,0.064306,0.000000,1.000000,0.000000,0.171429,0.002760,0.018396,12,18,0,low_density_factor|density_ratio_out_of_range,0.000000,0.850000,1.000000,0.011252,0.034777,3.090802,0.000000,0.171528,0.157524,0.039834,0.162686,1.647742,2.706926,0.000000,0.000000,0.000000,0.044444,0.019331,12.000000,12.000000,12.000000,0.000000,12.000000,12.000000,12.000000,1.000000,0.999988,0.999988,0.999988,1.000000,0.157186,0.361872,0.000000,0.244375,0.545064,0.028571,0.150137,0.382991,0.000000,3.000000,-0.039566,-0.009342,-0.030224,0.835281,0.999999,1.458364,1.000000,500.000000,1.161640,1.150753,1.152950,-0.010887,-0.008690,0.990628,0.992519,0.074440,0.000000,0.184026,0.103142,0.080883,0.194744,0.105769,0.088975,0.080883,0.008092,1.000000,1,0.500000,0.063121,0.373333,1.000000,1,-1,-1,0.000000,0.000000,0.500000,1.000000,0.001000,0,-1,-1,0.742334,0.073247,0.100000,0.100000,0.000000,0.000000,0.100000,0.020000,signed_gate,0.032091,0.001139,0.162686,0.000000,0.000000,0.000000,0.000000,0.000000,0.000000,0.000000,0.000000,0.000000,0,0,0.000000,0.500000,0.000000,0.000000,0.000000,0.000000,0.000000,0.000000
73,0.360402,1,0.750000,0.666667,0.000000,0.666667,0.015849,0.063310,0.000000,1.000000,0.000000,0.171429,0.002717,0.018111,12,18,0,low_density_factor|density_ratio_out_of_range,0.000000,0.850000,1.000000,0.011469,0.035683,3.111344,0.000000,0.170877,0.160563,0.039541,0.160292,1.633333,2.647359,0.000000,0.000000,0.000000,0.044444,0.019331,12.000000,12.000000,12.000000,0.000000,12.000000,12.000000,12.000000,1.000000,0.999988,0.999988,0.999988,1.000000,0.157186,0.361872,0.000000,0.241652,0.545806,0.028571,0.150137,0.382991,0.000000,3.000000,-0.039514,-0.009365,-0.030149,0.838601,0.999999,1.442625,1.000000,500.000000,1.116812,1.123412,1.124359,0.006600,0.007547,1.005909,1.006757,0.074135,0.000000,0.183677,0.102734,0.080942,0.194298,0.105416,0.088882,0.080942,0.007940,1.000000,1,0.500000,0.063121,0.373333,1.000000,1,-1,-1,0.000000,0.000000,0.500000,1.000000,0.001000,0,-1,-1,0.742260,0.073244,0.100000,0.100000,0.000000,0.000000,0.100000,0.020000,signed_gate,0.032587,0.001067,0.160292,0.000000,0.000000,0.000000,0.000000,0.000000,0.000000,0.000000,0.000000,0.000000,0,0,0.000000,0.500000,0.000000,0.000000,0.000000,0.000000,0.000000,0.000000
74,0.361434,1,0.750000,0.666667,0.000000,0.666667,0.017426,0.069592,0.000000,1.000000,0.000000,0.171429,0.002987,0.019913,12,18,0,low_density_factor|density_ratio_out_of_range,0.000000,0.850000,1.000000,0.011140,0.034782,3.122127,0.000000,0.171786,0.155966,0.039719,0.159495,1.629884,2.619582,0.000000,0.000000,0.000000,0.044444,0.019331,12.000000,12.000000,12.000000,0.000000,12.000000,12.000000,12.000000,1.000000,0.999988,0.999988,0.999988,1.000000,0.157186,0.361872,0.000000,0.241042,0.547941,0.028571,0.150137,0.382991,0.000000,3.000000,-0.039516,-0.009306,-0.030209,0.839916,0.999999,1.439512,1.000000,500.000000,1.144013,1.143210,1.143053,-0.000803,-0.000960,0.999298,0.999161,0.074595,0.000000,0.183674,0.102729,0.080945,0.194276,0.105345,0.088931,0.080945,0.007986,1.000000,1,0.500000,0.063121,0.373333,1.000000,1,-1,-1,0.000000,0.000000,0.500000,1.000000,0.001000,0,-1,-1,0.742245,0.073242,0.100000,0.100000,0.000000,0.000000,0.100000,0.020000,signed_gate,0.032434,0.000990,0.159495,0.000000,0.000000,0.000000,0.000000,0.000000,0.000000,0.000000,0.000000,0.000000,0,0,0.000000,0.500000,0.000000,0.000000,0.000000,0.000000,0.000000,0.000000
75,0.360990,1,0.750000,0.666667,0.000000,0.666667,0.016747,0.066887,0.000000,1.000000,0.000000,0.171429,0.002871,0.019137,12,18,0,low_density_factor|density_ratio_out_of_range,0.000000,0.850000,1.000000,0.011251,0.035265,3.134296,0.000000,0.173383,0.157519,0.039060,0.157767,1.622517,2.609531,0.000000,0.000000,0.000000,0.044444,0.019331,12.000000,12.000000,12.000000,0.000000,12.000000,12.000000,12.000000,1.000000,0.999988,0.999988,0.999988,1.000000,0.157186,0.361872,0.000000,0.239826,0.535510,0.028571,0.150137,0.382991,0.000000,3.000000,-0.039599,-0.009286,-0.030313,0.842919,0.999999,1.432286,1.000000,500.000000,1.115057,1.118076,1.110587,0.003019,-0.004471,1.002707,0.995990,0.074436,0.000000,0.183211,0.102399,0.080812,0.194117,0.105123,0.088994,0.080812,0.008183,1.000000,1,0.500000,0.063121,0.373333,1.000000,1,-1,-1,0.000000,0.000000,0.500000,1.000000,0.001000,0,-1,-1,0.742241,0.073240,0.100000,0.100000,0.000000,0.000000,0.100000,0.020000,signed_gate,0.032786,0.000921,0.157767,0.000000,0.000000,0.000000,0.000000,0.000000,0.000000,0.000000,0.000000,0.000000,0,0,0.000000,0.500000,0.000000,0.000000,0.000000,0.000000,0.000000,0.000000
76,0.361273,1,0.750000,0.666667,0.000000,0.666667,0.017179,0.068608,0.000000,1.000000,0.000000,0.171429,0.002945,0.019631,12,18,0,low_density_factor|density_ratio_out_of_range,0.000000,0.850000,1.000000,0.011174,0.035132,3.144118,0.000000,0.172517,0.156436,0.039033,0.156809,1.615811,2.572396,0.000000,0.000000,0.000000,0.044444,0.019331,12.000000,12.000000,12.000000,0.000000,12.000000,12.000000,12.000000,1.000000,0.999988,0.999988,0.999988,1.000000,0.157186,0.361872,0.000000,0.239684,0.539554,0.028571,0.150137,0.382991,0.000000,3.000000,-0.039589,-0.009268,-0.030322,0.844963,0.999999,1.424525,1.000000,500.000000,1.075869,1.092213,1.084133,0.016344,0.008264,1.015191,1.007681,0.074544,0.000000,0.183136,0.102284,0.080851,0.193666,0.105041,0.088624,0.080851,0.007773,1.000000,1,0.500000,0.063121,0.373333,1.000000,1,-1,-1,0.000000,0.000000,0.500000,1.000000,0.001000,0,-1,-1,0.742206,0.073240,0.100000,0.100000,0.000000,0.000000,0.100000,0.020000,signed_gate,0.032859,0.000846,0.156809,0.000000,0.000000,0.000000,0.000000,0.000000,0.000000,0.000000,0.000000,0.000000,0,0,0.000000,0.500000,0.000000,0.000000,0.000000,0.000000,0.000000,0.000000
77,0.359122,1,0.750000,0.666667,0.000000,0.666667,0.013894,0.055518,0.000000,1.000000,0.000000,0.171429,0.002382,0.015877,12,18,0,low_density_factor|density_ratio_out_of_range,0.000000,0.850000,1.000000,0.011460,0.036098,3.149755,0.000000,0.170024,0.160447,0.038225,0.154087,1.599083,2.489330,0.000000,0.000000,0.000000,0.044444,0.019331,12.000000,12.000000,12.000000,0.000000,12.000000,12.000000,12.000000,1.000000,0.999988,0.999988,0.999988,1.000000,0.157186,0.361872,0.000000,0.237072,0.530016,0.028571,0.150137,0.382991,0.000000,3.000000,-0.039503,-0.009347,-0.030156,0.848925,0.999999,1.407302,1.000000,500.000000,1.088751,1.084426,1.092351,-0.004324,0.003601,0.996028,1.003307,0.074139,0.000000,0.182336,0.101936,0.080400,0.193361,0.104644,0.088718,0.080400,0.008317,1.000000,1,0.500000,0.063121,0.373333,1.000000,1,-1,-1,0.000000,0.000000,0.500000,1.000000,0.001000,0,-1,-1,0.742089,0.073236,0.100000,0.100000,0.000000,0.000000,0.100000,0.020000,signed_gate,0.033405,0.000771,0.154087,0.000000,0.000000,0.000000,0.000000,0.000000,0.000000,0.000000,0.000000,0.000000,0,0,0.000000,0.500000,0.000000,0.000000,0.000000,0.000000,0.000000,0.000000
78,0.359857,1,0.750000,0.666667,0.000000,0.666667,0.015017,0.059996,0.000000,1.000000,0.000000,0.171429,0.002574,0.017161,12,18,0,low_density_factor|density_ratio_out_of_range,0.000000,0.850000,1.000000,0.011281,0.035525,3.149214,0.000000,0.165457,0.157927,0.038897,0.153674,1.595743,2.484530,0.000000,0.000000,0.000000,0.044444,0.019331,12.000000,12.000000,12.000000,0.000000,12.000000,12.000000,12.000000,1.000000,0.999988,0.999988,0.999988,1.000000,0.157186,0.361872,0.000000,0.237441,0.531471,0.028571,0.150137,0.382991,0.000000,3.000000,-0.039543,-0.009341,-0.030202,0.850226,0.999999,1.403133,1.000000,500.000000,1.061135,1.078885,1.061478,0.017750,0.000343,1.016728,1.000323,0.074394,0.000000,0.182808,0.102032,0.080776,0.192649,0.104517,0.088133,0.080776,0.007356,1.000000,1,0.500000,0.063121,0.373333,1.000000,1,-1,-1,0.000000,0.000000,0.500000,1.000000,0.001000,0,-1,-1,0.742123,0.073233,0.100000,0.100000,0.000000,0.000000,0.100000,0.020000,signed_gate,0.033273,0.000729,0.153674,0.000000,0.000000,0.000000,0.000000,0.000000,0.000000,0.000000,0.000000,0.000000,0,0,0.000000,0.500000,0.000000,0.000000,0.000000,0.000000,0.000000,0.000000
79,0.360285,1,0.750000,0.666667,0.000000,0.666667,0.015670,0.062597,0.000000,1.000000,0.000000,0.171429,0.002686,0.017906,12,18,0,low_density_factor|density_ratio_out_of_range,0.000000,0.850000,1.000000,0.010864,0.034292,3.156396,0.000000,0.167231,0.152101,0.037263,0.154212,1.598193,2.497026,0.000000,0.000000,0.000000,0.044444,0.019331,12.000000,12.000000,12.000000,0.000000,12.000000,12.000000,12.000000,1.000000,0.999988,0.999988,0.999988,1.000000,0.157186,0.361872,0.000000,0.237183,0.532566,0.028571,0.150137,0.382991,0.000000,3.000000,-0.039561,-0.009432,-0.030129,0.848979,0.999999,1.405751,1.000000,500.000000,1.200540,1.217728,1.212130,0.017189,0.011591,1.014318,1.009655,0.074967,0.000000,0.182744,0.102003,0.080741,0.193118,0.104548,0.088570,0.080741,0.007829,1.000000,1,0.500000,0.063121,0.373333,1.000000,1,-1,-1,0.000000,0.000000,0.500000,1.000000,0.001000,0,-1,-1,0.742109,0.073231,0.100000,0.100000,0.000000,0.000000,0.100000,0.020000,signed_gate,0.033020,0.000666,0.154212,0.000000,0.000000,0.000000,0.000000,0.000000,0.000000,0.000000,0.000000,0.000000,0,0,0.000000,0.500000,0.000000,0.000000,0.000000,0.000000,0.000000,0.000000
80,0.359603,1,0.750000,0.666667,0.000000,0.666667,0.014629,0.058449,0.000000,1.000000,0.000000,0.171429,0.002508,0.016717,12,18,0,low_density_factor|density_ratio_out_of_range,0.000000,0.850000,1.000000,0.010901,0.034348,3.150894,0.000000,0.160766,0.152613,0.038113,0.152473,1.588069,2.462809,0.000000,0.000000,0.000000,0.044444,0.019331,12.000000,12.000000,12.000000,0.000000,12.000000,12.000000,12.000000,1.000000,0.999988,0.999988,0.999988,1.000000,0.157186,0.361872,0.000000,0.236490,0.526026,0.028571,0.150137,0.382991,0.000000,3.000000,-0.039576,-0.009426,-0.030150,0.852240,0.999999,1.395258,1.000000,500.000000,1.130099,1.121916,1.128885,-0.008183,-0.001215,0.992759,0.998925,0.074921,0.000000,0.182623,0.101967,0.080656,0.192459,0.104285,0.088174,0.080656,0.007518,1.000000,1,0.500000,0.063121,0.373333,1.000000,1,-1,-1,0.000000,0.000000,0.500000,1.000000,0.001000,0,-1,-1,0.742048,0.073230,0.100000,0.100000,0.000000,0.000000,0.100000,0.020000,signed_gate,0.033153,0.000610,0.152473,0.000000,0.000000,0.000000,0.000000,0.000000,0.000000,0.000000,0.000000,0.000000,0,0,0.000000,0.500000,0.000000,0.000000,0.000000,0.000000,0.000000,0.000000
81,0.358588,1,0.750000,0.666667,0.000000,0.666667,0.013079,0.052268,0.000000,1.000000,0.000000,0.171429,0.002242,0.014946,12,18,0,low_density_factor|density_ratio_out_of_range,0.000000,0.850000,1.000000,0.010969,0.034669,3.160706,0.000000,0.156407,0.153564,0.036253,0.151296,1.581851,2.457371,0.000000,0.000000,0.000000,0.044444,0.019331,12.000000,12.000000,12.000000,0.000000,12.000000,12.000000,12.000000,1.000000,0.999988,0.999988,0.999988,1.000000,0.157186,0.361872,0.000000,0.236206,0.524007,0.028571,0.150137,0.382991,0.000000,3.000000,-0.039616,-0.009435,-0.030181,0.854454,0.999999,1.388464,1.000000,500.000000,1.093442,1.098577,1.084895,0.005135,-0.008547,1.004696,0.992183,0.074814,0.000000,0.182394,0.101687,0.080707,0.191937,0.104144,0.087793,0.080707,0.007085,1.000000,1,0.500000,0.063121,0.373333,1.000000,1,-1,-1,0.000000,0.000000,0.500000,1.000000,0.001000,0,-1,-1,0.742072,0.073227,0.100000,0.100000,0.000000,0.000000,0.100000,0.020000,signed_gate,0.033433,0.000543,0.151296,0.000000,0.000000,0.000000,0.000000,0.000000,0.000000,0.000000,0.000000,0.000000,0,0,0.000000,0.500000,0.000000,0.000000,0.000000,0.000000,0.000000,0.000000
82,0.358943,1,0.666667,0.611111,0.000000,0.666667,0.013621,0.054428,0.000000,1.000000,0.000000,0.171429,0.002335,0.015565,12,18,0,low_density_factor|density_ratio_out_of_range,0.000000,0.850000,1.000000,0.010892,0.034432,3.161184,0.000000,0.156438,0.152491,0.036956,0.150857,1.580523,2.440464,0.000000,0.000000,0.000000,0.044444,0.019331,12.000000,12.000000,12.000000,0.000000,12.000000,12.000000,12.000000,1.000000,0.999988,0.999988,0.999988,1.000000,0.157186,0.361872,0.000000,0.235821,0.521321,0.028571,0.150137,0.382991,0.000000,3.000000,-0.039628,-0.009396,-0.030232,0.855013,0.999999,1.387635,1.000000,500.000000,1.120620,1.111481,1.101307,-0.009139,-0.019313,0.991844,0.982766,0.074926,0.000000,0.182169,0.101656,0.080513,0.192081,0.104195,0.087885,0.080513,0.007372,1.000000,1,0.500000,0.063121,0.373333,1.000000,1,-1,-1,0.000000,0.000000,0.500000,1.000000,0.001000,0,-1,-1,0.742053,0.073225,0.100000,0.100000,0.000000,0.000000,0.100000,0.020000,signed_gate,0.033425,0.000499,0.150857,0.000000,0.000000,0.000000,0.000000,0.000000,0.000000,0.000000,0.000000,0.000000,0,0,0.000000,0.500000,0.000000,0.000000,0.000000,0.000000,0.000000,0.000000
83,0.358584,1,0.750000,0.666667,0.000000,0.666667,0.013074,0.052248,0.000000,1.000000,0.000000,0.171429,0.002241,0.014941,12,18,0,low_density_factor|density_ratio_out_of_range,0.000000,0.850000,1.000000,0.010647,0.033659,3.161242,0.000000,0.155288,0.149063,0.034540,0.151109,1.581590,2.424909,0.000000,0.000000,0.000000,0.044444,0.019331,12.000000,12.000000,12.000000,0.000000,12.000000,12.000000,12.000000,1.000000,0.999988,0.999988,0.999988,1.000000,0.157186,0.361872,0.000000,0.235577,0.524835,0.028571,0.150137,0.382991,0.000000,3.000000,-0.039633,-0.009394,-0.030238,0.854234,0.999999,1.389605,1.000000,500.000000,1.089045,1.084854,1.096441,-0.004191,0.007396,0.996152,1.006792,0.075257,0.000000,0.182160,0.101576,0.080584,0.192153,0.104137,0.088016,0.080584,0.007432,1.000000,1,0.500000,0.063121,0.373333,1.000000,1,-1,-1,0.000000,0.000000,0.500000,1.000000,0.001000,0,-1,-1,0.742055,0.073225,0.100000,0.100000,0.000000,0.000000,0.100000,0.020000,signed_gate,0.033359,0.000443,0.151109,0.000000,0.000000,0.000000,0.000000,0.000000,0.000000,0.000000,0.000000,0.000000,0,0,0.000000,0.500000,0.000000,0.000000,0.000000,0.000000,0.000000,0.000000
84,0.359060,1,0.666667,0.611111,0.000000,0.666667,0.013799,0.055142,0.000000,1.000000,0.000000,0.171429,0.002366,0.015770,12,18,0,low_density_factor|density_ratio_out_of_range,0.000000,0.850000,1.000000,0.010694,0.033886,3.168729,0.000000,0.154408,0.149715,0.036325,0.149944,1.579253,2.443947,0.000000,0.000000,0.000000,0.044444,0.019331,12.000000,12.000000,12.000000,0.000000,12.000000,12.000000,12.000000,1.000000,0.999988,0.999988,0.999988,1.000000,0.157186,0.361872,0.000000,0.234318,0.521467,0.028571,0.150137,0.382991,0.000000,3.000000,-0.039728,-0.009415,-0.030313,0.855365,0.999999,1.388930,1.000000,500.000000,1.130942,1.131287,1.121017,0.000345,-0.009925,1.000305,0.991225,0.075202,0.000000,0.182018,0.101503,0.080515,0.192280,0.103985,0.088295,0.080515,0.007780,1.000000,1,0.500000,0.063121,0.373333,1.000000,1,-1,-1,0.000000,0.000000,0.500000,1.000000,0.001000,0,-1,-1,0.742059,0.073227,0.100000,0.100000,0.000000,0.000000,0.100000,0.020000,signed_gate,0.033551,0.000395,0.149944,0.000000,0.000000,0.000000,0.000000,0.000000,0.000000,0.000000,0.000000,0.000000,0,0,0.000000,0.500000,0.000000,0.000000,0.000000,0.000000,0.000000,0.000000
85,0.359146,1,0.750000,0.666667,0.000000,0.666667,0.013931,0.055666,0.000000,1.000000,0.000000,0.171429,0.002388,0.015920,12,18,0,low_density_factor|density_ratio_out_of_range,0.000000,0.850000,1.000000,0.010401,0.032996,3.172446,0.000000,0.153250,0.145610,0.035427,0.150786,1.582529,2.477436,0.000000,0.000000,0.000000,0.044444,0.019331,12.000000,12.000000,12.000000,0.000000,12.000000,12.000000,12.000000,1.000000,0.999988,0.999988,0.999988,1.000000,0.157186,0.361872,0.000000,0.234672,0.527131,0.028571,0.150137,0.382991,0.000000,3.000000,-0.039767,-0.009509,-0.030258,0.854148,0.999999,1.391426,1.000000,500.000000,1.092930,1.097309,1.091292,0.004379,-0.001638,1.004007,0.998502,0.075613,0.000000,0.182401,0.101652,0.080749,0.192442,0.104047,0.088395,0.080749,0.007646,1.000000,1,0.500000,0.063121,0.373333,1.000000,1,-1,-1,0.000000,0.000000,0.500000,1.000000,0.001000,0,-1,-1,0.742096,0.073225,0.100000,0.100000,0.000000,0.000000,0.100000,0.020000,signed_gate,0.033374,0.000345,0.150786,0.000000,0.000000,0.000000,0.000000,0.000000,0.000000,0.000000,0.000000,0.000000,0,0,0.000000,0.500000,0.000000,0.000000,0.000000,0.000000,0.000000,0.000000
86,0.357989,1,0.666667,0.611111,0.000000,0.666667,0.012165,0.048623,0.000000,1.000000,0.000000,0.171429,0.002086,0.013902,12,18,0,low_density_factor|density_ratio_out_of_range,0.000000,0.850000,1.000000,0.010750,0.034065,3.168841,0.000000,0.157735,0.150500,0.035405,0.148732,1.571136,2.424173,0.000000,0.000000,0.000000,0.044444,0.019331,12.000000,12.000000,12.000000,0.000000,12.000000,12.000000,12.000000,1.000000,0.999988,0.999988,0.999988,1.000000,0.157186,0.361872,0.000000,0.234353,0.518333,0.028571,0.150137,0.382991,0.000000,3.000000,-0.039787,-0.009423,-0.030365,0.858364,0.999999,1.379188,1.000000,500.000000,1.109425,1.100206,1.104369,-0.009219,-0.005056,0.991690,0.995443,0.075117,0.000000,0.181579,0.101249,0.080331,0.191458,0.103827,0.087631,0.080331,0.007300,1.000000,1,0.500000,0.063121,0.373333,1.000000,1,-1,-1,0.000000,0.000000,0.500000,1.000000,0.001000,0,-1,-1,0.742048,0.073223,0.100000,0.100000,0.000000,0.000000,0.100000,0.020000,signed_gate,0.033777,0.000304,0.148732,0.000000,0.000000,0.000000,0.000000,0.000000,0.000000,0.000000,0.000000,0.000000,0,0,0.000000,0.500000,0.000000,0.000000,0.000000,0.000000,0.000000,0.000000
87,0.358034,1,0.750000,0.666667,0.000000,0.666667,0.012235,0.048900,0.000000,1.000000,0.000000,0.171429,0.002097,0.013982,12,18,0,low_density_factor|density_ratio_out_of_range,0.000000,0.850000,1.000000,0.010849,0.034515,3.181573,0.000000,0.159793,0.151879,0.034449,0.146913,1.564405,2.363269,0.000000,0.000000,0.000000,0.044444,0.019331,12.000000,12.000000,12.000000,0.000000,12.000000,12.000000,12.000000,1.000000,0.999988,0.999988,0.999988,1.000000,0.157186,0.361872,0.000000,0.233891,0.509938,0.019048,0.150137,0.382991,0.000000,3.000000,-0.039758,-0.009258,-0.030501,0.861367,0.999999,1.374052,1.000000,500.000000,1.116758,1.117416,1.118535,0.000658,0.001777,1.000589,1.001591,0.074972,0.000000,0.181573,0.101085,0.080489,0.191018,0.103709,0.087309,0.080489,0.006820,1.000000,1,0.500000,0.063121,0.373333,1.000000,1,-1,-1,0.000000,0.000000,0.500000,1.000000,0.001000,0,-1,-1,0.742004,0.073223,0.100000,0.100000,0.000000,0.000000,0.100000,0.020000,signed_gate,0.034116,0.000260,0.146913,0.000000,0.000000,0.000000,0.000000,0.000000,0.000000,0.000000,0.000000,0.000000,0,0,0.000000,0.500000,0.000000,0.000000,0.000000,0.000000,0.000000,0.000000
88,0.357990,1,0.833333,0.722222,0.000000,0.666667,0.012167,0.048631,0.000000,1.000000,0.000000,0.171429,0.002086,0.013905,12,18,0,low_density_factor|density_ratio_out_of_range,0.000000,0.850000,1.000000,0.010894,0.034528,3.169478,0.000000,0.154361,0.152516,0.036070,0.147468,1.566495,2.372420,0.000000,0.000000,0.000000,0.044444,0.019331,12.000000,12.000000,12.000000,0.000000,12.000000,12.000000,12.000000,1.000000,0.999988,0.999988,0.999988,1.000000,0.157186,0.361872,0.000000,0.234723,0.512658,0.019048,0.150137,0.382991,0.000000,3.000000,-0.039832,-0.009279,-0.030553,0.861029,0.999999,1.375231,1.000000,500.000000,1.044307,1.040931,1.043519,-0.003376,-0.000788,0.996767,0.999246,0.074917,0.000000,0.181665,0.101253,0.080412,0.190924,0.103816,0.087107,0.080412,0.006696,1.000000,1,0.500000,0.063121,0.373333,1.000000,1,-1,-1,0.000000,0.000000,0.500000,1.000000,0.001000,0,-1,-1,0.742038,0.073222,0.100000,0.100000,0.000000,0.000000,0.100000,0.020000,signed_gate,0.034002,0.000227,0.147468,0.000000,0.000000,0.000000,0.000000,0.000000,0.000000,0.000000,0.000000,0.000000,0,0,0.000000,0.500000,0.000000,0.000000,0.000000,0.000000,0.000000,0.000000
89,0.358690,1,0.833333,0.722222,0.000000,0.666667,0.013235,0.052892,0.000000,1.000000,0.000000,0.171429,0.002269,0.015125,12,18,0,low_density_factor|density_ratio_out_of_range,0.000000,0.850000,1.000000,0.010456,0.033081,3.163823,0.000000,0.150961,0.146386,0.036120,0.148936,1.574282,2.373173,0.000000,0.000000,0.000000,0.044444,0.019331,12.000000,12.000000,12.000000,0.000000,12.000000,12.000000,12.000000,1.000000,0.999988,0.999988,0.999988,1.000000,0.157186,0.361872,0.000000,0.235518,0.512761,0.019048,0.150137,0.382991,0.000000,3.000000,-0.039765,-0.009268,-0.030497,0.858687,0.999999,1.383775,1.000000,500.000000,1.107165,1.103102,1.115275,-0.004063,0.008110,0.996330,1.007325,0.075537,0.000000,0.181850,0.101473,0.080377,0.191435,0.103958,0.087477,0.080377,0.007100,1.000000,1,0.500000,0.063121,0.373333,1.000000,1,-1,-1,0.000000,0.000000,0.500000,1.000000,0.001000,0,-1,-1,0.742008,0.073225,0.100000,0.100000,0.000000,0.000000,0.100000,0.020000,signed_gate,0.033569,0.000189,0.148936,0.000000,0.000000,0.000000,0.000000,0.000000,0.000000,0.000000,0.000000,0.000000,0,0,0.000000,0.500000,0.000000,0.000000,0.000000,0.000000,0.000000,0.000000
90,0.358119,1,0.833333,0.722222,0.000000,0.666667,0.012364,0.049414,0.000000,1.000000,0.000000,0.171429,0.002119,0.014129,12,18,0,low_density_factor|density_ratio_out_of_range,0.000000,0.850000,1.000000,0.010484,0.033138,3.160825,0.000000,0.149345,0.146777,0.034830,0.148786,1.573645,2.403566,0.000000,0.000000,0.000000,0.044444,0.019331,12.000000,12.000000,12.000000,0.000000,12.000000,12.000000,12.000000,1.000000,0.999988,0.999988,0.999988,1.000000,0.157186,0.361872,0.000000,0.236195,0.518445,0.019048,0.150137,0.382991,0.000000,3.000000,-0.039855,-0.009238,-0.030617,0.859743,0.999999,1.381268,1.000000,500.000000,1.132962,1.138580,1.128873,0.005618,-0.004088,1.004959,0.996391,0.075489,0.000000,0.181948,0.101443,0.080505,0.190824,0.103939,0.086885,0.080505,0.006380,1.000000,1,0.500000,0.063121,0.373333,1.000000,1,-1,-1,0.000000,0.000000,0.500000,1.000000,0.001000,0,-1,-1,0.742073,0.073224,0.100000,0.100000,0.000000,0.000000,0.100000,0.020000,signed_gate,0.033632,0.000158,0.148786,0.000000,0.000000,0.000000,0.000000,0.000000,0.000000,0.000000,0.000000,0.000000,0,0,0.000000,0.500000,0.000000,0.000000,0.000000,0.000000,0.000000,0.000000
91,0.358753,1,0.916667,0.777778,0.000000,0.666667,0.013331,0.053272,0.000000,1.000000,0.000000,0.171429,0.002285,0.015234,12,18,0,low_density_factor|density_ratio_out_of_range,0.000000,0.850000,1.000000,0.010500,0.033303,3.171596,0.000000,0.153824,0.147006,0.034478,0.148632,1.571748,2.395167,0.000000,0.000000,0.000000,0.044444,0.019331,12.000000,12.000000,12.000000,0.000000,12.000000,12.000000,12.000000,1.000000,0.999988,0.999988,0.999988,1.000000,0.157186,0.361872,0.000000,0.235570,0.518648,0.019048,0.150137,0.382991,0.000000,3.000000,-0.039830,-0.009287,-0.030543,0.860004,0.999999,1.379140,1.000000,500.000000,1.105433,1.089461,1.094392,-0.015973,-0.011042,0.985551,0.990012,0.075464,0.000000,0.181613,0.101217,0.080395,0.190776,0.103840,0.086936,0.080395,0.006541,1.000000,1,0.500000,0.063121,0.373333,1.000000,1,-1,-1,0.000000,0.000000,0.500000,1.000000,0.001000,0,-1,-1,0.742037,0.073223,0.100000,0.100000,0.000000,0.000000,0.100000,0.020000,signed_gate,0.033776,0.000127,0.148632,0.000000,0.000000,0.000000,0.000000,0.000000,0.000000,0.000000,0.000000,0.000000,0,0,0.000000,0.500000,0.000000,0.000000,0.000000,0.000000,0.000000,0.000000
92,0.357626,1,0.666667,0.611111,0.000000,0.666667,0.011612,0.046415,0.000000,1.000000,0.000000,0.171429,0.001991,0.013270,12,18,0,low_density_factor|density_ratio_out_of_range,0.000000,0.850000,1.000000,0.010471,0.033127,3.163622,0.000000,0.154960,0.146599,0.035443,0.147619,1.567359,2.382431,0.000000,0.000000,0.000000,0.044444,0.019331,12.000000,12.000000,12.000000,0.000000,12.000000,12.000000,12.000000,1.000000,0.999988,0.999988,0.999988,1.000000,0.157186,0.361872,0.000000,0.235802,0.509229,0.019048,0.150137,0.382991,0.000000,3.000000,-0.039771,-0.009195,-0.030576,0.862111,0.999999,1.374122,1.000000,500.000000,1.111458,1.098625,1.107828,-0.012833,-0.003630,0.988454,0.996734,0.075511,0.000000,0.181676,0.101222,0.080453,0.190418,0.103809,0.086608,0.080453,0.006155,1.000000,1,0.500000,0.063121,0.373333,1.000000,1,-1,-1,0.000000,0.000000,0.500000,1.000000,0.001000,0,-1,-1,0.742015,0.073221,0.100000,0.100000,0.000000,0.000000,0.100000,0.020000,signed_gate,0.033734,0.000103,0.147619,0.000000,0.000000,0.000000,0.000000,0.000000,0.000000,0.000000,0.000000,0.000000,0,0,0.000000,0.500000,0.000000,0.000000,0.000000,0.000000,0.000000,0.000000
93,0.357991,1,0.750000,0.666667,0.000000,0.666667,0.012170,0.048640,0.000000,1.000000,0.000000,0.171429,0.002086,0.013907,12,18,0,low_density_factor|density_ratio_out_of_range,0.000000,0.850000,1.000000,0.010288,0.032624,3.171050,0.000000,0.162337,0.144032,0.033264,0.148942,1.577118,2.444836,0.000000,0.000000,0.000000,0.044444,0.019331,12.000000,12.000000,12.000000,0.000000,12.000000,12.000000,12.000000,1.000000,0.999988,0.999988,0.999988,1.000000,0.157186,0.361872,0.000000,0.236620,0.516872,0.019048,0.150137,0.382991,0.000000,3.000000,-0.039942,-0.009200,-0.030742,0.859901,0.999999,1.384855,1.000000,500.000000,1.070671,1.081500,1.077003,0.010828,0.006332,1.010114,1.005914,0.075760,0.000000,0.181627,0.101219,0.080408,0.190802,0.103935,0.086867,0.080408,0.006459,1.000000,1,0.500000,0.063121,0.373333,1.000000,1,-1,-1,0.000000,0.000000,0.500000,1.000000,0.001000,0,-1,-1,0.742105,0.073221,0.100000,0.100000,0.000000,0.000000,0.100000,0.020000,signed_gate,0.033639,0.000077,0.148942,0.000000,0.000000,0.000000,0.000000,0.000000,0.000000,0.000000,0.000000,0.000000,0,0,0.000000,0.500000,0.000000,0.000000,0.000000,0.000000,0.000000,0.000000
94,0.358093,1,0.750000,0.666667,0.000000,0.666667,0.012325,0.049261,0.000000,1.000000,0.000000,0.171429,0.002113,0.014085,12,18,0,low_density_factor|density_ratio_out_of_range,0.000000,0.850000,1.000000,0.010191,0.032317,3.171105,0.000000,0.157191,0.142676,0.034113,0.148610,1.574906,2.429241,0.000000,0.000000,0.000000,0.044444,0.019331,12.000000,12.000000,12.000000,0.000000,12.000000,12.000000,12.000000,1.000000,0.999988,0.999988,0.999988,1.000000,0.157186,0.361872,0.000000,0.235794,0.515179,0.019048,0.150137,0.382991,0.000000,3.000000,-0.039908,-0.009217,-0.030691,0.859926,0.999999,1.383234,1.000000,500.000000,1.089796,1.102518,1.081035,0.012722,-0.008761,1.011674,0.991961,0.075904,0.000000,0.181710,0.101185,0.080525,0.190928,0.103876,0.087052,0.080525,0.006527,1.000000,1,0.500000,0.063121,0.373333,1.000000,1,-1,-1,0.000000,0.000000,0.500000,1.000000,0.001000,0,-1,-1,0.742096,0.073223,0.100000,0.100000,0.000000,0.000000,0.100000,0.020000,signed_gate,0.033638,0.000058,0.148610,0.000000,0.000000,0.000000,0.000000,0.000000,0.000000,0.000000,0.000000,0.000000,0,0,0.000000,0.500000,0.000000,0.000000,0.000000,0.000000,0.000000,0.000000
95,0.357687,1,0.750000,0.666667,0.000000,0.666667,0.011706,0.046790,0.000000,1.000000,0.000000,0.171429,0.002007,0.013377,12,18,0,low_density_factor|density_ratio_out_of_range,0.000000,0.850000,1.000000,0.010267,0.032568,3.171972,0.000000,0.153329,0.143743,0.034627,0.147384,1.566870,2.397866,0.000000,0.000000,0.000000,0.044444,0.019331,12.000000,12.000000,12.000000,0.000000,12.000000,12.000000,12.000000,1.000000,0.999988,0.999988,0.999988,1.000000,0.157186,0.361872,0.000000,0.235188,0.510857,0.019048,0.150137,0.382991,0.000000,3.000000,-0.039892,-0.009253,-0.030639,0.862058,0.999999,1.374321,1.000000,500.000000,1.109936,1.099943,1.105377,-0.009993,-0.004559,0.990997,0.995893,0.075798,0.000000,0.181624,0.101194,0.080431,0.190548,0.103727,0.086821,0.080431,0.006391,1.000000,1,0.500000,0.063121,0.373333,1.000000,1,-1,-1,0.000000,0.000000,0.500000,1.000000,0.001000,0,-1,-1,0.742088,0.073222,0.100000,0.100000,0.000000,0.000000,0.100000,0.020000,signed_gate,0.033811,0.000041,0.147384,0.000000,0.000000,0.000000,0.000000,0.000000,0.000000,0.000000,0.000000,0.000000,0,0,0.000000,0.500000,0.000000,0.000000,0.000000,0.000000,0.000000,0.000000
96,0.357087,1,0.750000,0.666667,0.000000,0.666667,0.010791,0.043138,0.000000,1.000000,0.000000,0.171429,0.001850,0.012332,12,18,0,low_density_factor|density_ratio_out_of_range,0.000000,0.850000,1.000000,0.010266,0.032565,3.171979,0.000000,0.152283,0.143728,0.033567,0.147801,1.566576,2.400166,0.000000,0.000000,0.000000,0.044444,0.019331,12.000000,12.000000,12.000000,0.000000,12.000000,12.000000,12.000000,1.000000,0.999988,0.999988,0.999988,1.000000,0.157186,0.361872,0.000000,0.235356,0.513511,0.019048,0.150137,0.382991,0.000000,3.000000,-0.039901,-0.009310,-0.030591,0.861434,0.999999,1.373272,1.000000,500.000000,1.032256,1.034536,1.037647,0.002280,0.005391,1.002209,1.005222,0.075793,0.000000,0.181850,0.101233,0.080616,0.190316,0.103723,0.086593,0.080616,0.005976,1.000000,1,0.500000,0.063121,0.373333,1.000000,1,-1,-1,0.000000,0.000000,0.500000,1.000000,0.001000,0,-1,-1,0.742112,0.073219,0.100000,0.100000,0.000000,0.000000,0.100000,0.020000,signed_gate,0.033880,0.000027,0.147801,0.000000,0.000000,0.000000,0.000000,0.000000,0.000000,0.000000,0.000000,0.000000,0,0,0.000000,0.500000,0.000000,0.000000,0.000000,0.000000,0.000000,0.000000
97,0.358240,1,0.666667,0.611111,0.000000,0.666667,0.012548,0.050151,0.000000,1.000000,0.000000,0.171429,0.002151,0.014340,12,18,0,low_density_factor|density_ratio_out_of_range,0.000000,0.850000,1.000000,0.010270,0.032712,3.185119,0.000000,0.148125,0.143783,0.034265,0.144976,1.554125,2.388470,0.000000,0.000000,0.000000,0.044444,0.019331,12.000000,12.000000,12.000000,0.000000,12.000000,12.000000,12.000000,1.000000,0.999988,0.999988,0.999988,1.000000,0.157186,0.361872,0.000000,0.233806,0.508866,0.019048,0.150137,0.382991,0.000000,3.000000,-0.039980,-0.009344,-0.030636,0.865591,0.999999,1.361634,1.000000,500.000000,1.056735,1.047934,1.052065,-0.008801,-0.004670,0.991672,0.995581,0.075791,0.000000,0.181333,0.101116,0.080217,0.189993,0.103406,0.086588,0.080217,0.006371,1.000000,1,0.500000,0.063121,0.373333,1.000000,1,-1,-1,0.000000,0.000000,0.500000,1.000000,0.001000,0,-1,-1,0.742101,0.073215,0.100000,0.100000,0.000000,0.000000,0.100000,0.020000,signed_gate,0.034173,0.000015,0.144976,0.000000,0.000000,0.000000,0.000000,0.000000,0.000000,0.000000,0.000000,0.000000,0,0,0.000000,0.500000,0.000000,0.000000,0.000000,0.000000,0.000000,0.000000
98,0.360220,1,0.583333,0.555556,0.000000,0.666667,0.015570,0.062200,0.000000,1.000000,0.000000,0.171429,0.002669,0.017792,12,18,0,low_density_factor|density_ratio_out_of_range,0.000000,0.850000,1.000000,0.010059,0.032098,3.190910,0.000000,0.150035,0.140827,0.034701,0.144772,1.552618,2.394753,0.000000,0.000000,0.000000,0.044444,0.019331,12.000000,12.000000,12.000000,0.000000,12.000000,12.000000,12.000000,1.000000,0.999988,0.999988,0.999988,1.000000,0.157186,0.361872,0.000000,0.234325,0.512304,0.019048,0.150137,0.382991,0.000000,3.000000,-0.039947,-0.009296,-0.030652,0.866214,0.999999,1.359318,1.000000,500.000000,1.098395,1.095438,1.102331,-0.002958,0.003935,0.997307,1.003583,0.076096,0.000000,0.181565,0.101133,0.080432,0.189577,0.103455,0.086122,0.080432,0.005690,1.000000,1,0.500000,0.063121,0.373333,1.000000,1,-1,-1,0.000000,0.000000,0.500000,1.000000,0.001000,0,-1,-1,0.742097,0.073213,0.100000,0.100000,0.000000,0.000000,0.100000,0.020000,signed_gate,0.034038,0.000007,0.144772,0.000000,0.000000,0.000000,0.000000,0.000000,0.000000,0.000000,0.000000,0.000000,0,0,0.000000,0.500000,0.000000,0.000000,0.000000,0.000000,0.000000,0.000000
99,0.356915,1,0.583333,0.555556,0.000000,0.666667,0.010528,0.042088,0.000000,1.000000,0.000000,0.171429,0.001805,0.012032,12,18,0,low_density_factor|density_ratio_out_of_range,0.000000,0.850000,1.000000,0.010520,0.033678,3.201335,0.000000,0.153633,0.147278,0.032978,0.143134,1.544087,2.370626,0.000000,0.000000,0.000000,0.044444,0.019331,12.000000,12.000000,12.000000,0.000000,12.000000,12.000000,12.000000,1.000000,0.999988,0.999988,0.999988,1.000000,0.157186,0.361872,0.000000,0.232676,0.508657,0.019048,0.150137,0.382991,0.000000,3.000000,-0.039891,-0.009374,-0.030516,0.868494,0.999999,1.351304,1.000000,500.000000,1.059631,1.061589,1.059966,0.001958,0.000334,1.001848,1.000316,0.075428,0.000000,0.180865,0.100815,0.080050,0.189553,0.103085,0.086468,0.080050,0.006418,1.000000,1,0.500000,0.063121,0.373333,1.000000,1,-1,-1,0.000000,0.000000,0.500000,1.000000,0.001000,0,-1,-1,0.742055,0.073209,0.100000,0.100000,0.000000,0.000000,0.100000,0.020000,signed_gate,0.034599,0.000002,0.143134,0.000000,0.000000,0.000000,0.000000,0.000000,0.000000,0.000000,0.000000,0.000000,0,0,0.000000,0.500000,0.000000,0.000000,0.000000,0.000000,0.000000,0.000000
100,0.358189,1,0.666667,0.611111,0.000000,0.666667,0.012471,0.049843,0.000000,1.000000,0.000000,0.171429,0.002138,0.014252,12,18,0,low_density_factor|density_ratio_out_of_range,0.000000,0.850000,1.000000,0.009852,0.031352,3.182355,0.000000,0.145252,0.137924,0.033484,0.144655,1.551985,2.389548,0.000000,0.000000,0.000000,0.044444,0.019331,12.000000,12.000000,12.000000,0.000000,12.000000,12.000000,12.000000,1.000000,0.999988,0.999988,0.999988,1.000000,0.157186,0.361872,0.000000,0.233896,0.511298,0.019048,0.150137,0.382991,0.000000,3.000000,-0.039941,-0.009323,-0.030618,0.866331,0.999999,1.358900,1.000000,500.000000,1.097110,1.090643,1.075679,-0.006467,-0.021431,0.994106,0.980466,0.076388,0.000000,0.181484,0.101126,0.080357,0.189568,0.103361,0.086208,0.080357,0.005850,1.000000,1,0.500000,0.063121,0.373333,1.000000,1,-1,-1,0.000000,0.000000,0.002577,1.000000,0.001000,0,-1,-1,0.742083,0.073210,0.100000,0.100000,0.000000,0.000000,0.100000,0.020000,signed_gate,0.034004,0.000000,0.144655,0.000000,0.000000,0.000000,0.000000,0.000000,0.000000,0.000000,0.000000,0.000000,0,0,0.000000,0.002577,0.000000,0.000000,0.000000,0.000000,0.000000,0.000000
